# # x,y,eta
7.0439e+02 1.7610e+02 1.5656e+24
3.1250e+03 1.7610e+02 1.5656e+24
5.5456e+03 1.7610e+02 1.5656e+24
7.0439e+02 7.8125e+02 1.5766e+24
3.1250e+03 7.8125e+02 1.5766e+24
5.5456e+03 7.8125e+02 1.5766e+24
7.0439e+02 1.3864e+03 1.5880e+24
3.1250e+03 1.3864e+03 1.5880e+24
5.5456e+03 1.3864e+03 1.5880e+24
6.9544e+03 1.7610e+02 1.5656e+24
9.3750e+03 1.7610e+02 1.5656e+24
1.1796e+04 1.7610e+02 1.5656e+24
6.9544e+03 7.8125e+02 1.5766e+24
9.3750e+03 7.8125e+02 1.5766e+24
1.1796e+04 7.8125e+02 1.5766e+24
6.9544e+03 1.3864e+03 1.5880e+24
9.3750e+03 1.3864e+03 1.5880e+24
1.1796e+04 1.3864e+03 1.5880e+24
1.3204e+04 1.7610e+02 1.5656e+24
1.5625e+04 1.7610e+02 1.5656e+24
1.8046e+04 1.7610e+02 1.5656e+24
1.3204e+04 7.8125e+02 1.5766e+24
1.5625e+04 7.8125e+02 1.5766e+24
1.8046e+04 7.8125e+02 1.5766e+24
1.3204e+04 1.3864e+03 1.5880e+24
1.5625e+04 1.3864e+03 1.5880e+24
1.8046e+04 1.3864e+03 1.5880e+24
1.9454e+04 1.7610e+02 1.5656e+24
2.1875e+04 1.7610e+02 1.5656e+24
2.4296e+04 1.7610e+02 1.5656e+24
1.9454e+04 7.8125e+02 1.5766e+24
2.1875e+04 7.8125e+02 1.5766e+24
2.4296e+04 7.8125e+02 1.5766e+24
1.9454e+04 1.3864e+03 1.5880e+24
2.1875e+04 1.3864e+03 1.5880e+24
2.4296e+04 1.3864e+03 1.5880e+24
2.5704e+04 1.7610e+02 1.5656e+24
2.8125e+04 1.7610e+02 1.5656e+24
3.0546e+04 1.7610e+02 1.5656e+24
2.5704e+04 7.8125e+02 1.5766e+24
2.8125e+04 7.8125e+02 1.5766e+24
3.0546e+04 7.8125e+02 1.5766e+24
2.5704e+04 1.3864e+03 1.5880e+24
2.8125e+04 1.3864e+03 1.5880e+24
3.0546e+04 1.3864e+03 1.5880e+24
3.1954e+04 1.7610e+02 1.5656e+24
3.4375e+04 1.7610e+02 1.5656e+24
3.6796e+04 1.7610e+02 1.5656e+24
3.1954e+04 7.8125e+02 1.5766e+24
3.4375e+04 7.8125e+02 1.5766e+24
3.6796e+04 7.8125e+02 1.5766e+24
3.1954e+04 1.3864e+03 1.5880e+24
3.4375e+04 1.3864e+03 1.5880e+24
3.6796e+04 1.3864e+03 1.5880e+24
3.8204e+04 1.7610e+02 1.5656e+24
4.0625e+04 1.7610e+02 1.5656e+24
4.3046e+04 1.7610e+02 1.5656e+24
3.8204e+04 7.8125e+02 1.5766e+24
4.0625e+04 7.8125e+02 1.5766e+24
4.3046e+04 7.8125e+02 1.5766e+24
3.8204e+04 1.3864e+03 1.5880e+24
4.0625e+04 1.3864e+03 1.5880e+24
4.3046e+04 1.3864e+03 1.5880e+24
4.4454e+04 1.7610e+02 1.5656e+24
4.6875e+04 1.7610e+02 1.5656e+24
4.9296e+04 1.7610e+02 1.5656e+24
4.4454e+04 7.8125e+02 1.5766e+24
4.6875e+04 7.8125e+02 1.5766e+24
4.9296e+04 7.8125e+02 1.5766e+24
4.4454e+04 1.3864e+03 1.5880e+24
4.6875e+04 1.3864e+03 1.5880e+24
4.9296e+04 1.3864e+03 1.5880e+24
5.0704e+04 1.7610e+02 1.5656e+24
5.3125e+04 1.7610e+02 1.5656e+24
5.5546e+04 1.7610e+02 1.5656e+24
5.0704e+04 7.8125e+02 1.5766e+24
5.3125e+04 7.8125e+02 1.5766e+24
5.5546e+04 7.8125e+02 1.5766e+24
5.0704e+04 1.3864e+03 1.5880e+24
5.3125e+04 1.3864e+03 1.5880e+24
5.5546e+04 1.3864e+03 1.5880e+24
5.6954e+04 1.7610e+02 1.5656e+24
5.9375e+04 1.7610e+02 1.5656e+24
6.1796e+04 1.7610e+02 1.5656e+24
5.6954e+04 7.8125e+02 1.5766e+24
5.9375e+04 7.8125e+02 1.5766e+24
6.1796e+04 7.8125e+02 1.5766e+24
5.6954e+04 1.3864e+03 1.5880e+24
5.9375e+04 1.3864e+03 1.5880e+24
6.1796e+04 1.3864e+03 1.5880e+24
6.3204e+04 1.7610e+02 1.5656e+24
6.5625e+04 1.7610e+02 1.5656e+24
6.8046e+04 1.7610e+02 1.5656e+24
6.3204e+04 7.8125e+02 1.5766e+24
6.5625e+04 7.8125e+02 1.5766e+24
6.8046e+04 7.8125e+02 1.5766e+24
6.3204e+04 1.3864e+03 1.5880e+24
6.5625e+04 1.3864e+03 1.5880e+24
6.8046e+04 1.3864e+03 1.5880e+24
6.9454e+04 1.7610e+02 1.5656e+24
7.1875e+04 1.7610e+02 1.5656e+24
7.4296e+04 1.7610e+02 1.5656e+24
6.9454e+04 7.8125e+02 1.5766e+24
7.1875e+04 7.8125e+02 1.5766e+24
7.4296e+04 7.8125e+02 1.5766e+24
6.9454e+04 1.3864e+03 1.5880e+24
7.1875e+04 1.3864e+03 1.5880e+24
7.4296e+04 1.3864e+03 1.5880e+24
7.5704e+04 1.7610e+02 1.5656e+24
7.8125e+04 1.7610e+02 1.5656e+24
8.0546e+04 1.7610e+02 1.5656e+24
7.5704e+04 7.8125e+02 1.5766e+24
7.8125e+04 7.8125e+02 1.5766e+24
8.0546e+04 7.8125e+02 1.5766e+24
7.5704e+04 1.3864e+03 1.5880e+24
7.8125e+04 1.3864e+03 1.5880e+24
8.0546e+04 1.3864e+03 1.5880e+24
8.1954e+04 1.7610e+02 1.5656e+24
8.4375e+04 1.7610e+02 1.5656e+24
8.6796e+04 1.7610e+02 1.5656e+24
8.1954e+04 7.8125e+02 1.5766e+24
8.4375e+04 7.8125e+02 1.5766e+24
8.6796e+04 7.8125e+02 1.5766e+24
8.1954e+04 1.3864e+03 1.5880e+24
8.4375e+04 1.3864e+03 1.5880e+24
8.6796e+04 1.3864e+03 1.5880e+24
8.8204e+04 1.7610e+02 1.5656e+24
9.0625e+04 1.7610e+02 1.5656e+24
9.3046e+04 1.7610e+02 1.5656e+24
8.8204e+04 7.8125e+02 1.5766e+24
9.0625e+04 7.8125e+02 1.5766e+24
9.3046e+04 7.8125e+02 1.5766e+24
8.8204e+04 1.3864e+03 1.5880e+24
9.0625e+04 1.3864e+03 1.5880e+24
9.3046e+04 1.3864e+03 1.5880e+24
9.4454e+04 1.7610e+02 1.5656e+24
9.6875e+04 1.7610e+02 1.5656e+24
9.9296e+04 1.7610e+02 1.5656e+24
9.4454e+04 7.8125e+02 1.5766e+24
9.6875e+04 7.8125e+02 1.5766e+24
9.9296e+04 7.8125e+02 1.5766e+24
9.4454e+04 1.3864e+03 1.5880e+24
9.6875e+04 1.3864e+03 1.5880e+24
9.9296e+04 1.3864e+03 1.5880e+24
7.0439e+02 1.7386e+03 1.5948e+24
3.1250e+03 1.7386e+03 1.5948e+24
5.5456e+03 1.7386e+03 1.5948e+24
7.0439e+02 2.3438e+03 1.6070e+24
3.1250e+03 2.3438e+03 1.6070e+24
5.5456e+03 2.3438e+03 1.6070e+24
7.0439e+02 2.9489e+03 1.6196e+24
3.1250e+03 2.9489e+03 1.6196e+24
5.5456e+03 2.9489e+03 1.6196e+24
6.9544e+03 1.7386e+03 1.5948e+24
9.3750e+03 1.7386e+03 1.5948e+24
1.1796e+04 1.7386e+03 1.5948e+24
6.9544e+03 2.3438e+03 1.6070e+24
9.3750e+03 2.3438e+03 1.6070e+24
1.1796e+04 2.3438e+03 1.6070e+24
6.9544e+03 2.9489e+03 1.6196e+24
9.3750e+03 2.9489e+03 1.6196e+24
1.1796e+04 2.9489e+03 1.6196e+24
1.3204e+04 1.7386e+03 1.5948e+24
1.5625e+04 1.7386e+03 1.5948e+24
1.8046e+04 1.7386e+03 1.5948e+24
1.3204e+04 2.3438e+03 1.6070e+24
1.5625e+04 2.3438e+03 1.6070e+24
1.8046e+04 2.3438e+03 1.6070e+24
1.3204e+04 2.9489e+03 1.6196e+24
1.5625e+04 2.9489e+03 1.6196e+24
1.8046e+04 2.9489e+03 1.6196e+24
1.9454e+04 1.7386e+03 1.5948e+24
2.1875e+04 1.7386e+03 1.5948e+24
2.4296e+04 1.7386e+03 1.5948e+24
1.9454e+04 2.3438e+03 1.6070e+24
2.1875e+04 2.3438e+03 1.6070e+24
2.4296e+04 2.3438e+03 1.6070e+24
1.9454e+04 2.9489e+03 1.6196e+24
2.1875e+04 2.9489e+03 1.6196e+24
2.4296e+04 2.9489e+03 1.6196e+24
2.5704e+04 1.7386e+03 1.5948e+24
2.8125e+04 1.7386e+03 1.5948e+24
3.0546e+04 1.7386e+03 1.5948e+24
2.5704e+04 2.3438e+03 1.6070e+24
2.8125e+04 2.3438e+03 1.6070e+24
3.0546e+04 2.3438e+03 1.6070e+24
2.5704e+04 2.9489e+03 1.6196e+24
2.8125e+04 2.9489e+03 1.6196e+24
3.0546e+04 2.9489e+03 1.6196e+24
3.1954e+04 1.7386e+03 1.5948e+24
3.4375e+04 1.7386e+03 1.5948e+24
3.6796e+04 1.7386e+03 1.5948e+24
3.1954e+04 2.3438e+03 1.6070e+24
3.4375e+04 2.3438e+03 1.6070e+24
3.6796e+04 2.3438e+03 1.6070e+24
3.1954e+04 2.9489e+03 1.6196e+24
3.4375e+04 2.9489e+03 1.6196e+24
3.6796e+04 2.9489e+03 1.6196e+24
3.8204e+04 1.7386e+03 1.5948e+24
4.0625e+04 1.7386e+03 1.5948e+24
4.3046e+04 1.7386e+03 1.5948e+24
3.8204e+04 2.3438e+03 1.6070e+24
4.0625e+04 2.3438e+03 1.6070e+24
4.3046e+04 2.3438e+03 1.6070e+24
3.8204e+04 2.9489e+03 1.6196e+24
4.0625e+04 2.9489e+03 1.6196e+24
4.3046e+04 2.9489e+03 1.6196e+24
4.4454e+04 1.7386e+03 1.5948e+24
4.6875e+04 1.7386e+03 1.5948e+24
4.9296e+04 1.7386e+03 1.5948e+24
4.4454e+04 2.3438e+03 1.6070e+24
4.6875e+04 2.3438e+03 1.6070e+24
4.9296e+04 2.3438e+03 1.6070e+24
4.4454e+04 2.9489e+03 1.6196e+24
4.6875e+04 2.9489e+03 1.6196e+24
4.9296e+04 2.9489e+03 1.6196e+24
5.0704e+04 1.7386e+03 1.5948e+24
5.3125e+04 1.7386e+03 1.5948e+24
5.5546e+04 1.7386e+03 1.5948e+24
5.0704e+04 2.3438e+03 1.6070e+24
5.3125e+04 2.3438e+03 1.6070e+24
5.5546e+04 2.3438e+03 1.6070e+24
5.0704e+04 2.9489e+03 1.6196e+24
5.3125e+04 2.9489e+03 1.6196e+24
5.5546e+04 2.9489e+03 1.6196e+24
5.6954e+04 1.7386e+03 1.5948e+24
5.9375e+04 1.7386e+03 1.5948e+24
6.1796e+04 1.7386e+03 1.5948e+24
5.6954e+04 2.3438e+03 1.6070e+24
5.9375e+04 2.3438e+03 1.6070e+24
6.1796e+04 2.3438e+03 1.6070e+24
5.6954e+04 2.9489e+03 1.6196e+24
5.9375e+04 2.9489e+03 1.6196e+24
6.1796e+04 2.9489e+03 1.6196e+24
6.3204e+04 1.7386e+03 1.5948e+24
6.5625e+04 1.7386e+03 1.5948e+24
6.8046e+04 1.7386e+03 1.5948e+24
6.3204e+04 2.3438e+03 1.6070e+24
6.5625e+04 2.3438e+03 1.6070e+24
6.8046e+04 2.3438e+03 1.6070e+24
6.3204e+04 2.9489e+03 1.6196e+24
6.5625e+04 2.9489e+03 1.6196e+24
6.8046e+04 2.9489e+03 1.6196e+24
6.9454e+04 1.7386e+03 1.5948e+24
7.1875e+04 1.7386e+03 1.5948e+24
7.4296e+04 1.7386e+03 1.5948e+24
6.9454e+04 2.3438e+03 1.6070e+24
7.1875e+04 2.3438e+03 1.6070e+24
7.4296e+04 2.3438e+03 1.6070e+24
6.9454e+04 2.9489e+03 1.6196e+24
7.1875e+04 2.9489e+03 1.6196e+24
7.4296e+04 2.9489e+03 1.6196e+24
7.5704e+04 1.7386e+03 1.5948e+24
7.8125e+04 1.7386e+03 1.5948e+24
8.0546e+04 1.7386e+03 1.5948e+24
7.5704e+04 2.3438e+03 1.6070e+24
7.8125e+04 2.3438e+03 1.6070e+24
8.0546e+04 2.3438e+03 1.6070e+24
7.5704e+04 2.9489e+03 1.6196e+24
7.8125e+04 2.9489e+03 1.6196e+24
8.0546e+04 2.9489e+03 1.6196e+24
8.1954e+04 1.7386e+03 1.5948e+24
8.4375e+04 1.7386e+03 1.5948e+24
8.6796e+04 1.7386e+03 1.5948e+24
8.1954e+04 2.3438e+03 1.6070e+24
8.4375e+04 2.3438e+03 1.6070e+24
8.6796e+04 2.3438e+03 1.6070e+24
8.1954e+04 2.9489e+03 1.6196e+24
8.4375e+04 2.9489e+03 1.6196e+24
8.6796e+04 2.9489e+03 1.6196e+24
8.8204e+04 1.7386e+03 1.5948e+24
9.0625e+04 1.7386e+03 1.5948e+24
9.3046e+04 1.7386e+03 1.5948e+24
8.8204e+04 2.3438e+03 1.6070e+24
9.0625e+04 2.3438e+03 1.6070e+24
9.3046e+04 2.3438e+03 1.6070e+24
8.8204e+04 2.9489e+03 1.6196e+24
9.0625e+04 2.9489e+03 1.6196e+24
9.3046e+04 2.9489e+03 1.6196e+24
9.4454e+04 1.7386e+03 1.5948e+24
9.6875e+04 1.7386e+03 1.5948e+24
9.9296e+04 1.7386e+03 1.5948e+24
9.4454e+04 2.3438e+03 1.6070e+24
9.6875e+04 2.3438e+03 1.6070e+24
9.9296e+04 2.3438e+03 1.6070e+24
9.4454e+04 2.9489e+03 1.6196e+24
9.6875e+04 2.9489e+03 1.6196e+24
9.9296e+04 2.9489e+03 1.6196e+24
7.0439e+02 3.3011e+03 1.6272e+24
3.1250e+03 3.3011e+03 1.6272e+24
5.5456e+03 3.3011e+03 1.6272e+24
7.0439e+02 3.9062e+03 1.6407e+24
3.1250e+03 3.9062e+03 1.6407e+24
5.5456e+03 3.9062e+03 1.6407e+24
7.0439e+02 4.5114e+03 1.6548e+24
3.1250e+03 4.5114e+03 1.6548e+24
5.5456e+03 4.5114e+03 1.6548e+24
6.9544e+03 3.3011e+03 1.6272e+24
9.3750e+03 3.3011e+03 1.6272e+24
1.1796e+04 3.3011e+03 1.6272e+24
6.9544e+03 3.9062e+03 1.6407e+24
9.3750e+03 3.9062e+03 1.6407e+24
1.1796e+04 3.9062e+03 1.6407e+24
6.9544e+03 4.5114e+03 1.6548e+24
9.3750e+03 4.5114e+03 1.6548e+24
1.1796e+04 4.5114e+03 1.6548e+24
1.3204e+04 3.3011e+03 1.6272e+24
1.5625e+04 3.3011e+03 1.6272e+24
1.8046e+04 3.3011e+03 1.6272e+24
1.3204e+04 3.9062e+03 1.6407e+24
1.5625e+04 3.9062e+03 1.6407e+24
1.8046e+04 3.9062e+03 1.6407e+24
1.3204e+04 4.5114e+03 1.6548e+24
1.5625e+04 4.5114e+03 1.6548e+24
1.8046e+04 4.5114e+03 1.6548e+24
1.9454e+04 3.3011e+03 1.6272e+24
2.1875e+04 3.3011e+03 1.6272e+24
2.4296e+04 3.3011e+03 1.6272e+24
1.9454e+04 3.9062e+03 1.6407e+24
2.1875e+04 3.9062e+03 1.6407e+24
2.4296e+04 3.9062e+03 1.6407e+24
1.9454e+04 4.5114e+03 1.6548e+24
2.1875e+04 4.5114e+03 1.6548e+24
2.4296e+04 4.5114e+03 1.6548e+24
2.5704e+04 3.3011e+03 1.6272e+24
2.8125e+04 3.3011e+03 1.6272e+24
3.0546e+04 3.3011e+03 1.6272e+24
2.5704e+04 3.9062e+03 1.6407e+24
2.8125e+04 3.9062e+03 1.6407e+24
3.0546e+04 3.9062e+03 1.6407e+24
2.5704e+04 4.5114e+03 1.6548e+24
2.8125e+04 4.5114e+03 1.6548e+24
3.0546e+04 4.5114e+03 1.6548e+24
3.1954e+04 3.3011e+03 1.6272e+24
3.4375e+04 3.3011e+03 1.6272e+24
3.6796e+04 3.3011e+03 1.6272e+24
3.1954e+04 3.9062e+03 1.6407e+24
3.4375e+04 3.9062e+03 1.6407e+24
3.6796e+04 3.9062e+03 1.6407e+24
3.1954e+04 4.5114e+03 1.6548e+24
3.4375e+04 4.5114e+03 1.6548e+24
3.6796e+04 4.5114e+03 1.6548e+24
3.8204e+04 3.3011e+03 1.6272e+24
4.0625e+04 3.3011e+03 1.6272e+24
4.3046e+04 3.3011e+03 1.6272e+24
3.8204e+04 3.9062e+03 1.6407e+24
4.0625e+04 3.9062e+03 1.6407e+24
4.3046e+04 3.9062e+03 1.6407e+24
3.8204e+04 4.5114e+03 1.6548e+24
4.0625e+04 4.5114e+03 1.6548e+24
4.3046e+04 4.5114e+03 1.6548e+24
4.4454e+04 3.3011e+03 1.6272e+24
4.6875e+04 3.3011e+03 1.6272e+24
4.9296e+04 3.3011e+03 1.6272e+24
4.4454e+04 3.9062e+03 1.6407e+24
4.6875e+04 3.9062e+03 1.6407e+24
4.9296e+04 3.9062e+03 1.6407e+24
4.4454e+04 4.5114e+03 1.6548e+24
4.6875e+04 4.5114e+03 1.6548e+24
4.9296e+04 4.5114e+03 1.6548e+24
5.0704e+04 3.3011e+03 1.6272e+24
5.3125e+04 3.3011e+03 1.6272e+24
5.5546e+04 3.3011e+03 1.6272e+24
5.0704e+04 3.9062e+03 1.6407e+24
5.3125e+04 3.9062e+03 1.6407e+24
5.5546e+04 3.9062e+03 1.6407e+24
5.0704e+04 4.5114e+03 1.6548e+24
5.3125e+04 4.5114e+03 1.6548e+24
5.5546e+04 4.5114e+03 1.6548e+24
5.6954e+04 3.3011e+03 1.6272e+24
5.9375e+04 3.3011e+03 1.6272e+24
6.1796e+04 3.3011e+03 1.6272e+24
5.6954e+04 3.9062e+03 1.6407e+24
5.9375e+04 3.9062e+03 1.6407e+24
6.1796e+04 3.9062e+03 1.6407e+24
5.6954e+04 4.5114e+03 1.6548e+24
5.9375e+04 4.5114e+03 1.6548e+24
6.1796e+04 4.5114e+03 1.6548e+24
6.3204e+04 3.3011e+03 1.6272e+24
6.5625e+04 3.3011e+03 1.6272e+24
6.8046e+04 3.3011e+03 1.6272e+24
6.3204e+04 3.9062e+03 1.6407e+24
6.5625e+04 3.9062e+03 1.6407e+24
6.8046e+04 3.9062e+03 1.6407e+24
6.3204e+04 4.5114e+03 1.6548e+24
6.5625e+04 4.5114e+03 1.6548e+24
6.8046e+04 4.5114e+03 1.6548e+24
6.9454e+04 3.3011e+03 1.6272e+24
7.1875e+04 3.3011e+03 1.6272e+24
7.4296e+04 3.3011e+03 1.6272e+24
6.9454e+04 3.9062e+03 1.6407e+24
7.1875e+04 3.9062e+03 1.6407e+24
7.4296e+04 3.9062e+03 1.6407e+24
6.9454e+04 4.5114e+03 1.6548e+24
7.1875e+04 4.5114e+03 1.6548e+24
7.4296e+04 4.5114e+03 1.6548e+24
7.5704e+04 3.3011e+03 1.6272e+24
7.8125e+04 3.3011e+03 1.6272e+24
8.0546e+04 3.3011e+03 1.6272e+24
7.5704e+04 3.9062e+03 1.6407e+24
7.8125e+04 3.9062e+03 1.6407e+24
8.0546e+04 3.9062e+03 1.6407e+24
7.5704e+04 4.5114e+03 1.6548e+24
7.8125e+04 4.5114e+03 1.6548e+24
8.0546e+04 4.5114e+03 1.6548e+24
8.1954e+04 3.3011e+03 1.6272e+24
8.4375e+04 3.3011e+03 1.6272e+24
8.6796e+04 3.3011e+03 1.6272e+24
8.1954e+04 3.9062e+03 1.6407e+24
8.4375e+04 3.9062e+03 1.6407e+24
8.6796e+04 3.9062e+03 1.6407e+24
8.1954e+04 4.5114e+03 1.6548e+24
8.4375e+04 4.5114e+03 1.6548e+24
8.6796e+04 4.5114e+03 1.6548e+24
8.8204e+04 3.3011e+03 1.6272e+24
9.0625e+04 3.3011e+03 1.6272e+24
9.3046e+04 3.3011e+03 1.6272e+24
8.8204e+04 3.9062e+03 1.6407e+24
9.0625e+04 3.9062e+03 1.6407e+24
9.3046e+04 3.9062e+03 1.6407e+24
8.8204e+04 4.5114e+03 1.6548e+24
9.0625e+04 4.5114e+03 1.6548e+24
9.3046e+04 4.5114e+03 1.6548e+24
9.4454e+04 3.3011e+03 1.6272e+24
9.6875e+04 3.3011e+03 1.6272e+24
9.9296e+04 3.3011e+03 1.6272e+24
9.4454e+04 3.9062e+03 1.6407e+24
9.6875e+04 3.9062e+03 1.6407e+24
9.9296e+04 3.9062e+03 1.6407e+24
9.4454e+04 4.5114e+03 1.6548e+24
9.6875e+04 4.5114e+03 1.6548e+24
9.9296e+04 4.5114e+03 1.6548e+24
7.0439e+02 4.8636e+03 1.6633e+24
3.1250e+03 4.8636e+03 1.6633e+24
5.5456e+03 4.8636e+03 1.6633e+24
7.0439e+02 5.4688e+03 1.6784e+24
3.1250e+03 5.4688e+03 1.6784e+24
5.5456e+03 5.4688e+03 1.6784e+24
7.0439e+02 6.0739e+03 1.6943e+24
3.1250e+03 6.0739e+03 1.6943e+24
5.5456e+03 6.0739e+03 1.6943e+24
6.9544e+03 4.8636e+03 1.6633e+24
9.3750e+03 4.8636e+03 1.6633e+24
1.1796e+04 4.8636e+03 1.6633e+24
6.9544e+03 5.4688e+03 1.6784e+24
9.3750e+03 5.4688e+03 1.6784e+24
1.1796e+04 5.4688e+03 1.6784e+24
6.9544e+03 6.0739e+03 1.6943e+24
9.3750e+03 6.0739e+03 1.6943e+24
1.1796e+04 6.0739e+03 1.6943e+24
1.3204e+04 4.8636e+03 1.6633e+24
1.5625e+04 4.8636e+03 1.6633e+24
1.8046e+04 4.8636e+03 1.6633e+24
1.3204e+04 5.4688e+03 1.6784e+24
1.5625e+04 5.4688e+03 1.6784e+24
1.8046e+04 5.4688e+03 1.6784e+24
1.3204e+04 6.0739e+03 1.6943e+24
1.5625e+04 6.0739e+03 1.6943e+24
1.8046e+04 6.0739e+03 1.6943e+24
1.9454e+04 4.8636e+03 1.6633e+24
2.1875e+04 4.8636e+03 1.6633e+24
2.4296e+04 4.8636e+03 1.6633e+24
1.9454e+04 5.4688e+03 1.6784e+24
2.1875e+04 5.4688e+03 1.6784e+24
2.4296e+04 5.4688e+03 1.6784e+24
1.9454e+04 6.0739e+03 1.6943e+24
2.1875e+04 6.0739e+03 1.6943e+24
2.4296e+04 6.0739e+03 1.6943e+24
2.5704e+04 4.8636e+03 1.6633e+24
2.8125e+04 4.8636e+03 1.6633e+24
3.0546e+04 4.8636e+03 1.6633e+24
2.5704e+04 5.4688e+03 1.6784e+24
2.8125e+04 5.4688e+03 1.6784e+24
3.0546e+04 5.4688e+03 1.6784e+24
2.5704e+04 6.0739e+03 1.6943e+24
2.8125e+04 6.0739e+03 1.6943e+24
3.0546e+04 6.0739e+03 1.6943e+24
3.1954e+04 4.8636e+03 1.6633e+24
3.4375e+04 4.8636e+03 1.6633e+24
3.6796e+04 4.8636e+03 1.6633e+24
3.1954e+04 5.4688e+03 1.6784e+24
3.4375e+04 5.4688e+03 1.6784e+24
3.6796e+04 5.4688e+03 1.6784e+24
3.1954e+04 6.0739e+03 1.6943e+24
3.4375e+04 6.0739e+03 1.6943e+24
3.6796e+04 6.0739e+03 1.6943e+24
3.8204e+04 4.8636e+03 1.6633e+24
4.0625e+04 4.8636e+03 1.6633e+24
4.3046e+04 4.8636e+03 1.6633e+24
3.8204e+04 5.4688e+03 1.6784e+24
4.0625e+04 5.4688e+03 1.6784e+24
4.3046e+04 5.4688e+03 1.6784e+24
3.8204e+04 6.0739e+03 1.6943e+24
4.0625e+04 6.0739e+03 1.6943e+24
4.3046e+04 6.0739e+03 1.6943e+24
4.4454e+04 4.8636e+03 1.6633e+24
4.6875e+04 4.8636e+03 1.6633e+24
4.9296e+04 4.8636e+03 1.6633e+24
4.4454e+04 5.4688e+03 1.6784e+24
4.6875e+04 5.4688e+03 1.6784e+24
4.9296e+04 5.4688e+03 1.6784e+24
4.4454e+04 6.0739e+03 1.6943e+24
4.6875e+04 6.0739e+03 1.6943e+24
4.9296e+04 6.0739e+03 1.6943e+24
5.0704e+04 4.8636e+03 1.6633e+24
5.3125e+04 4.8636e+03 1.6633e+24
5.5546e+04 4.8636e+03 1.6633e+24
5.0704e+04 5.4688e+03 1.6784e+24
5.3125e+04 5.4688e+03 1.6784e+24
5.5546e+04 5.4688e+03 1.6784e+24
5.0704e+04 6.0739e+03 1.6943e+24
5.3125e+04 6.0739e+03 1.6943e+24
5.5546e+04 6.0739e+03 1.6943e+24
5.6954e+04 4.8636e+03 1.6633e+24
5.9375e+04 4.8636e+03 1.6633e+24
6.1796e+04 4.8636e+03 1.6633e+24
5.6954e+04 5.4688e+03 1.6784e+24
5.9375e+04 5.4688e+03 1.6784e+24
6.1796e+04 5.4688e+03 1.6784e+24
5.6954e+04 6.0739e+03 1.6943e+24
5.9375e+04 6.0739e+03 1.6943e+24
6.1796e+04 6.0739e+03 1.6943e+24
6.3204e+04 4.8636e+03 1.6633e+24
6.5625e+04 4.8636e+03 1.6633e+24
6.8046e+04 4.8636e+03 1.6633e+24
6.3204e+04 5.4688e+03 1.6784e+24
6.5625e+04 5.4688e+03 1.6784e+24
6.8046e+04 5.4688e+03 1.6784e+24
6.3204e+04 6.0739e+03 1.6943e+24
6.5625e+04 6.0739e+03 1.6943e+24
6.8046e+04 6.0739e+03 1.6943e+24
6.9454e+04 4.8636e+03 1.6633e+24
7.1875e+04 4.8636e+03 1.6633e+24
7.4296e+04 4.8636e+03 1.6633e+24
6.9454e+04 5.4688e+03 1.6784e+24
7.1875e+04 5.4688e+03 1.6784e+24
7.4296e+04 5.4688e+03 1.6784e+24
6.9454e+04 6.0739e+03 1.6943e+24
7.1875e+04 6.0739e+03 1.6943e+24
7.4296e+04 6.0739e+03 1.6943e+24
7.5704e+04 4.8636e+03 1.6633e+24
7.8125e+04 4.8636e+03 1.6633e+24
8.0546e+04 4.8636e+03 1.6633e+24
7.5704e+04 5.4688e+03 1.6784e+24
7.8125e+04 5.4688e+03 1.6784e+24
8.0546e+04 5.4688e+03 1.6784e+24
7.5704e+04 6.0739e+03 1.6943e+24
7.8125e+04 6.0739e+03 1.6943e+24
8.0546e+04 6.0739e+03 1.6943e+24
8.1954e+04 4.8636e+03 1.6633e+24
8.4375e+04 4.8636e+03 1.6633e+24
8.6796e+04 4.8636e+03 1.6633e+24
8.1954e+04 5.4688e+03 1.6784e+24
8.4375e+04 5.4688e+03 1.6784e+24
8.6796e+04 5.4688e+03 1.6784e+24
8.1954e+04 6.0739e+03 1.6943e+24
8.4375e+04 6.0739e+03 1.6943e+24
8.6796e+04 6.0739e+03 1.6943e+24
8.8204e+04 4.8636e+03 1.6633e+24
9.0625e+04 4.8636e+03 1.6633e+24
9.3046e+04 4.8636e+03 1.6633e+24
8.8204e+04 5.4688e+03 1.6784e+24
9.0625e+04 5.4688e+03 1.6784e+24
9.3046e+04 5.4688e+03 1.6784e+24
8.8204e+04 6.0739e+03 1.6943e+24
9.0625e+04 6.0739e+03 1.6943e+24
9.3046e+04 6.0739e+03 1.6943e+24
9.4454e+04 4.8636e+03 1.6633e+24
9.6875e+04 4.8636e+03 1.6633e+24
9.9296e+04 4.8636e+03 1.6633e+24
9.4454e+04 5.4688e+03 1.6784e+24
9.6875e+04 5.4688e+03 1.6784e+24
9.9296e+04 5.4688e+03 1.6784e+24
9.4454e+04 6.0739e+03 1.6943e+24
9.6875e+04 6.0739e+03 1.6943e+24
9.9296e+04 6.0739e+03 1.6943e+24
7.0439e+02 6.4261e+03 1.7038e+24
3.1250e+03 6.4261e+03 1.7038e+24
5.5456e+03 6.4261e+03 1.7038e+24
7.0439e+02 7.0312e+03 1.7209e+24
3.1250e+03 7.0312e+03 1.7209e+24
5.5456e+03 7.0312e+03 1.7209e+24
7.0439e+02 7.6364e+03 1.7388e+24
3.1250e+03 7.6364e+03 1.7388e+24
5.5456e+03 7.6364e+03 1.7388e+24
6.9544e+03 6.4261e+03 1.7038e+24
9.3750e+03 6.4261e+03 1.7038e+24
1.1796e+04 6.4261e+03 1.7038e+24
6.9544e+03 7.0312e+03 1.7209e+24
9.3750e+03 7.0312e+03 1.7209e+24
1.1796e+04 7.0312e+03 1.7209e+24
6.9544e+03 7.6364e+03 1.7388e+24
9.3750e+03 7.6364e+03 1.7388e+24
1.1796e+04 7.6364e+03 1.7388e+24
1.3204e+04 6.4261e+03 1.7038e+24
1.5625e+04 6.4261e+03 1.7038e+24
1.8046e+04 6.4261e+03 1.7038e+24
1.3204e+04 7.0312e+03 1.7209e+24
1.5625e+04 7.0312e+03 1.7209e+24
1.8046e+04 7.0312e+03 1.7209e+24
1.3204e+04 7.6364e+03 1.7388e+24
1.5625e+04 7.6364e+03 1.7388e+24
1.8046e+04 7.6364e+03 1.7388e+24
1.9454e+04 6.4261e+03 1.7038e+24
2.1875e+04 6.4261e+03 1.7038e+24
2.4296e+04 6.4261e+03 1.7038e+24
1.9454e+04 7.0312e+03 1.7209e+24
2.1875e+04 7.0312e+03 1.7209e+24
2.4296e+04 7.0312e+03 1.7209e+24
1.9454e+04 7.6364e+03 1.7388e+24
2.1875e+04 7.6364e+03 1.7388e+24
2.4296e+04 7.6364e+03 1.7388e+24
2.5704e+04 6.4261e+03 1.7038e+24
2.8125e+04 6.4261e+03 1.7038e+24
3.0546e+04 6.4261e+03 1.7038e+24
2.5704e+04 7.0312e+03 1.7209e+24
2.8125e+04 7.0312e+03 1.7209e+24
3.0546e+04 7.0312e+03 1.7209e+24
2.5704e+04 7.6364e+03 1.7388e+24
2.8125e+04 7.6364e+03 1.7388e+24
3.0546e+04 7.6364e+03 1.7388e+24
3.1954e+04 6.4261e+03 1.7038e+24
3.4375e+04 6.4261e+03 1.7038e+24
3.6796e+04 6.4261e+03 1.7038e+24
3.1954e+04 7.0312e+03 1.7209e+24
3.4375e+04 7.0312e+03 1.7209e+24
3.6796e+04 7.0312e+03 1.7209e+24
3.1954e+04 7.6364e+03 1.7388e+24
3.4375e+04 7.6364e+03 1.7388e+24
3.6796e+04 7.6364e+03 1.7388e+24
3.8204e+04 6.4261e+03 1.7038e+24
4.0625e+04 6.4261e+03 1.7038e+24
4.3046e+04 6.4261e+03 1.7038e+24
3.8204e+04 7.0312e+03 1.7209e+24
4.0625e+04 7.0312e+03 1.7209e+24
4.3046e+04 7.0312e+03 1.7209e+24
3.8204e+04 7.6364e+03 1.7388e+24
4.0625e+04 7.6364e+03 1.7388e+24
4.3046e+04 7.6364e+03 1.7388e+24
4.4454e+04 6.4261e+03 1.7038e+24
4.6875e+04 6.4261e+03 1.7038e+24
4.9296e+04 6.4261e+03 1.7038e+24
4.4454e+04 7.0312e+03 1.7209e+24
4.6875e+04 7.0312e+03 1.7209e+24
4.9296e+04 7.0312e+03 1.7209e+24
4.4454e+04 7.6364e+03 1.7388e+24
4.6875e+04 7.6364e+03 1.7388e+24
4.9296e+04 7.6364e+03 1.7388e+24
5.0704e+04 6.4261e+03 1.7038e+24
5.3125e+04 6.4261e+03 1.7038e+24
5.5546e+04 6.4261e+03 1.7038e+24
5.0704e+04 7.0312e+03 1.7209e+24
5.3125e+04 7.0312e+03 1.7209e+24
5.5546e+04 7.0312e+03 1.7209e+24
5.0704e+04 7.6364e+03 1.7388e+24
5.3125e+04 7.6364e+03 1.7388e+24
5.5546e+04 7.6364e+03 1.7388e+24
5.6954e+04 6.4261e+03 1.7038e+24
5.9375e+04 6.4261e+03 1.7038e+24
6.1796e+04 6.4261e+03 1.7038e+24
5.6954e+04 7.0312e+03 1.7209e+24
5.9375e+04 7.0312e+03 1.7209e+24
6.1796e+04 7.0312e+03 1.7209e+24
5.6954e+04 7.6364e+03 1.7388e+24
5.9375e+04 7.6364e+03 1.7388e+24
6.1796e+04 7.6364e+03 1.7388e+24
6.3204e+04 6.4261e+03 1.7038e+24
6.5625e+04 6.4261e+03 1.7038e+24
6.8046e+04 6.4261e+03 1.7038e+24
6.3204e+04 7.0312e+03 1.7209e+24
6.5625e+04 7.0312e+03 1.7209e+24
6.8046e+04 7.0312e+03 1.7209e+24
6.3204e+04 7.6364e+03 1.7388e+24
6.5625e+04 7.6364e+03 1.7388e+24
6.8046e+04 7.6364e+03 1.7388e+24
6.9454e+04 6.4261e+03 1.7038e+24
7.1875e+04 6.4261e+03 1.7038e+24
7.4296e+04 6.4261e+03 1.7038e+24
6.9454e+04 7.0312e+03 1.7209e+24
7.1875e+04 7.0312e+03 1.7209e+24
7.4296e+04 7.0312e+03 1.7209e+24
6.9454e+04 7.6364e+03 1.7388e+24
7.1875e+04 7.6364e+03 1.7388e+24
7.4296e+04 7.6364e+03 1.7388e+24
7.5704e+04 6.4261e+03 1.7038e+24
7.8125e+04 6.4261e+03 1.7038e+24
8.0546e+04 6.4261e+03 1.7038e+24
7.5704e+04 7.0312e+03 1.7209e+24
7.8125e+04 7.0312e+03 1.7209e+24
8.0546e+04 7.0312e+03 1.7209e+24
7.5704e+04 7.6364e+03 1.7388e+24
7.8125e+04 7.6364e+03 1.7388e+24
8.0546e+04 7.6364e+03 1.7388e+24
8.1954e+04 6.4261e+03 1.7038e+24
8.4375e+04 6.4261e+03 1.7038e+24
8.6796e+04 6.4261e+03 1.7038e+24
8.1954e+04 7.0312e+03 1.7209e+24
8.4375e+04 7.0312e+03 1.7209e+24
8.6796e+04 7.0312e+03 1.7209e+24
8.1954e+04 7.6364e+03 1.7388e+24
8.4375e+04 7.6364e+03 1.7388e+24
8.6796e+04 7.6364e+03 1.7388e+24
8.8204e+04 6.4261e+03 1.7038e+24
9.0625e+04 6.4261e+03 1.7038e+24
9.3046e+04 6.4261e+03 1.7038e+24
8.8204e+04 7.0312e+03 1.7209e+24
9.0625e+04 7.0312e+03 1.7209e+24
9.3046e+04 7.0312e+03 1.7209e+24
8.8204e+04 7.6364e+03 1.7388e+24
9.0625e+04 7.6364e+03 1.7388e+24
9.3046e+04 7.6364e+03 1.7388e+24
9.4454e+04 6.4261e+03 1.7038e+24
9.6875e+04 6.4261e+03 1.7038e+24
9.9296e+04 6.4261e+03 1.7038e+24
9.4454e+04 7.0312e+03 1.7209e+24
9.6875e+04 7.0312e+03 1.7209e+24
9.9296e+04 7.0312e+03 1.7209e+24
9.4454e+04 7.6364e+03 1.7388e+24
9.6875e+04 7.6364e+03 1.7388e+24
9.9296e+04 7.6364e+03 1.7388e+24
7.0439e+02 7.9886e+03 1.7496e+24
3.1250e+03 7.9886e+03 1.7496e+24
5.5456e+03 7.9886e+03 1.7496e+24
7.0439e+02 8.5938e+03 1.7690e+24
3.1250e+03 8.5938e+03 1.7690e+24
5.5456e+03 8.5938e+03 1.7690e+24
7.0439e+02 9.1989e+03 1.7894e+24
3.1250e+03 9.1989e+03 1.7894e+24
5.5456e+03 9.1989e+03 1.7894e+24
6.9544e+03 7.9886e+03 1.7496e+24
9.3750e+03 7.9886e+03 1.7496e+24
1.1796e+04 7.9886e+03 1.7496e+24
6.9544e+03 8.5938e+03 1.7690e+24
9.3750e+03 8.5938e+03 1.7690e+24
1.1796e+04 8.5938e+03 1.7690e+24
6.9544e+03 9.1989e+03 1.7894e+24
9.3750e+03 9.1989e+03 1.7894e+24
1.1796e+04 9.1989e+03 1.7894e+24
1.3204e+04 7.9886e+03 1.7496e+24
1.5625e+04 7.9886e+03 1.7496e+24
1.8046e+04 7.9886e+03 1.7496e+24
1.3204e+04 8.5938e+03 1.7690e+24
1.5625e+04 8.5938e+03 1.7690e+24
1.8046e+04 8.5938e+03 1.7690e+24
1.3204e+04 9.1989e+03 1.7894e+24
1.5625e+04 9.1989e+03 1.7894e+24
1.8046e+04 9.1989e+03 1.7894e+24
1.9454e+04 7.9886e+03 1.7496e+24
2.1875e+04 7.9886e+03 1.7496e+24
2.4296e+04 7.9886e+03 1.7496e+24
1.9454e+04 8.5938e+03 1.7690e+24
2.1875e+04 8.5938e+03 1.7690e+24
2.4296e+04 8.5938e+03 1.7690e+24
1.9454e+04 9.1989e+03 1.7894e+24
2.1875e+04 9.1989e+03 1.7894e+24
2.4296e+04 9.1989e+03 1.7894e+24
2.5704e+04 7.9886e+03 1.7496e+24
2.8125e+04 7.9886e+03 1.7496e+24
3.0546e+04 7.9886e+03 1.7496e+24
2.5704e+04 8.5938e+03 1.7690e+24
2.8125e+04 8.5938e+03 1.7690e+24
3.0546e+04 8.5938e+03 1.7690e+24
2.5704e+04 9.1989e+03 1.7894e+24
2.8125e+04 9.1989e+03 1.7894e+24
3.0546e+04 9.1989e+03 1.7894e+24
3.1954e+04 7.9886e+03 1.7496e+24
3.4375e+04 7.9886e+03 1.7496e+24
3.6796e+04 7.9886e+03 1.7496e+24
3.1954e+04 8.5938e+03 1.7690e+24
3.4375e+04 8.5938e+03 1.7690e+24
3.6796e+04 8.5938e+03 1.7690e+24
3.1954e+04 9.1989e+03 1.7894e+24
3.4375e+04 9.1989e+03 1.7894e+24
3.6796e+04 9.1989e+03 1.7894e+24
3.8204e+04 7.9886e+03 1.7496e+24
4.0625e+04 7.9886e+03 1.7496e+24
4.3046e+04 7.9886e+03 1.7496e+24
3.8204e+04 8.5938e+03 1.7690e+24
4.0625e+04 8.5938e+03 1.7690e+24
4.3046e+04 8.5938e+03 1.7690e+24
3.8204e+04 9.1989e+03 1.7894e+24
4.0625e+04 9.1989e+03 1.7894e+24
4.3046e+04 9.1989e+03 1.7894e+24
4.4454e+04 7.9886e+03 1.7496e+24
4.6875e+04 7.9886e+03 1.7496e+24
4.9296e+04 7.9886e+03 1.7496e+24
4.4454e+04 8.5938e+03 1.7690e+24
4.6875e+04 8.5938e+03 1.7690e+24
4.9296e+04 8.5938e+03 1.7690e+24
4.4454e+04 9.1989e+03 1.7894e+24
4.6875e+04 9.1989e+03 1.7894e+24
4.9296e+04 9.1989e+03 1.7894e+24
5.0704e+04 7.9886e+03 1.7496e+24
5.3125e+04 7.9886e+03 1.7496e+24
5.5546e+04 7.9886e+03 1.7496e+24
5.0704e+04 8.5938e+03 1.7690e+24
5.3125e+04 8.5938e+03 1.7690e+24
5.5546e+04 8.5938e+03 1.7690e+24
5.0704e+04 9.1989e+03 1.7894e+24
5.3125e+04 9.1989e+03 1.7894e+24
5.5546e+04 9.1989e+03 1.7894e+24
5.6954e+04 7.9886e+03 1.7496e+24
5.9375e+04 7.9886e+03 1.7496e+24
6.1796e+04 7.9886e+03 1.7496e+24
5.6954e+04 8.5938e+03 1.7690e+24
5.9375e+04 8.5938e+03 1.7690e+24
6.1796e+04 8.5938e+03 1.7690e+24
5.6954e+04 9.1989e+03 1.7894e+24
5.9375e+04 9.1989e+03 1.7894e+24
6.1796e+04 9.1989e+03 1.7894e+24
6.3204e+04 7.9886e+03 1.7496e+24
6.5625e+04 7.9886e+03 1.7496e+24
6.8046e+04 7.9886e+03 1.7496e+24
6.3204e+04 8.5938e+03 1.7690e+24
6.5625e+04 8.5938e+03 1.7690e+24
6.8046e+04 8.5938e+03 1.7690e+24
6.3204e+04 9.1989e+03 1.7894e+24
6.5625e+04 9.1989e+03 1.7894e+24
6.8046e+04 9.1989e+03 1.7894e+24
6.9454e+04 7.9886e+03 1.7496e+24
7.1875e+04 7.9886e+03 1.7496e+24
7.4296e+04 7.9886e+03 1.7496e+24
6.9454e+04 8.5938e+03 1.7690e+24
7.1875e+04 8.5938e+03 1.7690e+24
7.4296e+04 8.5938e+03 1.7690e+24
6.9454e+04 9.1989e+03 1.7894e+24
7.1875e+04 9.1989e+03 1.7894e+24
7.4296e+04 9.1989e+03 1.7894e+24
7.5704e+04 7.9886e+03 1.7496e+24
7.8125e+04 7.9886e+03 1.7496e+24
8.0546e+04 7.9886e+03 1.7496e+24
7.5704e+04 8.5938e+03 1.7690e+24
7.8125e+04 8.5938e+03 1.7690e+24
8.0546e+04 8.5938e+03 1.7690e+24
7.5704e+04 9.1989e+03 1.7894e+24
7.8125e+04 9.1989e+03 1.7894e+24
8.0546e+04 9.1989e+03 1.7894e+24
8.1954e+04 7.9886e+03 1.7496e+24
8.4375e+04 7.9886e+03 1.7496e+24
8.6796e+04 7.9886e+03 1.7496e+24
8.1954e+04 8.5938e+03 1.7690e+24
8.4375e+04 8.5938e+03 1.7690e+24
8.6796e+04 8.5938e+03 1.7690e+24
8.1954e+04 9.1989e+03 1.7894e+24
8.4375e+04 9.1989e+03 1.7894e+24
8.6796e+04 9.1989e+03 1.7894e+24
8.8204e+04 7.9886e+03 1.7496e+24
9.0625e+04 7.9886e+03 1.7496e+24
9.3046e+04 7.9886e+03 1.7496e+24
8.8204e+04 8.5938e+03 1.7690e+24
9.0625e+04 8.5938e+03 1.7690e+24
9.3046e+04 8.5938e+03 1.7690e+24
8.8204e+04 9.1989e+03 1.7894e+24
9.0625e+04 9.1989e+03 1.7894e+24
9.3046e+04 9.1989e+03 1.7894e+24
9.4454e+04 7.9886e+03 1.7496e+24
9.6875e+04 7.9886e+03 1.7496e+24
9.9296e+04 7.9886e+03 1.7496e+24
9.4454e+04 8.5938e+03 1.7690e+24
9.6875e+04 8.5938e+03 1.7690e+24
9.9296e+04 8.5938e+03 1.7690e+24
9.4454e+04 9.1989e+03 1.7894e+24
9.6875e+04 9.1989e+03 1.7894e+24
9.9296e+04 9.1989e+03 1.7894e+24
7.0439e+02 9.5511e+03 1.8018e+24
3.1250e+03 9.5511e+03 1.8018e+24
5.5456e+03 9.5511e+03 1.8018e+24
7.0439e+02 1.0156e+04 1.8240e+24
3.1250e+03 1.0156e+04 1.8240e+24
5.5456e+03 1.0156e+04 1.8240e+24
7.0439e+02 1.0761e+04 1.8475e+24
3.1250e+03 1.0761e+04 1.8475e+24
5.5456e+03 1.0761e+04 1.8475e+24
6.9544e+03 9.5511e+03 1.8018e+24
9.3750e+03 9.5511e+03 1.8018e+24
1.1796e+04 9.5511e+03 1.8018e+24
6.9544e+03 1.0156e+04 1.8240e+24
9.3750e+03 1.0156e+04 1.8240e+24
1.1796e+04 1.0156e+04 1.8240e+24
6.9544e+03 1.0761e+04 1.8475e+24
9.3750e+03 1.0761e+04 1.8475e+24
1.1796e+04 1.0761e+04 1.8475e+24
1.3204e+04 9.5511e+03 1.8018e+24
1.5625e+04 9.5511e+03 1.8018e+24
1.8046e+04 9.5511e+03 1.8018e+24
1.3204e+04 1.0156e+04 1.8240e+24
1.5625e+04 1.0156e+04 1.8240e+24
1.8046e+04 1.0156e+04 1.8240e+24
1.3204e+04 1.0761e+04 1.8475e+24
1.5625e+04 1.0761e+04 1.8475e+24
1.8046e+04 1.0761e+04 1.8475e+24
1.9454e+04 9.5511e+03 1.8018e+24
2.1875e+04 9.5511e+03 1.8018e+24
2.4296e+04 9.5511e+03 1.8018e+24
1.9454e+04 1.0156e+04 1.8240e+24
2.1875e+04 1.0156e+04 1.8240e+24
2.4296e+04 1.0156e+04 1.8240e+24
1.9454e+04 1.0761e+04 1.8475e+24
2.1875e+04 1.0761e+04 1.8475e+24
2.4296e+04 1.0761e+04 1.8475e+24
2.5704e+04 9.5511e+03 1.8018e+24
2.8125e+04 9.5511e+03 1.8018e+24
3.0546e+04 9.5511e+03 1.8018e+24
2.5704e+04 1.0156e+04 1.8240e+24
2.8125e+04 1.0156e+04 1.8240e+24
3.0546e+04 1.0156e+04 1.8240e+24
2.5704e+04 1.0761e+04 1.8475e+24
2.8125e+04 1.0761e+04 1.8475e+24
3.0546e+04 1.0761e+04 1.8475e+24
3.1954e+04 9.5511e+03 1.8018e+24
3.4375e+04 9.5511e+03 1.8018e+24
3.6796e+04 9.5511e+03 1.8018e+24
3.1954e+04 1.0156e+04 1.8240e+24
3.4375e+04 1.0156e+04 1.8240e+24
3.6796e+04 1.0156e+04 1.8240e+24
3.1954e+04 1.0761e+04 1.8475e+24
3.4375e+04 1.0761e+04 1.8475e+24
3.6796e+04 1.0761e+04 1.8475e+24
3.8204e+04 9.5511e+03 1.8018e+24
4.0625e+04 9.5511e+03 1.8018e+24
4.3046e+04 9.5511e+03 1.8018e+24
3.8204e+04 1.0156e+04 1.8240e+24
4.0625e+04 1.0156e+04 1.8240e+24
4.3046e+04 1.0156e+04 1.8240e+24
3.8204e+04 1.0761e+04 1.8475e+24
4.0625e+04 1.0761e+04 1.8475e+24
4.3046e+04 1.0761e+04 1.8475e+24
4.4454e+04 9.5511e+03 1.8018e+24
4.6875e+04 9.5511e+03 1.8018e+24
4.9296e+04 9.5511e+03 1.8018e+24
4.4454e+04 1.0156e+04 1.8240e+24
4.6875e+04 1.0156e+04 1.8240e+24
4.9296e+04 1.0156e+04 1.8240e+24
4.4454e+04 1.0761e+04 1.8475e+24
4.6875e+04 1.0761e+04 1.8475e+24
4.9296e+04 1.0761e+04 1.8475e+24
5.0704e+04 9.5511e+03 1.8018e+24
5.3125e+04 9.5511e+03 1.8018e+24
5.5546e+04 9.5511e+03 1.8018e+24
5.0704e+04 1.0156e+04 1.8240e+24
5.3125e+04 1.0156e+04 1.8240e+24
5.5546e+04 1.0156e+04 1.8240e+24
5.0704e+04 1.0761e+04 1.8475e+24
5.3125e+04 1.0761e+04 1.8475e+24
5.5546e+04 1.0761e+04 1.8475e+24
5.6954e+04 9.5511e+03 1.8018e+24
5.9375e+04 9.5511e+03 1.8018e+24
6.1796e+04 9.5511e+03 1.8018e+24
5.6954e+04 1.0156e+04 1.8240e+24
5.9375e+04 1.0156e+04 1.8240e+24
6.1796e+04 1.0156e+04 1.8240e+24
5.6954e+04 1.0761e+04 1.8475e+24
5.9375e+04 1.0761e+04 1.8475e+24
6.1796e+04 1.0761e+04 1.8475e+24
6.3204e+04 9.5511e+03 1.8018e+24
6.5625e+04 9.5511e+03 1.8018e+24
6.8046e+04 9.5511e+03 1.8018e+24
6.3204e+04 1.0156e+04 1.8240e+24
6.5625e+04 1.0156e+04 1.8240e+24
6.8046e+04 1.0156e+04 1.8240e+24
6.3204e+04 1.0761e+04 1.8475e+24
6.5625e+04 1.0761e+04 1.8475e+24
6.8046e+04 1.0761e+04 1.8475e+24
6.9454e+04 9.5511e+03 1.8018e+24
7.1875e+04 9.5511e+03 1.8018e+24
7.4296e+04 9.5511e+03 1.8018e+24
6.9454e+04 1.0156e+04 1.8240e+24
7.1875e+04 1.0156e+04 1.8240e+24
7.4296e+04 1.0156e+04 1.8240e+24
6.9454e+04 1.0761e+04 1.8475e+24
7.1875e+04 1.0761e+04 1.8475e+24
7.4296e+04 1.0761e+04 1.8475e+24
7.5704e+04 9.5511e+03 1.8018e+24
7.8125e+04 9.5511e+03 1.8018e+24
8.0546e+04 9.5511e+03 1.8018e+24
7.5704e+04 1.0156e+04 1.8240e+24
7.8125e+04 1.0156e+04 1.8240e+24
8.0546e+04 1.0156e+04 1.8240e+24
7.5704e+04 1.0761e+04 1.8475e+24
7.8125e+04 1.0761e+04 1.8475e+24
8.0546e+04 1.0761e+04 1.8475e+24
8.1954e+04 9.5511e+03 1.8018e+24
8.4375e+04 9.5511e+03 1.8018e+24
8.6796e+04 9.5511e+03 1.8018e+24
8.1954e+04 1.0156e+04 1.8240e+24
8.4375e+04 1.0156e+04 1.8240e+24
8.6796e+04 1.0156e+04 1.8240e+24
8.1954e+04 1.0761e+04 1.8475e+24
8.4375e+04 1.0761e+04 1.8475e+24
8.6796e+04 1.0761e+04 1.8475e+24
8.8204e+04 9.5511e+03 1.8018e+24
9.0625e+04 9.5511e+03 1.8018e+24
9.3046e+04 9.5511e+03 1.8018e+24
8.8204e+04 1.0156e+04 1.8240e+24
9.0625e+04 1.0156e+04 1.8240e+24
9.3046e+04 1.0156e+04 1.8240e+24
8.8204e+04 1.0761e+04 1.8475e+24
9.0625e+04 1.0761e+04 1.8475e+24
9.3046e+04 1.0761e+04 1.8475e+24
9.4454e+04 9.5511e+03 1.8018e+24
9.6875e+04 9.5511e+03 1.8018e+24
9.9296e+04 9.5511e+03 1.8018e+24
9.4454e+04 1.0156e+04 1.8240e+24
9.6875e+04 1.0156e+04 1.8240e+24
9.9296e+04 1.0156e+04 1.8240e+24
9.4454e+04 1.0761e+04 1.8475e+24
9.6875e+04 1.0761e+04 1.8475e+24
9.9296e+04 1.0761e+04 1.8475e+24
7.0439e+02 1.1114e+04 1.8618e+24
3.1250e+03 1.1114e+04 1.8618e+24
5.5456e+03 1.1114e+04 1.8618e+24
7.0439e+02 1.1719e+04 1.8875e+24
3.1250e+03 1.1719e+04 1.8875e+24
5.5456e+03 1.1719e+04 1.8875e+24
7.0439e+02 1.2324e+04 1.9148e+24
3.1250e+03 1.2324e+04 1.9148e+24
5.5456e+03 1.2324e+04 1.9148e+24
6.9544e+03 1.1114e+04 1.8618e+24
9.3750e+03 1.1114e+04 1.8618e+24
1.1796e+04 1.1114e+04 1.8618e+24
6.9544e+03 1.1719e+04 1.8875e+24
9.3750e+03 1.1719e+04 1.8875e+24
1.1796e+04 1.1719e+04 1.8875e+24
6.9544e+03 1.2324e+04 1.9148e+24
9.3750e+03 1.2324e+04 1.9148e+24
1.1796e+04 1.2324e+04 1.9148e+24
1.3204e+04 1.1114e+04 1.8618e+24
1.5625e+04 1.1114e+04 1.8618e+24
1.8046e+04 1.1114e+04 1.8618e+24
1.3204e+04 1.1719e+04 1.8875e+24
1.5625e+04 1.1719e+04 1.8875e+24
1.8046e+04 1.1719e+04 1.8875e+24
1.3204e+04 1.2324e+04 1.9148e+24
1.5625e+04 1.2324e+04 1.9148e+24
1.8046e+04 1.2324e+04 1.9148e+24
1.9454e+04 1.1114e+04 1.8618e+24
2.1875e+04 1.1114e+04 1.8618e+24
2.4296e+04 1.1114e+04 1.8618e+24
1.9454e+04 1.1719e+04 1.8875e+24
2.1875e+04 1.1719e+04 1.8875e+24
2.4296e+04 1.1719e+04 1.8875e+24
1.9454e+04 1.2324e+04 1.9148e+24
2.1875e+04 1.2324e+04 1.9148e+24
2.4296e+04 1.2324e+04 1.9148e+24
2.5704e+04 1.1114e+04 1.8618e+24
2.8125e+04 1.1114e+04 1.8618e+24
3.0546e+04 1.1114e+04 1.8618e+24
2.5704e+04 1.1719e+04 1.8875e+24
2.8125e+04 1.1719e+04 1.8875e+24
3.0546e+04 1.1719e+04 1.8875e+24
2.5704e+04 1.2324e+04 1.9148e+24
2.8125e+04 1.2324e+04 1.9148e+24
3.0546e+04 1.2324e+04 1.9148e+24
3.1954e+04 1.1114e+04 1.8618e+24
3.4375e+04 1.1114e+04 1.8618e+24
3.6796e+04 1.1114e+04 1.8618e+24
3.1954e+04 1.1719e+04 1.8875e+24
3.4375e+04 1.1719e+04 1.8875e+24
3.6796e+04 1.1719e+04 1.8875e+24
3.1954e+04 1.2324e+04 1.9148e+24
3.4375e+04 1.2324e+04 1.9148e+24
3.6796e+04 1.2324e+04 1.9148e+24
3.8204e+04 1.1114e+04 1.8618e+24
4.0625e+04 1.1114e+04 1.8618e+24
4.3046e+04 1.1114e+04 1.8618e+24
3.8204e+04 1.1719e+04 1.8875e+24
4.0625e+04 1.1719e+04 1.8875e+24
4.3046e+04 1.1719e+04 1.8875e+24
3.8204e+04 1.2324e+04 1.9148e+24
4.0625e+04 1.2324e+04 1.9148e+24
4.3046e+04 1.2324e+04 1.9148e+24
4.4454e+04 1.1114e+04 1.8618e+24
4.6875e+04 1.1114e+04 1.8618e+24
4.9296e+04 1.1114e+04 1.8618e+24
4.4454e+04 1.1719e+04 1.8875e+24
4.6875e+04 1.1719e+04 1.8875e+24
4.9296e+04 1.1719e+04 1.8875e+24
4.4454e+04 1.2324e+04 1.9148e+24
4.6875e+04 1.2324e+04 1.9148e+24
4.9296e+04 1.2324e+04 1.9148e+24
5.0704e+04 1.1114e+04 1.8618e+24
5.3125e+04 1.1114e+04 1.8618e+24
5.5546e+04 1.1114e+04 1.8618e+24
5.0704e+04 1.1719e+04 1.8875e+24
5.3125e+04 1.1719e+04 1.8875e+24
5.5546e+04 1.1719e+04 1.8875e+24
5.0704e+04 1.2324e+04 1.9148e+24
5.3125e+04 1.2324e+04 1.9148e+24
5.5546e+04 1.2324e+04 1.9148e+24
5.6954e+04 1.1114e+04 1.8618e+24
5.9375e+04 1.1114e+04 1.8618e+24
6.1796e+04 1.1114e+04 1.8618e+24
5.6954e+04 1.1719e+04 1.8875e+24
5.9375e+04 1.1719e+04 1.8875e+24
6.1796e+04 1.1719e+04 1.8875e+24
5.6954e+04 1.2324e+04 1.9148e+24
5.9375e+04 1.2324e+04 1.9148e+24
6.1796e+04 1.2324e+04 1.9148e+24
6.3204e+04 1.1114e+04 1.8618e+24
6.5625e+04 1.1114e+04 1.8618e+24
6.8046e+04 1.1114e+04 1.8618e+24
6.3204e+04 1.1719e+04 1.8875e+24
6.5625e+04 1.1719e+04 1.8875e+24
6.8046e+04 1.1719e+04 1.8875e+24
6.3204e+04 1.2324e+04 1.9148e+24
6.5625e+04 1.2324e+04 1.9148e+24
6.8046e+04 1.2324e+04 1.9148e+24
6.9454e+04 1.1114e+04 1.8618e+24
7.1875e+04 1.1114e+04 1.8618e+24
7.4296e+04 1.1114e+04 1.8618e+24
6.9454e+04 1.1719e+04 1.8875e+24
7.1875e+04 1.1719e+04 1.8875e+24
7.4296e+04 1.1719e+04 1.8875e+24
6.9454e+04 1.2324e+04 1.9148e+24
7.1875e+04 1.2324e+04 1.9148e+24
7.4296e+04 1.2324e+04 1.9148e+24
7.5704e+04 1.1114e+04 1.8618e+24
7.8125e+04 1.1114e+04 1.8618e+24
8.0546e+04 1.1114e+04 1.8618e+24
7.5704e+04 1.1719e+04 1.8875e+24
7.8125e+04 1.1719e+04 1.8875e+24
8.0546e+04 1.1719e+04 1.8875e+24
7.5704e+04 1.2324e+04 1.9148e+24
7.8125e+04 1.2324e+04 1.9148e+24
8.0546e+04 1.2324e+04 1.9148e+24
8.1954e+04 1.1114e+04 1.8618e+24
8.4375e+04 1.1114e+04 1.8618e+24
8.6796e+04 1.1114e+04 1.8618e+24
8.1954e+04 1.1719e+04 1.8875e+24
8.4375e+04 1.1719e+04 1.8875e+24
8.6796e+04 1.1719e+04 1.8875e+24
8.1954e+04 1.2324e+04 1.9148e+24
8.4375e+04 1.2324e+04 1.9148e+24
8.6796e+04 1.2324e+04 1.9148e+24
8.8204e+04 1.1114e+04 1.8618e+24
9.0625e+04 1.1114e+04 1.8618e+24
9.3046e+04 1.1114e+04 1.8618e+24
8.8204e+04 1.1719e+04 1.8875e+24
9.0625e+04 1.1719e+04 1.8875e+24
9.3046e+04 1.1719e+04 1.8875e+24
8.8204e+04 1.2324e+04 1.9148e+24
9.0625e+04 1.2324e+04 1.9148e+24
9.3046e+04 1.2324e+04 1.9148e+24
9.4454e+04 1.1114e+04 1.8618e+24
9.6875e+04 1.1114e+04 1.8618e+24
9.9296e+04 1.1114e+04 1.8618e+24
9.4454e+04 1.1719e+04 1.8875e+24
9.6875e+04 1.1719e+04 1.8875e+24
9.9296e+04 1.1719e+04 1.8875e+24
9.4454e+04 1.2324e+04 1.9148e+24
9.6875e+04 1.2324e+04 1.9148e+24
9.9296e+04 1.2324e+04 1.9148e+24
7.0439e+02 1.2676e+04 1.9315e+24
3.1250e+03 1.2676e+04 1.9315e+24
5.5456e+03 1.2676e+04 1.9315e+24
7.0439e+02 1.3281e+04 1.9616e+24
3.1250e+03 1.3281e+04 1.9616e+24
5.5456e+03 1.3281e+04 1.9616e+24
7.0439e+02 1.3886e+04 1.9937e+24
3.1250e+03 1.3886e+04 1.9937e+24
5.5456e+03 1.3886e+04 1.9937e+24
6.9544e+03 1.2676e+04 1.9315e+24
9.3750e+03 1.2676e+04 1.9315e+24
1.1796e+04 1.2676e+04 1.9315e+24
6.9544e+03 1.3281e+04 1.9616e+24
9.3750e+03 1.3281e+04 1.9616e+24
1.1796e+04 1.3281e+04 1.9616e+24
6.9544e+03 1.3886e+04 1.9937e+24
9.3750e+03 1.3886e+04 1.9937e+24
1.1796e+04 1.3886e+04 1.9937e+24
1.3204e+04 1.2676e+04 1.9315e+24
1.5625e+04 1.2676e+04 1.9315e+24
1.8046e+04 1.2676e+04 1.9315e+24
1.3204e+04 1.3281e+04 1.9616e+24
1.5625e+04 1.3281e+04 1.9616e+24
1.8046e+04 1.3281e+04 1.9616e+24
1.3204e+04 1.3886e+04 1.9937e+24
1.5625e+04 1.3886e+04 1.9937e+24
1.8046e+04 1.3886e+04 1.9937e+24
1.9454e+04 1.2676e+04 1.9315e+24
2.1875e+04 1.2676e+04 1.9315e+24
2.4296e+04 1.2676e+04 1.9315e+24
1.9454e+04 1.3281e+04 1.9616e+24
2.1875e+04 1.3281e+04 1.9616e+24
2.4296e+04 1.3281e+04 1.9616e+24
1.9454e+04 1.3886e+04 1.9937e+24
2.1875e+04 1.3886e+04 1.9937e+24
2.4296e+04 1.3886e+04 1.9937e+24
2.5704e+04 1.2676e+04 1.9315e+24
2.8125e+04 1.2676e+04 1.9315e+24
3.0546e+04 1.2676e+04 1.9315e+24
2.5704e+04 1.3281e+04 1.9616e+24
2.8125e+04 1.3281e+04 1.9616e+24
3.0546e+04 1.3281e+04 1.9616e+24
2.5704e+04 1.3886e+04 1.9937e+24
2.8125e+04 1.3886e+04 1.9937e+24
3.0546e+04 1.3886e+04 1.9937e+24
3.1954e+04 1.2676e+04 1.9315e+24
3.4375e+04 1.2676e+04 1.9315e+24
3.6796e+04 1.2676e+04 1.9315e+24
3.1954e+04 1.3281e+04 1.9616e+24
3.4375e+04 1.3281e+04 1.9616e+24
3.6796e+04 1.3281e+04 1.9616e+24
3.1954e+04 1.3886e+04 1.9937e+24
3.4375e+04 1.3886e+04 1.9937e+24
3.6796e+04 1.3886e+04 1.9937e+24
3.8204e+04 1.2676e+04 1.9315e+24
4.0625e+04 1.2676e+04 1.9315e+24
4.3046e+04 1.2676e+04 1.9315e+24
3.8204e+04 1.3281e+04 1.9616e+24
4.0625e+04 1.3281e+04 1.9616e+24
4.3046e+04 1.3281e+04 1.9616e+24
3.8204e+04 1.3886e+04 1.9937e+24
4.0625e+04 1.3886e+04 1.9937e+24
4.3046e+04 1.3886e+04 1.9937e+24
4.4454e+04 1.2676e+04 1.9315e+24
4.6875e+04 1.2676e+04 1.9315e+24
4.9296e+04 1.2676e+04 1.9315e+24
4.4454e+04 1.3281e+04 1.9616e+24
4.6875e+04 1.3281e+04 1.9616e+24
4.9296e+04 1.3281e+04 1.9616e+24
4.4454e+04 1.3886e+04 1.9937e+24
4.6875e+04 1.3886e+04 1.9937e+24
4.9296e+04 1.3886e+04 1.9937e+24
5.0704e+04 1.2676e+04 1.9315e+24
5.3125e+04 1.2676e+04 1.9315e+24
5.5546e+04 1.2676e+04 1.9315e+24
5.0704e+04 1.3281e+04 1.9616e+24
5.3125e+04 1.3281e+04 1.9616e+24
5.5546e+04 1.3281e+04 1.9616e+24
5.0704e+04 1.3886e+04 1.9937e+24
5.3125e+04 1.3886e+04 1.9937e+24
5.5546e+04 1.3886e+04 1.9937e+24
5.6954e+04 1.2676e+04 1.9315e+24
5.9375e+04 1.2676e+04 1.9315e+24
6.1796e+04 1.2676e+04 1.9315e+24
5.6954e+04 1.3281e+04 1.9616e+24
5.9375e+04 1.3281e+04 1.9616e+24
6.1796e+04 1.3281e+04 1.9616e+24
5.6954e+04 1.3886e+04 1.9937e+24
5.9375e+04 1.3886e+04 1.9937e+24
6.1796e+04 1.3886e+04 1.9937e+24
6.3204e+04 1.2676e+04 1.9315e+24
6.5625e+04 1.2676e+04 1.9315e+24
6.8046e+04 1.2676e+04 1.9315e+24
6.3204e+04 1.3281e+04 1.9616e+24
6.5625e+04 1.3281e+04 1.9616e+24
6.8046e+04 1.3281e+04 1.9616e+24
6.3204e+04 1.3886e+04 1.9937e+24
6.5625e+04 1.3886e+04 1.9937e+24
6.8046e+04 1.3886e+04 1.9937e+24
6.9454e+04 1.2676e+04 1.9315e+24
7.1875e+04 1.2676e+04 1.9315e+24
7.4296e+04 1.2676e+04 1.9315e+24
6.9454e+04 1.3281e+04 1.9616e+24
7.1875e+04 1.3281e+04 1.9616e+24
7.4296e+04 1.3281e+04 1.9616e+24
6.9454e+04 1.3886e+04 1.9937e+24
7.1875e+04 1.3886e+04 1.9937e+24
7.4296e+04 1.3886e+04 1.9937e+24
7.5704e+04 1.2676e+04 1.9315e+24
7.8125e+04 1.2676e+04 1.9315e+24
8.0546e+04 1.2676e+04 1.9315e+24
7.5704e+04 1.3281e+04 1.9616e+24
7.8125e+04 1.3281e+04 1.9616e+24
8.0546e+04 1.3281e+04 1.9616e+24
7.5704e+04 1.3886e+04 1.9937e+24
7.8125e+04 1.3886e+04 1.9937e+24
8.0546e+04 1.3886e+04 1.9937e+24
8.1954e+04 1.2676e+04 1.9315e+24
8.4375e+04 1.2676e+04 1.9315e+24
8.6796e+04 1.2676e+04 1.9315e+24
8.1954e+04 1.3281e+04 1.9616e+24
8.4375e+04 1.3281e+04 1.9616e+24
8.6796e+04 1.3281e+04 1.9616e+24
8.1954e+04 1.3886e+04 1.9937e+24
8.4375e+04 1.3886e+04 1.9937e+24
8.6796e+04 1.3886e+04 1.9937e+24
8.8204e+04 1.2676e+04 1.9315e+24
9.0625e+04 1.2676e+04 1.9315e+24
9.3046e+04 1.2676e+04 1.9315e+24
8.8204e+04 1.3281e+04 1.9616e+24
9.0625e+04 1.3281e+04 1.9616e+24
9.3046e+04 1.3281e+04 1.9616e+24
8.8204e+04 1.3886e+04 1.9937e+24
9.0625e+04 1.3886e+04 1.9937e+24
9.3046e+04 1.3886e+04 1.9937e+24
9.4454e+04 1.2676e+04 1.9315e+24
9.6875e+04 1.2676e+04 1.9315e+24
9.9296e+04 1.2676e+04 1.9315e+24
9.4454e+04 1.3281e+04 1.9616e+24
9.6875e+04 1.3281e+04 1.9616e+24
9.9296e+04 1.3281e+04 1.9616e+24
9.4454e+04 1.3886e+04 1.9937e+24
9.6875e+04 1.3886e+04 1.9937e+24
9.9296e+04 1.3886e+04 1.9937e+24
7.0439e+02 1.4239e+04 2.0134e+24
3.1250e+03 1.4239e+04 2.0134e+24
5.5456e+03 1.4239e+04 2.0134e+24
7.0439e+02 1.4844e+04 2.0492e+24
3.1250e+03 1.4844e+04 2.0492e+24
5.5456e+03 1.4844e+04 2.0492e+24
7.0439e+02 1.5449e+04 2.0875e+24
3.1250e+03 1.5449e+04 2.0875e+24
5.5456e+03 1.5449e+04 2.0875e+24
6.9544e+03 1.4239e+04 2.0134e+24
9.3750e+03 1.4239e+04 2.0134e+24
1.1796e+04 1.4239e+04 2.0134e+24
6.9544e+03 1.4844e+04 2.0492e+24
9.3750e+03 1.4844e+04 2.0492e+24
1.1796e+04 1.4844e+04 2.0492e+24
6.9544e+03 1.5449e+04 2.0875e+24
9.3750e+03 1.5449e+04 2.0875e+24
1.1796e+04 1.5449e+04 2.0875e+24
1.3204e+04 1.4239e+04 2.0134e+24
1.5625e+04 1.4239e+04 2.0134e+24
1.8046e+04 1.4239e+04 2.0134e+24
1.3204e+04 1.4844e+04 2.0492e+24
1.5625e+04 1.4844e+04 2.0492e+24
1.8046e+04 1.4844e+04 2.0492e+24
1.3204e+04 1.5449e+04 2.0875e+24
1.5625e+04 1.5449e+04 2.0875e+24
1.8046e+04 1.5449e+04 2.0875e+24
1.9454e+04 1.4239e+04 2.0134e+24
2.1875e+04 1.4239e+04 2.0134e+24
2.4296e+04 1.4239e+04 2.0134e+24
1.9454e+04 1.4844e+04 2.0492e+24
2.1875e+04 1.4844e+04 2.0492e+24
2.4296e+04 1.4844e+04 2.0492e+24
1.9454e+04 1.5449e+04 2.0875e+24
2.1875e+04 1.5449e+04 2.0875e+24
2.4296e+04 1.5449e+04 2.0875e+24
2.5704e+04 1.4239e+04 2.0134e+24
2.8125e+04 1.4239e+04 2.0134e+24
3.0546e+04 1.4239e+04 2.0134e+24
2.5704e+04 1.4844e+04 2.0492e+24
2.8125e+04 1.4844e+04 2.0492e+24
3.0546e+04 1.4844e+04 2.0492e+24
2.5704e+04 1.5449e+04 2.0875e+24
2.8125e+04 1.5449e+04 2.0875e+24
3.0546e+04 1.5449e+04 2.0875e+24
3.1954e+04 1.4239e+04 2.0134e+24
3.4375e+04 1.4239e+04 2.0134e+24
3.6796e+04 1.4239e+04 2.0134e+24
3.1954e+04 1.4844e+04 2.0492e+24
3.4375e+04 1.4844e+04 2.0492e+24
3.6796e+04 1.4844e+04 2.0492e+24
3.1954e+04 1.5449e+04 2.0875e+24
3.4375e+04 1.5449e+04 2.0875e+24
3.6796e+04 1.5449e+04 2.0875e+24
3.8204e+04 1.4239e+04 2.0134e+24
4.0625e+04 1.4239e+04 2.0134e+24
4.3046e+04 1.4239e+04 2.0134e+24
3.8204e+04 1.4844e+04 2.0492e+24
4.0625e+04 1.4844e+04 2.0492e+24
4.3046e+04 1.4844e+04 2.0492e+24
3.8204e+04 1.5449e+04 2.0875e+24
4.0625e+04 1.5449e+04 2.0875e+24
4.3046e+04 1.5449e+04 2.0875e+24
4.4454e+04 1.4239e+04 2.0134e+24
4.6875e+04 1.4239e+04 2.0134e+24
4.9296e+04 1.4239e+04 2.0134e+24
4.4454e+04 1.4844e+04 2.0492e+24
4.6875e+04 1.4844e+04 2.0492e+24
4.9296e+04 1.4844e+04 2.0492e+24
4.4454e+04 1.5449e+04 2.0875e+24
4.6875e+04 1.5449e+04 2.0875e+24
4.9296e+04 1.5449e+04 2.0875e+24
5.0704e+04 1.4239e+04 2.0134e+24
5.3125e+04 1.4239e+04 2.0134e+24
5.5546e+04 1.4239e+04 2.0134e+24
5.0704e+04 1.4844e+04 2.0492e+24
5.3125e+04 1.4844e+04 2.0492e+24
5.5546e+04 1.4844e+04 2.0492e+24
5.0704e+04 1.5449e+04 2.0875e+24
5.3125e+04 1.5449e+04 2.0875e+24
5.5546e+04 1.5449e+04 2.0875e+24
5.6954e+04 1.4239e+04 2.0134e+24
5.9375e+04 1.4239e+04 2.0134e+24
6.1796e+04 1.4239e+04 2.0134e+24
5.6954e+04 1.4844e+04 2.0492e+24
5.9375e+04 1.4844e+04 2.0492e+24
6.1796e+04 1.4844e+04 2.0492e+24
5.6954e+04 1.5449e+04 2.0875e+24
5.9375e+04 1.5449e+04 2.0875e+24
6.1796e+04 1.5449e+04 2.0875e+24
6.3204e+04 1.4239e+04 2.0134e+24
6.5625e+04 1.4239e+04 2.0134e+24
6.8046e+04 1.4239e+04 2.0134e+24
6.3204e+04 1.4844e+04 2.0492e+24
6.5625e+04 1.4844e+04 2.0492e+24
6.8046e+04 1.4844e+04 2.0492e+24
6.3204e+04 1.5449e+04 2.0875e+24
6.5625e+04 1.5449e+04 2.0875e+24
6.8046e+04 1.5449e+04 2.0875e+24
6.9454e+04 1.4239e+04 2.0134e+24
7.1875e+04 1.4239e+04 2.0134e+24
7.4296e+04 1.4239e+04 2.0134e+24
6.9454e+04 1.4844e+04 2.0492e+24
7.1875e+04 1.4844e+04 2.0492e+24
7.4296e+04 1.4844e+04 2.0492e+24
6.9454e+04 1.5449e+04 2.0875e+24
7.1875e+04 1.5449e+04 2.0875e+24
7.4296e+04 1.5449e+04 2.0875e+24
7.5704e+04 1.4239e+04 2.0134e+24
7.8125e+04 1.4239e+04 2.0134e+24
8.0546e+04 1.4239e+04 2.0134e+24
7.5704e+04 1.4844e+04 2.0492e+24
7.8125e+04 1.4844e+04 2.0492e+24
8.0546e+04 1.4844e+04 2.0492e+24
7.5704e+04 1.5449e+04 2.0875e+24
7.8125e+04 1.5449e+04 2.0875e+24
8.0546e+04 1.5449e+04 2.0875e+24
8.1954e+04 1.4239e+04 2.0134e+24
8.4375e+04 1.4239e+04 2.0134e+24
8.6796e+04 1.4239e+04 2.0134e+24
8.1954e+04 1.4844e+04 2.0492e+24
8.4375e+04 1.4844e+04 2.0492e+24
8.6796e+04 1.4844e+04 2.0492e+24
8.1954e+04 1.5449e+04 2.0875e+24
8.4375e+04 1.5449e+04 2.0875e+24
8.6796e+04 1.5449e+04 2.0875e+24
8.8204e+04 1.4239e+04 2.0134e+24
9.0625e+04 1.4239e+04 2.0134e+24
9.3046e+04 1.4239e+04 2.0134e+24
8.8204e+04 1.4844e+04 2.0492e+24
9.0625e+04 1.4844e+04 2.0492e+24
9.3046e+04 1.4844e+04 2.0492e+24
8.8204e+04 1.5449e+04 2.0875e+24
9.0625e+04 1.5449e+04 2.0875e+24
9.3046e+04 1.5449e+04 2.0875e+24
9.4454e+04 1.4239e+04 2.0134e+24
9.6875e+04 1.4239e+04 2.0134e+24
9.9296e+04 1.4239e+04 2.0134e+24
9.4454e+04 1.4844e+04 2.0492e+24
9.6875e+04 1.4844e+04 2.0492e+24
9.9296e+04 1.4844e+04 2.0492e+24
9.4454e+04 1.5449e+04 2.0875e+24
9.6875e+04 1.5449e+04 2.0875e+24
9.9296e+04 1.5449e+04 2.0875e+24
7.0439e+02 1.5801e+04 2.1112e+24
3.1250e+03 1.5801e+04 2.1112e+24
5.5456e+03 1.5801e+04 2.1112e+24
7.0439e+02 1.6406e+04 2.1543e+24
3.1250e+03 1.6406e+04 2.1543e+24
5.5456e+03 1.6406e+04 2.1543e+24
7.0439e+02 1.7011e+04 2.2009e+24
3.1250e+03 1.7011e+04 2.2009e+24
5.5456e+03 1.7011e+04 2.2009e+24
6.9544e+03 1.5801e+04 2.1112e+24
9.3750e+03 1.5801e+04 2.1112e+24
1.1796e+04 1.5801e+04 2.1112e+24
6.9544e+03 1.6406e+04 2.1543e+24
9.3750e+03 1.6406e+04 2.1543e+24
1.1796e+04 1.6406e+04 2.1543e+24
6.9544e+03 1.7011e+04 2.2009e+24
9.3750e+03 1.7011e+04 2.2009e+24
1.1796e+04 1.7011e+04 2.2009e+24
1.3204e+04 1.5801e+04 2.1112e+24
1.5625e+04 1.5801e+04 2.1112e+24
1.8046e+04 1.5801e+04 2.1112e+24
1.3204e+04 1.6406e+04 2.1543e+24
1.5625e+04 1.6406e+04 2.1543e+24
1.8046e+04 1.6406e+04 2.1543e+24
1.3204e+04 1.7011e+04 2.2009e+24
1.5625e+04 1.7011e+04 2.2009e+24
1.8046e+04 1.7011e+04 2.2009e+24
1.9454e+04 1.5801e+04 2.1112e+24
2.1875e+04 1.5801e+04 2.1112e+24
2.4296e+04 1.5801e+04 2.1112e+24
1.9454e+04 1.6406e+04 2.1543e+24
2.1875e+04 1.6406e+04 2.1543e+24
2.4296e+04 1.6406e+04 2.1543e+24
1.9454e+04 1.7011e+04 2.2009e+24
2.1875e+04 1.7011e+04 2.2009e+24
2.4296e+04 1.7011e+04 2.2009e+24
2.5704e+04 1.5801e+04 2.1112e+24
2.8125e+04 1.5801e+04 2.1112e+24
3.0546e+04 1.5801e+04 2.1112e+24
2.5704e+04 1.6406e+04 2.1543e+24
2.8125e+04 1.6406e+04 2.1543e+24
3.0546e+04 1.6406e+04 2.1543e+24
2.5704e+04 1.7011e+04 2.2009e+24
2.8125e+04 1.7011e+04 2.2009e+24
3.0546e+04 1.7011e+04 2.2009e+24
3.1954e+04 1.5801e+04 2.1112e+24
3.4375e+04 1.5801e+04 2.1112e+24
3.6796e+04 1.5801e+04 2.1112e+24
3.1954e+04 1.6406e+04 2.1543e+24
3.4375e+04 1.6406e+04 2.1543e+24
3.6796e+04 1.6406e+04 2.1543e+24
3.1954e+04 1.7011e+04 2.2009e+24
3.4375e+04 1.7011e+04 2.2009e+24
3.6796e+04 1.7011e+04 2.2009e+24
3.8204e+04 1.5801e+04 2.1112e+24
4.0625e+04 1.5801e+04 2.1112e+24
4.3046e+04 1.5801e+04 2.1112e+24
3.8204e+04 1.6406e+04 2.1543e+24
4.0625e+04 1.6406e+04 2.1543e+24
4.3046e+04 1.6406e+04 2.1543e+24
3.8204e+04 1.7011e+04 2.2009e+24
4.0625e+04 1.7011e+04 2.2009e+24
4.3046e+04 1.7011e+04 2.2009e+24
4.4454e+04 1.5801e+04 2.1112e+24
4.6875e+04 1.5801e+04 2.1112e+24
4.9296e+04 1.5801e+04 2.1112e+24
4.4454e+04 1.6406e+04 2.1543e+24
4.6875e+04 1.6406e+04 2.1543e+24
4.9296e+04 1.6406e+04 2.1543e+24
4.4454e+04 1.7011e+04 2.2009e+24
4.6875e+04 1.7011e+04 2.2009e+24
4.9296e+04 1.7011e+04 2.2009e+24
5.0704e+04 1.5801e+04 2.1112e+24
5.3125e+04 1.5801e+04 2.1112e+24
5.5546e+04 1.5801e+04 2.1112e+24
5.0704e+04 1.6406e+04 2.1543e+24
5.3125e+04 1.6406e+04 2.1543e+24
5.5546e+04 1.6406e+04 2.1543e+24
5.0704e+04 1.7011e+04 2.2009e+24
5.3125e+04 1.7011e+04 2.2009e+24
5.5546e+04 1.7011e+04 2.2009e+24
5.6954e+04 1.5801e+04 2.1112e+24
5.9375e+04 1.5801e+04 2.1112e+24
6.1796e+04 1.5801e+04 2.1112e+24
5.6954e+04 1.6406e+04 2.1543e+24
5.9375e+04 1.6406e+04 2.1543e+24
6.1796e+04 1.6406e+04 2.1543e+24
5.6954e+04 1.7011e+04 2.2009e+24
5.9375e+04 1.7011e+04 2.2009e+24
6.1796e+04 1.7011e+04 2.2009e+24
6.3204e+04 1.5801e+04 2.1112e+24
6.5625e+04 1.5801e+04 2.1112e+24
6.8046e+04 1.5801e+04 2.1112e+24
6.3204e+04 1.6406e+04 2.1543e+24
6.5625e+04 1.6406e+04 2.1543e+24
6.8046e+04 1.6406e+04 2.1543e+24
6.3204e+04 1.7011e+04 2.2009e+24
6.5625e+04 1.7011e+04 2.2009e+24
6.8046e+04 1.7011e+04 2.2009e+24
6.9454e+04 1.5801e+04 2.1112e+24
7.1875e+04 1.5801e+04 2.1112e+24
7.4296e+04 1.5801e+04 2.1112e+24
6.9454e+04 1.6406e+04 2.1543e+24
7.1875e+04 1.6406e+04 2.1543e+24
7.4296e+04 1.6406e+04 2.1543e+24
6.9454e+04 1.7011e+04 2.2009e+24
7.1875e+04 1.7011e+04 2.2009e+24
7.4296e+04 1.7011e+04 2.2009e+24
7.5704e+04 1.5801e+04 2.1112e+24
7.8125e+04 1.5801e+04 2.1112e+24
8.0546e+04 1.5801e+04 2.1112e+24
7.5704e+04 1.6406e+04 2.1543e+24
7.8125e+04 1.6406e+04 2.1543e+24
8.0546e+04 1.6406e+04 2.1543e+24
7.5704e+04 1.7011e+04 2.2009e+24
7.8125e+04 1.7011e+04 2.2009e+24
8.0546e+04 1.7011e+04 2.2009e+24
8.1954e+04 1.5801e+04 2.1112e+24
8.4375e+04 1.5801e+04 2.1112e+24
8.6796e+04 1.5801e+04 2.1112e+24
8.1954e+04 1.6406e+04 2.1543e+24
8.4375e+04 1.6406e+04 2.1543e+24
8.6796e+04 1.6406e+04 2.1543e+24
8.1954e+04 1.7011e+04 2.2009e+24
8.4375e+04 1.7011e+04 2.2009e+24
8.6796e+04 1.7011e+04 2.2009e+24
8.8204e+04 1.5801e+04 2.1112e+24
9.0625e+04 1.5801e+04 2.1112e+24
9.3046e+04 1.5801e+04 2.1112e+24
8.8204e+04 1.6406e+04 2.1543e+24
9.0625e+04 1.6406e+04 2.1543e+24
9.3046e+04 1.6406e+04 2.1543e+24
8.8204e+04 1.7011e+04 2.2009e+24
9.0625e+04 1.7011e+04 2.2009e+24
9.3046e+04 1.7011e+04 2.2009e+24
9.4454e+04 1.5801e+04 2.1112e+24
9.6875e+04 1.5801e+04 2.1112e+24
9.9296e+04 1.5801e+04 2.1112e+24
9.4454e+04 1.6406e+04 2.1543e+24
9.6875e+04 1.6406e+04 2.1543e+24
9.9296e+04 1.6406e+04 2.1543e+24
9.4454e+04 1.7011e+04 2.2009e+24
9.6875e+04 1.7011e+04 2.2009e+24
9.9296e+04 1.7011e+04 2.2009e+24
7.0439e+02 1.7364e+04 2.2298e+24
3.1250e+03 1.7364e+04 2.2298e+24
5.5456e+03 1.7364e+04 2.2298e+24
7.0439e+02 1.7969e+04 2.2829e+24
3.1250e+03 1.7969e+04 2.2829e+24
5.5456e+03 1.7969e+04 2.2829e+24
7.0439e+02 1.8574e+04 2.3407e+24
3.1250e+03 1.8574e+04 2.3407e+24
5.5456e+03 1.8574e+04 2.3407e+24
6.9544e+03 1.7364e+04 2.2298e+24
9.3750e+03 1.7364e+04 2.2298e+24
1.1796e+04 1.7364e+04 2.2298e+24
6.9544e+03 1.7969e+04 2.2829e+24
9.3750e+03 1.7969e+04 2.2829e+24
1.1796e+04 1.7969e+04 2.2829e+24
6.9544e+03 1.8574e+04 2.3407e+24
9.3750e+03 1.8574e+04 2.3407e+24
1.1796e+04 1.8574e+04 2.3407e+24
1.3204e+04 1.7364e+04 2.2298e+24
1.5625e+04 1.7364e+04 2.2298e+24
1.8046e+04 1.7364e+04 2.2298e+24
1.3204e+04 1.7969e+04 2.2829e+24
1.5625e+04 1.7969e+04 2.2829e+24
1.8046e+04 1.7969e+04 2.2829e+24
1.3204e+04 1.8574e+04 2.3407e+24
1.5625e+04 1.8574e+04 2.3407e+24
1.8046e+04 1.8574e+04 2.3407e+24
1.9454e+04 1.7364e+04 2.2298e+24
2.1875e+04 1.7364e+04 2.2298e+24
2.4296e+04 1.7364e+04 2.2298e+24
1.9454e+04 1.7969e+04 2.2829e+24
2.1875e+04 1.7969e+04 2.2829e+24
2.4296e+04 1.7969e+04 2.2829e+24
1.9454e+04 1.8574e+04 2.3407e+24
2.1875e+04 1.8574e+04 2.3407e+24
2.4296e+04 1.8574e+04 2.3407e+24
2.5704e+04 1.7364e+04 2.2298e+24
2.8125e+04 1.7364e+04 2.2298e+24
3.0546e+04 1.7364e+04 2.2298e+24
2.5704e+04 1.7969e+04 2.2829e+24
2.8125e+04 1.7969e+04 2.2829e+24
3.0546e+04 1.7969e+04 2.2829e+24
2.5704e+04 1.8574e+04 2.3407e+24
2.8125e+04 1.8574e+04 2.3407e+24
3.0546e+04 1.8574e+04 2.3407e+24
3.1954e+04 1.7364e+04 2.2298e+24
3.4375e+04 1.7364e+04 2.2298e+24
3.6796e+04 1.7364e+04 2.2298e+24
3.1954e+04 1.7969e+04 2.2829e+24
3.4375e+04 1.7969e+04 2.2829e+24
3.6796e+04 1.7969e+04 2.2829e+24
3.1954e+04 1.8574e+04 2.3407e+24
3.4375e+04 1.8574e+04 2.3407e+24
3.6796e+04 1.8574e+04 2.3407e+24
3.8204e+04 1.7364e+04 2.2298e+24
4.0625e+04 1.7364e+04 2.2298e+24
4.3046e+04 1.7364e+04 2.2298e+24
3.8204e+04 1.7969e+04 2.2829e+24
4.0625e+04 1.7969e+04 2.2829e+24
4.3046e+04 1.7969e+04 2.2829e+24
3.8204e+04 1.8574e+04 2.3407e+24
4.0625e+04 1.8574e+04 2.3407e+24
4.3046e+04 1.8574e+04 2.3407e+24
4.4454e+04 1.7364e+04 2.2298e+24
4.6875e+04 1.7364e+04 2.2298e+24
4.9296e+04 1.7364e+04 2.2298e+24
4.4454e+04 1.7969e+04 2.2829e+24
4.6875e+04 1.7969e+04 2.2829e+24
4.9296e+04 1.7969e+04 2.2829e+24
4.4454e+04 1.8574e+04 2.3407e+24
4.6875e+04 1.8574e+04 2.3407e+24
4.9296e+04 1.8574e+04 2.3407e+24
5.0704e+04 1.7364e+04 2.2298e+24
5.3125e+04 1.7364e+04 2.2298e+24
5.5546e+04 1.7364e+04 2.2298e+24
5.0704e+04 1.7969e+04 2.2829e+24
5.3125e+04 1.7969e+04 2.2829e+24
5.5546e+04 1.7969e+04 2.2829e+24
5.0704e+04 1.8574e+04 2.3407e+24
5.3125e+04 1.8574e+04 2.3407e+24
5.5546e+04 1.8574e+04 2.3407e+24
5.6954e+04 1.7364e+04 2.2298e+24
5.9375e+04 1.7364e+04 2.2298e+24
6.1796e+04 1.7364e+04 2.2298e+24
5.6954e+04 1.7969e+04 2.2829e+24
5.9375e+04 1.7969e+04 2.2829e+24
6.1796e+04 1.7969e+04 2.2829e+24
5.6954e+04 1.8574e+04 2.3407e+24
5.9375e+04 1.8574e+04 2.3407e+24
6.1796e+04 1.8574e+04 2.3407e+24
6.3204e+04 1.7364e+04 2.2298e+24
6.5625e+04 1.7364e+04 2.2298e+24
6.8046e+04 1.7364e+04 2.2298e+24
6.3204e+04 1.7969e+04 2.2829e+24
6.5625e+04 1.7969e+04 2.2829e+24
6.8046e+04 1.7969e+04 2.2829e+24
6.3204e+04 1.8574e+04 2.3407e+24
6.5625e+04 1.8574e+04 2.3407e+24
6.8046e+04 1.8574e+04 2.3407e+24
6.9454e+04 1.7364e+04 2.2298e+24
7.1875e+04 1.7364e+04 2.2298e+24
7.4296e+04 1.7364e+04 2.2298e+24
6.9454e+04 1.7969e+04 2.2829e+24
7.1875e+04 1.7969e+04 2.2829e+24
7.4296e+04 1.7969e+04 2.2829e+24
6.9454e+04 1.8574e+04 2.3407e+24
7.1875e+04 1.8574e+04 2.3407e+24
7.4296e+04 1.8574e+04 2.3407e+24
7.5704e+04 1.7364e+04 2.2298e+24
7.8125e+04 1.7364e+04 2.2298e+24
8.0546e+04 1.7364e+04 2.2298e+24
7.5704e+04 1.7969e+04 2.2829e+24
7.8125e+04 1.7969e+04 2.2829e+24
8.0546e+04 1.7969e+04 2.2829e+24
7.5704e+04 1.8574e+04 2.3407e+24
7.8125e+04 1.8574e+04 2.3407e+24
8.0546e+04 1.8574e+04 2.3407e+24
8.1954e+04 1.7364e+04 2.2298e+24
8.4375e+04 1.7364e+04 2.2298e+24
8.6796e+04 1.7364e+04 2.2298e+24
8.1954e+04 1.7969e+04 2.2829e+24
8.4375e+04 1.7969e+04 2.2829e+24
8.6796e+04 1.7969e+04 2.2829e+24
8.1954e+04 1.8574e+04 2.3407e+24
8.4375e+04 1.8574e+04 2.3407e+24
8.6796e+04 1.8574e+04 2.3407e+24
8.8204e+04 1.7364e+04 2.2298e+24
9.0625e+04 1.7364e+04 2.2298e+24
9.3046e+04 1.7364e+04 2.2298e+24
8.8204e+04 1.7969e+04 2.2829e+24
9.0625e+04 1.7969e+04 2.2829e+24
9.3046e+04 1.7969e+04 2.2829e+24
8.8204e+04 1.8574e+04 2.3407e+24
9.0625e+04 1.8574e+04 2.3407e+24
9.3046e+04 1.8574e+04 2.3407e+24
9.4454e+04 1.7364e+04 2.2298e+24
9.6875e+04 1.7364e+04 2.2298e+24
9.9296e+04 1.7364e+04 2.2298e+24
9.4454e+04 1.7969e+04 2.2829e+24
9.6875e+04 1.7969e+04 2.2829e+24
9.9296e+04 1.7969e+04 2.2829e+24
9.4454e+04 1.8574e+04 2.3407e+24
9.6875e+04 1.8574e+04 2.3407e+24
9.9296e+04 1.8574e+04 2.3407e+24
7.0439e+02 1.8926e+04 2.3768e+24
3.1250e+03 1.8926e+04 2.3768e+24
5.5456e+03 1.8926e+04 2.3768e+24
7.0439e+02 1.9531e+04 2.4436e+24
3.1250e+03 1.9531e+04 2.4436e+24
5.5456e+03 1.9531e+04 2.4436e+24
7.0439e+02 2.0136e+04 2.5172e+24
3.1250e+03 2.0136e+04 2.5172e+24
5.5456e+03 2.0136e+04 2.5172e+24
6.9544e+03 1.8926e+04 2.3768e+24
9.3750e+03 1.8926e+04 2.3768e+24
1.1796e+04 1.8926e+04 2.3768e+24
6.9544e+03 1.9531e+04 2.4436e+24
9.3750e+03 1.9531e+04 2.4436e+24
1.1796e+04 1.9531e+04 2.4436e+24
6.9544e+03 2.0136e+04 2.5172e+24
9.3750e+03 2.0136e+04 2.5172e+24
1.1796e+04 2.0136e+04 2.5172e+24
1.3204e+04 1.8926e+04 2.3768e+24
1.5625e+04 1.8926e+04 2.3768e+24
1.8046e+04 1.8926e+04 2.3768e+24
1.3204e+04 1.9531e+04 2.4436e+24
1.5625e+04 1.9531e+04 2.4436e+24
1.8046e+04 1.9531e+04 2.4436e+24
1.3204e+04 2.0136e+04 2.5172e+24
1.5625e+04 2.0136e+04 2.5172e+24
1.8046e+04 2.0136e+04 2.5172e+24
1.9454e+04 1.8926e+04 2.3768e+24
2.1875e+04 1.8926e+04 2.3768e+24
2.4296e+04 1.8926e+04 2.3768e+24
1.9454e+04 1.9531e+04 2.4436e+24
2.1875e+04 1.9531e+04 2.4436e+24
2.4296e+04 1.9531e+04 2.4436e+24
1.9454e+04 2.0136e+04 2.5172e+24
2.1875e+04 2.0136e+04 2.5172e+24
2.4296e+04 2.0136e+04 2.5172e+24
2.5704e+04 1.8926e+04 2.3768e+24
2.8125e+04 1.8926e+04 2.3768e+24
3.0546e+04 1.8926e+04 2.3768e+24
2.5704e+04 1.9531e+04 2.4436e+24
2.8125e+04 1.9531e+04 2.4436e+24
3.0546e+04 1.9531e+04 2.4436e+24
2.5704e+04 2.0136e+04 2.5172e+24
2.8125e+04 2.0136e+04 2.5172e+24
3.0546e+04 2.0136e+04 2.5172e+24
3.1954e+04 1.8926e+04 2.3768e+24
3.4375e+04 1.8926e+04 2.3768e+24
3.6796e+04 1.8926e+04 2.3768e+24
3.1954e+04 1.9531e+04 2.4436e+24
3.4375e+04 1.9531e+04 2.4436e+24
3.6796e+04 1.9531e+04 2.4436e+24
3.1954e+04 2.0136e+04 2.5172e+24
3.4375e+04 2.0136e+04 2.5172e+24
3.6796e+04 2.0136e+04 2.5172e+24
3.8204e+04 1.8926e+04 2.3768e+24
4.0625e+04 1.8926e+04 2.3768e+24
4.3046e+04 1.8926e+04 2.3768e+24
3.8204e+04 1.9531e+04 2.4436e+24
4.0625e+04 1.9531e+04 2.4436e+24
4.3046e+04 1.9531e+04 2.4436e+24
3.8204e+04 2.0136e+04 2.5172e+24
4.0625e+04 2.0136e+04 2.5172e+24
4.3046e+04 2.0136e+04 2.5172e+24
4.4454e+04 1.8926e+04 2.3768e+24
4.6875e+04 1.8926e+04 2.3768e+24
4.9296e+04 1.8926e+04 2.3768e+24
4.4454e+04 1.9531e+04 2.4436e+24
4.6875e+04 1.9531e+04 2.4436e+24
4.9296e+04 1.9531e+04 2.4436e+24
4.4454e+04 2.0136e+04 2.5172e+24
4.6875e+04 2.0136e+04 2.5172e+24
4.9296e+04 2.0136e+04 2.5172e+24
5.0704e+04 1.8926e+04 2.3768e+24
5.3125e+04 1.8926e+04 2.3768e+24
5.5546e+04 1.8926e+04 2.3768e+24
5.0704e+04 1.9531e+04 2.4436e+24
5.3125e+04 1.9531e+04 2.4436e+24
5.5546e+04 1.9531e+04 2.4436e+24
5.0704e+04 2.0136e+04 2.5172e+24
5.3125e+04 2.0136e+04 2.5172e+24
5.5546e+04 2.0136e+04 2.5172e+24
5.6954e+04 1.8926e+04 2.3768e+24
5.9375e+04 1.8926e+04 2.3768e+24
6.1796e+04 1.8926e+04 2.3768e+24
5.6954e+04 1.9531e+04 2.4436e+24
5.9375e+04 1.9531e+04 2.4436e+24
6.1796e+04 1.9531e+04 2.4436e+24
5.6954e+04 2.0136e+04 2.5172e+24
5.9375e+04 2.0136e+04 2.5172e+24
6.1796e+04 2.0136e+04 2.5172e+24
6.3204e+04 1.8926e+04 2.3768e+24
6.5625e+04 1.8926e+04 2.3768e+24
6.8046e+04 1.8926e+04 2.3768e+24
6.3204e+04 1.9531e+04 2.4436e+24
6.5625e+04 1.9531e+04 2.4436e+24
6.8046e+04 1.9531e+04 2.4436e+24
6.3204e+04 2.0136e+04 2.5172e+24
6.5625e+04 2.0136e+04 2.5172e+24
6.8046e+04 2.0136e+04 2.5172e+24
6.9454e+04 1.8926e+04 2.3768e+24
7.1875e+04 1.8926e+04 2.3768e+24
7.4296e+04 1.8926e+04 2.3768e+24
6.9454e+04 1.9531e+04 2.4436e+24
7.1875e+04 1.9531e+04 2.4436e+24
7.4296e+04 1.9531e+04 2.4436e+24
6.9454e+04 2.0136e+04 2.5172e+24
7.1875e+04 2.0136e+04 2.5172e+24
7.4296e+04 2.0136e+04 2.5172e+24
7.5704e+04 1.8926e+04 2.3768e+24
7.8125e+04 1.8926e+04 2.3768e+24
8.0546e+04 1.8926e+04 2.3768e+24
7.5704e+04 1.9531e+04 2.4436e+24
7.8125e+04 1.9531e+04 2.4436e+24
8.0546e+04 1.9531e+04 2.4436e+24
7.5704e+04 2.0136e+04 2.5172e+24
7.8125e+04 2.0136e+04 2.5172e+24
8.0546e+04 2.0136e+04 2.5172e+24
8.1954e+04 1.8926e+04 2.3768e+24
8.4375e+04 1.8926e+04 2.3768e+24
8.6796e+04 1.8926e+04 2.3768e+24
8.1954e+04 1.9531e+04 2.4436e+24
8.4375e+04 1.9531e+04 2.4436e+24
8.6796e+04 1.9531e+04 2.4436e+24
8.1954e+04 2.0136e+04 2.5172e+24
8.4375e+04 2.0136e+04 2.5172e+24
8.6796e+04 2.0136e+04 2.5172e+24
8.8204e+04 1.8926e+04 2.3768e+24
9.0625e+04 1.8926e+04 2.3768e+24
9.3046e+04 1.8926e+04 2.3768e+24
8.8204e+04 1.9531e+04 2.4436e+24
9.0625e+04 1.9531e+04 2.4436e+24
9.3046e+04 1.9531e+04 2.4436e+24
8.8204e+04 2.0136e+04 2.5172e+24
9.0625e+04 2.0136e+04 2.5172e+24
9.3046e+04 2.0136e+04 2.5172e+24
9.4454e+04 1.8926e+04 2.3768e+24
9.6875e+04 1.8926e+04 2.3768e+24
9.9296e+04 1.8926e+04 2.3768e+24
9.4454e+04 1.9531e+04 2.4436e+24
9.6875e+04 1.9531e+04 2.4436e+24
9.9296e+04 1.9531e+04 2.4436e+24
9.4454e+04 2.0136e+04 2.5172e+24
9.6875e+04 2.0136e+04 2.5172e+24
9.9296e+04 2.0136e+04 2.5172e+24
7.0439e+02 2.0489e+04 2.5637e+24
3.1250e+03 2.0489e+04 2.5637e+24
5.5456e+03 2.0489e+04 2.5637e+24
7.0439e+02 2.1094e+04 2.6504e+24
3.1250e+03 2.1094e+04 2.6504e+24
5.5456e+03 2.1094e+04 2.6504e+24
7.0439e+02 2.1699e+04 2.7474e+24
3.1250e+03 2.1699e+04 2.7474e+24
5.5456e+03 2.1699e+04 2.7474e+24
6.9544e+03 2.0489e+04 2.5637e+24
9.3750e+03 2.0489e+04 2.5637e+24
1.1796e+04 2.0489e+04 2.5637e+24
6.9544e+03 2.1094e+04 2.6504e+24
9.3750e+03 2.1094e+04 2.6504e+24
1.1796e+04 2.1094e+04 2.6504e+24
6.9544e+03 2.1699e+04 2.7474e+24
9.3750e+03 2.1699e+04 2.7474e+24
1.1796e+04 2.1699e+04 2.7474e+24
1.3204e+04 2.0489e+04 2.5637e+24
1.5625e+04 2.0489e+04 2.5637e+24
1.8046e+04 2.0489e+04 2.5637e+24
1.3204e+04 2.1094e+04 2.6504e+24
1.5625e+04 2.1094e+04 2.6504e+24
1.8046e+04 2.1094e+04 2.6504e+24
1.3204e+04 2.1699e+04 2.7474e+24
1.5625e+04 2.1699e+04 2.7474e+24
1.8046e+04 2.1699e+04 2.7474e+24
1.9454e+04 2.0489e+04 2.5637e+24
2.1875e+04 2.0489e+04 2.5637e+24
2.4296e+04 2.0489e+04 2.5637e+24
1.9454e+04 2.1094e+04 2.6504e+24
2.1875e+04 2.1094e+04 2.6504e+24
2.4296e+04 2.1094e+04 2.6504e+24
1.9454e+04 2.1699e+04 2.7474e+24
2.1875e+04 2.1699e+04 2.7474e+24
2.4296e+04 2.1699e+04 2.7474e+24
2.5704e+04 2.0489e+04 2.5637e+24
2.8125e+04 2.0489e+04 2.5637e+24
3.0546e+04 2.0489e+04 2.5637e+24
2.5704e+04 2.1094e+04 2.6504e+24
2.8125e+04 2.1094e+04 2.6504e+24
3.0546e+04 2.1094e+04 2.6504e+24
2.5704e+04 2.1699e+04 2.7474e+24
2.8125e+04 2.1699e+04 2.7474e+24
3.0546e+04 2.1699e+04 2.7474e+24
3.1954e+04 2.0489e+04 2.5637e+24
3.4375e+04 2.0489e+04 2.5637e+24
3.6796e+04 2.0489e+04 2.5637e+24
3.1954e+04 2.1094e+04 2.6504e+24
3.4375e+04 2.1094e+04 2.6504e+24
3.6796e+04 2.1094e+04 2.6504e+24
3.1954e+04 2.1699e+04 2.7474e+24
3.4375e+04 2.1699e+04 2.7474e+24
3.6796e+04 2.1699e+04 2.7474e+24
3.8204e+04 2.0489e+04 2.5637e+24
4.0625e+04 2.0489e+04 2.5637e+24
4.3046e+04 2.0489e+04 2.5637e+24
3.8204e+04 2.1094e+04 2.6504e+24
4.0625e+04 2.1094e+04 2.6504e+24
4.3046e+04 2.1094e+04 2.6504e+24
3.8204e+04 2.1699e+04 2.7474e+24
4.0625e+04 2.1699e+04 2.7474e+24
4.3046e+04 2.1699e+04 2.7474e+24
4.4454e+04 2.0489e+04 2.5637e+24
4.6875e+04 2.0489e+04 2.5637e+24
4.9296e+04 2.0489e+04 2.5637e+24
4.4454e+04 2.1094e+04 2.6504e+24
4.6875e+04 2.1094e+04 2.6504e+24
4.9296e+04 2.1094e+04 2.6504e+24
4.4454e+04 2.1699e+04 2.7474e+24
4.6875e+04 2.1699e+04 2.7474e+24
4.9296e+04 2.1699e+04 2.7474e+24
5.0704e+04 2.0489e+04 2.5637e+24
5.3125e+04 2.0489e+04 2.5637e+24
5.5546e+04 2.0489e+04 2.5637e+24
5.0704e+04 2.1094e+04 2.6504e+24
5.3125e+04 2.1094e+04 2.6504e+24
5.5546e+04 2.1094e+04 2.6504e+24
5.0704e+04 2.1699e+04 2.7474e+24
5.3125e+04 2.1699e+04 2.7474e+24
5.5546e+04 2.1699e+04 2.7474e+24
5.6954e+04 2.0489e+04 2.5637e+24
5.9375e+04 2.0489e+04 2.5637e+24
6.1796e+04 2.0489e+04 2.5637e+24
5.6954e+04 2.1094e+04 2.6504e+24
5.9375e+04 2.1094e+04 2.6504e+24
6.1796e+04 2.1094e+04 2.6504e+24
5.6954e+04 2.1699e+04 2.7474e+24
5.9375e+04 2.1699e+04 2.7474e+24
6.1796e+04 2.1699e+04 2.7474e+24
6.3204e+04 2.0489e+04 2.5637e+24
6.5625e+04 2.0489e+04 2.5637e+24
6.8046e+04 2.0489e+04 2.5637e+24
6.3204e+04 2.1094e+04 2.6504e+24
6.5625e+04 2.1094e+04 2.6504e+24
6.8046e+04 2.1094e+04 2.6504e+24
6.3204e+04 2.1699e+04 2.7474e+24
6.5625e+04 2.1699e+04 2.7474e+24
6.8046e+04 2.1699e+04 2.7474e+24
6.9454e+04 2.0489e+04 2.5637e+24
7.1875e+04 2.0489e+04 2.5637e+24
7.4296e+04 2.0489e+04 2.5637e+24
6.9454e+04 2.1094e+04 2.6504e+24
7.1875e+04 2.1094e+04 2.6504e+24
7.4296e+04 2.1094e+04 2.6504e+24
6.9454e+04 2.1699e+04 2.7474e+24
7.1875e+04 2.1699e+04 2.7474e+24
7.4296e+04 2.1699e+04 2.7474e+24
7.5704e+04 2.0489e+04 2.5637e+24
7.8125e+04 2.0489e+04 2.5637e+24
8.0546e+04 2.0489e+04 2.5637e+24
7.5704e+04 2.1094e+04 2.6504e+24
7.8125e+04 2.1094e+04 2.6504e+24
8.0546e+04 2.1094e+04 2.6504e+24
7.5704e+04 2.1699e+04 2.7474e+24
7.8125e+04 2.1699e+04 2.7474e+24
8.0546e+04 2.1699e+04 2.7474e+24
8.1954e+04 2.0489e+04 2.5637e+24
8.4375e+04 2.0489e+04 2.5637e+24
8.6796e+04 2.0489e+04 2.5637e+24
8.1954e+04 2.1094e+04 2.6504e+24
8.4375e+04 2.1094e+04 2.6504e+24
8.6796e+04 2.1094e+04 2.6504e+24
8.1954e+04 2.1699e+04 2.7474e+24
8.4375e+04 2.1699e+04 2.7474e+24
8.6796e+04 2.1699e+04 2.7474e+24
8.8204e+04 2.0489e+04 2.5637e+24
9.0625e+04 2.0489e+04 2.5637e+24
9.3046e+04 2.0489e+04 2.5637e+24
8.8204e+04 2.1094e+04 2.6504e+24
9.0625e+04 2.1094e+04 2.6504e+24
9.3046e+04 2.1094e+04 2.6504e+24
8.8204e+04 2.1699e+04 2.7474e+24
9.0625e+04 2.1699e+04 2.7474e+24
9.3046e+04 2.1699e+04 2.7474e+24
9.4454e+04 2.0489e+04 2.5637e+24
9.6875e+04 2.0489e+04 2.5637e+24
9.9296e+04 2.0489e+04 2.5637e+24
9.4454e+04 2.1094e+04 2.6504e+24
9.6875e+04 2.1094e+04 2.6504e+24
9.9296e+04 2.1094e+04 2.6504e+24
9.4454e+04 2.1699e+04 2.7474e+24
9.6875e+04 2.1699e+04 2.7474e+24
9.9296e+04 2.1699e+04 2.7474e+24
7.0439e+02 2.2051e+04 2.8092e+24
3.1250e+03 2.2051e+04 2.8092e+24
5.5456e+03 2.2051e+04 2.8092e+24
7.0439e+02 2.2656e+04 2.9264e+24
3.1250e+03 2.2656e+04 2.9264e+24
5.5456e+03 2.2656e+04 2.9264e+24
7.0439e+02 2.3261e+04 3.0598e+24
3.1250e+03 2.3261e+04 3.0598e+24
5.5456e+03 2.3261e+04 3.0598e+24
6.9544e+03 2.2051e+04 2.8092e+24
9.3750e+03 2.2051e+04 2.8092e+24
1.1796e+04 2.2051e+04 2.8092e+24
6.9544e+03 2.2656e+04 2.9264e+24
9.3750e+03 2.2656e+04 2.9264e+24
1.1796e+04 2.2656e+04 2.9264e+24
6.9544e+03 2.3261e+04 3.0598e+24
9.3750e+03 2.3261e+04 3.0598e+24
1.1796e+04 2.3261e+04 3.0598e+24
1.3204e+04 2.2051e+04 2.8092e+24
1.5625e+04 2.2051e+04 2.8092e+24
1.8046e+04 2.2051e+04 2.8092e+24
1.3204e+04 2.2656e+04 2.9264e+24
1.5625e+04 2.2656e+04 2.9264e+24
1.8046e+04 2.2656e+04 2.9264e+24
1.3204e+04 2.3261e+04 3.0598e+24
1.5625e+04 2.3261e+04 3.0598e+24
1.8046e+04 2.3261e+04 3.0598e+24
1.9454e+04 2.2051e+04 2.8092e+24
2.1875e+04 2.2051e+04 2.8092e+24
2.4296e+04 2.2051e+04 2.8092e+24
1.9454e+04 2.2656e+04 2.9264e+24
2.1875e+04 2.2656e+04 2.9264e+24
2.4296e+04 2.2656e+04 2.9264e+24
1.9454e+04 2.3261e+04 3.0598e+24
2.1875e+04 2.3261e+04 3.0598e+24
2.4296e+04 2.3261e+04 3.0598e+24
2.5704e+04 2.2051e+04 2.8092e+24
2.8125e+04 2.2051e+04 2.8092e+24
3.0546e+04 2.2051e+04 2.8092e+24
2.5704e+04 2.2656e+04 2.9264e+24
2.8125e+04 2.2656e+04 2.9264e+24
3.0546e+04 2.2656e+04 2.9264e+24
2.5704e+04 2.3261e+04 3.0598e+24
2.8125e+04 2.3261e+04 3.0598e+24
3.0546e+04 2.3261e+04 3.0598e+24
3.1954e+04 2.2051e+04 2.8092e+24
3.4375e+04 2.2051e+04 2.8092e+24
3.6796e+04 2.2051e+04 2.8092e+24
3.1954e+04 2.2656e+04 2.9264e+24
3.4375e+04 2.2656e+04 2.9264e+24
3.6796e+04 2.2656e+04 2.9264e+24
3.1954e+04 2.3261e+04 3.0598e+24
3.4375e+04 2.3261e+04 3.0598e+24
3.6796e+04 2.3261e+04 3.0598e+24
3.8204e+04 2.2051e+04 2.8092e+24
4.0625e+04 2.2051e+04 2.8092e+24
4.3046e+04 2.2051e+04 2.8092e+24
3.8204e+04 2.2656e+04 2.9264e+24
4.0625e+04 2.2656e+04 2.9264e+24
4.3046e+04 2.2656e+04 2.9264e+24
3.8204e+04 2.3261e+04 3.0598e+24
4.0625e+04 2.3261e+04 3.0598e+24
4.3046e+04 2.3261e+04 3.0598e+24
4.4454e+04 2.2051e+04 2.8092e+24
4.6875e+04 2.2051e+04 2.8092e+24
4.9296e+04 2.2051e+04 2.8092e+24
4.4454e+04 2.2656e+04 2.9264e+24
4.6875e+04 2.2656e+04 2.9264e+24
4.9296e+04 2.2656e+04 2.9264e+24
4.4454e+04 2.3261e+04 3.0598e+24
4.6875e+04 2.3261e+04 3.0598e+24
4.9296e+04 2.3261e+04 3.0598e+24
5.0704e+04 2.2051e+04 2.8092e+24
5.3125e+04 2.2051e+04 2.8092e+24
5.5546e+04 2.2051e+04 2.8092e+24
5.0704e+04 2.2656e+04 2.9264e+24
5.3125e+04 2.2656e+04 2.9264e+24
5.5546e+04 2.2656e+04 2.9264e+24
5.0704e+04 2.3261e+04 3.0598e+24
5.3125e+04 2.3261e+04 3.0598e+24
5.5546e+04 2.3261e+04 3.0598e+24
5.6954e+04 2.2051e+04 2.8092e+24
5.9375e+04 2.2051e+04 2.8092e+24
6.1796e+04 2.2051e+04 2.8092e+24
5.6954e+04 2.2656e+04 2.9264e+24
5.9375e+04 2.2656e+04 2.9264e+24
6.1796e+04 2.2656e+04 2.9264e+24
5.6954e+04 2.3261e+04 3.0598e+24
5.9375e+04 2.3261e+04 3.0598e+24
6.1796e+04 2.3261e+04 3.0598e+24
6.3204e+04 2.2051e+04 2.8092e+24
6.5625e+04 2.2051e+04 2.8092e+24
6.8046e+04 2.2051e+04 2.8092e+24
6.3204e+04 2.2656e+04 2.9264e+24
6.5625e+04 2.2656e+04 2.9264e+24
6.8046e+04 2.2656e+04 2.9264e+24
6.3204e+04 2.3261e+04 3.0598e+24
6.5625e+04 2.3261e+04 3.0598e+24
6.8046e+04 2.3261e+04 3.0598e+24
6.9454e+04 2.2051e+04 2.8092e+24
7.1875e+04 2.2051e+04 2.8092e+24
7.4296e+04 2.2051e+04 2.8092e+24
6.9454e+04 2.2656e+04 2.9264e+24
7.1875e+04 2.2656e+04 2.9264e+24
7.4296e+04 2.2656e+04 2.9264e+24
6.9454e+04 2.3261e+04 3.0598e+24
7.1875e+04 2.3261e+04 3.0598e+24
7.4296e+04 2.3261e+04 3.0598e+24
7.5704e+04 2.2051e+04 2.8092e+24
7.8125e+04 2.2051e+04 2.8092e+24
8.0546e+04 2.2051e+04 2.8092e+24
7.5704e+04 2.2656e+04 2.9264e+24
7.8125e+04 2.2656e+04 2.9264e+24
8.0546e+04 2.2656e+04 2.9264e+24
7.5704e+04 2.3261e+04 3.0598e+24
7.8125e+04 2.3261e+04 3.0598e+24
8.0546e+04 2.3261e+04 3.0598e+24
8.1954e+04 2.2051e+04 2.8092e+24
8.4375e+04 2.2051e+04 2.8092e+24
8.6796e+04 2.2051e+04 2.8092e+24
8.1954e+04 2.2656e+04 2.9264e+24
8.4375e+04 2.2656e+04 2.9264e+24
8.6796e+04 2.2656e+04 2.9264e+24
8.1954e+04 2.3261e+04 3.0598e+24
8.4375e+04 2.3261e+04 3.0598e+24
8.6796e+04 2.3261e+04 3.0598e+24
8.8204e+04 2.2051e+04 2.8092e+24
9.0625e+04 2.2051e+04 2.8092e+24
9.3046e+04 2.2051e+04 2.8092e+24
8.8204e+04 2.2656e+04 2.9264e+24
9.0625e+04 2.2656e+04 2.9264e+24
9.3046e+04 2.2656e+04 2.9264e+24
8.8204e+04 2.3261e+04 3.0598e+24
9.0625e+04 2.3261e+04 3.0598e+24
9.3046e+04 2.3261e+04 3.0598e+24
9.4454e+04 2.2051e+04 2.8092e+24
9.6875e+04 2.2051e+04 2.8092e+24
9.9296e+04 2.2051e+04 2.8092e+24
9.4454e+04 2.2656e+04 2.9264e+24
9.6875e+04 2.2656e+04 2.9264e+24
9.9296e+04 2.2656e+04 2.9264e+24
9.4454e+04 2.3261e+04 3.0598e+24
9.6875e+04 2.3261e+04 3.0598e+24
9.9296e+04 2.3261e+04 3.0598e+24
7.0439e+02 2.3614e+04 3.1463e+24
3.1250e+03 2.3614e+04 3.1463e+24
5.5456e+03 2.3614e+04 3.1463e+24
7.0439e+02 2.4219e+04 3.3133e+24
3.1250e+03 2.4219e+04 3.3133e+24
5.5456e+03 2.4219e+04 3.3133e+24
7.0439e+02 2.4824e+04 3.5083e+24
3.1250e+03 2.4824e+04 3.5083e+24
5.5456e+03 2.4824e+04 3.5083e+24
6.9544e+03 2.3614e+04 3.1463e+24
9.3750e+03 2.3614e+04 3.1463e+24
1.1796e+04 2.3614e+04 3.1463e+24
6.9544e+03 2.4219e+04 3.3133e+24
9.3750e+03 2.4219e+04 3.3133e+24
1.1796e+04 2.4219e+04 3.3133e+24
6.9544e+03 2.4824e+04 3.5083e+24
9.3750e+03 2.4824e+04 3.5083e+24
1.1796e+04 2.4824e+04 3.5083e+24
1.3204e+04 2.3614e+04 3.1463e+24
1.5625e+04 2.3614e+04 3.1463e+24
1.8046e+04 2.3614e+04 3.1463e+24
1.3204e+04 2.4219e+04 3.3133e+24
1.5625e+04 2.4219e+04 3.3133e+24
1.8046e+04 2.4219e+04 3.3133e+24
1.3204e+04 2.4824e+04 3.5083e+24
1.5625e+04 2.4824e+04 3.5083e+24
1.8046e+04 2.4824e+04 3.5083e+24
1.9454e+04 2.3614e+04 3.1463e+24
2.1875e+04 2.3614e+04 3.1463e+24
2.4296e+04 2.3614e+04 3.1463e+24
1.9454e+04 2.4219e+04 3.3133e+24
2.1875e+04 2.4219e+04 3.3133e+24
2.4296e+04 2.4219e+04 3.3133e+24
1.9454e+04 2.4824e+04 3.5083e+24
2.1875e+04 2.4824e+04 3.5083e+24
2.4296e+04 2.4824e+04 3.5083e+24
2.5704e+04 2.3614e+04 3.1463e+24
2.8125e+04 2.3614e+04 3.1463e+24
3.0546e+04 2.3614e+04 3.1463e+24
2.5704e+04 2.4219e+04 3.3133e+24
2.8125e+04 2.4219e+04 3.3133e+24
3.0546e+04 2.4219e+04 3.3133e+24
2.5704e+04 2.4824e+04 3.5083e+24
2.8125e+04 2.4824e+04 3.5083e+24
3.0546e+04 2.4824e+04 3.5083e+24
3.1954e+04 2.3614e+04 3.1463e+24
3.4375e+04 2.3614e+04 3.1463e+24
3.6796e+04 2.3614e+04 3.1463e+24
3.1954e+04 2.4219e+04 3.3133e+24
3.4375e+04 2.4219e+04 3.3133e+24
3.6796e+04 2.4219e+04 3.3133e+24
3.1954e+04 2.4824e+04 3.5083e+24
3.4375e+04 2.4824e+04 3.5083e+24
3.6796e+04 2.4824e+04 3.5083e+24
3.8204e+04 2.3614e+04 3.1463e+24
4.0625e+04 2.3614e+04 3.1463e+24
4.3046e+04 2.3614e+04 3.1463e+24
3.8204e+04 2.4219e+04 3.3133e+24
4.0625e+04 2.4219e+04 3.3133e+24
4.3046e+04 2.4219e+04 3.3133e+24
3.8204e+04 2.4824e+04 3.5083e+24
4.0625e+04 2.4824e+04 3.5083e+24
4.3046e+04 2.4824e+04 3.5083e+24
4.4454e+04 2.3614e+04 3.1463e+24
4.6875e+04 2.3614e+04 3.1463e+24
4.9296e+04 2.3614e+04 3.1463e+24
4.4454e+04 2.4219e+04 3.3133e+24
4.6875e+04 2.4219e+04 3.3133e+24
4.9296e+04 2.4219e+04 3.3133e+24
4.4454e+04 2.4824e+04 3.5083e+24
4.6875e+04 2.4824e+04 3.5083e+24
4.9296e+04 2.4824e+04 3.5083e+24
5.0704e+04 2.3614e+04 3.1463e+24
5.3125e+04 2.3614e+04 3.1463e+24
5.5546e+04 2.3614e+04 3.1463e+24
5.0704e+04 2.4219e+04 3.3133e+24
5.3125e+04 2.4219e+04 3.3133e+24
5.5546e+04 2.4219e+04 3.3133e+24
5.0704e+04 2.4824e+04 3.5083e+24
5.3125e+04 2.4824e+04 3.5083e+24
5.5546e+04 2.4824e+04 3.5083e+24
5.6954e+04 2.3614e+04 3.1463e+24
5.9375e+04 2.3614e+04 3.1463e+24
6.1796e+04 2.3614e+04 3.1463e+24
5.6954e+04 2.4219e+04 3.3133e+24
5.9375e+04 2.4219e+04 3.3133e+24
6.1796e+04 2.4219e+04 3.3133e+24
5.6954e+04 2.4824e+04 3.5083e+24
5.9375e+04 2.4824e+04 3.5083e+24
6.1796e+04 2.4824e+04 3.5083e+24
6.3204e+04 2.3614e+04 3.1463e+24
6.5625e+04 2.3614e+04 3.1463e+24
6.8046e+04 2.3614e+04 3.1463e+24
6.3204e+04 2.4219e+04 3.3133e+24
6.5625e+04 2.4219e+04 3.3133e+24
6.8046e+04 2.4219e+04 3.3133e+24
6.3204e+04 2.4824e+04 3.5083e+24
6.5625e+04 2.4824e+04 3.5083e+24
6.8046e+04 2.4824e+04 3.5083e+24
6.9454e+04 2.3614e+04 3.1463e+24
7.1875e+04 2.3614e+04 3.1463e+24
7.4296e+04 2.3614e+04 3.1463e+24
6.9454e+04 2.4219e+04 3.3133e+24
7.1875e+04 2.4219e+04 3.3133e+24
7.4296e+04 2.4219e+04 3.3133e+24
6.9454e+04 2.4824e+04 3.5083e+24
7.1875e+04 2.4824e+04 3.5083e+24
7.4296e+04 2.4824e+04 3.5083e+24
7.5704e+04 2.3614e+04 3.1463e+24
7.8125e+04 2.3614e+04 3.1463e+24
8.0546e+04 2.3614e+04 3.1463e+24
7.5704e+04 2.4219e+04 3.3133e+24
7.8125e+04 2.4219e+04 3.3133e+24
8.0546e+04 2.4219e+04 3.3133e+24
7.5704e+04 2.4824e+04 3.5083e+24
7.8125e+04 2.4824e+04 3.5083e+24
8.0546e+04 2.4824e+04 3.5083e+24
8.1954e+04 2.3614e+04 3.1463e+24
8.4375e+04 2.3614e+04 3.1463e+24
8.6796e+04 2.3614e+04 3.1463e+24
8.1954e+04 2.4219e+04 3.3133e+24
8.4375e+04 2.4219e+04 3.3133e+24
8.6796e+04 2.4219e+04 3.3133e+24
8.1954e+04 2.4824e+04 3.5083e+24
8.4375e+04 2.4824e+04 3.5083e+24
8.6796e+04 2.4824e+04 3.5083e+24
8.8204e+04 2.3614e+04 3.1463e+24
9.0625e+04 2.3614e+04 3.1463e+24
9.3046e+04 2.3614e+04 3.1463e+24
8.8204e+04 2.4219e+04 3.3133e+24
9.0625e+04 2.4219e+04 3.3133e+24
9.3046e+04 2.4219e+04 3.3133e+24
8.8204e+04 2.4824e+04 3.5083e+24
9.0625e+04 2.4824e+04 3.5083e+24
9.3046e+04 2.4824e+04 3.5083e+24
9.4454e+04 2.3614e+04 3.1463e+24
9.6875e+04 2.3614e+04 3.1463e+24
9.9296e+04 2.3614e+04 3.1463e+24
9.4454e+04 2.4219e+04 3.3133e+24
9.6875e+04 2.4219e+04 3.3133e+24
9.9296e+04 2.4219e+04 3.3133e+24
9.4454e+04 2.4824e+04 3.5083e+24
9.6875e+04 2.4824e+04 3.5083e+24
9.9296e+04 2.4824e+04 3.5083e+24
7.0439e+02 2.5176e+04 3.6378e+24
3.1250e+03 2.5176e+04 3.6378e+24
5.5456e+03 2.5176e+04 3.6378e+24
7.0439e+02 2.5781e+04 3.8945e+24
3.1250e+03 2.5781e+04 3.8945e+24
5.5456e+03 2.5781e+04 3.8945e+24
7.0439e+02 2.6386e+04 4.2065e+24
3.1250e+03 2.6386e+04 4.2065e+24
5.5456e+03 2.6386e+04 4.2065e+24
6.9544e+03 2.5176e+04 3.6378e+24
9.3750e+03 2.5176e+04 3.6378e+24
1.1796e+04 2.5176e+04 3.6378e+24
6.9544e+03 2.5781e+04 3.8945e+24
9.3750e+03 2.5781e+04 3.8945e+24
1.1796e+04 2.5781e+04 3.8945e+24
6.9544e+03 2.6386e+04 4.2065e+24
9.3750e+03 2.6386e+04 4.2065e+24
1.1796e+04 2.6386e+04 4.2065e+24
1.3204e+04 2.5176e+04 3.6378e+24
1.5625e+04 2.5176e+04 3.6378e+24
1.8046e+04 2.5176e+04 3.6378e+24
1.3204e+04 2.5781e+04 3.8945e+24
1.5625e+04 2.5781e+04 3.8945e+24
1.8046e+04 2.5781e+04 3.8945e+24
1.3204e+04 2.6386e+04 4.2065e+24
1.5625e+04 2.6386e+04 4.2065e+24
1.8046e+04 2.6386e+04 4.2065e+24
1.9454e+04 2.5176e+04 3.6378e+24
2.1875e+04 2.5176e+04 3.6378e+24
2.4296e+04 2.5176e+04 3.6378e+24
1.9454e+04 2.5781e+04 3.8945e+24
2.1875e+04 2.5781e+04 3.8945e+24
2.4296e+04 2.5781e+04 3.8945e+24
1.9454e+04 2.6386e+04 4.2065e+24
2.1875e+04 2.6386e+04 4.2065e+24
2.4296e+04 2.6386e+04 4.2065e+24
2.5704e+04 2.5176e+04 3.6378e+24
2.8125e+04 2.5176e+04 3.6378e+24
3.0546e+04 2.5176e+04 3.6378e+24
2.5704e+04 2.5781e+04 3.8945e+24
2.8125e+04 2.5781e+04 3.8945e+24
3.0546e+04 2.5781e+04 3.8945e+24
2.5704e+04 2.6386e+04 4.2065e+24
2.8125e+04 2.6386e+04 4.2065e+24
3.0546e+04 2.6386e+04 4.2065e+24
3.1954e+04 2.5176e+04 3.6378e+24
3.4375e+04 2.5176e+04 3.6378e+24
3.6796e+04 2.5176e+04 3.6378e+24
3.1954e+04 2.5781e+04 3.8945e+24
3.4375e+04 2.5781e+04 3.8945e+24
3.6796e+04 2.5781e+04 3.8945e+24
3.1954e+04 2.6386e+04 4.2065e+24
3.4375e+04 2.6386e+04 4.2065e+24
3.6796e+04 2.6386e+04 4.2065e+24
3.8204e+04 2.5176e+04 3.6378e+24
4.0625e+04 2.5176e+04 3.6378e+24
4.3046e+04 2.5176e+04 3.6378e+24
3.8204e+04 2.5781e+04 3.8945e+24
4.0625e+04 2.5781e+04 3.8945e+24
4.3046e+04 2.5781e+04 3.8945e+24
3.8204e+04 2.6386e+04 4.2065e+24
4.0625e+04 2.6386e+04 4.2065e+24
4.3046e+04 2.6386e+04 4.2065e+24
4.4454e+04 2.5176e+04 3.6378e+24
4.6875e+04 2.5176e+04 3.6378e+24
4.9296e+04 2.5176e+04 3.6378e+24
4.4454e+04 2.5781e+04 3.8945e+24
4.6875e+04 2.5781e+04 3.8945e+24
4.9296e+04 2.5781e+04 3.8945e+24
4.4454e+04 2.6386e+04 4.2065e+24
4.6875e+04 2.6386e+04 4.2065e+24
4.9296e+04 2.6386e+04 4.2065e+24
5.0704e+04 2.5176e+04 3.6378e+24
5.3125e+04 2.5176e+04 3.6378e+24
5.5546e+04 2.5176e+04 3.6378e+24
5.0704e+04 2.5781e+04 3.8945e+24
5.3125e+04 2.5781e+04 3.8945e+24
5.5546e+04 2.5781e+04 3.8945e+24
5.0704e+04 2.6386e+04 4.2065e+24
5.3125e+04 2.6386e+04 4.2065e+24
5.5546e+04 2.6386e+04 4.2065e+24
5.6954e+04 2.5176e+04 3.6378e+24
5.9375e+04 2.5176e+04 3.6378e+24
6.1796e+04 2.5176e+04 3.6378e+24
5.6954e+04 2.5781e+04 3.8945e+24
5.9375e+04 2.5781e+04 3.8945e+24
6.1796e+04 2.5781e+04 3.8945e+24
5.6954e+04 2.6386e+04 4.2065e+24
5.9375e+04 2.6386e+04 4.2065e+24
6.1796e+04 2.6386e+04 4.2065e+24
6.3204e+04 2.5176e+04 3.6378e+24
6.5625e+04 2.5176e+04 3.6378e+24
6.8046e+04 2.5176e+04 3.6378e+24
6.3204e+04 2.5781e+04 3.8945e+24
6.5625e+04 2.5781e+04 3.8945e+24
6.8046e+04 2.5781e+04 3.8945e+24
6.3204e+04 2.6386e+04 4.2065e+24
6.5625e+04 2.6386e+04 4.2065e+24
6.8046e+04 2.6386e+04 4.2065e+24
6.9454e+04 2.5176e+04 3.6378e+24
7.1875e+04 2.5176e+04 3.6378e+24
7.4296e+04 2.5176e+04 3.6378e+24
6.9454e+04 2.5781e+04 3.8945e+24
7.1875e+04 2.5781e+04 3.8945e+24
7.4296e+04 2.5781e+04 3.8945e+24
6.9454e+04 2.6386e+04 4.2065e+24
7.1875e+04 2.6386e+04 4.2065e+24
7.4296e+04 2.6386e+04 4.2065e+24
7.5704e+04 2.5176e+04 3.6378e+24
7.8125e+04 2.5176e+04 3.6378e+24
8.0546e+04 2.5176e+04 3.6378e+24
7.5704e+04 2.5781e+04 3.8945e+24
7.8125e+04 2.5781e+04 3.8945e+24
8.0546e+04 2.5781e+04 3.8945e+24
7.5704e+04 2.6386e+04 4.2065e+24
7.8125e+04 2.6386e+04 4.2065e+24
8.0546e+04 2.6386e+04 4.2065e+24
8.1954e+04 2.5176e+04 3.6378e+24
8.4375e+04 2.5176e+04 3.6378e+24
8.6796e+04 2.5176e+04 3.6378e+24
8.1954e+04 2.5781e+04 3.8945e+24
8.4375e+04 2.5781e+04 3.8945e+24
8.6796e+04 2.5781e+04 3.8945e+24
8.1954e+04 2.6386e+04 4.2065e+24
8.4375e+04 2.6386e+04 4.2065e+24
8.6796e+04 2.6386e+04 4.2065e+24
8.8204e+04 2.5176e+04 3.6378e+24
9.0625e+04 2.5176e+04 3.6378e+24
9.3046e+04 2.5176e+04 3.6378e+24
8.8204e+04 2.5781e+04 3.8945e+24
9.0625e+04 2.5781e+04 3.8945e+24
9.3046e+04 2.5781e+04 3.8945e+24
8.8204e+04 2.6386e+04 4.2065e+24
9.0625e+04 2.6386e+04 4.2065e+24
9.3046e+04 2.6386e+04 4.2065e+24
9.4454e+04 2.5176e+04 3.6378e+24
9.6875e+04 2.5176e+04 3.6378e+24
9.9296e+04 2.5176e+04 3.6378e+24
9.4454e+04 2.5781e+04 3.8945e+24
9.6875e+04 2.5781e+04 3.8945e+24
9.9296e+04 2.5781e+04 3.8945e+24
9.4454e+04 2.6386e+04 4.2065e+24
9.6875e+04 2.6386e+04 4.2065e+24
9.9296e+04 2.6386e+04 4.2065e+24
7.0439e+02 2.6739e+04 4.4212e+24
3.1250e+03 2.6739e+04 4.4212e+24
5.5456e+03 2.6739e+04 4.4212e+24
7.0439e+02 2.7344e+04 4.8659e+24
3.1250e+03 2.7344e+04 4.8659e+24
5.5456e+03 2.7344e+04 4.8659e+24
7.0439e+02 2.7949e+04 5.4434e+24
3.1250e+03 2.7949e+04 5.4434e+24
5.5456e+03 2.7949e+04 5.4434e+24
6.9544e+03 2.6739e+04 4.4212e+24
9.3750e+03 2.6739e+04 4.4212e+24
1.1796e+04 2.6739e+04 4.4212e+24
6.9544e+03 2.7344e+04 4.8659e+24
9.3750e+03 2.7344e+04 4.8659e+24
1.1796e+04 2.7344e+04 4.8659e+24
6.9544e+03 2.7949e+04 5.4434e+24
9.3750e+03 2.7949e+04 5.4434e+24
1.1796e+04 2.7949e+04 5.4434e+24
1.3204e+04 2.6739e+04 4.4212e+24
1.5625e+04 2.6739e+04 4.4212e+24
1.8046e+04 2.6739e+04 4.4212e+24
1.3204e+04 2.7344e+04 4.8659e+24
1.5625e+04 2.7344e+04 4.8659e+24
1.8046e+04 2.7344e+04 4.8659e+24
1.3204e+04 2.7949e+04 5.4434e+24
1.5625e+04 2.7949e+04 5.4434e+24
1.8046e+04 2.7949e+04 5.4434e+24
1.9454e+04 2.6739e+04 4.4212e+24
2.1875e+04 2.6739e+04 4.4212e+24
2.4296e+04 2.6739e+04 4.4212e+24
1.9454e+04 2.7344e+04 4.8659e+24
2.1875e+04 2.7344e+04 4.8659e+24
2.4296e+04 2.7344e+04 4.8659e+24
1.9454e+04 2.7949e+04 5.4434e+24
2.1875e+04 2.7949e+04 5.4434e+24
2.4296e+04 2.7949e+04 5.4434e+24
2.5704e+04 2.6739e+04 4.4212e+24
2.8125e+04 2.6739e+04 4.4212e+24
3.0546e+04 2.6739e+04 4.4212e+24
2.5704e+04 2.7344e+04 4.8659e+24
2.8125e+04 2.7344e+04 4.8659e+24
3.0546e+04 2.7344e+04 4.8659e+24
2.5704e+04 2.7949e+04 5.4434e+24
2.8125e+04 2.7949e+04 5.4434e+24
3.0546e+04 2.7949e+04 5.4434e+24
3.1954e+04 2.6739e+04 4.4212e+24
3.4375e+04 2.6739e+04 4.4212e+24
3.6796e+04 2.6739e+04 4.4212e+24
3.1954e+04 2.7344e+04 4.8659e+24
3.4375e+04 2.7344e+04 4.8659e+24
3.6796e+04 2.7344e+04 4.8659e+24
3.1954e+04 2.7949e+04 5.4434e+24
3.4375e+04 2.7949e+04 5.4434e+24
3.6796e+04 2.7949e+04 5.4434e+24
3.8204e+04 2.6739e+04 4.4212e+24
4.0625e+04 2.6739e+04 4.4212e+24
4.3046e+04 2.6739e+04 4.4212e+24
3.8204e+04 2.7344e+04 4.8659e+24
4.0625e+04 2.7344e+04 4.8659e+24
4.3046e+04 2.7344e+04 4.8659e+24
3.8204e+04 2.7949e+04 5.4434e+24
4.0625e+04 2.7949e+04 5.4434e+24
4.3046e+04 2.7949e+04 5.4434e+24
4.4454e+04 2.6739e+04 4.4212e+24
4.6875e+04 2.6739e+04 4.4212e+24
4.9296e+04 2.6739e+04 4.4212e+24
4.4454e+04 2.7344e+04 4.8659e+24
4.6875e+04 2.7344e+04 4.8659e+24
4.9296e+04 2.7344e+04 4.8659e+24
4.4454e+04 2.7949e+04 5.4434e+24
4.6875e+04 2.7949e+04 5.4434e+24
4.9296e+04 2.7949e+04 5.4434e+24
5.0704e+04 2.6739e+04 4.4212e+24
5.3125e+04 2.6739e+04 4.4212e+24
5.5546e+04 2.6739e+04 4.4212e+24
5.0704e+04 2.7344e+04 4.8659e+24
5.3125e+04 2.7344e+04 4.8659e+24
5.5546e+04 2.7344e+04 4.8659e+24
5.0704e+04 2.7949e+04 5.4434e+24
5.3125e+04 2.7949e+04 5.4434e+24
5.5546e+04 2.7949e+04 5.4434e+24
5.6954e+04 2.6739e+04 4.4212e+24
5.9375e+04 2.6739e+04 4.4212e+24
6.1796e+04 2.6739e+04 4.4212e+24
5.6954e+04 2.7344e+04 4.8659e+24
5.9375e+04 2.7344e+04 4.8659e+24
6.1796e+04 2.7344e+04 4.8659e+24
5.6954e+04 2.7949e+04 5.4434e+24
5.9375e+04 2.7949e+04 5.4434e+24
6.1796e+04 2.7949e+04 5.4434e+24
6.3204e+04 2.6739e+04 4.4212e+24
6.5625e+04 2.6739e+04 4.4212e+24
6.8046e+04 2.6739e+04 4.4212e+24
6.3204e+04 2.7344e+04 4.8659e+24
6.5625e+04 2.7344e+04 4.8659e+24
6.8046e+04 2.7344e+04 4.8659e+24
6.3204e+04 2.7949e+04 5.4434e+24
6.5625e+04 2.7949e+04 5.4434e+24
6.8046e+04 2.7949e+04 5.4434e+24
6.9454e+04 2.6739e+04 4.4212e+24
7.1875e+04 2.6739e+04 4.4212e+24
7.4296e+04 2.6739e+04 4.4212e+24
6.9454e+04 2.7344e+04 4.8659e+24
7.1875e+04 2.7344e+04 4.8659e+24
7.4296e+04 2.7344e+04 4.8659e+24
6.9454e+04 2.7949e+04 5.4434e+24
7.1875e+04 2.7949e+04 5.4434e+24
7.4296e+04 2.7949e+04 5.4434e+24
7.5704e+04 2.6739e+04 4.4212e+24
7.8125e+04 2.6739e+04 4.4212e+24
8.0546e+04 2.6739e+04 4.4212e+24
7.5704e+04 2.7344e+04 4.8659e+24
7.8125e+04 2.7344e+04 4.8659e+24
8.0546e+04 2.7344e+04 4.8659e+24
7.5704e+04 2.7949e+04 5.4434e+24
7.8125e+04 2.7949e+04 5.4434e+24
8.0546e+04 2.7949e+04 5.4434e+24
8.1954e+04 2.6739e+04 4.4212e+24
8.4375e+04 2.6739e+04 4.4212e+24
8.6796e+04 2.6739e+04 4.4212e+24
8.1954e+04 2.7344e+04 4.8659e+24
8.4375e+04 2.7344e+04 4.8659e+24
8.6796e+04 2.7344e+04 4.8659e+24
8.1954e+04 2.7949e+04 5.4434e+24
8.4375e+04 2.7949e+04 5.4434e+24
8.6796e+04 2.7949e+04 5.4434e+24
8.8204e+04 2.6739e+04 4.4212e+24
9.0625e+04 2.6739e+04 4.4212e+24
9.3046e+04 2.6739e+04 4.4212e+24
8.8204e+04 2.7344e+04 4.8659e+24
9.0625e+04 2.7344e+04 4.8659e+24
9.3046e+04 2.7344e+04 4.8659e+24
8.8204e+04 2.7949e+04 5.4434e+24
9.0625e+04 2.7949e+04 5.4434e+24
9.3046e+04 2.7949e+04 5.4434e+24
9.4454e+04 2.6739e+04 4.4212e+24
9.6875e+04 2.6739e+04 4.4212e+24
9.9296e+04 2.6739e+04 4.4212e+24
9.4454e+04 2.7344e+04 4.8659e+24
9.6875e+04 2.7344e+04 4.8659e+24
9.9296e+04 2.7344e+04 4.8659e+24
9.4454e+04 2.7949e+04 5.4434e+24
9.6875e+04 2.7949e+04 5.4434e+24
9.9296e+04 2.7949e+04 5.4434e+24
7.0439e+02 2.8301e+04 5.8667e+24
3.1250e+03 2.8301e+04 5.8667e+24
5.5456e+03 2.8301e+04 5.8667e+24
7.0439e+02 2.8906e+04 6.8195e+24
3.1250e+03 2.8906e+04 6.8195e+24
5.5456e+03 2.8906e+04 6.8195e+24
7.0439e+02 2.9511e+04 8.2363e+24
3.1250e+03 2.9511e+04 8.2363e+24
5.5456e+03 2.9511e+04 8.2363e+24
6.9544e+03 2.8301e+04 5.8667e+24
9.3750e+03 2.8301e+04 5.8667e+24
1.1796e+04 2.8301e+04 5.8667e+24
6.9544e+03 2.8906e+04 6.8195e+24
9.3750e+03 2.8906e+04 6.8195e+24
1.1796e+04 2.8906e+04 6.8195e+24
6.9544e+03 2.9511e+04 8.2363e+24
9.3750e+03 2.9511e+04 8.2363e+24
1.1796e+04 2.9511e+04 8.2363e+24
1.3204e+04 2.8301e+04 5.8667e+24
1.5625e+04 2.8301e+04 5.8667e+24
1.8046e+04 2.8301e+04 5.8667e+24
1.3204e+04 2.8906e+04 6.8195e+24
1.5625e+04 2.8906e+04 6.8195e+24
1.8046e+04 2.8906e+04 6.8195e+24
1.3204e+04 2.9511e+04 8.2363e+24
1.5625e+04 2.9511e+04 8.2363e+24
1.8046e+04 2.9511e+04 8.2363e+24
1.9454e+04 2.8301e+04 5.8667e+24
2.1875e+04 2.8301e+04 5.8667e+24
2.4296e+04 2.8301e+04 5.8667e+24
1.9454e+04 2.8906e+04 6.8195e+24
2.1875e+04 2.8906e+04 6.8195e+24
2.4296e+04 2.8906e+04 6.8195e+24
1.9454e+04 2.9511e+04 8.2363e+24
2.1875e+04 2.9511e+04 8.2363e+24
2.4296e+04 2.9511e+04 8.2363e+24
2.5704e+04 2.8301e+04 5.8667e+24
2.8125e+04 2.8301e+04 5.8667e+24
3.0546e+04 2.8301e+04 5.8667e+24
2.5704e+04 2.8906e+04 6.8195e+24
2.8125e+04 2.8906e+04 6.8195e+24
3.0546e+04 2.8906e+04 6.8195e+24
2.5704e+04 2.9511e+04 8.2363e+24
2.8125e+04 2.9511e+04 8.2363e+24
3.0546e+04 2.9511e+04 8.2363e+24
3.1954e+04 2.8301e+04 5.8667e+24
3.4375e+04 2.8301e+04 5.8667e+24
3.6796e+04 2.8301e+04 5.8667e+24
3.1954e+04 2.8906e+04 6.8195e+24
3.4375e+04 2.8906e+04 6.8195e+24
3.6796e+04 2.8906e+04 6.8195e+24
3.1954e+04 2.9511e+04 8.2363e+24
3.4375e+04 2.9511e+04 8.2363e+24
3.6796e+04 2.9511e+04 8.2363e+24
3.8204e+04 2.8301e+04 5.8667e+24
4.0625e+04 2.8301e+04 5.8667e+24
4.3046e+04 2.8301e+04 5.8667e+24
3.8204e+04 2.8906e+04 6.8195e+24
4.0625e+04 2.8906e+04 6.8195e+24
4.3046e+04 2.8906e+04 6.8195e+24
3.8204e+04 2.9511e+04 8.2363e+24
4.0625e+04 2.9511e+04 8.2363e+24
4.3046e+04 2.9511e+04 8.2363e+24
4.4454e+04 2.8301e+04 5.8667e+24
4.6875e+04 2.8301e+04 5.8667e+24
4.9296e+04 2.8301e+04 5.8667e+24
4.4454e+04 2.8906e+04 6.8195e+24
4.6875e+04 2.8906e+04 6.8195e+24
4.9296e+04 2.8906e+04 6.8195e+24
4.4454e+04 2.9511e+04 8.2363e+24
4.6875e+04 2.9511e+04 8.2363e+24
4.9296e+04 2.9511e+04 8.2363e+24
5.0704e+04 2.8301e+04 5.8667e+24
5.3125e+04 2.8301e+04 5.8667e+24
5.5546e+04 2.8301e+04 5.8667e+24
5.0704e+04 2.8906e+04 6.8195e+24
5.3125e+04 2.8906e+04 6.8195e+24
5.5546e+04 2.8906e+04 6.8195e+24
5.0704e+04 2.9511e+04 8.2363e+24
5.3125e+04 2.9511e+04 8.2363e+24
5.5546e+04 2.9511e+04 8.2363e+24
5.6954e+04 2.8301e+04 5.8667e+24
5.9375e+04 2.8301e+04 5.8667e+24
6.1796e+04 2.8301e+04 5.8667e+24
5.6954e+04 2.8906e+04 6.8195e+24
5.9375e+04 2.8906e+04 6.8195e+24
6.1796e+04 2.8906e+04 6.8195e+24
5.6954e+04 2.9511e+04 8.2363e+24
5.9375e+04 2.9511e+04 8.2363e+24
6.1796e+04 2.9511e+04 8.2363e+24
6.3204e+04 2.8301e+04 5.8667e+24
6.5625e+04 2.8301e+04 5.8667e+24
6.8046e+04 2.8301e+04 5.8667e+24
6.3204e+04 2.8906e+04 6.8195e+24
6.5625e+04 2.8906e+04 6.8195e+24
6.8046e+04 2.8906e+04 6.8195e+24
6.3204e+04 2.9511e+04 8.2363e+24
6.5625e+04 2.9511e+04 8.2363e+24
6.8046e+04 2.9511e+04 8.2363e+24
6.9454e+04 2.8301e+04 5.8667e+24
7.1875e+04 2.8301e+04 5.8667e+24
7.4296e+04 2.8301e+04 5.8667e+24
6.9454e+04 2.8906e+04 6.8195e+24
7.1875e+04 2.8906e+04 6.8195e+24
7.4296e+04 2.8906e+04 6.8195e+24
6.9454e+04 2.9511e+04 8.2363e+24
7.1875e+04 2.9511e+04 8.2363e+24
7.4296e+04 2.9511e+04 8.2363e+24
7.5704e+04 2.8301e+04 5.8667e+24
7.8125e+04 2.8301e+04 5.8667e+24
8.0546e+04 2.8301e+04 5.8667e+24
7.5704e+04 2.8906e+04 6.8195e+24
7.8125e+04 2.8906e+04 6.8195e+24
8.0546e+04 2.8906e+04 6.8195e+24
7.5704e+04 2.9511e+04 8.2363e+24
7.8125e+04 2.9511e+04 8.2363e+24
8.0546e+04 2.9511e+04 8.2363e+24
8.1954e+04 2.8301e+04 5.8667e+24
8.4375e+04 2.8301e+04 5.8667e+24
8.6796e+04 2.8301e+04 5.8667e+24
8.1954e+04 2.8906e+04 6.8195e+24
8.4375e+04 2.8906e+04 6.8195e+24
8.6796e+04 2.8906e+04 6.8195e+24
8.1954e+04 2.9511e+04 8.2363e+24
8.4375e+04 2.9511e+04 8.2363e+24
8.6796e+04 2.9511e+04 8.2363e+24
8.8204e+04 2.8301e+04 5.8667e+24
9.0625e+04 2.8301e+04 5.8667e+24
9.3046e+04 2.8301e+04 5.8667e+24
8.8204e+04 2.8906e+04 6.8195e+24
9.0625e+04 2.8906e+04 6.8195e+24
9.3046e+04 2.8906e+04 6.8195e+24
8.8204e+04 2.9511e+04 8.2363e+24
9.0625e+04 2.9511e+04 8.2363e+24
9.3046e+04 2.9511e+04 8.2363e+24
9.4454e+04 2.8301e+04 5.8667e+24
9.6875e+04 2.8301e+04 5.8667e+24
9.9296e+04 2.8301e+04 5.8667e+24
9.4454e+04 2.8906e+04 6.8195e+24
9.6875e+04 2.8906e+04 6.8195e+24
9.9296e+04 2.8906e+04 6.8195e+24
9.4454e+04 2.9511e+04 8.2363e+24
9.6875e+04 2.9511e+04 8.2363e+24
9.9296e+04 2.9511e+04 8.2363e+24
7.0439e+02 2.9864e+04 9.7999e+24
3.1250e+03 2.9864e+04 9.7999e+24
5.5456e+03 2.9864e+04 9.7999e+24
7.0439e+02 3.0469e+04 1.0000e+25
3.1250e+03 3.0469e+04 1.0000e+25
5.5456e+03 3.0469e+04 1.0000e+25
7.0439e+02 3.1074e+04 1.0000e+25
3.1250e+03 3.1074e+04 1.0000e+25
5.5456e+03 3.1074e+04 1.0000e+25
6.9544e+03 2.9864e+04 9.7999e+24
9.3750e+03 2.9864e+04 9.7999e+24
1.1796e+04 2.9864e+04 9.7999e+24
6.9544e+03 3.0469e+04 1.0000e+25
9.3750e+03 3.0469e+04 1.0000e+25
1.1796e+04 3.0469e+04 1.0000e+25
6.9544e+03 3.1074e+04 1.0000e+25
9.3750e+03 3.1074e+04 1.0000e+25
1.1796e+04 3.1074e+04 1.0000e+25
1.3204e+04 2.9864e+04 9.7999e+24
1.5625e+04 2.9864e+04 9.7999e+24
1.8046e+04 2.9864e+04 9.7999e+24
1.3204e+04 3.0469e+04 1.0000e+25
1.5625e+04 3.0469e+04 1.0000e+25
1.8046e+04 3.0469e+04 1.0000e+25
1.3204e+04 3.1074e+04 1.0000e+25
1.5625e+04 3.1074e+04 1.0000e+25
1.8046e+04 3.1074e+04 1.0000e+25
1.9454e+04 2.9864e+04 9.7999e+24
2.1875e+04 2.9864e+04 9.7999e+24
2.4296e+04 2.9864e+04 9.7999e+24
1.9454e+04 3.0469e+04 1.0000e+25
2.1875e+04 3.0469e+04 1.0000e+25
2.4296e+04 3.0469e+04 1.0000e+25
1.9454e+04 3.1074e+04 1.0000e+25
2.1875e+04 3.1074e+04 1.0000e+25
2.4296e+04 3.1074e+04 1.0000e+25
2.5704e+04 2.9864e+04 9.7999e+24
2.8125e+04 2.9864e+04 9.7999e+24
3.0546e+04 2.9864e+04 9.7999e+24
2.5704e+04 3.0469e+04 1.0000e+25
2.8125e+04 3.0469e+04 1.0000e+25
3.0546e+04 3.0469e+04 1.0000e+25
2.5704e+04 3.1074e+04 1.0000e+25
2.8125e+04 3.1074e+04 1.0000e+25
3.0546e+04 3.1074e+04 1.0000e+25
3.1954e+04 2.9864e+04 9.7999e+24
3.4375e+04 2.9864e+04 9.7999e+24
3.6796e+04 2.9864e+04 9.7999e+24
3.1954e+04 3.0469e+04 1.0000e+25
3.4375e+04 3.0469e+04 1.0000e+25
3.6796e+04 3.0469e+04 1.0000e+25
3.1954e+04 3.1074e+04 1.0000e+25
3.4375e+04 3.1074e+04 1.0000e+25
3.6796e+04 3.1074e+04 1.0000e+25
3.8204e+04 2.9864e+04 9.7999e+24
4.0625e+04 2.9864e+04 9.7999e+24
4.3046e+04 2.9864e+04 9.7999e+24
3.8204e+04 3.0469e+04 1.0000e+25
4.0625e+04 3.0469e+04 1.0000e+25
4.3046e+04 3.0469e+04 1.0000e+25
3.8204e+04 3.1074e+04 1.0000e+25
4.0625e+04 3.1074e+04 1.0000e+25
4.3046e+04 3.1074e+04 1.0000e+25
4.4454e+04 2.9864e+04 9.7999e+24
4.6875e+04 2.9864e+04 9.7999e+24
4.9296e+04 2.9864e+04 9.7999e+24
4.4454e+04 3.0469e+04 1.0000e+25
4.6875e+04 3.0469e+04 1.0000e+25
4.9296e+04 3.0469e+04 1.0000e+25
4.4454e+04 3.1074e+04 1.0000e+25
4.6875e+04 3.1074e+04 1.0000e+25
4.9296e+04 3.1074e+04 1.0000e+25
5.0704e+04 2.9864e+04 9.7999e+24
5.3125e+04 2.9864e+04 9.7999e+24
5.5546e+04 2.9864e+04 9.7999e+24
5.0704e+04 3.0469e+04 1.0000e+25
5.3125e+04 3.0469e+04 1.0000e+25
5.5546e+04 3.0469e+04 1.0000e+25
5.0704e+04 3.1074e+04 1.0000e+25
5.3125e+04 3.1074e+04 1.0000e+25
5.5546e+04 3.1074e+04 1.0000e+25
5.6954e+04 2.9864e+04 9.7999e+24
5.9375e+04 2.9864e+04 9.7999e+24
6.1796e+04 2.9864e+04 9.7999e+24
5.6954e+04 3.0469e+04 1.0000e+25
5.9375e+04 3.0469e+04 1.0000e+25
6.1796e+04 3.0469e+04 1.0000e+25
5.6954e+04 3.1074e+04 1.0000e+25
5.9375e+04 3.1074e+04 1.0000e+25
6.1796e+04 3.1074e+04 1.0000e+25
6.3204e+04 2.9864e+04 9.7999e+24
6.5625e+04 2.9864e+04 9.7999e+24
6.8046e+04 2.9864e+04 9.7999e+24
6.3204e+04 3.0469e+04 1.0000e+25
6.5625e+04 3.0469e+04 1.0000e+25
6.8046e+04 3.0469e+04 1.0000e+25
6.3204e+04 3.1074e+04 1.0000e+25
6.5625e+04 3.1074e+04 1.0000e+25
6.8046e+04 3.1074e+04 1.0000e+25
6.9454e+04 2.9864e+04 9.7999e+24
7.1875e+04 2.9864e+04 9.7999e+24
7.4296e+04 2.9864e+04 9.7999e+24
6.9454e+04 3.0469e+04 1.0000e+25
7.1875e+04 3.0469e+04 1.0000e+25
7.4296e+04 3.0469e+04 1.0000e+25
6.9454e+04 3.1074e+04 1.0000e+25
7.1875e+04 3.1074e+04 1.0000e+25
7.4296e+04 3.1074e+04 1.0000e+25
7.5704e+04 2.9864e+04 9.7999e+24
7.8125e+04 2.9864e+04 9.7999e+24
8.0546e+04 2.9864e+04 9.7999e+24
7.5704e+04 3.0469e+04 1.0000e+25
7.8125e+04 3.0469e+04 1.0000e+25
8.0546e+04 3.0469e+04 1.0000e+25
7.5704e+04 3.1074e+04 1.0000e+25
7.8125e+04 3.1074e+04 1.0000e+25
8.0546e+04 3.1074e+04 1.0000e+25
8.1954e+04 2.9864e+04 9.7999e+24
8.4375e+04 2.9864e+04 9.7999e+24
8.6796e+04 2.9864e+04 9.7999e+24
8.1954e+04 3.0469e+04 1.0000e+25
8.4375e+04 3.0469e+04 1.0000e+25
8.6796e+04 3.0469e+04 1.0000e+25
8.1954e+04 3.1074e+04 1.0000e+25
8.4375e+04 3.1074e+04 1.0000e+25
8.6796e+04 3.1074e+04 1.0000e+25
8.8204e+04 2.9864e+04 9.7999e+24
9.0625e+04 2.9864e+04 9.7999e+24
9.3046e+04 2.9864e+04 9.7999e+24
8.8204e+04 3.0469e+04 1.0000e+25
9.0625e+04 3.0469e+04 1.0000e+25
9.3046e+04 3.0469e+04 1.0000e+25
8.8204e+04 3.1074e+04 1.0000e+25
9.0625e+04 3.1074e+04 1.0000e+25
9.3046e+04 3.1074e+04 1.0000e+25
9.4454e+04 2.9864e+04 9.7999e+24
9.6875e+04 2.9864e+04 9.7999e+24
9.9296e+04 2.9864e+04 9.7999e+24
9.4454e+04 3.0469e+04 1.0000e+25
9.6875e+04 3.0469e+04 1.0000e+25
9.9296e+04 3.0469e+04 1.0000e+25
9.4454e+04 3.1074e+04 1.0000e+25
9.6875e+04 3.1074e+04 1.0000e+25
9.9296e+04 3.1074e+04 1.0000e+25
7.0439e+02 3.1426e+04 1.0000e+25
3.1250e+03 3.1426e+04 1.0000e+25
5.5456e+03 3.1426e+04 1.0000e+25
7.0439e+02 3.2031e+04 1.0000e+25
3.1250e+03 3.2031e+04 1.0000e+25
5.5456e+03 3.2031e+04 1.0000e+25
7.0439e+02 3.2636e+04 1.0000e+25
3.1250e+03 3.2636e+04 1.0000e+25
5.5456e+03 3.2636e+04 1.0000e+25
6.9544e+03 3.1426e+04 1.0000e+25
9.3750e+03 3.1426e+04 1.0000e+25
1.1796e+04 3.1426e+04 1.0000e+25
6.9544e+03 3.2031e+04 1.0000e+25
9.3750e+03 3.2031e+04 1.0000e+25
1.1796e+04 3.2031e+04 1.0000e+25
6.9544e+03 3.2636e+04 1.0000e+25
9.3750e+03 3.2636e+04 1.0000e+25
1.1796e+04 3.2636e+04 1.0000e+25
1.3204e+04 3.1426e+04 1.0000e+25
1.5625e+04 3.1426e+04 1.0000e+25
1.8046e+04 3.1426e+04 1.0000e+25
1.3204e+04 3.2031e+04 1.0000e+25
1.5625e+04 3.2031e+04 1.0000e+25
1.8046e+04 3.2031e+04 1.0000e+25
1.3204e+04 3.2636e+04 1.0000e+25
1.5625e+04 3.2636e+04 1.0000e+25
1.8046e+04 3.2636e+04 1.0000e+25
1.9454e+04 3.1426e+04 1.0000e+25
2.1875e+04 3.1426e+04 1.0000e+25
2.4296e+04 3.1426e+04 1.0000e+25
1.9454e+04 3.2031e+04 1.0000e+25
2.1875e+04 3.2031e+04 1.0000e+25
2.4296e+04 3.2031e+04 1.0000e+25
1.9454e+04 3.2636e+04 1.0000e+25
2.1875e+04 3.2636e+04 1.0000e+25
2.4296e+04 3.2636e+04 1.0000e+25
2.5704e+04 3.1426e+04 1.0000e+25
2.8125e+04 3.1426e+04 1.0000e+25
3.0546e+04 3.1426e+04 1.0000e+25
2.5704e+04 3.2031e+04 1.0000e+25
2.8125e+04 3.2031e+04 1.0000e+25
3.0546e+04 3.2031e+04 1.0000e+25
2.5704e+04 3.2636e+04 1.0000e+25
2.8125e+04 3.2636e+04 1.0000e+25
3.0546e+04 3.2636e+04 1.0000e+25
3.1954e+04 3.1426e+04 1.0000e+25
3.4375e+04 3.1426e+04 1.0000e+25
3.6796e+04 3.1426e+04 1.0000e+25
3.1954e+04 3.2031e+04 1.0000e+25
3.4375e+04 3.2031e+04 1.0000e+25
3.6796e+04 3.2031e+04 1.0000e+25
3.1954e+04 3.2636e+04 1.0000e+25
3.4375e+04 3.2636e+04 1.0000e+25
3.6796e+04 3.2636e+04 1.0000e+25
3.8204e+04 3.1426e+04 1.0000e+25
4.0625e+04 3.1426e+04 1.0000e+25
4.3046e+04 3.1426e+04 1.0000e+25
3.8204e+04 3.2031e+04 1.0000e+25
4.0625e+04 3.2031e+04 1.0000e+25
4.3046e+04 3.2031e+04 1.0000e+25
3.8204e+04 3.2636e+04 1.0000e+25
4.0625e+04 3.2636e+04 1.0000e+25
4.3046e+04 3.2636e+04 1.0000e+25
4.4454e+04 3.1426e+04 1.0000e+25
4.6875e+04 3.1426e+04 1.0000e+25
4.9296e+04 3.1426e+04 1.0000e+25
4.4454e+04 3.2031e+04 1.0000e+25
4.6875e+04 3.2031e+04 1.0000e+25
4.9296e+04 3.2031e+04 1.0000e+25
4.4454e+04 3.2636e+04 1.0000e+25
4.6875e+04 3.2636e+04 1.0000e+25
4.9296e+04 3.2636e+04 1.0000e+25
5.0704e+04 3.1426e+04 1.0000e+25
5.3125e+04 3.1426e+04 1.0000e+25
5.5546e+04 3.1426e+04 1.0000e+25
5.0704e+04 3.2031e+04 1.0000e+25
5.3125e+04 3.2031e+04 1.0000e+25
5.5546e+04 3.2031e+04 1.0000e+25
5.0704e+04 3.2636e+04 1.0000e+25
5.3125e+04 3.2636e+04 1.0000e+25
5.5546e+04 3.2636e+04 1.0000e+25
5.6954e+04 3.1426e+04 1.0000e+25
5.9375e+04 3.1426e+04 1.0000e+25
6.1796e+04 3.1426e+04 1.0000e+25
5.6954e+04 3.2031e+04 1.0000e+25
5.9375e+04 3.2031e+04 1.0000e+25
6.1796e+04 3.2031e+04 1.0000e+25
5.6954e+04 3.2636e+04 1.0000e+25
5.9375e+04 3.2636e+04 1.0000e+25
6.1796e+04 3.2636e+04 1.0000e+25
6.3204e+04 3.1426e+04 1.0000e+25
6.5625e+04 3.1426e+04 1.0000e+25
6.8046e+04 3.1426e+04 1.0000e+25
6.3204e+04 3.2031e+04 1.0000e+25
6.5625e+04 3.2031e+04 1.0000e+25
6.8046e+04 3.2031e+04 1.0000e+25
6.3204e+04 3.2636e+04 1.0000e+25
6.5625e+04 3.2636e+04 1.0000e+25
6.8046e+04 3.2636e+04 1.0000e+25
6.9454e+04 3.1426e+04 1.0000e+25
7.1875e+04 3.1426e+04 1.0000e+25
7.4296e+04 3.1426e+04 1.0000e+25
6.9454e+04 3.2031e+04 1.0000e+25
7.1875e+04 3.2031e+04 1.0000e+25
7.4296e+04 3.2031e+04 1.0000e+25
6.9454e+04 3.2636e+04 1.0000e+25
7.1875e+04 3.2636e+04 1.0000e+25
7.4296e+04 3.2636e+04 1.0000e+25
7.5704e+04 3.1426e+04 1.0000e+25
7.8125e+04 3.1426e+04 1.0000e+25
8.0546e+04 3.1426e+04 1.0000e+25
7.5704e+04 3.2031e+04 1.0000e+25
7.8125e+04 3.2031e+04 1.0000e+25
8.0546e+04 3.2031e+04 1.0000e+25
7.5704e+04 3.2636e+04 1.0000e+25
7.8125e+04 3.2636e+04 1.0000e+25
8.0546e+04 3.2636e+04 1.0000e+25
8.1954e+04 3.1426e+04 1.0000e+25
8.4375e+04 3.1426e+04 1.0000e+25
8.6796e+04 3.1426e+04 1.0000e+25
8.1954e+04 3.2031e+04 1.0000e+25
8.4375e+04 3.2031e+04 1.0000e+25
8.6796e+04 3.2031e+04 1.0000e+25
8.1954e+04 3.2636e+04 1.0000e+25
8.4375e+04 3.2636e+04 1.0000e+25
8.6796e+04 3.2636e+04 1.0000e+25
8.8204e+04 3.1426e+04 1.0000e+25
9.0625e+04 3.1426e+04 1.0000e+25
9.3046e+04 3.1426e+04 1.0000e+25
8.8204e+04 3.2031e+04 1.0000e+25
9.0625e+04 3.2031e+04 1.0000e+25
9.3046e+04 3.2031e+04 1.0000e+25
8.8204e+04 3.2636e+04 1.0000e+25
9.0625e+04 3.2636e+04 1.0000e+25
9.3046e+04 3.2636e+04 1.0000e+25
9.4454e+04 3.1426e+04 1.0000e+25
9.6875e+04 3.1426e+04 1.0000e+25
9.9296e+04 3.1426e+04 1.0000e+25
9.4454e+04 3.2031e+04 1.0000e+25
9.6875e+04 3.2031e+04 1.0000e+25
9.9296e+04 3.2031e+04 1.0000e+25
9.4454e+04 3.2636e+04 1.0000e+25
9.6875e+04 3.2636e+04 1.0000e+25
9.9296e+04 3.2636e+04 1.0000e+25
7.0439e+02 3.2989e+04 1.0000e+25
3.1250e+03 3.2989e+04 1.0000e+25
5.5456e+03 3.2989e+04 1.0000e+25
7.0439e+02 3.3594e+04 1.0000e+25
3.1250e+03 3.3594e+04 1.0000e+25
5.5456e+03 3.3594e+04 1.0000e+25
7.0439e+02 3.4199e+04 1.0000e+25
3.1250e+03 3.4199e+04 1.0000e+25
5.5456e+03 3.4199e+04 1.0000e+25
6.9544e+03 3.2989e+04 1.0000e+25
9.3750e+03 3.2989e+04 1.0000e+25
1.1796e+04 3.2989e+04 1.0000e+25
6.9544e+03 3.3594e+04 1.0000e+25
9.3750e+03 3.3594e+04 1.0000e+25
1.1796e+04 3.3594e+04 1.0000e+25
6.9544e+03 3.4199e+04 1.0000e+25
9.3750e+03 3.4199e+04 1.0000e+25
1.1796e+04 3.4199e+04 1.0000e+25
1.3204e+04 3.2989e+04 1.0000e+25
1.5625e+04 3.2989e+04 1.0000e+25
1.8046e+04 3.2989e+04 1.0000e+25
1.3204e+04 3.3594e+04 1.0000e+25
1.5625e+04 3.3594e+04 1.0000e+25
1.8046e+04 3.3594e+04 1.0000e+25
1.3204e+04 3.4199e+04 1.0000e+25
1.5625e+04 3.4199e+04 1.0000e+25
1.8046e+04 3.4199e+04 1.0000e+25
1.9454e+04 3.2989e+04 1.0000e+25
2.1875e+04 3.2989e+04 1.0000e+25
2.4296e+04 3.2989e+04 1.0000e+25
1.9454e+04 3.3594e+04 1.0000e+25
2.1875e+04 3.3594e+04 1.0000e+25
2.4296e+04 3.3594e+04 1.0000e+25
1.9454e+04 3.4199e+04 1.0000e+25
2.1875e+04 3.4199e+04 1.0000e+25
2.4296e+04 3.4199e+04 1.0000e+25
2.5704e+04 3.2989e+04 1.0000e+25
2.8125e+04 3.2989e+04 1.0000e+25
3.0546e+04 3.2989e+04 1.0000e+25
2.5704e+04 3.3594e+04 1.0000e+25
2.8125e+04 3.3594e+04 1.0000e+25
3.0546e+04 3.3594e+04 1.0000e+25
2.5704e+04 3.4199e+04 1.0000e+25
2.8125e+04 3.4199e+04 1.0000e+25
3.0546e+04 3.4199e+04 1.0000e+25
3.1954e+04 3.2989e+04 1.0000e+25
3.4375e+04 3.2989e+04 1.0000e+25
3.6796e+04 3.2989e+04 1.0000e+25
3.1954e+04 3.3594e+04 1.0000e+25
3.4375e+04 3.3594e+04 1.0000e+25
3.6796e+04 3.3594e+04 1.0000e+25
3.1954e+04 3.4199e+04 1.0000e+25
3.4375e+04 3.4199e+04 1.0000e+25
3.6796e+04 3.4199e+04 1.0000e+25
3.8204e+04 3.2989e+04 1.0000e+25
4.0625e+04 3.2989e+04 1.0000e+25
4.3046e+04 3.2989e+04 1.0000e+25
3.8204e+04 3.3594e+04 1.0000e+25
4.0625e+04 3.3594e+04 1.0000e+25
4.3046e+04 3.3594e+04 1.0000e+25
3.8204e+04 3.4199e+04 1.0000e+25
4.0625e+04 3.4199e+04 1.0000e+25
4.3046e+04 3.4199e+04 1.0000e+25
4.4454e+04 3.2989e+04 1.0000e+25
4.6875e+04 3.2989e+04 1.0000e+25
4.9296e+04 3.2989e+04 1.0000e+25
4.4454e+04 3.3594e+04 1.0000e+25
4.6875e+04 3.3594e+04 1.0000e+25
4.9296e+04 3.3594e+04 1.0000e+25
4.4454e+04 3.4199e+04 1.0000e+25
4.6875e+04 3.4199e+04 1.0000e+25
4.9296e+04 3.4199e+04 1.0000e+25
5.0704e+04 3.2989e+04 1.0000e+25
5.3125e+04 3.2989e+04 1.0000e+25
5.5546e+04 3.2989e+04 1.0000e+25
5.0704e+04 3.3594e+04 1.0000e+25
5.3125e+04 3.3594e+04 1.0000e+25
5.5546e+04 3.3594e+04 1.0000e+25
5.0704e+04 3.4199e+04 1.0000e+25
5.3125e+04 3.4199e+04 1.0000e+25
5.5546e+04 3.4199e+04 1.0000e+25
5.6954e+04 3.2989e+04 1.0000e+25
5.9375e+04 3.2989e+04 1.0000e+25
6.1796e+04 3.2989e+04 1.0000e+25
5.6954e+04 3.3594e+04 1.0000e+25
5.9375e+04 3.3594e+04 1.0000e+25
6.1796e+04 3.3594e+04 1.0000e+25
5.6954e+04 3.4199e+04 1.0000e+25
5.9375e+04 3.4199e+04 1.0000e+25
6.1796e+04 3.4199e+04 1.0000e+25
6.3204e+04 3.2989e+04 1.0000e+25
6.5625e+04 3.2989e+04 1.0000e+25
6.8046e+04 3.2989e+04 1.0000e+25
6.3204e+04 3.3594e+04 1.0000e+25
6.5625e+04 3.3594e+04 1.0000e+25
6.8046e+04 3.3594e+04 1.0000e+25
6.3204e+04 3.4199e+04 1.0000e+25
6.5625e+04 3.4199e+04 1.0000e+25
6.8046e+04 3.4199e+04 1.0000e+25
6.9454e+04 3.2989e+04 1.0000e+25
7.1875e+04 3.2989e+04 1.0000e+25
7.4296e+04 3.2989e+04 1.0000e+25
6.9454e+04 3.3594e+04 1.0000e+25
7.1875e+04 3.3594e+04 1.0000e+25
7.4296e+04 3.3594e+04 1.0000e+25
6.9454e+04 3.4199e+04 1.0000e+25
7.1875e+04 3.4199e+04 1.0000e+25
7.4296e+04 3.4199e+04 1.0000e+25
7.5704e+04 3.2989e+04 1.0000e+25
7.8125e+04 3.2989e+04 1.0000e+25
8.0546e+04 3.2989e+04 1.0000e+25
7.5704e+04 3.3594e+04 1.0000e+25
7.8125e+04 3.3594e+04 1.0000e+25
8.0546e+04 3.3594e+04 1.0000e+25
7.5704e+04 3.4199e+04 1.0000e+25
7.8125e+04 3.4199e+04 1.0000e+25
8.0546e+04 3.4199e+04 1.0000e+25
8.1954e+04 3.2989e+04 1.0000e+25
8.4375e+04 3.2989e+04 1.0000e+25
8.6796e+04 3.2989e+04 1.0000e+25
8.1954e+04 3.3594e+04 1.0000e+25
8.4375e+04 3.3594e+04 1.0000e+25
8.6796e+04 3.3594e+04 1.0000e+25
8.1954e+04 3.4199e+04 1.0000e+25
8.4375e+04 3.4199e+04 1.0000e+25
8.6796e+04 3.4199e+04 1.0000e+25
8.8204e+04 3.2989e+04 1.0000e+25
9.0625e+04 3.2989e+04 1.0000e+25
9.3046e+04 3.2989e+04 1.0000e+25
8.8204e+04 3.3594e+04 1.0000e+25
9.0625e+04 3.3594e+04 1.0000e+25
9.3046e+04 3.3594e+04 1.0000e+25
8.8204e+04 3.4199e+04 1.0000e+25
9.0625e+04 3.4199e+04 1.0000e+25
9.3046e+04 3.4199e+04 1.0000e+25
9.4454e+04 3.2989e+04 1.0000e+25
9.6875e+04 3.2989e+04 1.0000e+25
9.9296e+04 3.2989e+04 1.0000e+25
9.4454e+04 3.3594e+04 1.0000e+25
9.6875e+04 3.3594e+04 1.0000e+25
9.9296e+04 3.3594e+04 1.0000e+25
9.4454e+04 3.4199e+04 1.0000e+25
9.6875e+04 3.4199e+04 1.0000e+25
9.9296e+04 3.4199e+04 1.0000e+25
7.0439e+02 3.4551e+04 1.0000e+25
3.1250e+03 3.4551e+04 1.0000e+25
5.5456e+03 3.4551e+04 1.0000e+25
7.0439e+02 3.5156e+04 1.0000e+25
3.1250e+03 3.5156e+04 1.0000e+25
5.5456e+03 3.5156e+04 1.0000e+25
7.0439e+02 3.5761e+04 1.0000e+25
3.1250e+03 3.5761e+04 1.0000e+25
5.5456e+03 3.5761e+04 1.0000e+25
6.9544e+03 3.4551e+04 1.0000e+25
9.3750e+03 3.4551e+04 1.0000e+25
1.1796e+04 3.4551e+04 1.0000e+25
6.9544e+03 3.5156e+04 1.0000e+25
9.3750e+03 3.5156e+04 1.0000e+25
1.1796e+04 3.5156e+04 1.0000e+25
6.9544e+03 3.5761e+04 1.0000e+25
9.3750e+03 3.5761e+04 1.0000e+25
1.1796e+04 3.5761e+04 1.0000e+25
1.3204e+04 3.4551e+04 1.0000e+25
1.5625e+04 3.4551e+04 1.0000e+25
1.8046e+04 3.4551e+04 1.0000e+25
1.3204e+04 3.5156e+04 1.0000e+25
1.5625e+04 3.5156e+04 1.0000e+25
1.8046e+04 3.5156e+04 1.0000e+25
1.3204e+04 3.5761e+04 1.0000e+25
1.5625e+04 3.5761e+04 1.0000e+25
1.8046e+04 3.5761e+04 1.0000e+25
1.9454e+04 3.4551e+04 1.0000e+25
2.1875e+04 3.4551e+04 1.0000e+25
2.4296e+04 3.4551e+04 1.0000e+25
1.9454e+04 3.5156e+04 1.0000e+25
2.1875e+04 3.5156e+04 1.0000e+25
2.4296e+04 3.5156e+04 1.0000e+25
1.9454e+04 3.5761e+04 1.0000e+25
2.1875e+04 3.5761e+04 1.0000e+25
2.4296e+04 3.5761e+04 1.0000e+25
2.5704e+04 3.4551e+04 1.0000e+25
2.8125e+04 3.4551e+04 1.0000e+25
3.0546e+04 3.4551e+04 1.0000e+25
2.5704e+04 3.5156e+04 1.0000e+25
2.8125e+04 3.5156e+04 1.0000e+25
3.0546e+04 3.5156e+04 1.0000e+25
2.5704e+04 3.5761e+04 1.0000e+25
2.8125e+04 3.5761e+04 1.0000e+25
3.0546e+04 3.5761e+04 1.0000e+25
3.1954e+04 3.4551e+04 1.0000e+25
3.4375e+04 3.4551e+04 1.0000e+25
3.6796e+04 3.4551e+04 1.0000e+25
3.1954e+04 3.5156e+04 1.0000e+25
3.4375e+04 3.5156e+04 1.0000e+25
3.6796e+04 3.5156e+04 1.0000e+25
3.1954e+04 3.5761e+04 1.0000e+25
3.4375e+04 3.5761e+04 1.0000e+25
3.6796e+04 3.5761e+04 1.0000e+25
3.8204e+04 3.4551e+04 1.0000e+25
4.0625e+04 3.4551e+04 1.0000e+25
4.3046e+04 3.4551e+04 1.0000e+25
3.8204e+04 3.5156e+04 1.0000e+25
4.0625e+04 3.5156e+04 1.0000e+25
4.3046e+04 3.5156e+04 1.0000e+25
3.8204e+04 3.5761e+04 1.0000e+25
4.0625e+04 3.5761e+04 1.0000e+25
4.3046e+04 3.5761e+04 1.0000e+25
4.4454e+04 3.4551e+04 1.0000e+25
4.6875e+04 3.4551e+04 1.0000e+25
4.9296e+04 3.4551e+04 1.0000e+25
4.4454e+04 3.5156e+04 1.0000e+25
4.6875e+04 3.5156e+04 1.0000e+25
4.9296e+04 3.5156e+04 1.0000e+25
4.4454e+04 3.5761e+04 1.0000e+25
4.6875e+04 3.5761e+04 1.0000e+25
4.9296e+04 3.5761e+04 1.0000e+25
5.0704e+04 3.4551e+04 1.0000e+25
5.3125e+04 3.4551e+04 1.0000e+25
5.5546e+04 3.4551e+04 1.0000e+25
5.0704e+04 3.5156e+04 1.0000e+25
5.3125e+04 3.5156e+04 1.0000e+25
5.5546e+04 3.5156e+04 1.0000e+25
5.0704e+04 3.5761e+04 1.0000e+25
5.3125e+04 3.5761e+04 1.0000e+25
5.5546e+04 3.5761e+04 1.0000e+25
5.6954e+04 3.4551e+04 1.0000e+25
5.9375e+04 3.4551e+04 1.0000e+25
6.1796e+04 3.4551e+04 1.0000e+25
5.6954e+04 3.5156e+04 1.0000e+25
5.9375e+04 3.5156e+04 1.0000e+25
6.1796e+04 3.5156e+04 1.0000e+25
5.6954e+04 3.5761e+04 1.0000e+25
5.9375e+04 3.5761e+04 1.0000e+25
6.1796e+04 3.5761e+04 1.0000e+25
6.3204e+04 3.4551e+04 1.0000e+25
6.5625e+04 3.4551e+04 1.0000e+25
6.8046e+04 3.4551e+04 1.0000e+25
6.3204e+04 3.5156e+04 1.0000e+25
6.5625e+04 3.5156e+04 1.0000e+25
6.8046e+04 3.5156e+04 1.0000e+25
6.3204e+04 3.5761e+04 1.0000e+25
6.5625e+04 3.5761e+04 1.0000e+25
6.8046e+04 3.5761e+04 1.0000e+25
6.9454e+04 3.4551e+04 1.0000e+25
7.1875e+04 3.4551e+04 1.0000e+25
7.4296e+04 3.4551e+04 1.0000e+25
6.9454e+04 3.5156e+04 1.0000e+25
7.1875e+04 3.5156e+04 1.0000e+25
7.4296e+04 3.5156e+04 1.0000e+25
6.9454e+04 3.5761e+04 1.0000e+25
7.1875e+04 3.5761e+04 1.0000e+25
7.4296e+04 3.5761e+04 1.0000e+25
7.5704e+04 3.4551e+04 1.0000e+25
7.8125e+04 3.4551e+04 1.0000e+25
8.0546e+04 3.4551e+04 1.0000e+25
7.5704e+04 3.5156e+04 1.0000e+25
7.8125e+04 3.5156e+04 1.0000e+25
8.0546e+04 3.5156e+04 1.0000e+25
7.5704e+04 3.5761e+04 1.0000e+25
7.8125e+04 3.5761e+04 1.0000e+25
8.0546e+04 3.5761e+04 1.0000e+25
8.1954e+04 3.4551e+04 1.0000e+25
8.4375e+04 3.4551e+04 1.0000e+25
8.6796e+04 3.4551e+04 1.0000e+25
8.1954e+04 3.5156e+04 1.0000e+25
8.4375e+04 3.5156e+04 1.0000e+25
8.6796e+04 3.5156e+04 1.0000e+25
8.1954e+04 3.5761e+04 1.0000e+25
8.4375e+04 3.5761e+04 1.0000e+25
8.6796e+04 3.5761e+04 1.0000e+25
8.8204e+04 3.4551e+04 1.0000e+25
9.0625e+04 3.4551e+04 1.0000e+25
9.3046e+04 3.4551e+04 1.0000e+25
8.8204e+04 3.5156e+04 1.0000e+25
9.0625e+04 3.5156e+04 1.0000e+25
9.3046e+04 3.5156e+04 1.0000e+25
8.8204e+04 3.5761e+04 1.0000e+25
9.0625e+04 3.5761e+04 1.0000e+25
9.3046e+04 3.5761e+04 1.0000e+25
9.4454e+04 3.4551e+04 1.0000e+25
9.6875e+04 3.4551e+04 1.0000e+25
9.9296e+04 3.4551e+04 1.0000e+25
9.4454e+04 3.5156e+04 1.0000e+25
9.6875e+04 3.5156e+04 1.0000e+25
9.9296e+04 3.5156e+04 1.0000e+25
9.4454e+04 3.5761e+04 1.0000e+25
9.6875e+04 3.5761e+04 1.0000e+25
9.9296e+04 3.5761e+04 1.0000e+25
7.0439e+02 3.6114e+04 1.0000e+25
3.1250e+03 3.6114e+04 1.0000e+25
5.5456e+03 3.6114e+04 1.0000e+25
7.0439e+02 3.6719e+04 1.0000e+25
3.1250e+03 3.6719e+04 1.0000e+25
5.5456e+03 3.6719e+04 1.0000e+25
7.0439e+02 3.7324e+04 1.0000e+25
3.1250e+03 3.7324e+04 1.0000e+25
5.5456e+03 3.7324e+04 1.0000e+25
6.9544e+03 3.6114e+04 1.0000e+25
9.3750e+03 3.6114e+04 1.0000e+25
1.1796e+04 3.6114e+04 1.0000e+25
6.9544e+03 3.6719e+04 1.0000e+25
9.3750e+03 3.6719e+04 1.0000e+25
1.1796e+04 3.6719e+04 1.0000e+25
6.9544e+03 3.7324e+04 1.0000e+25
9.3750e+03 3.7324e+04 1.0000e+25
1.1796e+04 3.7324e+04 1.0000e+25
1.3204e+04 3.6114e+04 1.0000e+25
1.5625e+04 3.6114e+04 1.0000e+25
1.8046e+04 3.6114e+04 1.0000e+25
1.3204e+04 3.6719e+04 1.0000e+25
1.5625e+04 3.6719e+04 1.0000e+25
1.8046e+04 3.6719e+04 1.0000e+25
1.3204e+04 3.7324e+04 1.0000e+25
1.5625e+04 3.7324e+04 1.0000e+25
1.8046e+04 3.7324e+04 1.0000e+25
1.9454e+04 3.6114e+04 1.0000e+25
2.1875e+04 3.6114e+04 1.0000e+25
2.4296e+04 3.6114e+04 1.0000e+25
1.9454e+04 3.6719e+04 1.0000e+25
2.1875e+04 3.6719e+04 1.0000e+25
2.4296e+04 3.6719e+04 1.0000e+25
1.9454e+04 3.7324e+04 1.0000e+25
2.1875e+04 3.7324e+04 1.0000e+25
2.4296e+04 3.7324e+04 1.0000e+25
2.5704e+04 3.6114e+04 1.0000e+25
2.8125e+04 3.6114e+04 1.0000e+25
3.0546e+04 3.6114e+04 1.0000e+25
2.5704e+04 3.6719e+04 1.0000e+25
2.8125e+04 3.6719e+04 1.0000e+25
3.0546e+04 3.6719e+04 1.0000e+25
2.5704e+04 3.7324e+04 1.0000e+25
2.8125e+04 3.7324e+04 1.0000e+25
3.0546e+04 3.7324e+04 1.0000e+25
3.1954e+04 3.6114e+04 1.0000e+25
3.4375e+04 3.6114e+04 1.0000e+25
3.6796e+04 3.6114e+04 1.0000e+25
3.1954e+04 3.6719e+04 1.0000e+25
3.4375e+04 3.6719e+04 1.0000e+25
3.6796e+04 3.6719e+04 1.0000e+25
3.1954e+04 3.7324e+04 1.0000e+25
3.4375e+04 3.7324e+04 1.0000e+25
3.6796e+04 3.7324e+04 1.0000e+25
3.8204e+04 3.6114e+04 1.0000e+25
4.0625e+04 3.6114e+04 1.0000e+25
4.3046e+04 3.6114e+04 1.0000e+25
3.8204e+04 3.6719e+04 1.0000e+25
4.0625e+04 3.6719e+04 1.0000e+25
4.3046e+04 3.6719e+04 1.0000e+25
3.8204e+04 3.7324e+04 1.0000e+25
4.0625e+04 3.7324e+04 1.0000e+25
4.3046e+04 3.7324e+04 1.0000e+25
4.4454e+04 3.6114e+04 1.0000e+25
4.6875e+04 3.6114e+04 1.0000e+25
4.9296e+04 3.6114e+04 1.0000e+25
4.4454e+04 3.6719e+04 1.0000e+25
4.6875e+04 3.6719e+04 1.0000e+25
4.9296e+04 3.6719e+04 1.0000e+25
4.4454e+04 3.7324e+04 1.0000e+25
4.6875e+04 3.7324e+04 1.0000e+25
4.9296e+04 3.7324e+04 1.0000e+25
5.0704e+04 3.6114e+04 1.0000e+25
5.3125e+04 3.6114e+04 1.0000e+25
5.5546e+04 3.6114e+04 1.0000e+25
5.0704e+04 3.6719e+04 1.0000e+25
5.3125e+04 3.6719e+04 1.0000e+25
5.5546e+04 3.6719e+04 1.0000e+25
5.0704e+04 3.7324e+04 1.0000e+25
5.3125e+04 3.7324e+04 1.0000e+25
5.5546e+04 3.7324e+04 1.0000e+25
5.6954e+04 3.6114e+04 1.0000e+25
5.9375e+04 3.6114e+04 1.0000e+25
6.1796e+04 3.6114e+04 1.0000e+25
5.6954e+04 3.6719e+04 1.0000e+25
5.9375e+04 3.6719e+04 1.0000e+25
6.1796e+04 3.6719e+04 1.0000e+25
5.6954e+04 3.7324e+04 1.0000e+25
5.9375e+04 3.7324e+04 1.0000e+25
6.1796e+04 3.7324e+04 1.0000e+25
6.3204e+04 3.6114e+04 1.0000e+25
6.5625e+04 3.6114e+04 1.0000e+25
6.8046e+04 3.6114e+04 1.0000e+25
6.3204e+04 3.6719e+04 1.0000e+25
6.5625e+04 3.6719e+04 1.0000e+25
6.8046e+04 3.6719e+04 1.0000e+25
6.3204e+04 3.7324e+04 1.0000e+25
6.5625e+04 3.7324e+04 1.0000e+25
6.8046e+04 3.7324e+04 1.0000e+25
6.9454e+04 3.6114e+04 1.0000e+25
7.1875e+04 3.6114e+04 1.0000e+25
7.4296e+04 3.6114e+04 1.0000e+25
6.9454e+04 3.6719e+04 1.0000e+25
7.1875e+04 3.6719e+04 1.0000e+25
7.4296e+04 3.6719e+04 1.0000e+25
6.9454e+04 3.7324e+04 1.0000e+25
7.1875e+04 3.7324e+04 1.0000e+25
7.4296e+04 3.7324e+04 1.0000e+25
7.5704e+04 3.6114e+04 1.0000e+25
7.8125e+04 3.6114e+04 1.0000e+25
8.0546e+04 3.6114e+04 1.0000e+25
7.5704e+04 3.6719e+04 1.0000e+25
7.8125e+04 3.6719e+04 1.0000e+25
8.0546e+04 3.6719e+04 1.0000e+25
7.5704e+04 3.7324e+04 1.0000e+25
7.8125e+04 3.7324e+04 1.0000e+25
8.0546e+04 3.7324e+04 1.0000e+25
8.1954e+04 3.6114e+04 1.0000e+25
8.4375e+04 3.6114e+04 1.0000e+25
8.6796e+04 3.6114e+04 1.0000e+25
8.1954e+04 3.6719e+04 1.0000e+25
8.4375e+04 3.6719e+04 1.0000e+25
8.6796e+04 3.6719e+04 1.0000e+25
8.1954e+04 3.7324e+04 1.0000e+25
8.4375e+04 3.7324e+04 1.0000e+25
8.6796e+04 3.7324e+04 1.0000e+25
8.8204e+04 3.6114e+04 1.0000e+25
9.0625e+04 3.6114e+04 1.0000e+25
9.3046e+04 3.6114e+04 1.0000e+25
8.8204e+04 3.6719e+04 1.0000e+25
9.0625e+04 3.6719e+04 1.0000e+25
9.3046e+04 3.6719e+04 1.0000e+25
8.8204e+04 3.7324e+04 1.0000e+25
9.0625e+04 3.7324e+04 1.0000e+25
9.3046e+04 3.7324e+04 1.0000e+25
9.4454e+04 3.6114e+04 1.0000e+25
9.6875e+04 3.6114e+04 1.0000e+25
9.9296e+04 3.6114e+04 1.0000e+25
9.4454e+04 3.6719e+04 1.0000e+25
9.6875e+04 3.6719e+04 1.0000e+25
9.9296e+04 3.6719e+04 1.0000e+25
9.4454e+04 3.7324e+04 1.0000e+25
9.6875e+04 3.7324e+04 1.0000e+25
9.9296e+04 3.7324e+04 1.0000e+25
7.0439e+02 3.7676e+04 1.0000e+25
3.1250e+03 3.7676e+04 1.0000e+25
5.5456e+03 3.7676e+04 1.0000e+25
7.0439e+02 3.8281e+04 1.0000e+25
3.1250e+03 3.8281e+04 1.0000e+25
5.5456e+03 3.8281e+04 1.0000e+25
7.0439e+02 3.8886e+04 1.0000e+25
3.1250e+03 3.8886e+04 1.0000e+25
5.5456e+03 3.8886e+04 1.0000e+25
6.9544e+03 3.7676e+04 1.0000e+25
9.3750e+03 3.7676e+04 1.0000e+25
1.1796e+04 3.7676e+04 1.0000e+25
6.9544e+03 3.8281e+04 1.0000e+25
9.3750e+03 3.8281e+04 1.0000e+25
1.1796e+04 3.8281e+04 1.0000e+25
6.9544e+03 3.8886e+04 1.0000e+25
9.3750e+03 3.8886e+04 1.0000e+25
1.1796e+04 3.8886e+04 1.0000e+25
1.3204e+04 3.7676e+04 1.0000e+25
1.5625e+04 3.7676e+04 1.0000e+25
1.8046e+04 3.7676e+04 1.0000e+25
1.3204e+04 3.8281e+04 1.0000e+25
1.5625e+04 3.8281e+04 1.0000e+25
1.8046e+04 3.8281e+04 1.0000e+25
1.3204e+04 3.8886e+04 1.0000e+25
1.5625e+04 3.8886e+04 1.0000e+25
1.8046e+04 3.8886e+04 1.0000e+25
1.9454e+04 3.7676e+04 1.0000e+25
2.1875e+04 3.7676e+04 1.0000e+25
2.4296e+04 3.7676e+04 1.0000e+25
1.9454e+04 3.8281e+04 1.0000e+25
2.1875e+04 3.8281e+04 1.0000e+25
2.4296e+04 3.8281e+04 1.0000e+25
1.9454e+04 3.8886e+04 1.0000e+25
2.1875e+04 3.8886e+04 1.0000e+25
2.4296e+04 3.8886e+04 1.0000e+25
2.5704e+04 3.7676e+04 1.0000e+25
2.8125e+04 3.7676e+04 1.0000e+25
3.0546e+04 3.7676e+04 1.0000e+25
2.5704e+04 3.8281e+04 1.0000e+25
2.8125e+04 3.8281e+04 1.0000e+25
3.0546e+04 3.8281e+04 1.0000e+25
2.5704e+04 3.8886e+04 1.0000e+25
2.8125e+04 3.8886e+04 1.0000e+25
3.0546e+04 3.8886e+04 1.0000e+25
3.1954e+04 3.7676e+04 1.0000e+25
3.4375e+04 3.7676e+04 1.0000e+25
3.6796e+04 3.7676e+04 1.0000e+25
3.1954e+04 3.8281e+04 1.0000e+25
3.4375e+04 3.8281e+04 1.0000e+25
3.6796e+04 3.8281e+04 1.0000e+25
3.1954e+04 3.8886e+04 1.0000e+25
3.4375e+04 3.8886e+04 1.0000e+25
3.6796e+04 3.8886e+04 1.0000e+25
3.8204e+04 3.7676e+04 1.0000e+25
4.0625e+04 3.7676e+04 1.0000e+25
4.3046e+04 3.7676e+04 1.0000e+25
3.8204e+04 3.8281e+04 1.0000e+25
4.0625e+04 3.8281e+04 1.0000e+25
4.3046e+04 3.8281e+04 1.0000e+25
3.8204e+04 3.8886e+04 1.0000e+25
4.0625e+04 3.8886e+04 1.0000e+25
4.3046e+04 3.8886e+04 1.0000e+25
4.4454e+04 3.7676e+04 1.0000e+25
4.6875e+04 3.7676e+04 1.0000e+25
4.9296e+04 3.7676e+04 1.0000e+25
4.4454e+04 3.8281e+04 1.0000e+25
4.6875e+04 3.8281e+04 1.0000e+25
4.9296e+04 3.8281e+04 1.0000e+25
4.4454e+04 3.8886e+04 1.0000e+25
4.6875e+04 3.8886e+04 1.0000e+25
4.9296e+04 3.8886e+04 1.0000e+25
5.0704e+04 3.7676e+04 1.0000e+25
5.3125e+04 3.7676e+04 1.0000e+25
5.5546e+04 3.7676e+04 1.0000e+25
5.0704e+04 3.8281e+04 1.0000e+25
5.3125e+04 3.8281e+04 1.0000e+25
5.5546e+04 3.8281e+04 1.0000e+25
5.0704e+04 3.8886e+04 1.0000e+25
5.3125e+04 3.8886e+04 1.0000e+25
5.5546e+04 3.8886e+04 1.0000e+25
5.6954e+04 3.7676e+04 1.0000e+25
5.9375e+04 3.7676e+04 1.0000e+25
6.1796e+04 3.7676e+04 1.0000e+25
5.6954e+04 3.8281e+04 1.0000e+25
5.9375e+04 3.8281e+04 1.0000e+25
6.1796e+04 3.8281e+04 1.0000e+25
5.6954e+04 3.8886e+04 1.0000e+25
5.9375e+04 3.8886e+04 1.0000e+25
6.1796e+04 3.8886e+04 1.0000e+25
6.3204e+04 3.7676e+04 1.0000e+25
6.5625e+04 3.7676e+04 1.0000e+25
6.8046e+04 3.7676e+04 1.0000e+25
6.3204e+04 3.8281e+04 1.0000e+25
6.5625e+04 3.8281e+04 1.0000e+25
6.8046e+04 3.8281e+04 1.0000e+25
6.3204e+04 3.8886e+04 1.0000e+25
6.5625e+04 3.8886e+04 1.0000e+25
6.8046e+04 3.8886e+04 1.0000e+25
6.9454e+04 3.7676e+04 1.0000e+25
7.1875e+04 3.7676e+04 1.0000e+25
7.4296e+04 3.7676e+04 1.0000e+25
6.9454e+04 3.8281e+04 1.0000e+25
7.1875e+04 3.8281e+04 1.0000e+25
7.4296e+04 3.8281e+04 1.0000e+25
6.9454e+04 3.8886e+04 1.0000e+25
7.1875e+04 3.8886e+04 1.0000e+25
7.4296e+04 3.8886e+04 1.0000e+25
7.5704e+04 3.7676e+04 1.0000e+25
7.8125e+04 3.7676e+04 1.0000e+25
8.0546e+04 3.7676e+04 1.0000e+25
7.5704e+04 3.8281e+04 1.0000e+25
7.8125e+04 3.8281e+04 1.0000e+25
8.0546e+04 3.8281e+04 1.0000e+25
7.5704e+04 3.8886e+04 1.0000e+25
7.8125e+04 3.8886e+04 1.0000e+25
8.0546e+04 3.8886e+04 1.0000e+25
8.1954e+04 3.7676e+04 1.0000e+25
8.4375e+04 3.7676e+04 1.0000e+25
8.6796e+04 3.7676e+04 1.0000e+25
8.1954e+04 3.8281e+04 1.0000e+25
8.4375e+04 3.8281e+04 1.0000e+25
8.6796e+04 3.8281e+04 1.0000e+25
8.1954e+04 3.8886e+04 1.0000e+25
8.4375e+04 3.8886e+04 1.0000e+25
8.6796e+04 3.8886e+04 1.0000e+25
8.8204e+04 3.7676e+04 1.0000e+25
9.0625e+04 3.7676e+04 1.0000e+25
9.3046e+04 3.7676e+04 1.0000e+25
8.8204e+04 3.8281e+04 1.0000e+25
9.0625e+04 3.8281e+04 1.0000e+25
9.3046e+04 3.8281e+04 1.0000e+25
8.8204e+04 3.8886e+04 1.0000e+25
9.0625e+04 3.8886e+04 1.0000e+25
9.3046e+04 3.8886e+04 1.0000e+25
9.4454e+04 3.7676e+04 1.0000e+25
9.6875e+04 3.7676e+04 1.0000e+25
9.9296e+04 3.7676e+04 1.0000e+25
9.4454e+04 3.8281e+04 1.0000e+25
9.6875e+04 3.8281e+04 1.0000e+25
9.9296e+04 3.8281e+04 1.0000e+25
9.4454e+04 3.8886e+04 1.0000e+25
9.6875e+04 3.8886e+04 1.0000e+25
9.9296e+04 3.8886e+04 1.0000e+25
7.0439e+02 3.9239e+04 1.0000e+25
3.1250e+03 3.9239e+04 1.0000e+25
5.5456e+03 3.9239e+04 1.0000e+25
7.0439e+02 3.9844e+04 1.0000e+25
3.1250e+03 3.9844e+04 1.0000e+25
5.5456e+03 3.9844e+04 1.0000e+25
7.0439e+02 4.0449e+04 1.0000e+25
3.1250e+03 4.0449e+04 1.0000e+25
5.5456e+03 4.0449e+04 1.0000e+25
6.9544e+03 3.9239e+04 1.0000e+25
9.3750e+03 3.9239e+04 1.0000e+25
1.1796e+04 3.9239e+04 1.0000e+25
6.9544e+03 3.9844e+04 1.0000e+25
9.3750e+03 3.9844e+04 1.0000e+25
1.1796e+04 3.9844e+04 1.0000e+25
6.9544e+03 4.0449e+04 1.0000e+25
9.3750e+03 4.0449e+04 1.0000e+25
1.1796e+04 4.0449e+04 1.0000e+25
1.3204e+04 3.9239e+04 1.0000e+25
1.5625e+04 3.9239e+04 1.0000e+25
1.8046e+04 3.9239e+04 1.0000e+25
1.3204e+04 3.9844e+04 1.0000e+25
1.5625e+04 3.9844e+04 1.0000e+25
1.8046e+04 3.9844e+04 1.0000e+25
1.3204e+04 4.0449e+04 1.0000e+25
1.5625e+04 4.0449e+04 1.0000e+25
1.8046e+04 4.0449e+04 1.0000e+25
1.9454e+04 3.9239e+04 1.0000e+25
2.1875e+04 3.9239e+04 1.0000e+25
2.4296e+04 3.9239e+04 1.0000e+25
1.9454e+04 3.9844e+04 1.0000e+25
2.1875e+04 3.9844e+04 1.0000e+25
2.4296e+04 3.9844e+04 1.0000e+25
1.9454e+04 4.0449e+04 1.0000e+25
2.1875e+04 4.0449e+04 1.0000e+25
2.4296e+04 4.0449e+04 1.0000e+25
2.5704e+04 3.9239e+04 1.0000e+25
2.8125e+04 3.9239e+04 1.0000e+25
3.0546e+04 3.9239e+04 1.0000e+25
2.5704e+04 3.9844e+04 1.0000e+25
2.8125e+04 3.9844e+04 1.0000e+25
3.0546e+04 3.9844e+04 1.0000e+25
2.5704e+04 4.0449e+04 1.0000e+25
2.8125e+04 4.0449e+04 1.0000e+25
3.0546e+04 4.0449e+04 1.0000e+25
3.1954e+04 3.9239e+04 1.0000e+25
3.4375e+04 3.9239e+04 1.0000e+25
3.6796e+04 3.9239e+04 1.0000e+25
3.1954e+04 3.9844e+04 1.0000e+25
3.4375e+04 3.9844e+04 1.0000e+25
3.6796e+04 3.9844e+04 1.0000e+25
3.1954e+04 4.0449e+04 1.0000e+25
3.4375e+04 4.0449e+04 1.0000e+25
3.6796e+04 4.0449e+04 1.0000e+25
3.8204e+04 3.9239e+04 1.0000e+25
4.0625e+04 3.9239e+04 1.0000e+25
4.3046e+04 3.9239e+04 1.0000e+25
3.8204e+04 3.9844e+04 1.0000e+25
4.0625e+04 3.9844e+04 1.0000e+25
4.3046e+04 3.9844e+04 1.0000e+25
3.8204e+04 4.0449e+04 1.0000e+25
4.0625e+04 4.0449e+04 1.0000e+25
4.3046e+04 4.0449e+04 1.0000e+25
4.4454e+04 3.9239e+04 1.0000e+25
4.6875e+04 3.9239e+04 1.0000e+25
4.9296e+04 3.9239e+04 1.0000e+25
4.4454e+04 3.9844e+04 1.0000e+25
4.6875e+04 3.9844e+04 1.0000e+25
4.9296e+04 3.9844e+04 1.0000e+25
4.4454e+04 4.0449e+04 1.0000e+25
4.6875e+04 4.0449e+04 1.0000e+25
4.9296e+04 4.0449e+04 1.0000e+25
5.0704e+04 3.9239e+04 1.0000e+25
5.3125e+04 3.9239e+04 1.0000e+25
5.5546e+04 3.9239e+04 1.0000e+25
5.0704e+04 3.9844e+04 1.0000e+25
5.3125e+04 3.9844e+04 1.0000e+25
5.5546e+04 3.9844e+04 1.0000e+25
5.0704e+04 4.0449e+04 1.0000e+25
5.3125e+04 4.0449e+04 1.0000e+25
5.5546e+04 4.0449e+04 1.0000e+25
5.6954e+04 3.9239e+04 1.0000e+25
5.9375e+04 3.9239e+04 1.0000e+25
6.1796e+04 3.9239e+04 1.0000e+25
5.6954e+04 3.9844e+04 1.0000e+25
5.9375e+04 3.9844e+04 1.0000e+25
6.1796e+04 3.9844e+04 1.0000e+25
5.6954e+04 4.0449e+04 1.0000e+25
5.9375e+04 4.0449e+04 1.0000e+25
6.1796e+04 4.0449e+04 1.0000e+25
6.3204e+04 3.9239e+04 1.0000e+25
6.5625e+04 3.9239e+04 1.0000e+25
6.8046e+04 3.9239e+04 1.0000e+25
6.3204e+04 3.9844e+04 1.0000e+25
6.5625e+04 3.9844e+04 1.0000e+25
6.8046e+04 3.9844e+04 1.0000e+25
6.3204e+04 4.0449e+04 1.0000e+25
6.5625e+04 4.0449e+04 1.0000e+25
6.8046e+04 4.0449e+04 1.0000e+25
6.9454e+04 3.9239e+04 1.0000e+25
7.1875e+04 3.9239e+04 1.0000e+25
7.4296e+04 3.9239e+04 1.0000e+25
6.9454e+04 3.9844e+04 1.0000e+25
7.1875e+04 3.9844e+04 1.0000e+25
7.4296e+04 3.9844e+04 1.0000e+25
6.9454e+04 4.0449e+04 1.0000e+25
7.1875e+04 4.0449e+04 1.0000e+25
7.4296e+04 4.0449e+04 1.0000e+25
7.5704e+04 3.9239e+04 1.0000e+25
7.8125e+04 3.9239e+04 1.0000e+25
8.0546e+04 3.9239e+04 1.0000e+25
7.5704e+04 3.9844e+04 1.0000e+25
7.8125e+04 3.9844e+04 1.0000e+25
8.0546e+04 3.9844e+04 1.0000e+25
7.5704e+04 4.0449e+04 1.0000e+25
7.8125e+04 4.0449e+04 1.0000e+25
8.0546e+04 4.0449e+04 1.0000e+25
8.1954e+04 3.9239e+04 1.0000e+25
8.4375e+04 3.9239e+04 1.0000e+25
8.6796e+04 3.9239e+04 1.0000e+25
8.1954e+04 3.9844e+04 1.0000e+25
8.4375e+04 3.9844e+04 1.0000e+25
8.6796e+04 3.9844e+04 1.0000e+25
8.1954e+04 4.0449e+04 1.0000e+25
8.4375e+04 4.0449e+04 1.0000e+25
8.6796e+04 4.0449e+04 1.0000e+25
8.8204e+04 3.9239e+04 1.0000e+25
9.0625e+04 3.9239e+04 1.0000e+25
9.3046e+04 3.9239e+04 1.0000e+25
8.8204e+04 3.9844e+04 1.0000e+25
9.0625e+04 3.9844e+04 1.0000e+25
9.3046e+04 3.9844e+04 1.0000e+25
8.8204e+04 4.0449e+04 1.0000e+25
9.0625e+04 4.0449e+04 1.0000e+25
9.3046e+04 4.0449e+04 1.0000e+25
9.4454e+04 3.9239e+04 1.0000e+25
9.6875e+04 3.9239e+04 1.0000e+25
9.9296e+04 3.9239e+04 1.0000e+25
9.4454e+04 3.9844e+04 1.0000e+25
9.6875e+04 3.9844e+04 1.0000e+25
9.9296e+04 3.9844e+04 1.0000e+25
9.4454e+04 4.0449e+04 1.0000e+25
9.6875e+04 4.0449e+04 1.0000e+25
9.9296e+04 4.0449e+04 1.0000e+25
7.0439e+02 4.0801e+04 1.0000e+25
3.1250e+03 4.0801e+04 1.0000e+25
5.5456e+03 4.0801e+04 1.0000e+25
7.0439e+02 4.1406e+04 1.0000e+25
3.1250e+03 4.1406e+04 1.0000e+25
5.5456e+03 4.1406e+04 1.0000e+25
7.0439e+02 4.2011e+04 1.0000e+25
3.1250e+03 4.2011e+04 1.0000e+25
5.5456e+03 4.2011e+04 1.0000e+25
6.9544e+03 4.0801e+04 1.0000e+25
9.3750e+03 4.0801e+04 1.0000e+25
1.1796e+04 4.0801e+04 1.0000e+25
6.9544e+03 4.1406e+04 1.0000e+25
9.3750e+03 4.1406e+04 1.0000e+25
1.1796e+04 4.1406e+04 1.0000e+25
6.9544e+03 4.2011e+04 1.0000e+25
9.3750e+03 4.2011e+04 1.0000e+25
1.1796e+04 4.2011e+04 1.0000e+25
1.3204e+04 4.0801e+04 1.0000e+25
1.5625e+04 4.0801e+04 1.0000e+25
1.8046e+04 4.0801e+04 1.0000e+25
1.3204e+04 4.1406e+04 1.0000e+25
1.5625e+04 4.1406e+04 1.0000e+25
1.8046e+04 4.1406e+04 1.0000e+25
1.3204e+04 4.2011e+04 1.0000e+25
1.5625e+04 4.2011e+04 1.0000e+25
1.8046e+04 4.2011e+04 1.0000e+25
1.9454e+04 4.0801e+04 1.0000e+25
2.1875e+04 4.0801e+04 1.0000e+25
2.4296e+04 4.0801e+04 1.0000e+25
1.9454e+04 4.1406e+04 1.0000e+25
2.1875e+04 4.1406e+04 1.0000e+25
2.4296e+04 4.1406e+04 1.0000e+25
1.9454e+04 4.2011e+04 1.0000e+25
2.1875e+04 4.2011e+04 1.0000e+25
2.4296e+04 4.2011e+04 1.0000e+25
2.5704e+04 4.0801e+04 1.0000e+25
2.8125e+04 4.0801e+04 1.0000e+25
3.0546e+04 4.0801e+04 1.0000e+25
2.5704e+04 4.1406e+04 1.0000e+25
2.8125e+04 4.1406e+04 1.0000e+25
3.0546e+04 4.1406e+04 1.0000e+25
2.5704e+04 4.2011e+04 1.0000e+25
2.8125e+04 4.2011e+04 1.0000e+25
3.0546e+04 4.2011e+04 1.0000e+25
3.1954e+04 4.0801e+04 1.0000e+25
3.4375e+04 4.0801e+04 1.0000e+25
3.6796e+04 4.0801e+04 1.0000e+25
3.1954e+04 4.1406e+04 1.0000e+25
3.4375e+04 4.1406e+04 1.0000e+25
3.6796e+04 4.1406e+04 1.0000e+25
3.1954e+04 4.2011e+04 1.0000e+25
3.4375e+04 4.2011e+04 1.0000e+25
3.6796e+04 4.2011e+04 1.0000e+25
3.8204e+04 4.0801e+04 1.0000e+25
4.0625e+04 4.0801e+04 1.0000e+25
4.3046e+04 4.0801e+04 1.0000e+25
3.8204e+04 4.1406e+04 1.0000e+25
4.0625e+04 4.1406e+04 1.0000e+25
4.3046e+04 4.1406e+04 1.0000e+25
3.8204e+04 4.2011e+04 1.0000e+25
4.0625e+04 4.2011e+04 1.0000e+25
4.3046e+04 4.2011e+04 1.0000e+25
4.4454e+04 4.0801e+04 1.0000e+25
4.6875e+04 4.0801e+04 1.0000e+25
4.9296e+04 4.0801e+04 1.0000e+25
4.4454e+04 4.1406e+04 1.0000e+25
4.6875e+04 4.1406e+04 1.0000e+25
4.9296e+04 4.1406e+04 1.0000e+25
4.4454e+04 4.2011e+04 1.0000e+25
4.6875e+04 4.2011e+04 1.0000e+25
4.9296e+04 4.2011e+04 1.0000e+25
5.0704e+04 4.0801e+04 1.0000e+25
5.3125e+04 4.0801e+04 1.0000e+25
5.5546e+04 4.0801e+04 1.0000e+25
5.0704e+04 4.1406e+04 1.0000e+25
5.3125e+04 4.1406e+04 1.0000e+25
5.5546e+04 4.1406e+04 1.0000e+25
5.0704e+04 4.2011e+04 1.0000e+25
5.3125e+04 4.2011e+04 1.0000e+25
5.5546e+04 4.2011e+04 1.0000e+25
5.6954e+04 4.0801e+04 1.0000e+25
5.9375e+04 4.0801e+04 1.0000e+25
6.1796e+04 4.0801e+04 1.0000e+25
5.6954e+04 4.1406e+04 1.0000e+25
5.9375e+04 4.1406e+04 1.0000e+25
6.1796e+04 4.1406e+04 1.0000e+25
5.6954e+04 4.2011e+04 1.0000e+25
5.9375e+04 4.2011e+04 1.0000e+25
6.1796e+04 4.2011e+04 1.0000e+25
6.3204e+04 4.0801e+04 1.0000e+25
6.5625e+04 4.0801e+04 1.0000e+25
6.8046e+04 4.0801e+04 1.0000e+25
6.3204e+04 4.1406e+04 1.0000e+25
6.5625e+04 4.1406e+04 1.0000e+25
6.8046e+04 4.1406e+04 1.0000e+25
6.3204e+04 4.2011e+04 1.0000e+25
6.5625e+04 4.2011e+04 1.0000e+25
6.8046e+04 4.2011e+04 1.0000e+25
6.9454e+04 4.0801e+04 1.0000e+25
7.1875e+04 4.0801e+04 1.0000e+25
7.4296e+04 4.0801e+04 1.0000e+25
6.9454e+04 4.1406e+04 1.0000e+25
7.1875e+04 4.1406e+04 1.0000e+25
7.4296e+04 4.1406e+04 1.0000e+25
6.9454e+04 4.2011e+04 1.0000e+25
7.1875e+04 4.2011e+04 1.0000e+25
7.4296e+04 4.2011e+04 1.0000e+25
7.5704e+04 4.0801e+04 1.0000e+25
7.8125e+04 4.0801e+04 1.0000e+25
8.0546e+04 4.0801e+04 1.0000e+25
7.5704e+04 4.1406e+04 1.0000e+25
7.8125e+04 4.1406e+04 1.0000e+25
8.0546e+04 4.1406e+04 1.0000e+25
7.5704e+04 4.2011e+04 1.0000e+25
7.8125e+04 4.2011e+04 1.0000e+25
8.0546e+04 4.2011e+04 1.0000e+25
8.1954e+04 4.0801e+04 1.0000e+25
8.4375e+04 4.0801e+04 1.0000e+25
8.6796e+04 4.0801e+04 1.0000e+25
8.1954e+04 4.1406e+04 1.0000e+25
8.4375e+04 4.1406e+04 1.0000e+25
8.6796e+04 4.1406e+04 1.0000e+25
8.1954e+04 4.2011e+04 1.0000e+25
8.4375e+04 4.2011e+04 1.0000e+25
8.6796e+04 4.2011e+04 1.0000e+25
8.8204e+04 4.0801e+04 1.0000e+25
9.0625e+04 4.0801e+04 1.0000e+25
9.3046e+04 4.0801e+04 1.0000e+25
8.8204e+04 4.1406e+04 1.0000e+25
9.0625e+04 4.1406e+04 1.0000e+25
9.3046e+04 4.1406e+04 1.0000e+25
8.8204e+04 4.2011e+04 1.0000e+25
9.0625e+04 4.2011e+04 1.0000e+25
9.3046e+04 4.2011e+04 1.0000e+25
9.4454e+04 4.0801e+04 1.0000e+25
9.6875e+04 4.0801e+04 1.0000e+25
9.9296e+04 4.0801e+04 1.0000e+25
9.4454e+04 4.1406e+04 1.0000e+25
9.6875e+04 4.1406e+04 1.0000e+25
9.9296e+04 4.1406e+04 1.0000e+25
9.4454e+04 4.2011e+04 1.0000e+25
9.6875e+04 4.2011e+04 1.0000e+25
9.9296e+04 4.2011e+04 1.0000e+25
7.0439e+02 4.2364e+04 1.0000e+25
3.1250e+03 4.2364e+04 1.0000e+25
5.5456e+03 4.2364e+04 1.0000e+25
7.0439e+02 4.2969e+04 1.0000e+25
3.1250e+03 4.2969e+04 1.0000e+25
5.5456e+03 4.2969e+04 1.0000e+25
7.0439e+02 4.3574e+04 1.0000e+25
3.1250e+03 4.3574e+04 1.0000e+25
5.5456e+03 4.3574e+04 1.0000e+25
6.9544e+03 4.2364e+04 1.0000e+25
9.3750e+03 4.2364e+04 1.0000e+25
1.1796e+04 4.2364e+04 1.0000e+25
6.9544e+03 4.2969e+04 1.0000e+25
9.3750e+03 4.2969e+04 1.0000e+25
1.1796e+04 4.2969e+04 1.0000e+25
6.9544e+03 4.3574e+04 1.0000e+25
9.3750e+03 4.3574e+04 1.0000e+25
1.1796e+04 4.3574e+04 1.0000e+25
1.3204e+04 4.2364e+04 1.0000e+25
1.5625e+04 4.2364e+04 1.0000e+25
1.8046e+04 4.2364e+04 1.0000e+25
1.3204e+04 4.2969e+04 1.0000e+25
1.5625e+04 4.2969e+04 1.0000e+25
1.8046e+04 4.2969e+04 1.0000e+25
1.3204e+04 4.3574e+04 1.0000e+25
1.5625e+04 4.3574e+04 1.0000e+25
1.8046e+04 4.3574e+04 1.0000e+25
1.9454e+04 4.2364e+04 1.0000e+25
2.1875e+04 4.2364e+04 1.0000e+25
2.4296e+04 4.2364e+04 1.0000e+25
1.9454e+04 4.2969e+04 1.0000e+25
2.1875e+04 4.2969e+04 1.0000e+25
2.4296e+04 4.2969e+04 1.0000e+25
1.9454e+04 4.3574e+04 1.0000e+25
2.1875e+04 4.3574e+04 1.0000e+25
2.4296e+04 4.3574e+04 1.0000e+25
2.5704e+04 4.2364e+04 1.0000e+25
2.8125e+04 4.2364e+04 1.0000e+25
3.0546e+04 4.2364e+04 1.0000e+25
2.5704e+04 4.2969e+04 1.0000e+25
2.8125e+04 4.2969e+04 1.0000e+25
3.0546e+04 4.2969e+04 1.0000e+25
2.5704e+04 4.3574e+04 1.0000e+25
2.8125e+04 4.3574e+04 1.0000e+25
3.0546e+04 4.3574e+04 1.0000e+25
3.1954e+04 4.2364e+04 1.0000e+25
3.4375e+04 4.2364e+04 1.0000e+25
3.6796e+04 4.2364e+04 1.0000e+25
3.1954e+04 4.2969e+04 1.0000e+25
3.4375e+04 4.2969e+04 1.0000e+25
3.6796e+04 4.2969e+04 1.0000e+25
3.1954e+04 4.3574e+04 1.0000e+25
3.4375e+04 4.3574e+04 1.0000e+25
3.6796e+04 4.3574e+04 1.0000e+25
3.8204e+04 4.2364e+04 1.0000e+25
4.0625e+04 4.2364e+04 1.0000e+25
4.3046e+04 4.2364e+04 1.0000e+25
3.8204e+04 4.2969e+04 1.0000e+25
4.0625e+04 4.2969e+04 1.0000e+25
4.3046e+04 4.2969e+04 1.0000e+25
3.8204e+04 4.3574e+04 1.0000e+25
4.0625e+04 4.3574e+04 1.0000e+25
4.3046e+04 4.3574e+04 1.0000e+25
4.4454e+04 4.2364e+04 1.0000e+25
4.6875e+04 4.2364e+04 1.0000e+25
4.9296e+04 4.2364e+04 1.0000e+25
4.4454e+04 4.2969e+04 1.0000e+25
4.6875e+04 4.2969e+04 1.0000e+25
4.9296e+04 4.2969e+04 1.0000e+25
4.4454e+04 4.3574e+04 1.0000e+25
4.6875e+04 4.3574e+04 1.0000e+25
4.9296e+04 4.3574e+04 1.0000e+25
5.0704e+04 4.2364e+04 1.0000e+25
5.3125e+04 4.2364e+04 1.0000e+25
5.5546e+04 4.2364e+04 1.0000e+25
5.0704e+04 4.2969e+04 1.0000e+25
5.3125e+04 4.2969e+04 1.0000e+25
5.5546e+04 4.2969e+04 1.0000e+25
5.0704e+04 4.3574e+04 1.0000e+25
5.3125e+04 4.3574e+04 1.0000e+25
5.5546e+04 4.3574e+04 1.0000e+25
5.6954e+04 4.2364e+04 1.0000e+25
5.9375e+04 4.2364e+04 1.0000e+25
6.1796e+04 4.2364e+04 1.0000e+25
5.6954e+04 4.2969e+04 1.0000e+25
5.9375e+04 4.2969e+04 1.0000e+25
6.1796e+04 4.2969e+04 1.0000e+25
5.6954e+04 4.3574e+04 1.0000e+25
5.9375e+04 4.3574e+04 1.0000e+25
6.1796e+04 4.3574e+04 1.0000e+25
6.3204e+04 4.2364e+04 1.0000e+25
6.5625e+04 4.2364e+04 1.0000e+25
6.8046e+04 4.2364e+04 1.0000e+25
6.3204e+04 4.2969e+04 1.0000e+25
6.5625e+04 4.2969e+04 1.0000e+25
6.8046e+04 4.2969e+04 1.0000e+25
6.3204e+04 4.3574e+04 1.0000e+25
6.5625e+04 4.3574e+04 1.0000e+25
6.8046e+04 4.3574e+04 1.0000e+25
6.9454e+04 4.2364e+04 1.0000e+25
7.1875e+04 4.2364e+04 1.0000e+25
7.4296e+04 4.2364e+04 1.0000e+25
6.9454e+04 4.2969e+04 1.0000e+25
7.1875e+04 4.2969e+04 1.0000e+25
7.4296e+04 4.2969e+04 1.0000e+25
6.9454e+04 4.3574e+04 1.0000e+25
7.1875e+04 4.3574e+04 1.0000e+25
7.4296e+04 4.3574e+04 1.0000e+25
7.5704e+04 4.2364e+04 1.0000e+25
7.8125e+04 4.2364e+04 1.0000e+25
8.0546e+04 4.2364e+04 1.0000e+25
7.5704e+04 4.2969e+04 1.0000e+25
7.8125e+04 4.2969e+04 1.0000e+25
8.0546e+04 4.2969e+04 1.0000e+25
7.5704e+04 4.3574e+04 1.0000e+25
7.8125e+04 4.3574e+04 1.0000e+25
8.0546e+04 4.3574e+04 1.0000e+25
8.1954e+04 4.2364e+04 1.0000e+25
8.4375e+04 4.2364e+04 1.0000e+25
8.6796e+04 4.2364e+04 1.0000e+25
8.1954e+04 4.2969e+04 1.0000e+25
8.4375e+04 4.2969e+04 1.0000e+25
8.6796e+04 4.2969e+04 1.0000e+25
8.1954e+04 4.3574e+04 1.0000e+25
8.4375e+04 4.3574e+04 1.0000e+25
8.6796e+04 4.3574e+04 1.0000e+25
8.8204e+04 4.2364e+04 1.0000e+25
9.0625e+04 4.2364e+04 1.0000e+25
9.3046e+04 4.2364e+04 1.0000e+25
8.8204e+04 4.2969e+04 1.0000e+25
9.0625e+04 4.2969e+04 1.0000e+25
9.3046e+04 4.2969e+04 1.0000e+25
8.8204e+04 4.3574e+04 1.0000e+25
9.0625e+04 4.3574e+04 1.0000e+25
9.3046e+04 4.3574e+04 1.0000e+25
9.4454e+04 4.2364e+04 1.0000e+25
9.6875e+04 4.2364e+04 1.0000e+25
9.9296e+04 4.2364e+04 1.0000e+25
9.4454e+04 4.2969e+04 1.0000e+25
9.6875e+04 4.2969e+04 1.0000e+25
9.9296e+04 4.2969e+04 1.0000e+25
9.4454e+04 4.3574e+04 1.0000e+25
9.6875e+04 4.3574e+04 1.0000e+25
9.9296e+04 4.3574e+04 1.0000e+25
7.0439e+02 4.3926e+04 1.0000e+25
3.1250e+03 4.3926e+04 1.0000e+25
5.5456e+03 4.3926e+04 1.0000e+25
7.0439e+02 4.4531e+04 1.0000e+25
3.1250e+03 4.4531e+04 1.0000e+25
5.5456e+03 4.4531e+04 1.0000e+25
7.0439e+02 4.5136e+04 1.0000e+25
3.1250e+03 4.5136e+04 1.0000e+25
5.5456e+03 4.5136e+04 1.0000e+25
6.9544e+03 4.3926e+04 1.0000e+25
9.3750e+03 4.3926e+04 1.0000e+25
1.1796e+04 4.3926e+04 1.0000e+25
6.9544e+03 4.4531e+04 1.0000e+25
9.3750e+03 4.4531e+04 1.0000e+25
1.1796e+04 4.4531e+04 1.0000e+25
6.9544e+03 4.5136e+04 1.0000e+25
9.3750e+03 4.5136e+04 1.0000e+25
1.1796e+04 4.5136e+04 1.0000e+25
1.3204e+04 4.3926e+04 1.0000e+25
1.5625e+04 4.3926e+04 1.0000e+25
1.8046e+04 4.3926e+04 1.0000e+25
1.3204e+04 4.4531e+04 1.0000e+25
1.5625e+04 4.4531e+04 1.0000e+25
1.8046e+04 4.4531e+04 1.0000e+25
1.3204e+04 4.5136e+04 1.0000e+25
1.5625e+04 4.5136e+04 1.0000e+25
1.8046e+04 4.5136e+04 1.0000e+25
1.9454e+04 4.3926e+04 1.0000e+25
2.1875e+04 4.3926e+04 1.0000e+25
2.4296e+04 4.3926e+04 1.0000e+25
1.9454e+04 4.4531e+04 1.0000e+25
2.1875e+04 4.4531e+04 1.0000e+25
2.4296e+04 4.4531e+04 1.0000e+25
1.9454e+04 4.5136e+04 1.0000e+25
2.1875e+04 4.5136e+04 1.0000e+25
2.4296e+04 4.5136e+04 1.0000e+25
2.5704e+04 4.3926e+04 1.0000e+25
2.8125e+04 4.3926e+04 1.0000e+25
3.0546e+04 4.3926e+04 1.0000e+25
2.5704e+04 4.4531e+04 1.0000e+25
2.8125e+04 4.4531e+04 1.0000e+25
3.0546e+04 4.4531e+04 1.0000e+25
2.5704e+04 4.5136e+04 1.0000e+25
2.8125e+04 4.5136e+04 1.0000e+25
3.0546e+04 4.5136e+04 1.0000e+25
3.1954e+04 4.3926e+04 1.0000e+25
3.4375e+04 4.3926e+04 1.0000e+25
3.6796e+04 4.3926e+04 1.0000e+25
3.1954e+04 4.4531e+04 1.0000e+25
3.4375e+04 4.4531e+04 1.0000e+25
3.6796e+04 4.4531e+04 1.0000e+25
3.1954e+04 4.5136e+04 1.0000e+25
3.4375e+04 4.5136e+04 1.0000e+25
3.6796e+04 4.5136e+04 1.0000e+25
3.8204e+04 4.3926e+04 1.0000e+25
4.0625e+04 4.3926e+04 1.0000e+25
4.3046e+04 4.3926e+04 1.0000e+25
3.8204e+04 4.4531e+04 1.0000e+25
4.0625e+04 4.4531e+04 1.0000e+25
4.3046e+04 4.4531e+04 1.0000e+25
3.8204e+04 4.5136e+04 1.0000e+25
4.0625e+04 4.5136e+04 1.0000e+25
4.3046e+04 4.5136e+04 1.0000e+25
4.4454e+04 4.3926e+04 1.0000e+25
4.6875e+04 4.3926e+04 1.0000e+25
4.9296e+04 4.3926e+04 1.0000e+25
4.4454e+04 4.4531e+04 1.0000e+25
4.6875e+04 4.4531e+04 1.0000e+25
4.9296e+04 4.4531e+04 1.0000e+25
4.4454e+04 4.5136e+04 1.0000e+25
4.6875e+04 4.5136e+04 1.0000e+25
4.9296e+04 4.5136e+04 1.0000e+25
5.0704e+04 4.3926e+04 1.0000e+25
5.3125e+04 4.3926e+04 1.0000e+25
5.5546e+04 4.3926e+04 1.0000e+25
5.0704e+04 4.4531e+04 1.0000e+25
5.3125e+04 4.4531e+04 1.0000e+25
5.5546e+04 4.4531e+04 1.0000e+25
5.0704e+04 4.5136e+04 1.0000e+25
5.3125e+04 4.5136e+04 1.0000e+25
5.5546e+04 4.5136e+04 1.0000e+25
5.6954e+04 4.3926e+04 1.0000e+25
5.9375e+04 4.3926e+04 1.0000e+25
6.1796e+04 4.3926e+04 1.0000e+25
5.6954e+04 4.4531e+04 1.0000e+25
5.9375e+04 4.4531e+04 1.0000e+25
6.1796e+04 4.4531e+04 1.0000e+25
5.6954e+04 4.5136e+04 1.0000e+25
5.9375e+04 4.5136e+04 1.0000e+25
6.1796e+04 4.5136e+04 1.0000e+25
6.3204e+04 4.3926e+04 1.0000e+25
6.5625e+04 4.3926e+04 1.0000e+25
6.8046e+04 4.3926e+04 1.0000e+25
6.3204e+04 4.4531e+04 1.0000e+25
6.5625e+04 4.4531e+04 1.0000e+25
6.8046e+04 4.4531e+04 1.0000e+25
6.3204e+04 4.5136e+04 1.0000e+25
6.5625e+04 4.5136e+04 1.0000e+25
6.8046e+04 4.5136e+04 1.0000e+25
6.9454e+04 4.3926e+04 1.0000e+25
7.1875e+04 4.3926e+04 1.0000e+25
7.4296e+04 4.3926e+04 1.0000e+25
6.9454e+04 4.4531e+04 1.0000e+25
7.1875e+04 4.4531e+04 1.0000e+25
7.4296e+04 4.4531e+04 1.0000e+25
6.9454e+04 4.5136e+04 1.0000e+25
7.1875e+04 4.5136e+04 1.0000e+25
7.4296e+04 4.5136e+04 1.0000e+25
7.5704e+04 4.3926e+04 1.0000e+25
7.8125e+04 4.3926e+04 1.0000e+25
8.0546e+04 4.3926e+04 1.0000e+25
7.5704e+04 4.4531e+04 1.0000e+25
7.8125e+04 4.4531e+04 1.0000e+25
8.0546e+04 4.4531e+04 1.0000e+25
7.5704e+04 4.5136e+04 1.0000e+25
7.8125e+04 4.5136e+04 1.0000e+25
8.0546e+04 4.5136e+04 1.0000e+25
8.1954e+04 4.3926e+04 1.0000e+25
8.4375e+04 4.3926e+04 1.0000e+25
8.6796e+04 4.3926e+04 1.0000e+25
8.1954e+04 4.4531e+04 1.0000e+25
8.4375e+04 4.4531e+04 1.0000e+25
8.6796e+04 4.4531e+04 1.0000e+25
8.1954e+04 4.5136e+04 1.0000e+25
8.4375e+04 4.5136e+04 1.0000e+25
8.6796e+04 4.5136e+04 1.0000e+25
8.8204e+04 4.3926e+04 1.0000e+25
9.0625e+04 4.3926e+04 1.0000e+25
9.3046e+04 4.3926e+04 1.0000e+25
8.8204e+04 4.4531e+04 1.0000e+25
9.0625e+04 4.4531e+04 1.0000e+25
9.3046e+04 4.4531e+04 1.0000e+25
8.8204e+04 4.5136e+04 1.0000e+25
9.0625e+04 4.5136e+04 1.0000e+25
9.3046e+04 4.5136e+04 1.0000e+25
9.4454e+04 4.3926e+04 1.0000e+25
9.6875e+04 4.3926e+04 1.0000e+25
9.9296e+04 4.3926e+04 1.0000e+25
9.4454e+04 4.4531e+04 1.0000e+25
9.6875e+04 4.4531e+04 1.0000e+25
9.9296e+04 4.4531e+04 1.0000e+25
9.4454e+04 4.5136e+04 1.0000e+25
9.6875e+04 4.5136e+04 1.0000e+25
9.9296e+04 4.5136e+04 1.0000e+25
7.0439e+02 4.5489e+04 1.0000e+25
3.1250e+03 4.5489e+04 1.0000e+25
5.5456e+03 4.5489e+04 1.0000e+25
7.0439e+02 4.6094e+04 1.0000e+25
3.1250e+03 4.6094e+04 1.0000e+25
5.5456e+03 4.6094e+04 1.0000e+25
7.0439e+02 4.6699e+04 1.0000e+25
3.1250e+03 4.6699e+04 1.0000e+25
5.5456e+03 4.6699e+04 1.0000e+25
6.9544e+03 4.5489e+04 1.0000e+25
9.3750e+03 4.5489e+04 1.0000e+25
1.1796e+04 4.5489e+04 1.0000e+25
6.9544e+03 4.6094e+04 1.0000e+25
9.3750e+03 4.6094e+04 1.0000e+25
1.1796e+04 4.6094e+04 1.0000e+25
6.9544e+03 4.6699e+04 1.0000e+25
9.3750e+03 4.6699e+04 1.0000e+25
1.1796e+04 4.6699e+04 1.0000e+25
1.3204e+04 4.5489e+04 1.0000e+25
1.5625e+04 4.5489e+04 1.0000e+25
1.8046e+04 4.5489e+04 1.0000e+25
1.3204e+04 4.6094e+04 1.0000e+25
1.5625e+04 4.6094e+04 1.0000e+25
1.8046e+04 4.6094e+04 1.0000e+25
1.3204e+04 4.6699e+04 1.0000e+25
1.5625e+04 4.6699e+04 1.0000e+25
1.8046e+04 4.6699e+04 1.0000e+25
1.9454e+04 4.5489e+04 1.0000e+25
2.1875e+04 4.5489e+04 1.0000e+25
2.4296e+04 4.5489e+04 1.0000e+25
1.9454e+04 4.6094e+04 1.0000e+25
2.1875e+04 4.6094e+04 1.0000e+25
2.4296e+04 4.6094e+04 1.0000e+25
1.9454e+04 4.6699e+04 1.0000e+25
2.1875e+04 4.6699e+04 1.0000e+25
2.4296e+04 4.6699e+04 1.0000e+25
2.5704e+04 4.5489e+04 1.0000e+25
2.8125e+04 4.5489e+04 1.0000e+25
3.0546e+04 4.5489e+04 1.0000e+25
2.5704e+04 4.6094e+04 1.0000e+25
2.8125e+04 4.6094e+04 1.0000e+25
3.0546e+04 4.6094e+04 1.0000e+25
2.5704e+04 4.6699e+04 1.0000e+25
2.8125e+04 4.6699e+04 1.0000e+25
3.0546e+04 4.6699e+04 1.0000e+25
3.1954e+04 4.5489e+04 1.0000e+25
3.4375e+04 4.5489e+04 1.0000e+25
3.6796e+04 4.5489e+04 1.0000e+25
3.1954e+04 4.6094e+04 1.0000e+25
3.4375e+04 4.6094e+04 1.0000e+25
3.6796e+04 4.6094e+04 1.0000e+25
3.1954e+04 4.6699e+04 1.0000e+25
3.4375e+04 4.6699e+04 1.0000e+25
3.6796e+04 4.6699e+04 1.0000e+25
3.8204e+04 4.5489e+04 1.0000e+25
4.0625e+04 4.5489e+04 1.0000e+25
4.3046e+04 4.5489e+04 1.0000e+25
3.8204e+04 4.6094e+04 1.0000e+25
4.0625e+04 4.6094e+04 1.0000e+25
4.3046e+04 4.6094e+04 1.0000e+25
3.8204e+04 4.6699e+04 1.0000e+25
4.0625e+04 4.6699e+04 1.0000e+25
4.3046e+04 4.6699e+04 1.0000e+25
4.4454e+04 4.5489e+04 1.0000e+25
4.6875e+04 4.5489e+04 1.0000e+25
4.9296e+04 4.5489e+04 1.0000e+25
4.4454e+04 4.6094e+04 1.0000e+25
4.6875e+04 4.6094e+04 1.0000e+25
4.9296e+04 4.6094e+04 1.0000e+25
4.4454e+04 4.6699e+04 1.0000e+25
4.6875e+04 4.6699e+04 1.0000e+25
4.9296e+04 4.6699e+04 1.0000e+25
5.0704e+04 4.5489e+04 1.0000e+25
5.3125e+04 4.5489e+04 1.0000e+25
5.5546e+04 4.5489e+04 1.0000e+25
5.0704e+04 4.6094e+04 1.0000e+25
5.3125e+04 4.6094e+04 1.0000e+25
5.5546e+04 4.6094e+04 1.0000e+25
5.0704e+04 4.6699e+04 1.0000e+25
5.3125e+04 4.6699e+04 1.0000e+25
5.5546e+04 4.6699e+04 1.0000e+25
5.6954e+04 4.5489e+04 1.0000e+25
5.9375e+04 4.5489e+04 1.0000e+25
6.1796e+04 4.5489e+04 1.0000e+25
5.6954e+04 4.6094e+04 1.0000e+25
5.9375e+04 4.6094e+04 1.0000e+25
6.1796e+04 4.6094e+04 1.0000e+25
5.6954e+04 4.6699e+04 1.0000e+25
5.9375e+04 4.6699e+04 1.0000e+25
6.1796e+04 4.6699e+04 1.0000e+25
6.3204e+04 4.5489e+04 1.0000e+25
6.5625e+04 4.5489e+04 1.0000e+25
6.8046e+04 4.5489e+04 1.0000e+25
6.3204e+04 4.6094e+04 1.0000e+25
6.5625e+04 4.6094e+04 1.0000e+25
6.8046e+04 4.6094e+04 1.0000e+25
6.3204e+04 4.6699e+04 1.0000e+25
6.5625e+04 4.6699e+04 1.0000e+25
6.8046e+04 4.6699e+04 1.0000e+25
6.9454e+04 4.5489e+04 1.0000e+25
7.1875e+04 4.5489e+04 1.0000e+25
7.4296e+04 4.5489e+04 1.0000e+25
6.9454e+04 4.6094e+04 1.0000e+25
7.1875e+04 4.6094e+04 1.0000e+25
7.4296e+04 4.6094e+04 1.0000e+25
6.9454e+04 4.6699e+04 1.0000e+25
7.1875e+04 4.6699e+04 1.0000e+25
7.4296e+04 4.6699e+04 1.0000e+25
7.5704e+04 4.5489e+04 1.0000e+25
7.8125e+04 4.5489e+04 1.0000e+25
8.0546e+04 4.5489e+04 1.0000e+25
7.5704e+04 4.6094e+04 1.0000e+25
7.8125e+04 4.6094e+04 1.0000e+25
8.0546e+04 4.6094e+04 1.0000e+25
7.5704e+04 4.6699e+04 1.0000e+25
7.8125e+04 4.6699e+04 1.0000e+25
8.0546e+04 4.6699e+04 1.0000e+25
8.1954e+04 4.5489e+04 1.0000e+25
8.4375e+04 4.5489e+04 1.0000e+25
8.6796e+04 4.5489e+04 1.0000e+25
8.1954e+04 4.6094e+04 1.0000e+25
8.4375e+04 4.6094e+04 1.0000e+25
8.6796e+04 4.6094e+04 1.0000e+25
8.1954e+04 4.6699e+04 1.0000e+25
8.4375e+04 4.6699e+04 1.0000e+25
8.6796e+04 4.6699e+04 1.0000e+25
8.8204e+04 4.5489e+04 1.0000e+25
9.0625e+04 4.5489e+04 1.0000e+25
9.3046e+04 4.5489e+04 1.0000e+25
8.8204e+04 4.6094e+04 1.0000e+25
9.0625e+04 4.6094e+04 1.0000e+25
9.3046e+04 4.6094e+04 1.0000e+25
8.8204e+04 4.6699e+04 1.0000e+25
9.0625e+04 4.6699e+04 1.0000e+25
9.3046e+04 4.6699e+04 1.0000e+25
9.4454e+04 4.5489e+04 1.0000e+25
9.6875e+04 4.5489e+04 1.0000e+25
9.9296e+04 4.5489e+04 1.0000e+25
9.4454e+04 4.6094e+04 1.0000e+25
9.6875e+04 4.6094e+04 1.0000e+25
9.9296e+04 4.6094e+04 1.0000e+25
9.4454e+04 4.6699e+04 1.0000e+25
9.6875e+04 4.6699e+04 1.0000e+25
9.9296e+04 4.6699e+04 1.0000e+25
7.0439e+02 4.7051e+04 1.0000e+25
3.1250e+03 4.7051e+04 1.0000e+25
5.5456e+03 4.7051e+04 1.0000e+25
7.0439e+02 4.7656e+04 1.0000e+25
3.1250e+03 4.7656e+04 1.0000e+25
5.5456e+03 4.7656e+04 1.0000e+25
7.0439e+02 4.8261e+04 1.0000e+25
3.1250e+03 4.8261e+04 1.0000e+25
5.5456e+03 4.8261e+04 1.0000e+25
6.9544e+03 4.7051e+04 1.0000e+25
9.3750e+03 4.7051e+04 1.0000e+25
1.1796e+04 4.7051e+04 1.0000e+25
6.9544e+03 4.7656e+04 1.0000e+25
9.3750e+03 4.7656e+04 1.0000e+25
1.1796e+04 4.7656e+04 1.0000e+25
6.9544e+03 4.8261e+04 1.0000e+25
9.3750e+03 4.8261e+04 1.0000e+25
1.1796e+04 4.8261e+04 1.0000e+25
1.3204e+04 4.7051e+04 1.0000e+25
1.5625e+04 4.7051e+04 1.0000e+25
1.8046e+04 4.7051e+04 1.0000e+25
1.3204e+04 4.7656e+04 1.0000e+25
1.5625e+04 4.7656e+04 1.0000e+25
1.8046e+04 4.7656e+04 1.0000e+25
1.3204e+04 4.8261e+04 1.0000e+25
1.5625e+04 4.8261e+04 1.0000e+25
1.8046e+04 4.8261e+04 1.0000e+25
1.9454e+04 4.7051e+04 1.0000e+25
2.1875e+04 4.7051e+04 1.0000e+25
2.4296e+04 4.7051e+04 1.0000e+25
1.9454e+04 4.7656e+04 1.0000e+25
2.1875e+04 4.7656e+04 1.0000e+25
2.4296e+04 4.7656e+04 1.0000e+25
1.9454e+04 4.8261e+04 1.0000e+25
2.1875e+04 4.8261e+04 1.0000e+25
2.4296e+04 4.8261e+04 1.0000e+25
2.5704e+04 4.7051e+04 1.0000e+25
2.8125e+04 4.7051e+04 1.0000e+25
3.0546e+04 4.7051e+04 1.0000e+25
2.5704e+04 4.7656e+04 1.0000e+25
2.8125e+04 4.7656e+04 1.0000e+25
3.0546e+04 4.7656e+04 1.0000e+25
2.5704e+04 4.8261e+04 1.0000e+25
2.8125e+04 4.8261e+04 1.0000e+25
3.0546e+04 4.8261e+04 1.0000e+25
3.1954e+04 4.7051e+04 1.0000e+25
3.4375e+04 4.7051e+04 1.0000e+25
3.6796e+04 4.7051e+04 1.0000e+25
3.1954e+04 4.7656e+04 1.0000e+25
3.4375e+04 4.7656e+04 1.0000e+25
3.6796e+04 4.7656e+04 1.0000e+25
3.1954e+04 4.8261e+04 1.0000e+25
3.4375e+04 4.8261e+04 1.0000e+25
3.6796e+04 4.8261e+04 1.0000e+25
3.8204e+04 4.7051e+04 1.0000e+25
4.0625e+04 4.7051e+04 1.0000e+25
4.3046e+04 4.7051e+04 1.0000e+25
3.8204e+04 4.7656e+04 1.0000e+25
4.0625e+04 4.7656e+04 1.0000e+25
4.3046e+04 4.7656e+04 1.0000e+25
3.8204e+04 4.8261e+04 1.0000e+25
4.0625e+04 4.8261e+04 1.0000e+25
4.3046e+04 4.8261e+04 1.0000e+25
4.4454e+04 4.7051e+04 1.0000e+25
4.6875e+04 4.7051e+04 1.0000e+25
4.9296e+04 4.7051e+04 1.0000e+25
4.4454e+04 4.7656e+04 1.0000e+25
4.6875e+04 4.7656e+04 1.0000e+25
4.9296e+04 4.7656e+04 1.0000e+25
4.4454e+04 4.8261e+04 1.0000e+25
4.6875e+04 4.8261e+04 1.0000e+25
4.9296e+04 4.8261e+04 1.0000e+25
5.0704e+04 4.7051e+04 1.0000e+25
5.3125e+04 4.7051e+04 1.0000e+25
5.5546e+04 4.7051e+04 1.0000e+25
5.0704e+04 4.7656e+04 1.0000e+25
5.3125e+04 4.7656e+04 1.0000e+25
5.5546e+04 4.7656e+04 1.0000e+25
5.0704e+04 4.8261e+04 1.0000e+25
5.3125e+04 4.8261e+04 1.0000e+25
5.5546e+04 4.8261e+04 1.0000e+25
5.6954e+04 4.7051e+04 1.0000e+25
5.9375e+04 4.7051e+04 1.0000e+25
6.1796e+04 4.7051e+04 1.0000e+25
5.6954e+04 4.7656e+04 1.0000e+25
5.9375e+04 4.7656e+04 1.0000e+25
6.1796e+04 4.7656e+04 1.0000e+25
5.6954e+04 4.8261e+04 1.0000e+25
5.9375e+04 4.8261e+04 1.0000e+25
6.1796e+04 4.8261e+04 1.0000e+25
6.3204e+04 4.7051e+04 1.0000e+25
6.5625e+04 4.7051e+04 1.0000e+25
6.8046e+04 4.7051e+04 1.0000e+25
6.3204e+04 4.7656e+04 1.0000e+25
6.5625e+04 4.7656e+04 1.0000e+25
6.8046e+04 4.7656e+04 1.0000e+25
6.3204e+04 4.8261e+04 1.0000e+25
6.5625e+04 4.8261e+04 1.0000e+25
6.8046e+04 4.8261e+04 1.0000e+25
6.9454e+04 4.7051e+04 1.0000e+25
7.1875e+04 4.7051e+04 1.0000e+25
7.4296e+04 4.7051e+04 1.0000e+25
6.9454e+04 4.7656e+04 1.0000e+25
7.1875e+04 4.7656e+04 1.0000e+25
7.4296e+04 4.7656e+04 1.0000e+25
6.9454e+04 4.8261e+04 1.0000e+25
7.1875e+04 4.8261e+04 1.0000e+25
7.4296e+04 4.8261e+04 1.0000e+25
7.5704e+04 4.7051e+04 1.0000e+25
7.8125e+04 4.7051e+04 1.0000e+25
8.0546e+04 4.7051e+04 1.0000e+25
7.5704e+04 4.7656e+04 1.0000e+25
7.8125e+04 4.7656e+04 1.0000e+25
8.0546e+04 4.7656e+04 1.0000e+25
7.5704e+04 4.8261e+04 1.0000e+25
7.8125e+04 4.8261e+04 1.0000e+25
8.0546e+04 4.8261e+04 1.0000e+25
8.1954e+04 4.7051e+04 1.0000e+25
8.4375e+04 4.7051e+04 1.0000e+25
8.6796e+04 4.7051e+04 1.0000e+25
8.1954e+04 4.7656e+04 1.0000e+25
8.4375e+04 4.7656e+04 1.0000e+25
8.6796e+04 4.7656e+04 1.0000e+25
8.1954e+04 4.8261e+04 1.0000e+25
8.4375e+04 4.8261e+04 1.0000e+25
8.6796e+04 4.8261e+04 1.0000e+25
8.8204e+04 4.7051e+04 1.0000e+25
9.0625e+04 4.7051e+04 1.0000e+25
9.3046e+04 4.7051e+04 1.0000e+25
8.8204e+04 4.7656e+04 1.0000e+25
9.0625e+04 4.7656e+04 1.0000e+25
9.3046e+04 4.7656e+04 1.0000e+25
8.8204e+04 4.8261e+04 1.0000e+25
9.0625e+04 4.8261e+04 1.0000e+25
9.3046e+04 4.8261e+04 1.0000e+25
9.4454e+04 4.7051e+04 1.0000e+25
9.6875e+04 4.7051e+04 1.0000e+25
9.9296e+04 4.7051e+04 1.0000e+25
9.4454e+04 4.7656e+04 1.0000e+25
9.6875e+04 4.7656e+04 1.0000e+25
9.9296e+04 4.7656e+04 1.0000e+25
9.4454e+04 4.8261e+04 1.0000e+25
9.6875e+04 4.8261e+04 1.0000e+25
9.9296e+04 4.8261e+04 1.0000e+25
7.0439e+02 4.8614e+04 1.0000e+25
3.1250e+03 4.8614e+04 1.0000e+25
5.5456e+03 4.8614e+04 1.0000e+25
7.0439e+02 4.9219e+04 1.0000e+25
3.1250e+03 4.9219e+04 1.0000e+25
5.5456e+03 4.9219e+04 1.0000e+25
7.0439e+02 4.9824e+04 1.0000e+25
3.1250e+03 4.9824e+04 1.0000e+25
5.5456e+03 4.9824e+04 1.0000e+25
6.9544e+03 4.8614e+04 1.0000e+25
9.3750e+03 4.8614e+04 1.0000e+25
1.1796e+04 4.8614e+04 1.0000e+25
6.9544e+03 4.9219e+04 1.0000e+25
9.3750e+03 4.9219e+04 1.0000e+25
1.1796e+04 4.9219e+04 1.0000e+25
6.9544e+03 4.9824e+04 1.0000e+25
9.3750e+03 4.9824e+04 1.0000e+25
1.1796e+04 4.9824e+04 1.0000e+25
1.3204e+04 4.8614e+04 1.0000e+25
1.5625e+04 4.8614e+04 1.0000e+25
1.8046e+04 4.8614e+04 1.0000e+25
1.3204e+04 4.9219e+04 1.0000e+25
1.5625e+04 4.9219e+04 1.0000e+25
1.8046e+04 4.9219e+04 1.0000e+25
1.3204e+04 4.9824e+04 1.0000e+25
1.5625e+04 4.9824e+04 1.0000e+25
1.8046e+04 4.9824e+04 1.0000e+25
1.9454e+04 4.8614e+04 1.0000e+25
2.1875e+04 4.8614e+04 1.0000e+25
2.4296e+04 4.8614e+04 1.0000e+25
1.9454e+04 4.9219e+04 1.0000e+25
2.1875e+04 4.9219e+04 1.0000e+25
2.4296e+04 4.9219e+04 1.0000e+25
1.9454e+04 4.9824e+04 1.0000e+25
2.1875e+04 4.9824e+04 1.0000e+25
2.4296e+04 4.9824e+04 1.0000e+25
2.5704e+04 4.8614e+04 1.0000e+25
2.8125e+04 4.8614e+04 1.0000e+25
3.0546e+04 4.8614e+04 1.0000e+25
2.5704e+04 4.9219e+04 1.0000e+25
2.8125e+04 4.9219e+04 1.0000e+25
3.0546e+04 4.9219e+04 1.0000e+25
2.5704e+04 4.9824e+04 1.0000e+25
2.8125e+04 4.9824e+04 1.0000e+25
3.0546e+04 4.9824e+04 1.0000e+25
3.1954e+04 4.8614e+04 1.0000e+25
3.4375e+04 4.8614e+04 1.0000e+25
3.6796e+04 4.8614e+04 1.0000e+25
3.1954e+04 4.9219e+04 1.0000e+25
3.4375e+04 4.9219e+04 1.0000e+25
3.6796e+04 4.9219e+04 1.0000e+25
3.1954e+04 4.9824e+04 1.0000e+25
3.4375e+04 4.9824e+04 1.0000e+25
3.6796e+04 4.9824e+04 1.0000e+25
3.8204e+04 4.8614e+04 1.0000e+25
4.0625e+04 4.8614e+04 1.0000e+25
4.3046e+04 4.8614e+04 1.0000e+25
3.8204e+04 4.9219e+04 1.0000e+25
4.0625e+04 4.9219e+04 1.0000e+25
4.3046e+04 4.9219e+04 1.0000e+25
3.8204e+04 4.9824e+04 1.0000e+25
4.0625e+04 4.9824e+04 1.0000e+25
4.3046e+04 4.9824e+04 1.0000e+25
4.4454e+04 4.8614e+04 1.0000e+25
4.6875e+04 4.8614e+04 1.0000e+25
4.9296e+04 4.8614e+04 1.0000e+25
4.4454e+04 4.9219e+04 1.0000e+25
4.6875e+04 4.9219e+04 1.0000e+25
4.9296e+04 4.9219e+04 1.0000e+25
4.4454e+04 4.9824e+04 1.0000e+25
4.6875e+04 4.9824e+04 1.0000e+25
4.9296e+04 4.9824e+04 1.0000e+25
5.0704e+04 4.8614e+04 1.0000e+25
5.3125e+04 4.8614e+04 1.0000e+25
5.5546e+04 4.8614e+04 1.0000e+25
5.0704e+04 4.9219e+04 1.0000e+25
5.3125e+04 4.9219e+04 1.0000e+25
5.5546e+04 4.9219e+04 1.0000e+25
5.0704e+04 4.9824e+04 1.0000e+25
5.3125e+04 4.9824e+04 1.0000e+25
5.5546e+04 4.9824e+04 1.0000e+25
5.6954e+04 4.8614e+04 1.0000e+25
5.9375e+04 4.8614e+04 1.0000e+25
6.1796e+04 4.8614e+04 1.0000e+25
5.6954e+04 4.9219e+04 1.0000e+25
5.9375e+04 4.9219e+04 1.0000e+25
6.1796e+04 4.9219e+04 1.0000e+25
5.6954e+04 4.9824e+04 1.0000e+25
5.9375e+04 4.9824e+04 1.0000e+25
6.1796e+04 4.9824e+04 1.0000e+25
6.3204e+04 4.8614e+04 1.0000e+25
6.5625e+04 4.8614e+04 1.0000e+25
6.8046e+04 4.8614e+04 1.0000e+25
6.3204e+04 4.9219e+04 1.0000e+25
6.5625e+04 4.9219e+04 1.0000e+25
6.8046e+04 4.9219e+04 1.0000e+25
6.3204e+04 4.9824e+04 1.0000e+25
6.5625e+04 4.9824e+04 1.0000e+25
6.8046e+04 4.9824e+04 1.0000e+25
6.9454e+04 4.8614e+04 1.0000e+25
7.1875e+04 4.8614e+04 1.0000e+25
7.4296e+04 4.8614e+04 1.0000e+25
6.9454e+04 4.9219e+04 1.0000e+25
7.1875e+04 4.9219e+04 1.0000e+25
7.4296e+04 4.9219e+04 1.0000e+25
6.9454e+04 4.9824e+04 1.0000e+25
7.1875e+04 4.9824e+04 1.0000e+25
7.4296e+04 4.9824e+04 1.0000e+25
7.5704e+04 4.8614e+04 1.0000e+25
7.8125e+04 4.8614e+04 1.0000e+25
8.0546e+04 4.8614e+04 1.0000e+25
7.5704e+04 4.9219e+04 1.0000e+25
7.8125e+04 4.9219e+04 1.0000e+25
8.0546e+04 4.9219e+04 1.0000e+25
7.5704e+04 4.9824e+04 1.0000e+25
7.8125e+04 4.9824e+04 1.0000e+25
8.0546e+04 4.9824e+04 1.0000e+25
8.1954e+04 4.8614e+04 1.0000e+25
8.4375e+04 4.8614e+04 1.0000e+25
8.6796e+04 4.8614e+04 1.0000e+25
8.1954e+04 4.9219e+04 1.0000e+25
8.4375e+04 4.9219e+04 1.0000e+25
8.6796e+04 4.9219e+04 1.0000e+25
8.1954e+04 4.9824e+04 1.0000e+25
8.4375e+04 4.9824e+04 1.0000e+25
8.6796e+04 4.9824e+04 1.0000e+25
8.8204e+04 4.8614e+04 1.0000e+25
9.0625e+04 4.8614e+04 1.0000e+25
9.3046e+04 4.8614e+04 1.0000e+25
8.8204e+04 4.9219e+04 1.0000e+25
9.0625e+04 4.9219e+04 1.0000e+25
9.3046e+04 4.9219e+04 1.0000e+25
8.8204e+04 4.9824e+04 1.0000e+25
9.0625e+04 4.9824e+04 1.0000e+25
9.3046e+04 4.9824e+04 1.0000e+25
9.4454e+04 4.8614e+04 1.0000e+25
9.6875e+04 4.8614e+04 1.0000e+25
9.9296e+04 4.8614e+04 1.0000e+25
9.4454e+04 4.9219e+04 1.0000e+25
9.6875e+04 4.9219e+04 1.0000e+25
9.9296e+04 4.9219e+04 1.0000e+25
9.4454e+04 4.9824e+04 1.0000e+25
9.6875e+04 4.9824e+04 1.0000e+25
9.9296e+04 4.9824e+04 1.0000e+25
7.0439e+02 5.0176e+04 1.0000e+25
3.1250e+03 5.0176e+04 1.0000e+25
5.5456e+03 5.0176e+04 1.0000e+25
7.0439e+02 5.0781e+04 1.0000e+25
3.1250e+03 5.0781e+04 1.0000e+25
5.5456e+03 5.0781e+04 1.0000e+25
7.0439e+02 5.1386e+04 1.0000e+25
3.1250e+03 5.1386e+04 1.0000e+25
5.5456e+03 5.1386e+04 1.0000e+25
6.9544e+03 5.0176e+04 1.0000e+25
9.3750e+03 5.0176e+04 1.0000e+25
1.1796e+04 5.0176e+04 1.0000e+25
6.9544e+03 5.0781e+04 1.0000e+25
9.3750e+03 5.0781e+04 1.0000e+25
1.1796e+04 5.0781e+04 1.0000e+25
6.9544e+03 5.1386e+04 1.0000e+25
9.3750e+03 5.1386e+04 1.0000e+25
1.1796e+04 5.1386e+04 1.0000e+25
1.3204e+04 5.0176e+04 1.0000e+25
1.5625e+04 5.0176e+04 1.0000e+25
1.8046e+04 5.0176e+04 1.0000e+25
1.3204e+04 5.0781e+04 1.0000e+25
1.5625e+04 5.0781e+04 1.0000e+25
1.8046e+04 5.0781e+04 1.0000e+25
1.3204e+04 5.1386e+04 1.0000e+25
1.5625e+04 5.1386e+04 1.0000e+25
1.8046e+04 5.1386e+04 1.0000e+25
1.9454e+04 5.0176e+04 1.0000e+25
2.1875e+04 5.0176e+04 1.0000e+25
2.4296e+04 5.0176e+04 1.0000e+25
1.9454e+04 5.0781e+04 1.0000e+25
2.1875e+04 5.0781e+04 1.0000e+25
2.4296e+04 5.0781e+04 1.0000e+25
1.9454e+04 5.1386e+04 1.0000e+25
2.1875e+04 5.1386e+04 1.0000e+25
2.4296e+04 5.1386e+04 1.0000e+25
2.5704e+04 5.0176e+04 1.0000e+25
2.8125e+04 5.0176e+04 1.0000e+25
3.0546e+04 5.0176e+04 1.0000e+25
2.5704e+04 5.0781e+04 1.0000e+25
2.8125e+04 5.0781e+04 1.0000e+25
3.0546e+04 5.0781e+04 1.0000e+25
2.5704e+04 5.1386e+04 1.0000e+25
2.8125e+04 5.1386e+04 1.0000e+25
3.0546e+04 5.1386e+04 1.0000e+25
3.1954e+04 5.0176e+04 1.0000e+25
3.4375e+04 5.0176e+04 1.0000e+25
3.6796e+04 5.0176e+04 1.0000e+25
3.1954e+04 5.0781e+04 1.0000e+25
3.4375e+04 5.0781e+04 1.0000e+25
3.6796e+04 5.0781e+04 1.0000e+25
3.1954e+04 5.1386e+04 1.0000e+25
3.4375e+04 5.1386e+04 1.0000e+25
3.6796e+04 5.1386e+04 1.0000e+25
3.8204e+04 5.0176e+04 1.0000e+25
4.0625e+04 5.0176e+04 1.0000e+25
4.3046e+04 5.0176e+04 1.0000e+25
3.8204e+04 5.0781e+04 1.0000e+25
4.0625e+04 5.0781e+04 1.0000e+25
4.3046e+04 5.0781e+04 1.0000e+25
3.8204e+04 5.1386e+04 1.0000e+25
4.0625e+04 5.1386e+04 1.0000e+25
4.3046e+04 5.1386e+04 1.0000e+25
4.4454e+04 5.0176e+04 1.0000e+25
4.6875e+04 5.0176e+04 1.0000e+25
4.9296e+04 5.0176e+04 1.0000e+25
4.4454e+04 5.0781e+04 1.0000e+25
4.6875e+04 5.0781e+04 1.0000e+25
4.9296e+04 5.0781e+04 1.0000e+25
4.4454e+04 5.1386e+04 1.0000e+25
4.6875e+04 5.1386e+04 1.0000e+25
4.9296e+04 5.1386e+04 1.0000e+25
5.0704e+04 5.0176e+04 1.0000e+25
5.3125e+04 5.0176e+04 1.0000e+25
5.5546e+04 5.0176e+04 1.0000e+25
5.0704e+04 5.0781e+04 1.0000e+25
5.3125e+04 5.0781e+04 1.0000e+25
5.5546e+04 5.0781e+04 1.0000e+25
5.0704e+04 5.1386e+04 1.0000e+25
5.3125e+04 5.1386e+04 1.0000e+25
5.5546e+04 5.1386e+04 1.0000e+25
5.6954e+04 5.0176e+04 1.0000e+25
5.9375e+04 5.0176e+04 1.0000e+25
6.1796e+04 5.0176e+04 1.0000e+25
5.6954e+04 5.0781e+04 1.0000e+25
5.9375e+04 5.0781e+04 1.0000e+25
6.1796e+04 5.0781e+04 1.0000e+25
5.6954e+04 5.1386e+04 1.0000e+25
5.9375e+04 5.1386e+04 1.0000e+25
6.1796e+04 5.1386e+04 1.0000e+25
6.3204e+04 5.0176e+04 1.0000e+25
6.5625e+04 5.0176e+04 1.0000e+25
6.8046e+04 5.0176e+04 1.0000e+25
6.3204e+04 5.0781e+04 1.0000e+25
6.5625e+04 5.0781e+04 1.0000e+25
6.8046e+04 5.0781e+04 1.0000e+25
6.3204e+04 5.1386e+04 1.0000e+25
6.5625e+04 5.1386e+04 1.0000e+25
6.8046e+04 5.1386e+04 1.0000e+25
6.9454e+04 5.0176e+04 1.0000e+25
7.1875e+04 5.0176e+04 1.0000e+25
7.4296e+04 5.0176e+04 1.0000e+25
6.9454e+04 5.0781e+04 1.0000e+25
7.1875e+04 5.0781e+04 1.0000e+25
7.4296e+04 5.0781e+04 1.0000e+25
6.9454e+04 5.1386e+04 1.0000e+25
7.1875e+04 5.1386e+04 1.0000e+25
7.4296e+04 5.1386e+04 1.0000e+25
7.5704e+04 5.0176e+04 1.0000e+25
7.8125e+04 5.0176e+04 1.0000e+25
8.0546e+04 5.0176e+04 1.0000e+25
7.5704e+04 5.0781e+04 1.0000e+25
7.8125e+04 5.0781e+04 1.0000e+25
8.0546e+04 5.0781e+04 1.0000e+25
7.5704e+04 5.1386e+04 1.0000e+25
7.8125e+04 5.1386e+04 1.0000e+25
8.0546e+04 5.1386e+04 1.0000e+25
8.1954e+04 5.0176e+04 1.0000e+25
8.4375e+04 5.0176e+04 1.0000e+25
8.6796e+04 5.0176e+04 1.0000e+25
8.1954e+04 5.0781e+04 1.0000e+25
8.4375e+04 5.0781e+04 1.0000e+25
8.6796e+04 5.0781e+04 1.0000e+25
8.1954e+04 5.1386e+04 1.0000e+25
8.4375e+04 5.1386e+04 1.0000e+25
8.6796e+04 5.1386e+04 1.0000e+25
8.8204e+04 5.0176e+04 1.0000e+25
9.0625e+04 5.0176e+04 1.0000e+25
9.3046e+04 5.0176e+04 1.0000e+25
8.8204e+04 5.0781e+04 1.0000e+25
9.0625e+04 5.0781e+04 1.0000e+25
9.3046e+04 5.0781e+04 1.0000e+25
8.8204e+04 5.1386e+04 1.0000e+25
9.0625e+04 5.1386e+04 1.0000e+25
9.3046e+04 5.1386e+04 1.0000e+25
9.4454e+04 5.0176e+04 1.0000e+25
9.6875e+04 5.0176e+04 1.0000e+25
9.9296e+04 5.0176e+04 1.0000e+25
9.4454e+04 5.0781e+04 1.0000e+25
9.6875e+04 5.0781e+04 1.0000e+25
9.9296e+04 5.0781e+04 1.0000e+25
9.4454e+04 5.1386e+04 1.0000e+25
9.6875e+04 5.1386e+04 1.0000e+25
9.9296e+04 5.1386e+04 1.0000e+25
7.0439e+02 5.1739e+04 1.0000e+25
3.1250e+03 5.1739e+04 1.0000e+25
5.5456e+03 5.1739e+04 1.0000e+25
7.0439e+02 5.2344e+04 1.0000e+25
3.1250e+03 5.2344e+04 1.0000e+25
5.5456e+03 5.2344e+04 1.0000e+25
7.0439e+02 5.2949e+04 1.0000e+25
3.1250e+03 5.2949e+04 1.0000e+25
5.5456e+03 5.2949e+04 1.0000e+25
6.9544e+03 5.1739e+04 1.0000e+25
9.3750e+03 5.1739e+04 1.0000e+25
1.1796e+04 5.1739e+04 1.0000e+25
6.9544e+03 5.2344e+04 1.0000e+25
9.3750e+03 5.2344e+04 1.0000e+25
1.1796e+04 5.2344e+04 1.0000e+25
6.9544e+03 5.2949e+04 1.0000e+25
9.3750e+03 5.2949e+04 1.0000e+25
1.1796e+04 5.2949e+04 1.0000e+25
1.3204e+04 5.1739e+04 1.0000e+25
1.5625e+04 5.1739e+04 1.0000e+25
1.8046e+04 5.1739e+04 1.0000e+25
1.3204e+04 5.2344e+04 1.0000e+25
1.5625e+04 5.2344e+04 1.0000e+25
1.8046e+04 5.2344e+04 1.0000e+25
1.3204e+04 5.2949e+04 1.0000e+25
1.5625e+04 5.2949e+04 1.0000e+25
1.8046e+04 5.2949e+04 1.0000e+25
1.9454e+04 5.1739e+04 1.0000e+25
2.1875e+04 5.1739e+04 1.0000e+25
2.4296e+04 5.1739e+04 1.0000e+25
1.9454e+04 5.2344e+04 1.0000e+25
2.1875e+04 5.2344e+04 1.0000e+25
2.4296e+04 5.2344e+04 1.0000e+25
1.9454e+04 5.2949e+04 1.0000e+25
2.1875e+04 5.2949e+04 1.0000e+25
2.4296e+04 5.2949e+04 1.0000e+25
2.5704e+04 5.1739e+04 1.0000e+25
2.8125e+04 5.1739e+04 1.0000e+25
3.0546e+04 5.1739e+04 1.0000e+25
2.5704e+04 5.2344e+04 1.0000e+25
2.8125e+04 5.2344e+04 1.0000e+25
3.0546e+04 5.2344e+04 1.0000e+25
2.5704e+04 5.2949e+04 1.0000e+25
2.8125e+04 5.2949e+04 1.0000e+25
3.0546e+04 5.2949e+04 1.0000e+25
3.1954e+04 5.1739e+04 1.0000e+25
3.4375e+04 5.1739e+04 1.0000e+25
3.6796e+04 5.1739e+04 1.0000e+25
3.1954e+04 5.2344e+04 1.0000e+25
3.4375e+04 5.2344e+04 1.0000e+25
3.6796e+04 5.2344e+04 1.0000e+25
3.1954e+04 5.2949e+04 1.0000e+25
3.4375e+04 5.2949e+04 1.0000e+25
3.6796e+04 5.2949e+04 1.0000e+25
3.8204e+04 5.1739e+04 1.0000e+25
4.0625e+04 5.1739e+04 1.0000e+25
4.3046e+04 5.1739e+04 1.0000e+25
3.8204e+04 5.2344e+04 1.0000e+25
4.0625e+04 5.2344e+04 1.0000e+25
4.3046e+04 5.2344e+04 1.0000e+25
3.8204e+04 5.2949e+04 1.0000e+25
4.0625e+04 5.2949e+04 1.0000e+25
4.3046e+04 5.2949e+04 1.0000e+25
4.4454e+04 5.1739e+04 1.0000e+25
4.6875e+04 5.1739e+04 1.0000e+25
4.9296e+04 5.1739e+04 1.0000e+25
4.4454e+04 5.2344e+04 1.0000e+25
4.6875e+04 5.2344e+04 1.0000e+25
4.9296e+04 5.2344e+04 1.0000e+25
4.4454e+04 5.2949e+04 1.0000e+25
4.6875e+04 5.2949e+04 1.0000e+25
4.9296e+04 5.2949e+04 1.0000e+25
5.0704e+04 5.1739e+04 1.0000e+25
5.3125e+04 5.1739e+04 1.0000e+25
5.5546e+04 5.1739e+04 1.0000e+25
5.0704e+04 5.2344e+04 1.0000e+25
5.3125e+04 5.2344e+04 1.0000e+25
5.5546e+04 5.2344e+04 1.0000e+25
5.0704e+04 5.2949e+04 1.0000e+25
5.3125e+04 5.2949e+04 1.0000e+25
5.5546e+04 5.2949e+04 1.0000e+25
5.6954e+04 5.1739e+04 1.0000e+25
5.9375e+04 5.1739e+04 1.0000e+25
6.1796e+04 5.1739e+04 1.0000e+25
5.6954e+04 5.2344e+04 1.0000e+25
5.9375e+04 5.2344e+04 1.0000e+25
6.1796e+04 5.2344e+04 1.0000e+25
5.6954e+04 5.2949e+04 1.0000e+25
5.9375e+04 5.2949e+04 1.0000e+25
6.1796e+04 5.2949e+04 1.0000e+25
6.3204e+04 5.1739e+04 1.0000e+25
6.5625e+04 5.1739e+04 1.0000e+25
6.8046e+04 5.1739e+04 1.0000e+25
6.3204e+04 5.2344e+04 1.0000e+25
6.5625e+04 5.2344e+04 1.0000e+25
6.8046e+04 5.2344e+04 1.0000e+25
6.3204e+04 5.2949e+04 1.0000e+25
6.5625e+04 5.2949e+04 1.0000e+25
6.8046e+04 5.2949e+04 1.0000e+25
6.9454e+04 5.1739e+04 1.0000e+25
7.1875e+04 5.1739e+04 1.0000e+25
7.4296e+04 5.1739e+04 1.0000e+25
6.9454e+04 5.2344e+04 1.0000e+25
7.1875e+04 5.2344e+04 1.0000e+25
7.4296e+04 5.2344e+04 1.0000e+25
6.9454e+04 5.2949e+04 1.0000e+25
7.1875e+04 5.2949e+04 1.0000e+25
7.4296e+04 5.2949e+04 1.0000e+25
7.5704e+04 5.1739e+04 1.0000e+25
7.8125e+04 5.1739e+04 1.0000e+25
8.0546e+04 5.1739e+04 1.0000e+25
7.5704e+04 5.2344e+04 1.0000e+25
7.8125e+04 5.2344e+04 1.0000e+25
8.0546e+04 5.2344e+04 1.0000e+25
7.5704e+04 5.2949e+04 1.0000e+25
7.8125e+04 5.2949e+04 1.0000e+25
8.0546e+04 5.2949e+04 1.0000e+25
8.1954e+04 5.1739e+04 1.0000e+25
8.4375e+04 5.1739e+04 1.0000e+25
8.6796e+04 5.1739e+04 1.0000e+25
8.1954e+04 5.2344e+04 1.0000e+25
8.4375e+04 5.2344e+04 1.0000e+25
8.6796e+04 5.2344e+04 1.0000e+25
8.1954e+04 5.2949e+04 1.0000e+25
8.4375e+04 5.2949e+04 1.0000e+25
8.6796e+04 5.2949e+04 1.0000e+25
8.8204e+04 5.1739e+04 1.0000e+25
9.0625e+04 5.1739e+04 1.0000e+25
9.3046e+04 5.1739e+04 1.0000e+25
8.8204e+04 5.2344e+04 1.0000e+25
9.0625e+04 5.2344e+04 1.0000e+25
9.3046e+04 5.2344e+04 1.0000e+25
8.8204e+04 5.2949e+04 1.0000e+25
9.0625e+04 5.2949e+04 1.0000e+25
9.3046e+04 5.2949e+04 1.0000e+25
9.4454e+04 5.1739e+04 1.0000e+25
9.6875e+04 5.1739e+04 1.0000e+25
9.9296e+04 5.1739e+04 1.0000e+25
9.4454e+04 5.2344e+04 1.0000e+25
9.6875e+04 5.2344e+04 1.0000e+25
9.9296e+04 5.2344e+04 1.0000e+25
9.4454e+04 5.2949e+04 1.0000e+25
9.6875e+04 5.2949e+04 1.0000e+25
9.9296e+04 5.2949e+04 1.0000e+25
7.0439e+02 5.3301e+04 1.0000e+25
3.1250e+03 5.3301e+04 1.0000e+25
5.5456e+03 5.3301e+04 1.0000e+25
7.0439e+02 5.3906e+04 1.0000e+25
3.1250e+03 5.3906e+04 1.0000e+25
5.5456e+03 5.3906e+04 1.0000e+25
7.0439e+02 5.4511e+04 1.0000e+25
3.1250e+03 5.4511e+04 1.0000e+25
5.5456e+03 5.4511e+04 1.0000e+25
6.9544e+03 5.3301e+04 1.0000e+25
9.3750e+03 5.3301e+04 1.0000e+25
1.1796e+04 5.3301e+04 1.0000e+25
6.9544e+03 5.3906e+04 1.0000e+25
9.3750e+03 5.3906e+04 1.0000e+25
1.1796e+04 5.3906e+04 1.0000e+25
6.9544e+03 5.4511e+04 1.0000e+25
9.3750e+03 5.4511e+04 1.0000e+25
1.1796e+04 5.4511e+04 1.0000e+25
1.3204e+04 5.3301e+04 1.0000e+25
1.5625e+04 5.3301e+04 1.0000e+25
1.8046e+04 5.3301e+04 1.0000e+25
1.3204e+04 5.3906e+04 1.0000e+25
1.5625e+04 5.3906e+04 1.0000e+25
1.8046e+04 5.3906e+04 1.0000e+25
1.3204e+04 5.4511e+04 1.0000e+25
1.5625e+04 5.4511e+04 1.0000e+25
1.8046e+04 5.4511e+04 1.0000e+25
1.9454e+04 5.3301e+04 1.0000e+25
2.1875e+04 5.3301e+04 1.0000e+25
2.4296e+04 5.3301e+04 1.0000e+25
1.9454e+04 5.3906e+04 1.0000e+25
2.1875e+04 5.3906e+04 1.0000e+25
2.4296e+04 5.3906e+04 1.0000e+25
1.9454e+04 5.4511e+04 1.0000e+25
2.1875e+04 5.4511e+04 1.0000e+25
2.4296e+04 5.4511e+04 1.0000e+25
2.5704e+04 5.3301e+04 1.0000e+25
2.8125e+04 5.3301e+04 1.0000e+25
3.0546e+04 5.3301e+04 1.0000e+25
2.5704e+04 5.3906e+04 1.0000e+25
2.8125e+04 5.3906e+04 1.0000e+25
3.0546e+04 5.3906e+04 1.0000e+25
2.5704e+04 5.4511e+04 1.0000e+25
2.8125e+04 5.4511e+04 1.0000e+25
3.0546e+04 5.4511e+04 1.0000e+25
3.1954e+04 5.3301e+04 1.0000e+25
3.4375e+04 5.3301e+04 1.0000e+25
3.6796e+04 5.3301e+04 1.0000e+25
3.1954e+04 5.3906e+04 1.0000e+25
3.4375e+04 5.3906e+04 1.0000e+25
3.6796e+04 5.3906e+04 1.0000e+25
3.1954e+04 5.4511e+04 1.0000e+25
3.4375e+04 5.4511e+04 1.0000e+25
3.6796e+04 5.4511e+04 1.0000e+25
3.8204e+04 5.3301e+04 1.0000e+25
4.0625e+04 5.3301e+04 1.0000e+25
4.3046e+04 5.3301e+04 1.0000e+25
3.8204e+04 5.3906e+04 1.0000e+25
4.0625e+04 5.3906e+04 1.0000e+25
4.3046e+04 5.3906e+04 1.0000e+25
3.8204e+04 5.4511e+04 1.0000e+25
4.0625e+04 5.4511e+04 1.0000e+25
4.3046e+04 5.4511e+04 1.0000e+25
4.4454e+04 5.3301e+04 1.0000e+25
4.6875e+04 5.3301e+04 1.0000e+25
4.9296e+04 5.3301e+04 1.0000e+25
4.4454e+04 5.3906e+04 1.0000e+25
4.6875e+04 5.3906e+04 1.0000e+25
4.9296e+04 5.3906e+04 1.0000e+25
4.4454e+04 5.4511e+04 1.0000e+25
4.6875e+04 5.4511e+04 1.0000e+25
4.9296e+04 5.4511e+04 1.0000e+25
5.0704e+04 5.3301e+04 1.0000e+25
5.3125e+04 5.3301e+04 1.0000e+25
5.5546e+04 5.3301e+04 1.0000e+25
5.0704e+04 5.3906e+04 1.0000e+25
5.3125e+04 5.3906e+04 1.0000e+25
5.5546e+04 5.3906e+04 1.0000e+25
5.0704e+04 5.4511e+04 1.0000e+25
5.3125e+04 5.4511e+04 1.0000e+25
5.5546e+04 5.4511e+04 1.0000e+25
5.6954e+04 5.3301e+04 1.0000e+25
5.9375e+04 5.3301e+04 1.0000e+25
6.1796e+04 5.3301e+04 1.0000e+25
5.6954e+04 5.3906e+04 1.0000e+25
5.9375e+04 5.3906e+04 1.0000e+25
6.1796e+04 5.3906e+04 1.0000e+25
5.6954e+04 5.4511e+04 1.0000e+25
5.9375e+04 5.4511e+04 1.0000e+25
6.1796e+04 5.4511e+04 1.0000e+25
6.3204e+04 5.3301e+04 1.0000e+25
6.5625e+04 5.3301e+04 1.0000e+25
6.8046e+04 5.3301e+04 1.0000e+25
6.3204e+04 5.3906e+04 1.0000e+25
6.5625e+04 5.3906e+04 1.0000e+25
6.8046e+04 5.3906e+04 1.0000e+25
6.3204e+04 5.4511e+04 1.0000e+25
6.5625e+04 5.4511e+04 1.0000e+25
6.8046e+04 5.4511e+04 1.0000e+25
6.9454e+04 5.3301e+04 1.0000e+25
7.1875e+04 5.3301e+04 1.0000e+25
7.4296e+04 5.3301e+04 1.0000e+25
6.9454e+04 5.3906e+04 1.0000e+25
7.1875e+04 5.3906e+04 1.0000e+25
7.4296e+04 5.3906e+04 1.0000e+25
6.9454e+04 5.4511e+04 1.0000e+25
7.1875e+04 5.4511e+04 1.0000e+25
7.4296e+04 5.4511e+04 1.0000e+25
7.5704e+04 5.3301e+04 1.0000e+25
7.8125e+04 5.3301e+04 1.0000e+25
8.0546e+04 5.3301e+04 1.0000e+25
7.5704e+04 5.3906e+04 1.0000e+25
7.8125e+04 5.3906e+04 1.0000e+25
8.0546e+04 5.3906e+04 1.0000e+25
7.5704e+04 5.4511e+04 1.0000e+25
7.8125e+04 5.4511e+04 1.0000e+25
8.0546e+04 5.4511e+04 1.0000e+25
8.1954e+04 5.3301e+04 1.0000e+25
8.4375e+04 5.3301e+04 1.0000e+25
8.6796e+04 5.3301e+04 1.0000e+25
8.1954e+04 5.3906e+04 1.0000e+25
8.4375e+04 5.3906e+04 1.0000e+25
8.6796e+04 5.3906e+04 1.0000e+25
8.1954e+04 5.4511e+04 1.0000e+25
8.4375e+04 5.4511e+04 1.0000e+25
8.6796e+04 5.4511e+04 1.0000e+25
8.8204e+04 5.3301e+04 1.0000e+25
9.0625e+04 5.3301e+04 1.0000e+25
9.3046e+04 5.3301e+04 1.0000e+25
8.8204e+04 5.3906e+04 1.0000e+25
9.0625e+04 5.3906e+04 1.0000e+25
9.3046e+04 5.3906e+04 1.0000e+25
8.8204e+04 5.4511e+04 1.0000e+25
9.0625e+04 5.4511e+04 1.0000e+25
9.3046e+04 5.4511e+04 1.0000e+25
9.4454e+04 5.3301e+04 1.0000e+25
9.6875e+04 5.3301e+04 1.0000e+25
9.9296e+04 5.3301e+04 1.0000e+25
9.4454e+04 5.3906e+04 1.0000e+25
9.6875e+04 5.3906e+04 1.0000e+25
9.9296e+04 5.3906e+04 1.0000e+25
9.4454e+04 5.4511e+04 1.0000e+25
9.6875e+04 5.4511e+04 1.0000e+25
9.9296e+04 5.4511e+04 1.0000e+25
7.0439e+02 5.4864e+04 1.0000e+25
3.1250e+03 5.4864e+04 1.0000e+25
5.5456e+03 5.4864e+04 1.0000e+25
7.0439e+02 5.5469e+04 1.0000e+25
3.1250e+03 5.5469e+04 1.0000e+25
5.5456e+03 5.5469e+04 1.0000e+25
7.0439e+02 5.6074e+04 1.0000e+25
3.1250e+03 5.6074e+04 1.0000e+25
5.5456e+03 5.6074e+04 1.0000e+25
6.9544e+03 5.4864e+04 1.0000e+25
9.3750e+03 5.4864e+04 1.0000e+25
1.1796e+04 5.4864e+04 1.0000e+25
6.9544e+03 5.5469e+04 1.0000e+25
9.3750e+03 5.5469e+04 1.0000e+25
1.1796e+04 5.5469e+04 1.0000e+25
6.9544e+03 5.6074e+04 1.0000e+25
9.3750e+03 5.6074e+04 1.0000e+25
1.1796e+04 5.6074e+04 1.0000e+25
1.3204e+04 5.4864e+04 1.0000e+25
1.5625e+04 5.4864e+04 1.0000e+25
1.8046e+04 5.4864e+04 1.0000e+25
1.3204e+04 5.5469e+04 1.0000e+25
1.5625e+04 5.5469e+04 1.0000e+25
1.8046e+04 5.5469e+04 1.0000e+25
1.3204e+04 5.6074e+04 1.0000e+25
1.5625e+04 5.6074e+04 1.0000e+25
1.8046e+04 5.6074e+04 1.0000e+25
1.9454e+04 5.4864e+04 1.0000e+25
2.1875e+04 5.4864e+04 1.0000e+25
2.4296e+04 5.4864e+04 1.0000e+25
1.9454e+04 5.5469e+04 1.0000e+25
2.1875e+04 5.5469e+04 1.0000e+25
2.4296e+04 5.5469e+04 1.0000e+25
1.9454e+04 5.6074e+04 1.0000e+25
2.1875e+04 5.6074e+04 1.0000e+25
2.4296e+04 5.6074e+04 1.0000e+25
2.5704e+04 5.4864e+04 1.0000e+25
2.8125e+04 5.4864e+04 1.0000e+25
3.0546e+04 5.4864e+04 1.0000e+25
2.5704e+04 5.5469e+04 1.0000e+25
2.8125e+04 5.5469e+04 1.0000e+25
3.0546e+04 5.5469e+04 1.0000e+25
2.5704e+04 5.6074e+04 1.0000e+25
2.8125e+04 5.6074e+04 1.0000e+25
3.0546e+04 5.6074e+04 1.0000e+25
3.1954e+04 5.4864e+04 1.0000e+25
3.4375e+04 5.4864e+04 1.0000e+25
3.6796e+04 5.4864e+04 1.0000e+25
3.1954e+04 5.5469e+04 1.0000e+25
3.4375e+04 5.5469e+04 1.0000e+25
3.6796e+04 5.5469e+04 1.0000e+25
3.1954e+04 5.6074e+04 1.0000e+25
3.4375e+04 5.6074e+04 1.0000e+25
3.6796e+04 5.6074e+04 1.0000e+25
3.8204e+04 5.4864e+04 1.0000e+25
4.0625e+04 5.4864e+04 1.0000e+25
4.3046e+04 5.4864e+04 1.0000e+25
3.8204e+04 5.5469e+04 1.0000e+25
4.0625e+04 5.5469e+04 1.0000e+25
4.3046e+04 5.5469e+04 1.0000e+25
3.8204e+04 5.6074e+04 1.0000e+25
4.0625e+04 5.6074e+04 1.0000e+25
4.3046e+04 5.6074e+04 1.0000e+25
4.4454e+04 5.4864e+04 1.0000e+25
4.6875e+04 5.4864e+04 1.0000e+25
4.9296e+04 5.4864e+04 1.0000e+25
4.4454e+04 5.5469e+04 1.0000e+25
4.6875e+04 5.5469e+04 1.0000e+25
4.9296e+04 5.5469e+04 1.0000e+25
4.4454e+04 5.6074e+04 1.0000e+25
4.6875e+04 5.6074e+04 1.0000e+25
4.9296e+04 5.6074e+04 1.0000e+25
5.0704e+04 5.4864e+04 1.0000e+25
5.3125e+04 5.4864e+04 1.0000e+25
5.5546e+04 5.4864e+04 1.0000e+25
5.0704e+04 5.5469e+04 1.0000e+25
5.3125e+04 5.5469e+04 1.0000e+25
5.5546e+04 5.5469e+04 1.0000e+25
5.0704e+04 5.6074e+04 1.0000e+25
5.3125e+04 5.6074e+04 1.0000e+25
5.5546e+04 5.6074e+04 1.0000e+25
5.6954e+04 5.4864e+04 1.0000e+25
5.9375e+04 5.4864e+04 1.0000e+25
6.1796e+04 5.4864e+04 1.0000e+25
5.6954e+04 5.5469e+04 1.0000e+25
5.9375e+04 5.5469e+04 1.0000e+25
6.1796e+04 5.5469e+04 1.0000e+25
5.6954e+04 5.6074e+04 1.0000e+25
5.9375e+04 5.6074e+04 1.0000e+25
6.1796e+04 5.6074e+04 1.0000e+25
6.3204e+04 5.4864e+04 1.0000e+25
6.5625e+04 5.4864e+04 1.0000e+25
6.8046e+04 5.4864e+04 1.0000e+25
6.3204e+04 5.5469e+04 1.0000e+25
6.5625e+04 5.5469e+04 1.0000e+25
6.8046e+04 5.5469e+04 1.0000e+25
6.3204e+04 5.6074e+04 1.0000e+25
6.5625e+04 5.6074e+04 1.0000e+25
6.8046e+04 5.6074e+04 1.0000e+25
6.9454e+04 5.4864e+04 1.0000e+25
7.1875e+04 5.4864e+04 1.0000e+25
7.4296e+04 5.4864e+04 1.0000e+25
6.9454e+04 5.5469e+04 1.0000e+25
7.1875e+04 5.5469e+04 1.0000e+25
7.4296e+04 5.5469e+04 1.0000e+25
6.9454e+04 5.6074e+04 1.0000e+25
7.1875e+04 5.6074e+04 1.0000e+25
7.4296e+04 5.6074e+04 1.0000e+25
7.5704e+04 5.4864e+04 1.0000e+25
7.8125e+04 5.4864e+04 1.0000e+25
8.0546e+04 5.4864e+04 1.0000e+25
7.5704e+04 5.5469e+04 1.0000e+25
7.8125e+04 5.5469e+04 1.0000e+25
8.0546e+04 5.5469e+04 1.0000e+25
7.5704e+04 5.6074e+04 1.0000e+25
7.8125e+04 5.6074e+04 1.0000e+25
8.0546e+04 5.6074e+04 1.0000e+25
8.1954e+04 5.4864e+04 1.0000e+25
8.4375e+04 5.4864e+04 1.0000e+25
8.6796e+04 5.4864e+04 1.0000e+25
8.1954e+04 5.5469e+04 1.0000e+25
8.4375e+04 5.5469e+04 1.0000e+25
8.6796e+04 5.5469e+04 1.0000e+25
8.1954e+04 5.6074e+04 1.0000e+25
8.4375e+04 5.6074e+04 1.0000e+25
8.6796e+04 5.6074e+04 1.0000e+25
8.8204e+04 5.4864e+04 1.0000e+25
9.0625e+04 5.4864e+04 1.0000e+25
9.3046e+04 5.4864e+04 1.0000e+25
8.8204e+04 5.5469e+04 1.0000e+25
9.0625e+04 5.5469e+04 1.0000e+25
9.3046e+04 5.5469e+04 1.0000e+25
8.8204e+04 5.6074e+04 1.0000e+25
9.0625e+04 5.6074e+04 1.0000e+25
9.3046e+04 5.6074e+04 1.0000e+25
9.4454e+04 5.4864e+04 1.0000e+25
9.6875e+04 5.4864e+04 1.0000e+25
9.9296e+04 5.4864e+04 1.0000e+25
9.4454e+04 5.5469e+04 1.0000e+25
9.6875e+04 5.5469e+04 1.0000e+25
9.9296e+04 5.5469e+04 1.0000e+25
9.4454e+04 5.6074e+04 1.0000e+25
9.6875e+04 5.6074e+04 1.0000e+25
9.9296e+04 5.6074e+04 1.0000e+25
7.0439e+02 5.6426e+04 1.0000e+25
3.1250e+03 5.6426e+04 1.0000e+25
5.5456e+03 5.6426e+04 1.0000e+25
7.0439e+02 5.7031e+04 1.0000e+25
3.1250e+03 5.7031e+04 1.0000e+25
5.5456e+03 5.7031e+04 1.0000e+25
7.0439e+02 5.7636e+04 1.0000e+25
3.1250e+03 5.7636e+04 1.0000e+25
5.5456e+03 5.7636e+04 1.0000e+25
6.9544e+03 5.6426e+04 1.0000e+25
9.3750e+03 5.6426e+04 1.0000e+25
1.1796e+04 5.6426e+04 1.0000e+25
6.9544e+03 5.7031e+04 1.0000e+25
9.3750e+03 5.7031e+04 1.0000e+25
1.1796e+04 5.7031e+04 1.0000e+25
6.9544e+03 5.7636e+04 1.0000e+25
9.3750e+03 5.7636e+04 1.0000e+25
1.1796e+04 5.7636e+04 1.0000e+25
1.3204e+04 5.6426e+04 1.0000e+25
1.5625e+04 5.6426e+04 1.0000e+25
1.8046e+04 5.6426e+04 1.0000e+25
1.3204e+04 5.7031e+04 1.0000e+25
1.5625e+04 5.7031e+04 1.0000e+25
1.8046e+04 5.7031e+04 1.0000e+25
1.3204e+04 5.7636e+04 1.0000e+25
1.5625e+04 5.7636e+04 1.0000e+25
1.8046e+04 5.7636e+04 1.0000e+25
1.9454e+04 5.6426e+04 1.0000e+25
2.1875e+04 5.6426e+04 1.0000e+25
2.4296e+04 5.6426e+04 1.0000e+25
1.9454e+04 5.7031e+04 1.0000e+25
2.1875e+04 5.7031e+04 1.0000e+25
2.4296e+04 5.7031e+04 1.0000e+25
1.9454e+04 5.7636e+04 1.0000e+25
2.1875e+04 5.7636e+04 1.0000e+25
2.4296e+04 5.7636e+04 1.0000e+25
2.5704e+04 5.6426e+04 1.0000e+25
2.8125e+04 5.6426e+04 1.0000e+25
3.0546e+04 5.6426e+04 1.0000e+25
2.5704e+04 5.7031e+04 1.0000e+25
2.8125e+04 5.7031e+04 1.0000e+25
3.0546e+04 5.7031e+04 1.0000e+25
2.5704e+04 5.7636e+04 1.0000e+25
2.8125e+04 5.7636e+04 1.0000e+25
3.0546e+04 5.7636e+04 1.0000e+25
3.1954e+04 5.6426e+04 1.0000e+25
3.4375e+04 5.6426e+04 1.0000e+25
3.6796e+04 5.6426e+04 1.0000e+25
3.1954e+04 5.7031e+04 1.0000e+25
3.4375e+04 5.7031e+04 1.0000e+25
3.6796e+04 5.7031e+04 1.0000e+25
3.1954e+04 5.7636e+04 1.0000e+25
3.4375e+04 5.7636e+04 1.0000e+25
3.6796e+04 5.7636e+04 1.0000e+25
3.8204e+04 5.6426e+04 1.0000e+25
4.0625e+04 5.6426e+04 1.0000e+25
4.3046e+04 5.6426e+04 1.0000e+25
3.8204e+04 5.7031e+04 1.0000e+25
4.0625e+04 5.7031e+04 1.0000e+25
4.3046e+04 5.7031e+04 1.0000e+25
3.8204e+04 5.7636e+04 1.0000e+25
4.0625e+04 5.7636e+04 1.0000e+25
4.3046e+04 5.7636e+04 1.0000e+25
4.4454e+04 5.6426e+04 1.0000e+25
4.6875e+04 5.6426e+04 1.0000e+25
4.9296e+04 5.6426e+04 1.0000e+25
4.4454e+04 5.7031e+04 1.0000e+25
4.6875e+04 5.7031e+04 1.0000e+25
4.9296e+04 5.7031e+04 1.0000e+25
4.4454e+04 5.7636e+04 1.0000e+25
4.6875e+04 5.7636e+04 1.0000e+25
4.9296e+04 5.7636e+04 1.0000e+25
5.0704e+04 5.6426e+04 1.0000e+25
5.3125e+04 5.6426e+04 1.0000e+25
5.5546e+04 5.6426e+04 1.0000e+25
5.0704e+04 5.7031e+04 1.0000e+25
5.3125e+04 5.7031e+04 1.0000e+25
5.5546e+04 5.7031e+04 1.0000e+25
5.0704e+04 5.7636e+04 1.0000e+25
5.3125e+04 5.7636e+04 1.0000e+25
5.5546e+04 5.7636e+04 1.0000e+25
5.6954e+04 5.6426e+04 1.0000e+25
5.9375e+04 5.6426e+04 1.0000e+25
6.1796e+04 5.6426e+04 1.0000e+25
5.6954e+04 5.7031e+04 1.0000e+25
5.9375e+04 5.7031e+04 1.0000e+25
6.1796e+04 5.7031e+04 1.0000e+25
5.6954e+04 5.7636e+04 1.0000e+25
5.9375e+04 5.7636e+04 1.0000e+25
6.1796e+04 5.7636e+04 1.0000e+25
6.3204e+04 5.6426e+04 1.0000e+25
6.5625e+04 5.6426e+04 1.0000e+25
6.8046e+04 5.6426e+04 1.0000e+25
6.3204e+04 5.7031e+04 1.0000e+25
6.5625e+04 5.7031e+04 1.0000e+25
6.8046e+04 5.7031e+04 1.0000e+25
6.3204e+04 5.7636e+04 1.0000e+25
6.5625e+04 5.7636e+04 1.0000e+25
6.8046e+04 5.7636e+04 1.0000e+25
6.9454e+04 5.6426e+04 1.0000e+25
7.1875e+04 5.6426e+04 1.0000e+25
7.4296e+04 5.6426e+04 1.0000e+25
6.9454e+04 5.7031e+04 1.0000e+25
7.1875e+04 5.7031e+04 1.0000e+25
7.4296e+04 5.7031e+04 1.0000e+25
6.9454e+04 5.7636e+04 1.0000e+25
7.1875e+04 5.7636e+04 1.0000e+25
7.4296e+04 5.7636e+04 1.0000e+25
7.5704e+04 5.6426e+04 1.0000e+25
7.8125e+04 5.6426e+04 1.0000e+25
8.0546e+04 5.6426e+04 1.0000e+25
7.5704e+04 5.7031e+04 1.0000e+25
7.8125e+04 5.7031e+04 1.0000e+25
8.0546e+04 5.7031e+04 1.0000e+25
7.5704e+04 5.7636e+04 1.0000e+25
7.8125e+04 5.7636e+04 1.0000e+25
8.0546e+04 5.7636e+04 1.0000e+25
8.1954e+04 5.6426e+04 1.0000e+25
8.4375e+04 5.6426e+04 1.0000e+25
8.6796e+04 5.6426e+04 1.0000e+25
8.1954e+04 5.7031e+04 1.0000e+25
8.4375e+04 5.7031e+04 1.0000e+25
8.6796e+04 5.7031e+04 1.0000e+25
8.1954e+04 5.7636e+04 1.0000e+25
8.4375e+04 5.7636e+04 1.0000e+25
8.6796e+04 5.7636e+04 1.0000e+25
8.8204e+04 5.6426e+04 1.0000e+25
9.0625e+04 5.6426e+04 1.0000e+25
9.3046e+04 5.6426e+04 1.0000e+25
8.8204e+04 5.7031e+04 1.0000e+25
9.0625e+04 5.7031e+04 1.0000e+25
9.3046e+04 5.7031e+04 1.0000e+25
8.8204e+04 5.7636e+04 1.0000e+25
9.0625e+04 5.7636e+04 1.0000e+25
9.3046e+04 5.7636e+04 1.0000e+25
9.4454e+04 5.6426e+04 1.0000e+25
9.6875e+04 5.6426e+04 1.0000e+25
9.9296e+04 5.6426e+04 1.0000e+25
9.4454e+04 5.7031e+04 1.0000e+25
9.6875e+04 5.7031e+04 1.0000e+25
9.9296e+04 5.7031e+04 1.0000e+25
9.4454e+04 5.7636e+04 1.0000e+25
9.6875e+04 5.7636e+04 1.0000e+25
9.9296e+04 5.7636e+04 1.0000e+25
7.0439e+02 5.7989e+04 1.0000e+25
3.1250e+03 5.7989e+04 1.0000e+25
5.5456e+03 5.7989e+04 1.0000e+25
7.0439e+02 5.8594e+04 1.0000e+25
3.1250e+03 5.8594e+04 1.0000e+25
5.5456e+03 5.8594e+04 1.0000e+25
7.0439e+02 5.9199e+04 1.0000e+25
3.1250e+03 5.9199e+04 1.0000e+25
5.5456e+03 5.9199e+04 1.0000e+25
6.9544e+03 5.7989e+04 1.0000e+25
9.3750e+03 5.7989e+04 1.0000e+25
1.1796e+04 5.7989e+04 1.0000e+25
6.9544e+03 5.8594e+04 1.0000e+25
9.3750e+03 5.8594e+04 1.0000e+25
1.1796e+04 5.8594e+04 1.0000e+25
6.9544e+03 5.9199e+04 1.0000e+25
9.3750e+03 5.9199e+04 1.0000e+25
1.1796e+04 5.9199e+04 1.0000e+25
1.3204e+04 5.7989e+04 1.0000e+25
1.5625e+04 5.7989e+04 1.0000e+25
1.8046e+04 5.7989e+04 1.0000e+25
1.3204e+04 5.8594e+04 1.0000e+25
1.5625e+04 5.8594e+04 1.0000e+25
1.8046e+04 5.8594e+04 1.0000e+25
1.3204e+04 5.9199e+04 1.0000e+25
1.5625e+04 5.9199e+04 1.0000e+25
1.8046e+04 5.9199e+04 1.0000e+25
1.9454e+04 5.7989e+04 1.0000e+25
2.1875e+04 5.7989e+04 1.0000e+25
2.4296e+04 5.7989e+04 1.0000e+25
1.9454e+04 5.8594e+04 1.0000e+25
2.1875e+04 5.8594e+04 1.0000e+25
2.4296e+04 5.8594e+04 1.0000e+25
1.9454e+04 5.9199e+04 1.0000e+25
2.1875e+04 5.9199e+04 1.0000e+25
2.4296e+04 5.9199e+04 1.0000e+25
2.5704e+04 5.7989e+04 1.0000e+25
2.8125e+04 5.7989e+04 1.0000e+25
3.0546e+04 5.7989e+04 1.0000e+25
2.5704e+04 5.8594e+04 1.0000e+25
2.8125e+04 5.8594e+04 1.0000e+25
3.0546e+04 5.8594e+04 1.0000e+25
2.5704e+04 5.9199e+04 1.0000e+25
2.8125e+04 5.9199e+04 1.0000e+25
3.0546e+04 5.9199e+04 1.0000e+25
3.1954e+04 5.7989e+04 1.0000e+25
3.4375e+04 5.7989e+04 1.0000e+25
3.6796e+04 5.7989e+04 1.0000e+25
3.1954e+04 5.8594e+04 1.0000e+25
3.4375e+04 5.8594e+04 1.0000e+25
3.6796e+04 5.8594e+04 1.0000e+25
3.1954e+04 5.9199e+04 1.0000e+25
3.4375e+04 5.9199e+04 1.0000e+25
3.6796e+04 5.9199e+04 1.0000e+25
3.8204e+04 5.7989e+04 1.0000e+25
4.0625e+04 5.7989e+04 1.0000e+25
4.3046e+04 5.7989e+04 1.0000e+25
3.8204e+04 5.8594e+04 1.0000e+25
4.0625e+04 5.8594e+04 1.0000e+25
4.3046e+04 5.8594e+04 1.0000e+25
3.8204e+04 5.9199e+04 1.0000e+25
4.0625e+04 5.9199e+04 1.0000e+25
4.3046e+04 5.9199e+04 1.0000e+25
4.4454e+04 5.7989e+04 1.0000e+25
4.6875e+04 5.7989e+04 1.0000e+25
4.9296e+04 5.7989e+04 1.0000e+25
4.4454e+04 5.8594e+04 1.0000e+25
4.6875e+04 5.8594e+04 1.0000e+25
4.9296e+04 5.8594e+04 1.0000e+25
4.4454e+04 5.9199e+04 1.0000e+25
4.6875e+04 5.9199e+04 1.0000e+25
4.9296e+04 5.9199e+04 1.0000e+25
5.0704e+04 5.7989e+04 1.0000e+25
5.3125e+04 5.7989e+04 1.0000e+25
5.5546e+04 5.7989e+04 1.0000e+25
5.0704e+04 5.8594e+04 1.0000e+25
5.3125e+04 5.8594e+04 1.0000e+25
5.5546e+04 5.8594e+04 1.0000e+25
5.0704e+04 5.9199e+04 1.0000e+25
5.3125e+04 5.9199e+04 1.0000e+25
5.5546e+04 5.9199e+04 1.0000e+25
5.6954e+04 5.7989e+04 1.0000e+25
5.9375e+04 5.7989e+04 1.0000e+25
6.1796e+04 5.7989e+04 1.0000e+25
5.6954e+04 5.8594e+04 1.0000e+25
5.9375e+04 5.8594e+04 1.0000e+25
6.1796e+04 5.8594e+04 1.0000e+25
5.6954e+04 5.9199e+04 1.0000e+25
5.9375e+04 5.9199e+04 1.0000e+25
6.1796e+04 5.9199e+04 1.0000e+25
6.3204e+04 5.7989e+04 1.0000e+25
6.5625e+04 5.7989e+04 1.0000e+25
6.8046e+04 5.7989e+04 1.0000e+25
6.3204e+04 5.8594e+04 1.0000e+25
6.5625e+04 5.8594e+04 1.0000e+25
6.8046e+04 5.8594e+04 1.0000e+25
6.3204e+04 5.9199e+04 1.0000e+25
6.5625e+04 5.9199e+04 1.0000e+25
6.8046e+04 5.9199e+04 1.0000e+25
6.9454e+04 5.7989e+04 1.0000e+25
7.1875e+04 5.7989e+04 1.0000e+25
7.4296e+04 5.7989e+04 1.0000e+25
6.9454e+04 5.8594e+04 1.0000e+25
7.1875e+04 5.8594e+04 1.0000e+25
7.4296e+04 5.8594e+04 1.0000e+25
6.9454e+04 5.9199e+04 1.0000e+25
7.1875e+04 5.9199e+04 1.0000e+25
7.4296e+04 5.9199e+04 1.0000e+25
7.5704e+04 5.7989e+04 1.0000e+25
7.8125e+04 5.7989e+04 1.0000e+25
8.0546e+04 5.7989e+04 1.0000e+25
7.5704e+04 5.8594e+04 1.0000e+25
7.8125e+04 5.8594e+04 1.0000e+25
8.0546e+04 5.8594e+04 1.0000e+25
7.5704e+04 5.9199e+04 1.0000e+25
7.8125e+04 5.9199e+04 1.0000e+25
8.0546e+04 5.9199e+04 1.0000e+25
8.1954e+04 5.7989e+04 1.0000e+25
8.4375e+04 5.7989e+04 1.0000e+25
8.6796e+04 5.7989e+04 1.0000e+25
8.1954e+04 5.8594e+04 1.0000e+25
8.4375e+04 5.8594e+04 1.0000e+25
8.6796e+04 5.8594e+04 1.0000e+25
8.1954e+04 5.9199e+04 1.0000e+25
8.4375e+04 5.9199e+04 1.0000e+25
8.6796e+04 5.9199e+04 1.0000e+25
8.8204e+04 5.7989e+04 1.0000e+25
9.0625e+04 5.7989e+04 1.0000e+25
9.3046e+04 5.7989e+04 1.0000e+25
8.8204e+04 5.8594e+04 1.0000e+25
9.0625e+04 5.8594e+04 1.0000e+25
9.3046e+04 5.8594e+04 1.0000e+25
8.8204e+04 5.9199e+04 1.0000e+25
9.0625e+04 5.9199e+04 1.0000e+25
9.3046e+04 5.9199e+04 1.0000e+25
9.4454e+04 5.7989e+04 1.0000e+25
9.6875e+04 5.7989e+04 1.0000e+25
9.9296e+04 5.7989e+04 1.0000e+25
9.4454e+04 5.8594e+04 1.0000e+25
9.6875e+04 5.8594e+04 1.0000e+25
9.9296e+04 5.8594e+04 1.0000e+25
9.4454e+04 5.9199e+04 1.0000e+25
9.6875e+04 5.9199e+04 1.0000e+25
9.9296e+04 5.9199e+04 1.0000e+25
7.0439e+02 5.9551e+04 1.0000e+25
3.1250e+03 5.9551e+04 1.0000e+25
5.5456e+03 5.9551e+04 1.0000e+25
7.0439e+02 6.0156e+04 1.0000e+25
3.1250e+03 6.0156e+04 1.0000e+25
5.5456e+03 6.0156e+04 1.0000e+25
7.0439e+02 6.0761e+04 1.0000e+25
3.1250e+03 6.0761e+04 1.0000e+25
5.5456e+03 6.0761e+04 1.0000e+25
6.9544e+03 5.9551e+04 1.0000e+25
9.3750e+03 5.9551e+04 1.0000e+25
1.1796e+04 5.9551e+04 1.0000e+25
6.9544e+03 6.0156e+04 1.0000e+25
9.3750e+03 6.0156e+04 1.0000e+25
1.1796e+04 6.0156e+04 1.0000e+25
6.9544e+03 6.0761e+04 1.0000e+25
9.3750e+03 6.0761e+04 1.0000e+25
1.1796e+04 6.0761e+04 1.0000e+25
1.3204e+04 5.9551e+04 1.0000e+25
1.5625e+04 5.9551e+04 1.0000e+25
1.8046e+04 5.9551e+04 1.0000e+25
1.3204e+04 6.0156e+04 1.0000e+25
1.5625e+04 6.0156e+04 1.0000e+25
1.8046e+04 6.0156e+04 1.0000e+25
1.3204e+04 6.0761e+04 1.0000e+25
1.5625e+04 6.0761e+04 1.0000e+25
1.8046e+04 6.0761e+04 1.0000e+25
1.9454e+04 5.9551e+04 1.0000e+25
2.1875e+04 5.9551e+04 1.0000e+25
2.4296e+04 5.9551e+04 1.0000e+25
1.9454e+04 6.0156e+04 1.0000e+25
2.1875e+04 6.0156e+04 1.0000e+25
2.4296e+04 6.0156e+04 1.0000e+25
1.9454e+04 6.0761e+04 1.0000e+25
2.1875e+04 6.0761e+04 1.0000e+25
2.4296e+04 6.0761e+04 1.0000e+25
2.5704e+04 5.9551e+04 1.0000e+25
2.8125e+04 5.9551e+04 1.0000e+25
3.0546e+04 5.9551e+04 1.0000e+25
2.5704e+04 6.0156e+04 1.0000e+25
2.8125e+04 6.0156e+04 1.0000e+25
3.0546e+04 6.0156e+04 1.0000e+25
2.5704e+04 6.0761e+04 1.0000e+25
2.8125e+04 6.0761e+04 1.0000e+25
3.0546e+04 6.0761e+04 1.0000e+25
3.1954e+04 5.9551e+04 1.0000e+25
3.4375e+04 5.9551e+04 1.0000e+25
3.6796e+04 5.9551e+04 1.0000e+25
3.1954e+04 6.0156e+04 1.0000e+25
3.4375e+04 6.0156e+04 1.0000e+25
3.6796e+04 6.0156e+04 1.0000e+25
3.1954e+04 6.0761e+04 1.0000e+25
3.4375e+04 6.0761e+04 1.0000e+25
3.6796e+04 6.0761e+04 1.0000e+25
3.8204e+04 5.9551e+04 1.0000e+25
4.0625e+04 5.9551e+04 1.0000e+25
4.3046e+04 5.9551e+04 1.0000e+25
3.8204e+04 6.0156e+04 1.0000e+25
4.0625e+04 6.0156e+04 1.0000e+25
4.3046e+04 6.0156e+04 1.0000e+25
3.8204e+04 6.0761e+04 1.0000e+25
4.0625e+04 6.0761e+04 1.0000e+25
4.3046e+04 6.0761e+04 1.0000e+25
4.4454e+04 5.9551e+04 1.0000e+25
4.6875e+04 5.9551e+04 1.0000e+25
4.9296e+04 5.9551e+04 1.0000e+25
4.4454e+04 6.0156e+04 1.0000e+25
4.6875e+04 6.0156e+04 1.0000e+25
4.9296e+04 6.0156e+04 1.0000e+25
4.4454e+04 6.0761e+04 1.0000e+25
4.6875e+04 6.0761e+04 1.0000e+25
4.9296e+04 6.0761e+04 1.0000e+25
5.0704e+04 5.9551e+04 1.0000e+25
5.3125e+04 5.9551e+04 1.0000e+25
5.5546e+04 5.9551e+04 1.0000e+25
5.0704e+04 6.0156e+04 1.0000e+25
5.3125e+04 6.0156e+04 1.0000e+25
5.5546e+04 6.0156e+04 1.0000e+25
5.0704e+04 6.0761e+04 1.0000e+25
5.3125e+04 6.0761e+04 1.0000e+25
5.5546e+04 6.0761e+04 1.0000e+25
5.6954e+04 5.9551e+04 1.0000e+25
5.9375e+04 5.9551e+04 1.0000e+25
6.1796e+04 5.9551e+04 1.0000e+25
5.6954e+04 6.0156e+04 1.0000e+25
5.9375e+04 6.0156e+04 1.0000e+25
6.1796e+04 6.0156e+04 1.0000e+25
5.6954e+04 6.0761e+04 1.0000e+25
5.9375e+04 6.0761e+04 1.0000e+25
6.1796e+04 6.0761e+04 1.0000e+25
6.3204e+04 5.9551e+04 1.0000e+25
6.5625e+04 5.9551e+04 1.0000e+25
6.8046e+04 5.9551e+04 1.0000e+25
6.3204e+04 6.0156e+04 1.0000e+25
6.5625e+04 6.0156e+04 1.0000e+25
6.8046e+04 6.0156e+04 1.0000e+25
6.3204e+04 6.0761e+04 1.0000e+25
6.5625e+04 6.0761e+04 1.0000e+25
6.8046e+04 6.0761e+04 1.0000e+25
6.9454e+04 5.9551e+04 1.0000e+25
7.1875e+04 5.9551e+04 1.0000e+25
7.4296e+04 5.9551e+04 1.0000e+25
6.9454e+04 6.0156e+04 1.0000e+25
7.1875e+04 6.0156e+04 1.0000e+25
7.4296e+04 6.0156e+04 1.0000e+25
6.9454e+04 6.0761e+04 1.0000e+25
7.1875e+04 6.0761e+04 1.0000e+25
7.4296e+04 6.0761e+04 1.0000e+25
7.5704e+04 5.9551e+04 1.0000e+25
7.8125e+04 5.9551e+04 1.0000e+25
8.0546e+04 5.9551e+04 1.0000e+25
7.5704e+04 6.0156e+04 1.0000e+25
7.8125e+04 6.0156e+04 1.0000e+25
8.0546e+04 6.0156e+04 1.0000e+25
7.5704e+04 6.0761e+04 1.0000e+25
7.8125e+04 6.0761e+04 1.0000e+25
8.0546e+04 6.0761e+04 1.0000e+25
8.1954e+04 5.9551e+04 1.0000e+25
8.4375e+04 5.9551e+04 1.0000e+25
8.6796e+04 5.9551e+04 1.0000e+25
8.1954e+04 6.0156e+04 1.0000e+25
8.4375e+04 6.0156e+04 1.0000e+25
8.6796e+04 6.0156e+04 1.0000e+25
8.1954e+04 6.0761e+04 1.0000e+25
8.4375e+04 6.0761e+04 1.0000e+25
8.6796e+04 6.0761e+04 1.0000e+25
8.8204e+04 5.9551e+04 1.0000e+25
9.0625e+04 5.9551e+04 1.0000e+25
9.3046e+04 5.9551e+04 1.0000e+25
8.8204e+04 6.0156e+04 1.0000e+25
9.0625e+04 6.0156e+04 1.0000e+25
9.3046e+04 6.0156e+04 1.0000e+25
8.8204e+04 6.0761e+04 1.0000e+25
9.0625e+04 6.0761e+04 1.0000e+25
9.3046e+04 6.0761e+04 1.0000e+25
9.4454e+04 5.9551e+04 1.0000e+25
9.6875e+04 5.9551e+04 1.0000e+25
9.9296e+04 5.9551e+04 1.0000e+25
9.4454e+04 6.0156e+04 1.0000e+25
9.6875e+04 6.0156e+04 1.0000e+25
9.9296e+04 6.0156e+04 1.0000e+25
9.4454e+04 6.0761e+04 1.0000e+25
9.6875e+04 6.0761e+04 1.0000e+25
9.9296e+04 6.0761e+04 1.0000e+25
7.0439e+02 6.1114e+04 1.0000e+25
3.1250e+03 6.1114e+04 1.0000e+25
5.5456e+03 6.1114e+04 1.0000e+25
7.0439e+02 6.1719e+04 1.0000e+25
3.1250e+03 6.1719e+04 1.0000e+25
5.5456e+03 6.1719e+04 1.0000e+25
7.0439e+02 6.2324e+04 1.0000e+25
3.1250e+03 6.2324e+04 1.0000e+25
5.5456e+03 6.2324e+04 1.0000e+25
6.9544e+03 6.1114e+04 1.0000e+25
9.3750e+03 6.1114e+04 1.0000e+25
1.1796e+04 6.1114e+04 1.0000e+25
6.9544e+03 6.1719e+04 1.0000e+25
9.3750e+03 6.1719e+04 1.0000e+25
1.1796e+04 6.1719e+04 1.0000e+25
6.9544e+03 6.2324e+04 1.0000e+25
9.3750e+03 6.2324e+04 1.0000e+25
1.1796e+04 6.2324e+04 1.0000e+25
1.3204e+04 6.1114e+04 1.0000e+25
1.5625e+04 6.1114e+04 1.0000e+25
1.8046e+04 6.1114e+04 1.0000e+25
1.3204e+04 6.1719e+04 1.0000e+25
1.5625e+04 6.1719e+04 1.0000e+25
1.8046e+04 6.1719e+04 1.0000e+25
1.3204e+04 6.2324e+04 1.0000e+25
1.5625e+04 6.2324e+04 1.0000e+25
1.8046e+04 6.2324e+04 1.0000e+25
1.9454e+04 6.1114e+04 1.0000e+25
2.1875e+04 6.1114e+04 1.0000e+25
2.4296e+04 6.1114e+04 1.0000e+25
1.9454e+04 6.1719e+04 1.0000e+25
2.1875e+04 6.1719e+04 1.0000e+25
2.4296e+04 6.1719e+04 1.0000e+25
1.9454e+04 6.2324e+04 1.0000e+25
2.1875e+04 6.2324e+04 1.0000e+25
2.4296e+04 6.2324e+04 1.0000e+25
2.5704e+04 6.1114e+04 1.0000e+25
2.8125e+04 6.1114e+04 1.0000e+25
3.0546e+04 6.1114e+04 1.0000e+25
2.5704e+04 6.1719e+04 1.0000e+25
2.8125e+04 6.1719e+04 1.0000e+25
3.0546e+04 6.1719e+04 1.0000e+25
2.5704e+04 6.2324e+04 1.0000e+25
2.8125e+04 6.2324e+04 1.0000e+25
3.0546e+04 6.2324e+04 1.0000e+25
3.1954e+04 6.1114e+04 1.0000e+25
3.4375e+04 6.1114e+04 1.0000e+25
3.6796e+04 6.1114e+04 1.0000e+25
3.1954e+04 6.1719e+04 1.0000e+25
3.4375e+04 6.1719e+04 1.0000e+25
3.6796e+04 6.1719e+04 1.0000e+25
3.1954e+04 6.2324e+04 1.0000e+25
3.4375e+04 6.2324e+04 1.0000e+25
3.6796e+04 6.2324e+04 1.0000e+25
3.8204e+04 6.1114e+04 1.0000e+25
4.0625e+04 6.1114e+04 1.0000e+25
4.3046e+04 6.1114e+04 1.0000e+25
3.8204e+04 6.1719e+04 1.0000e+25
4.0625e+04 6.1719e+04 1.0000e+25
4.3046e+04 6.1719e+04 1.0000e+25
3.8204e+04 6.2324e+04 1.0000e+25
4.0625e+04 6.2324e+04 1.0000e+25
4.3046e+04 6.2324e+04 1.0000e+25
4.4454e+04 6.1114e+04 1.0000e+25
4.6875e+04 6.1114e+04 1.0000e+25
4.9296e+04 6.1114e+04 1.0000e+25
4.4454e+04 6.1719e+04 1.0000e+25
4.6875e+04 6.1719e+04 1.0000e+25
4.9296e+04 6.1719e+04 1.0000e+25
4.4454e+04 6.2324e+04 1.0000e+25
4.6875e+04 6.2324e+04 1.0000e+25
4.9296e+04 6.2324e+04 1.0000e+25
5.0704e+04 6.1114e+04 1.0000e+25
5.3125e+04 6.1114e+04 1.0000e+25
5.5546e+04 6.1114e+04 1.0000e+25
5.0704e+04 6.1719e+04 1.0000e+25
5.3125e+04 6.1719e+04 1.0000e+25
5.5546e+04 6.1719e+04 1.0000e+25
5.0704e+04 6.2324e+04 1.0000e+25
5.3125e+04 6.2324e+04 1.0000e+25
5.5546e+04 6.2324e+04 1.0000e+25
5.6954e+04 6.1114e+04 1.0000e+25
5.9375e+04 6.1114e+04 1.0000e+25
6.1796e+04 6.1114e+04 1.0000e+25
5.6954e+04 6.1719e+04 1.0000e+25
5.9375e+04 6.1719e+04 1.0000e+25
6.1796e+04 6.1719e+04 1.0000e+25
5.6954e+04 6.2324e+04 1.0000e+25
5.9375e+04 6.2324e+04 1.0000e+25
6.1796e+04 6.2324e+04 1.0000e+25
6.3204e+04 6.1114e+04 1.0000e+25
6.5625e+04 6.1114e+04 1.0000e+25
6.8046e+04 6.1114e+04 1.0000e+25
6.3204e+04 6.1719e+04 1.0000e+25
6.5625e+04 6.1719e+04 1.0000e+25
6.8046e+04 6.1719e+04 1.0000e+25
6.3204e+04 6.2324e+04 1.0000e+25
6.5625e+04 6.2324e+04 1.0000e+25
6.8046e+04 6.2324e+04 1.0000e+25
6.9454e+04 6.1114e+04 1.0000e+25
7.1875e+04 6.1114e+04 1.0000e+25
7.4296e+04 6.1114e+04 1.0000e+25
6.9454e+04 6.1719e+04 1.0000e+25
7.1875e+04 6.1719e+04 1.0000e+25
7.4296e+04 6.1719e+04 1.0000e+25
6.9454e+04 6.2324e+04 1.0000e+25
7.1875e+04 6.2324e+04 1.0000e+25
7.4296e+04 6.2324e+04 1.0000e+25
7.5704e+04 6.1114e+04 1.0000e+25
7.8125e+04 6.1114e+04 1.0000e+25
8.0546e+04 6.1114e+04 1.0000e+25
7.5704e+04 6.1719e+04 1.0000e+25
7.8125e+04 6.1719e+04 1.0000e+25
8.0546e+04 6.1719e+04 1.0000e+25
7.5704e+04 6.2324e+04 1.0000e+25
7.8125e+04 6.2324e+04 1.0000e+25
8.0546e+04 6.2324e+04 1.0000e+25
8.1954e+04 6.1114e+04 1.0000e+25
8.4375e+04 6.1114e+04 1.0000e+25
8.6796e+04 6.1114e+04 1.0000e+25
8.1954e+04 6.1719e+04 1.0000e+25
8.4375e+04 6.1719e+04 1.0000e+25
8.6796e+04 6.1719e+04 1.0000e+25
8.1954e+04 6.2324e+04 1.0000e+25
8.4375e+04 6.2324e+04 1.0000e+25
8.6796e+04 6.2324e+04 1.0000e+25
8.8204e+04 6.1114e+04 1.0000e+25
9.0625e+04 6.1114e+04 1.0000e+25
9.3046e+04 6.1114e+04 1.0000e+25
8.8204e+04 6.1719e+04 1.0000e+25
9.0625e+04 6.1719e+04 1.0000e+25
9.3046e+04 6.1719e+04 1.0000e+25
8.8204e+04 6.2324e+04 1.0000e+25
9.0625e+04 6.2324e+04 1.0000e+25
9.3046e+04 6.2324e+04 1.0000e+25
9.4454e+04 6.1114e+04 1.0000e+25
9.6875e+04 6.1114e+04 1.0000e+25
9.9296e+04 6.1114e+04 1.0000e+25
9.4454e+04 6.1719e+04 1.0000e+25
9.6875e+04 6.1719e+04 1.0000e+25
9.9296e+04 6.1719e+04 1.0000e+25
9.4454e+04 6.2324e+04 1.0000e+25
9.6875e+04 6.2324e+04 1.0000e+25
9.9296e+04 6.2324e+04 1.0000e+25
7.0439e+02 6.2676e+04 1.0000e+25
3.1250e+03 6.2676e+04 1.0000e+25
5.5456e+03 6.2676e+04 1.0000e+25
7.0439e+02 6.3281e+04 1.0000e+25
3.1250e+03 6.3281e+04 1.0000e+25
5.5456e+03 6.3281e+04 1.0000e+25
7.0439e+02 6.3886e+04 1.0000e+25
3.1250e+03 6.3886e+04 1.0000e+25
5.5456e+03 6.3886e+04 1.0000e+25
6.9544e+03 6.2676e+04 1.0000e+25
9.3750e+03 6.2676e+04 1.0000e+25
1.1796e+04 6.2676e+04 1.0000e+25
6.9544e+03 6.3281e+04 1.0000e+25
9.3750e+03 6.3281e+04 1.0000e+25
1.1796e+04 6.3281e+04 1.0000e+25
6.9544e+03 6.3886e+04 1.0000e+25
9.3750e+03 6.3886e+04 1.0000e+25
1.1796e+04 6.3886e+04 1.0000e+25
1.3204e+04 6.2676e+04 1.0000e+25
1.5625e+04 6.2676e+04 1.0000e+25
1.8046e+04 6.2676e+04 1.0000e+25
1.3204e+04 6.3281e+04 1.0000e+25
1.5625e+04 6.3281e+04 1.0000e+25
1.8046e+04 6.3281e+04 1.0000e+25
1.3204e+04 6.3886e+04 1.0000e+25
1.5625e+04 6.3886e+04 1.0000e+25
1.8046e+04 6.3886e+04 1.0000e+25
1.9454e+04 6.2676e+04 1.0000e+25
2.1875e+04 6.2676e+04 1.0000e+25
2.4296e+04 6.2676e+04 1.0000e+25
1.9454e+04 6.3281e+04 1.0000e+25
2.1875e+04 6.3281e+04 1.0000e+25
2.4296e+04 6.3281e+04 1.0000e+25
1.9454e+04 6.3886e+04 1.0000e+25
2.1875e+04 6.3886e+04 1.0000e+25
2.4296e+04 6.3886e+04 1.0000e+25
2.5704e+04 6.2676e+04 1.0000e+25
2.8125e+04 6.2676e+04 1.0000e+25
3.0546e+04 6.2676e+04 1.0000e+25
2.5704e+04 6.3281e+04 1.0000e+25
2.8125e+04 6.3281e+04 1.0000e+25
3.0546e+04 6.3281e+04 1.0000e+25
2.5704e+04 6.3886e+04 1.0000e+25
2.8125e+04 6.3886e+04 1.0000e+25
3.0546e+04 6.3886e+04 1.0000e+25
3.1954e+04 6.2676e+04 1.0000e+25
3.4375e+04 6.2676e+04 1.0000e+25
3.6796e+04 6.2676e+04 1.0000e+25
3.1954e+04 6.3281e+04 1.0000e+25
3.4375e+04 6.3281e+04 1.0000e+25
3.6796e+04 6.3281e+04 1.0000e+25
3.1954e+04 6.3886e+04 1.0000e+25
3.4375e+04 6.3886e+04 1.0000e+25
3.6796e+04 6.3886e+04 1.0000e+25
3.8204e+04 6.2676e+04 1.0000e+25
4.0625e+04 6.2676e+04 1.0000e+25
4.3046e+04 6.2676e+04 1.0000e+25
3.8204e+04 6.3281e+04 1.0000e+25
4.0625e+04 6.3281e+04 1.0000e+25
4.3046e+04 6.3281e+04 1.0000e+25
3.8204e+04 6.3886e+04 1.0000e+25
4.0625e+04 6.3886e+04 1.0000e+25
4.3046e+04 6.3886e+04 1.0000e+25
4.4454e+04 6.2676e+04 1.0000e+25
4.6875e+04 6.2676e+04 1.0000e+25
4.9296e+04 6.2676e+04 1.0000e+25
4.4454e+04 6.3281e+04 1.0000e+25
4.6875e+04 6.3281e+04 1.0000e+25
4.9296e+04 6.3281e+04 1.0000e+25
4.4454e+04 6.3886e+04 1.0000e+25
4.6875e+04 6.3886e+04 1.0000e+25
4.9296e+04 6.3886e+04 1.0000e+25
5.0704e+04 6.2676e+04 1.0000e+25
5.3125e+04 6.2676e+04 1.0000e+25
5.5546e+04 6.2676e+04 1.0000e+25
5.0704e+04 6.3281e+04 1.0000e+25
5.3125e+04 6.3281e+04 1.0000e+25
5.5546e+04 6.3281e+04 1.0000e+25
5.0704e+04 6.3886e+04 1.0000e+25
5.3125e+04 6.3886e+04 1.0000e+25
5.5546e+04 6.3886e+04 1.0000e+25
5.6954e+04 6.2676e+04 1.0000e+25
5.9375e+04 6.2676e+04 1.0000e+25
6.1796e+04 6.2676e+04 1.0000e+25
5.6954e+04 6.3281e+04 1.0000e+25
5.9375e+04 6.3281e+04 1.0000e+25
6.1796e+04 6.3281e+04 1.0000e+25
5.6954e+04 6.3886e+04 1.0000e+25
5.9375e+04 6.3886e+04 1.0000e+25
6.1796e+04 6.3886e+04 1.0000e+25
6.3204e+04 6.2676e+04 1.0000e+25
6.5625e+04 6.2676e+04 1.0000e+25
6.8046e+04 6.2676e+04 1.0000e+25
6.3204e+04 6.3281e+04 1.0000e+25
6.5625e+04 6.3281e+04 1.0000e+25
6.8046e+04 6.3281e+04 1.0000e+25
6.3204e+04 6.3886e+04 1.0000e+25
6.5625e+04 6.3886e+04 1.0000e+25
6.8046e+04 6.3886e+04 1.0000e+25
6.9454e+04 6.2676e+04 1.0000e+25
7.1875e+04 6.2676e+04 1.0000e+25
7.4296e+04 6.2676e+04 1.0000e+25
6.9454e+04 6.3281e+04 1.0000e+25
7.1875e+04 6.3281e+04 1.0000e+25
7.4296e+04 6.3281e+04 1.0000e+25
6.9454e+04 6.3886e+04 1.0000e+25
7.1875e+04 6.3886e+04 1.0000e+25
7.4296e+04 6.3886e+04 1.0000e+25
7.5704e+04 6.2676e+04 1.0000e+25
7.8125e+04 6.2676e+04 1.0000e+25
8.0546e+04 6.2676e+04 1.0000e+25
7.5704e+04 6.3281e+04 1.0000e+25
7.8125e+04 6.3281e+04 1.0000e+25
8.0546e+04 6.3281e+04 1.0000e+25
7.5704e+04 6.3886e+04 1.0000e+25
7.8125e+04 6.3886e+04 1.0000e+25
8.0546e+04 6.3886e+04 1.0000e+25
8.1954e+04 6.2676e+04 1.0000e+25
8.4375e+04 6.2676e+04 1.0000e+25
8.6796e+04 6.2676e+04 1.0000e+25
8.1954e+04 6.3281e+04 1.0000e+25
8.4375e+04 6.3281e+04 1.0000e+25
8.6796e+04 6.3281e+04 1.0000e+25
8.1954e+04 6.3886e+04 1.0000e+25
8.4375e+04 6.3886e+04 1.0000e+25
8.6796e+04 6.3886e+04 1.0000e+25
8.8204e+04 6.2676e+04 1.0000e+25
9.0625e+04 6.2676e+04 1.0000e+25
9.3046e+04 6.2676e+04 1.0000e+25
8.8204e+04 6.3281e+04 1.0000e+25
9.0625e+04 6.3281e+04 1.0000e+25
9.3046e+04 6.3281e+04 1.0000e+25
8.8204e+04 6.3886e+04 1.0000e+25
9.0625e+04 6.3886e+04 1.0000e+25
9.3046e+04 6.3886e+04 1.0000e+25
9.4454e+04 6.2676e+04 1.0000e+25
9.6875e+04 6.2676e+04 1.0000e+25
9.9296e+04 6.2676e+04 1.0000e+25
9.4454e+04 6.3281e+04 1.0000e+25
9.6875e+04 6.3281e+04 1.0000e+25
9.9296e+04 6.3281e+04 1.0000e+25
9.4454e+04 6.3886e+04 1.0000e+25
9.6875e+04 6.3886e+04 1.0000e+25
9.9296e+04 6.3886e+04 1.0000e+25
7.0439e+02 6.4239e+04 1.0000e+25
3.1250e+03 6.4239e+04 1.0000e+25
5.5456e+03 6.4239e+04 1.0000e+25
7.0439e+02 6.4844e+04 1.0000e+25
3.1250e+03 6.4844e+04 1.0000e+25
5.5456e+03 6.4844e+04 1.0000e+25
7.0439e+02 6.5449e+04 1.0000e+25
3.1250e+03 6.5449e+04 1.0000e+25
5.5456e+03 6.5449e+04 1.0000e+25
6.9544e+03 6.4239e+04 1.0000e+25
9.3750e+03 6.4239e+04 1.0000e+25
1.1796e+04 6.4239e+04 1.0000e+25
6.9544e+03 6.4844e+04 1.0000e+25
9.3750e+03 6.4844e+04 1.0000e+25
1.1796e+04 6.4844e+04 1.0000e+25
6.9544e+03 6.5449e+04 1.0000e+25
9.3750e+03 6.5449e+04 1.0000e+25
1.1796e+04 6.5449e+04 1.0000e+25
1.3204e+04 6.4239e+04 1.0000e+25
1.5625e+04 6.4239e+04 1.0000e+25
1.8046e+04 6.4239e+04 1.0000e+25
1.3204e+04 6.4844e+04 1.0000e+25
1.5625e+04 6.4844e+04 1.0000e+25
1.8046e+04 6.4844e+04 1.0000e+25
1.3204e+04 6.5449e+04 1.0000e+25
1.5625e+04 6.5449e+04 1.0000e+25
1.8046e+04 6.5449e+04 1.0000e+25
1.9454e+04 6.4239e+04 1.0000e+25
2.1875e+04 6.4239e+04 1.0000e+25
2.4296e+04 6.4239e+04 1.0000e+25
1.9454e+04 6.4844e+04 1.0000e+25
2.1875e+04 6.4844e+04 1.0000e+25
2.4296e+04 6.4844e+04 1.0000e+25
1.9454e+04 6.5449e+04 1.0000e+25
2.1875e+04 6.5449e+04 1.0000e+25
2.4296e+04 6.5449e+04 1.0000e+25
2.5704e+04 6.4239e+04 1.0000e+25
2.8125e+04 6.4239e+04 1.0000e+25
3.0546e+04 6.4239e+04 1.0000e+25
2.5704e+04 6.4844e+04 1.0000e+25
2.8125e+04 6.4844e+04 1.0000e+25
3.0546e+04 6.4844e+04 1.0000e+25
2.5704e+04 6.5449e+04 1.0000e+25
2.8125e+04 6.5449e+04 1.0000e+25
3.0546e+04 6.5449e+04 1.0000e+25
3.1954e+04 6.4239e+04 1.0000e+25
3.4375e+04 6.4239e+04 1.0000e+25
3.6796e+04 6.4239e+04 1.0000e+25
3.1954e+04 6.4844e+04 1.0000e+25
3.4375e+04 6.4844e+04 1.0000e+25
3.6796e+04 6.4844e+04 1.0000e+25
3.1954e+04 6.5449e+04 1.0000e+25
3.4375e+04 6.5449e+04 1.0000e+25
3.6796e+04 6.5449e+04 1.0000e+25
3.8204e+04 6.4239e+04 1.0000e+25
4.0625e+04 6.4239e+04 1.0000e+25
4.3046e+04 6.4239e+04 1.0000e+25
3.8204e+04 6.4844e+04 1.0000e+25
4.0625e+04 6.4844e+04 1.0000e+25
4.3046e+04 6.4844e+04 1.0000e+25
3.8204e+04 6.5449e+04 1.0000e+25
4.0625e+04 6.5449e+04 1.0000e+25
4.3046e+04 6.5449e+04 1.0000e+25
4.4454e+04 6.4239e+04 1.0000e+25
4.6875e+04 6.4239e+04 1.0000e+25
4.9296e+04 6.4239e+04 1.0000e+25
4.4454e+04 6.4844e+04 1.0000e+25
4.6875e+04 6.4844e+04 1.0000e+25
4.9296e+04 6.4844e+04 1.0000e+25
4.4454e+04 6.5449e+04 1.0000e+25
4.6875e+04 6.5449e+04 1.0000e+25
4.9296e+04 6.5449e+04 1.0000e+25
5.0704e+04 6.4239e+04 1.0000e+25
5.3125e+04 6.4239e+04 1.0000e+25
5.5546e+04 6.4239e+04 1.0000e+25
5.0704e+04 6.4844e+04 1.0000e+25
5.3125e+04 6.4844e+04 1.0000e+25
5.5546e+04 6.4844e+04 1.0000e+25
5.0704e+04 6.5449e+04 1.0000e+25
5.3125e+04 6.5449e+04 1.0000e+25
5.5546e+04 6.5449e+04 1.0000e+25
5.6954e+04 6.4239e+04 1.0000e+25
5.9375e+04 6.4239e+04 1.0000e+25
6.1796e+04 6.4239e+04 1.0000e+25
5.6954e+04 6.4844e+04 1.0000e+25
5.9375e+04 6.4844e+04 1.0000e+25
6.1796e+04 6.4844e+04 1.0000e+25
5.6954e+04 6.5449e+04 1.0000e+25
5.9375e+04 6.5449e+04 1.0000e+25
6.1796e+04 6.5449e+04 1.0000e+25
6.3204e+04 6.4239e+04 1.0000e+25
6.5625e+04 6.4239e+04 1.0000e+25
6.8046e+04 6.4239e+04 1.0000e+25
6.3204e+04 6.4844e+04 1.0000e+25
6.5625e+04 6.4844e+04 1.0000e+25
6.8046e+04 6.4844e+04 1.0000e+25
6.3204e+04 6.5449e+04 1.0000e+25
6.5625e+04 6.5449e+04 1.0000e+25
6.8046e+04 6.5449e+04 1.0000e+25
6.9454e+04 6.4239e+04 1.0000e+25
7.1875e+04 6.4239e+04 1.0000e+25
7.4296e+04 6.4239e+04 1.0000e+25
6.9454e+04 6.4844e+04 1.0000e+25
7.1875e+04 6.4844e+04 1.0000e+25
7.4296e+04 6.4844e+04 1.0000e+25
6.9454e+04 6.5449e+04 1.0000e+25
7.1875e+04 6.5449e+04 1.0000e+25
7.4296e+04 6.5449e+04 1.0000e+25
7.5704e+04 6.4239e+04 1.0000e+25
7.8125e+04 6.4239e+04 1.0000e+25
8.0546e+04 6.4239e+04 1.0000e+25
7.5704e+04 6.4844e+04 1.0000e+25
7.8125e+04 6.4844e+04 1.0000e+25
8.0546e+04 6.4844e+04 1.0000e+25
7.5704e+04 6.5449e+04 1.0000e+25
7.8125e+04 6.5449e+04 1.0000e+25
8.0546e+04 6.5449e+04 1.0000e+25
8.1954e+04 6.4239e+04 1.0000e+25
8.4375e+04 6.4239e+04 1.0000e+25
8.6796e+04 6.4239e+04 1.0000e+25
8.1954e+04 6.4844e+04 1.0000e+25
8.4375e+04 6.4844e+04 1.0000e+25
8.6796e+04 6.4844e+04 1.0000e+25
8.1954e+04 6.5449e+04 1.0000e+25
8.4375e+04 6.5449e+04 1.0000e+25
8.6796e+04 6.5449e+04 1.0000e+25
8.8204e+04 6.4239e+04 1.0000e+25
9.0625e+04 6.4239e+04 1.0000e+25
9.3046e+04 6.4239e+04 1.0000e+25
8.8204e+04 6.4844e+04 1.0000e+25
9.0625e+04 6.4844e+04 1.0000e+25
9.3046e+04 6.4844e+04 1.0000e+25
8.8204e+04 6.5449e+04 1.0000e+25
9.0625e+04 6.5449e+04 1.0000e+25
9.3046e+04 6.5449e+04 1.0000e+25
9.4454e+04 6.4239e+04 1.0000e+25
9.6875e+04 6.4239e+04 1.0000e+25
9.9296e+04 6.4239e+04 1.0000e+25
9.4454e+04 6.4844e+04 1.0000e+25
9.6875e+04 6.4844e+04 1.0000e+25
9.9296e+04 6.4844e+04 1.0000e+25
9.4454e+04 6.5449e+04 1.0000e+25
9.6875e+04 6.5449e+04 1.0000e+25
9.9296e+04 6.5449e+04 1.0000e+25
7.0439e+02 6.5801e+04 1.0000e+25
3.1250e+03 6.5801e+04 1.0000e+25
5.5456e+03 6.5801e+04 1.0000e+25
7.0439e+02 6.6406e+04 1.0000e+25
3.1250e+03 6.6406e+04 1.0000e+25
5.5456e+03 6.6406e+04 1.0000e+25
7.0439e+02 6.7011e+04 1.0000e+25
3.1250e+03 6.7011e+04 1.0000e+25
5.5456e+03 6.7011e+04 1.0000e+25
6.9544e+03 6.5801e+04 1.0000e+25
9.3750e+03 6.5801e+04 1.0000e+25
1.1796e+04 6.5801e+04 1.0000e+25
6.9544e+03 6.6406e+04 1.0000e+25
9.3750e+03 6.6406e+04 1.0000e+25
1.1796e+04 6.6406e+04 1.0000e+25
6.9544e+03 6.7011e+04 1.0000e+25
9.3750e+03 6.7011e+04 1.0000e+25
1.1796e+04 6.7011e+04 1.0000e+25
1.3204e+04 6.5801e+04 1.0000e+25
1.5625e+04 6.5801e+04 1.0000e+25
1.8046e+04 6.5801e+04 1.0000e+25
1.3204e+04 6.6406e+04 1.0000e+25
1.5625e+04 6.6406e+04 1.0000e+25
1.8046e+04 6.6406e+04 1.0000e+25
1.3204e+04 6.7011e+04 1.0000e+25
1.5625e+04 6.7011e+04 1.0000e+25
1.8046e+04 6.7011e+04 1.0000e+25
1.9454e+04 6.5801e+04 1.0000e+25
2.1875e+04 6.5801e+04 1.0000e+25
2.4296e+04 6.5801e+04 1.0000e+25
1.9454e+04 6.6406e+04 1.0000e+25
2.1875e+04 6.6406e+04 1.0000e+25
2.4296e+04 6.6406e+04 1.0000e+25
1.9454e+04 6.7011e+04 1.0000e+25
2.1875e+04 6.7011e+04 1.0000e+25
2.4296e+04 6.7011e+04 1.0000e+25
2.5704e+04 6.5801e+04 1.0000e+25
2.8125e+04 6.5801e+04 1.0000e+25
3.0546e+04 6.5801e+04 1.0000e+25
2.5704e+04 6.6406e+04 1.0000e+25
2.8125e+04 6.6406e+04 1.0000e+25
3.0546e+04 6.6406e+04 1.0000e+25
2.5704e+04 6.7011e+04 1.0000e+25
2.8125e+04 6.7011e+04 1.0000e+25
3.0546e+04 6.7011e+04 1.0000e+25
3.1954e+04 6.5801e+04 1.0000e+25
3.4375e+04 6.5801e+04 1.0000e+25
3.6796e+04 6.5801e+04 1.0000e+25
3.1954e+04 6.6406e+04 1.0000e+25
3.4375e+04 6.6406e+04 1.0000e+25
3.6796e+04 6.6406e+04 1.0000e+25
3.1954e+04 6.7011e+04 1.0000e+25
3.4375e+04 6.7011e+04 1.0000e+25
3.6796e+04 6.7011e+04 1.0000e+25
3.8204e+04 6.5801e+04 1.0000e+25
4.0625e+04 6.5801e+04 1.0000e+25
4.3046e+04 6.5801e+04 1.0000e+25
3.8204e+04 6.6406e+04 1.0000e+25
4.0625e+04 6.6406e+04 1.0000e+25
4.3046e+04 6.6406e+04 1.0000e+25
3.8204e+04 6.7011e+04 1.0000e+25
4.0625e+04 6.7011e+04 1.0000e+25
4.3046e+04 6.7011e+04 1.0000e+25
4.4454e+04 6.5801e+04 1.0000e+25
4.6875e+04 6.5801e+04 1.0000e+25
4.9296e+04 6.5801e+04 1.0000e+25
4.4454e+04 6.6406e+04 1.0000e+25
4.6875e+04 6.6406e+04 1.0000e+25
4.9296e+04 6.6406e+04 1.0000e+25
4.4454e+04 6.7011e+04 1.0000e+25
4.6875e+04 6.7011e+04 1.0000e+25
4.9296e+04 6.7011e+04 1.0000e+25
5.0704e+04 6.5801e+04 1.0000e+25
5.3125e+04 6.5801e+04 1.0000e+25
5.5546e+04 6.5801e+04 1.0000e+25
5.0704e+04 6.6406e+04 1.0000e+25
5.3125e+04 6.6406e+04 1.0000e+25
5.5546e+04 6.6406e+04 1.0000e+25
5.0704e+04 6.7011e+04 1.0000e+25
5.3125e+04 6.7011e+04 1.0000e+25
5.5546e+04 6.7011e+04 1.0000e+25
5.6954e+04 6.5801e+04 1.0000e+25
5.9375e+04 6.5801e+04 1.0000e+25
6.1796e+04 6.5801e+04 1.0000e+25
5.6954e+04 6.6406e+04 1.0000e+25
5.9375e+04 6.6406e+04 1.0000e+25
6.1796e+04 6.6406e+04 1.0000e+25
5.6954e+04 6.7011e+04 1.0000e+25
5.9375e+04 6.7011e+04 1.0000e+25
6.1796e+04 6.7011e+04 1.0000e+25
6.3204e+04 6.5801e+04 1.0000e+25
6.5625e+04 6.5801e+04 1.0000e+25
6.8046e+04 6.5801e+04 1.0000e+25
6.3204e+04 6.6406e+04 1.0000e+25
6.5625e+04 6.6406e+04 1.0000e+25
6.8046e+04 6.6406e+04 1.0000e+25
6.3204e+04 6.7011e+04 1.0000e+25
6.5625e+04 6.7011e+04 1.0000e+25
6.8046e+04 6.7011e+04 1.0000e+25
6.9454e+04 6.5801e+04 1.0000e+25
7.1875e+04 6.5801e+04 1.0000e+25
7.4296e+04 6.5801e+04 1.0000e+25
6.9454e+04 6.6406e+04 1.0000e+25
7.1875e+04 6.6406e+04 1.0000e+25
7.4296e+04 6.6406e+04 1.0000e+25
6.9454e+04 6.7011e+04 1.0000e+25
7.1875e+04 6.7011e+04 1.0000e+25
7.4296e+04 6.7011e+04 1.0000e+25
7.5704e+04 6.5801e+04 1.0000e+25
7.8125e+04 6.5801e+04 1.0000e+25
8.0546e+04 6.5801e+04 1.0000e+25
7.5704e+04 6.6406e+04 1.0000e+25
7.8125e+04 6.6406e+04 1.0000e+25
8.0546e+04 6.6406e+04 1.0000e+25
7.5704e+04 6.7011e+04 1.0000e+25
7.8125e+04 6.7011e+04 1.0000e+25
8.0546e+04 6.7011e+04 1.0000e+25
8.1954e+04 6.5801e+04 1.0000e+25
8.4375e+04 6.5801e+04 1.0000e+25
8.6796e+04 6.5801e+04 1.0000e+25
8.1954e+04 6.6406e+04 1.0000e+25
8.4375e+04 6.6406e+04 1.0000e+25
8.6796e+04 6.6406e+04 1.0000e+25
8.1954e+04 6.7011e+04 1.0000e+25
8.4375e+04 6.7011e+04 1.0000e+25
8.6796e+04 6.7011e+04 1.0000e+25
8.8204e+04 6.5801e+04 1.0000e+25
9.0625e+04 6.5801e+04 1.0000e+25
9.3046e+04 6.5801e+04 1.0000e+25
8.8204e+04 6.6406e+04 1.0000e+25
9.0625e+04 6.6406e+04 1.0000e+25
9.3046e+04 6.6406e+04 1.0000e+25
8.8204e+04 6.7011e+04 1.0000e+25
9.0625e+04 6.7011e+04 1.0000e+25
9.3046e+04 6.7011e+04 1.0000e+25
9.4454e+04 6.5801e+04 1.0000e+25
9.6875e+04 6.5801e+04 1.0000e+25
9.9296e+04 6.5801e+04 1.0000e+25
9.4454e+04 6.6406e+04 1.0000e+25
9.6875e+04 6.6406e+04 1.0000e+25
9.9296e+04 6.6406e+04 1.0000e+25
9.4454e+04 6.7011e+04 1.0000e+25
9.6875e+04 6.7011e+04 1.0000e+25
9.9296e+04 6.7011e+04 1.0000e+25
7.0439e+02 6.7364e+04 1.0000e+25
3.1250e+03 6.7364e+04 1.0000e+25
5.5456e+03 6.7364e+04 1.0000e+25
7.0439e+02 6.7969e+04 1.0000e+25
3.1250e+03 6.7969e+04 1.0000e+25
5.5456e+03 6.7969e+04 1.0000e+25
7.0439e+02 6.8574e+04 1.0000e+25
3.1250e+03 6.8574e+04 1.0000e+25
5.5456e+03 6.8574e+04 1.0000e+25
6.9544e+03 6.7364e+04 1.0000e+25
9.3750e+03 6.7364e+04 1.0000e+25
1.1796e+04 6.7364e+04 1.0000e+25
6.9544e+03 6.7969e+04 1.0000e+25
9.3750e+03 6.7969e+04 1.0000e+25
1.1796e+04 6.7969e+04 1.0000e+25
6.9544e+03 6.8574e+04 1.0000e+25
9.3750e+03 6.8574e+04 1.0000e+25
1.1796e+04 6.8574e+04 1.0000e+25
1.3204e+04 6.7364e+04 1.0000e+25
1.5625e+04 6.7364e+04 1.0000e+25
1.8046e+04 6.7364e+04 1.0000e+25
1.3204e+04 6.7969e+04 1.0000e+25
1.5625e+04 6.7969e+04 1.0000e+25
1.8046e+04 6.7969e+04 1.0000e+25
1.3204e+04 6.8574e+04 1.0000e+25
1.5625e+04 6.8574e+04 1.0000e+25
1.8046e+04 6.8574e+04 1.0000e+25
1.9454e+04 6.7364e+04 1.0000e+25
2.1875e+04 6.7364e+04 1.0000e+25
2.4296e+04 6.7364e+04 1.0000e+25
1.9454e+04 6.7969e+04 1.0000e+25
2.1875e+04 6.7969e+04 1.0000e+25
2.4296e+04 6.7969e+04 1.0000e+25
1.9454e+04 6.8574e+04 1.0000e+25
2.1875e+04 6.8574e+04 1.0000e+25
2.4296e+04 6.8574e+04 1.0000e+25
2.5704e+04 6.7364e+04 1.0000e+25
2.8125e+04 6.7364e+04 1.0000e+25
3.0546e+04 6.7364e+04 1.0000e+25
2.5704e+04 6.7969e+04 1.0000e+25
2.8125e+04 6.7969e+04 1.0000e+25
3.0546e+04 6.7969e+04 1.0000e+25
2.5704e+04 6.8574e+04 1.0000e+25
2.8125e+04 6.8574e+04 1.0000e+25
3.0546e+04 6.8574e+04 1.0000e+25
3.1954e+04 6.7364e+04 1.0000e+25
3.4375e+04 6.7364e+04 1.0000e+25
3.6796e+04 6.7364e+04 1.0000e+25
3.1954e+04 6.7969e+04 1.0000e+25
3.4375e+04 6.7969e+04 1.0000e+25
3.6796e+04 6.7969e+04 1.0000e+25
3.1954e+04 6.8574e+04 1.0000e+25
3.4375e+04 6.8574e+04 1.0000e+25
3.6796e+04 6.8574e+04 1.0000e+25
3.8204e+04 6.7364e+04 1.0000e+25
4.0625e+04 6.7364e+04 1.0000e+25
4.3046e+04 6.7364e+04 1.0000e+25
3.8204e+04 6.7969e+04 1.0000e+25
4.0625e+04 6.7969e+04 1.0000e+25
4.3046e+04 6.7969e+04 1.0000e+25
3.8204e+04 6.8574e+04 1.0000e+25
4.0625e+04 6.8574e+04 1.0000e+25
4.3046e+04 6.8574e+04 1.0000e+25
4.4454e+04 6.7364e+04 1.0000e+25
4.6875e+04 6.7364e+04 1.0000e+25
4.9296e+04 6.7364e+04 1.0000e+25
4.4454e+04 6.7969e+04 1.0000e+25
4.6875e+04 6.7969e+04 1.0000e+25
4.9296e+04 6.7969e+04 1.0000e+25
4.4454e+04 6.8574e+04 1.0000e+25
4.6875e+04 6.8574e+04 1.0000e+25
4.9296e+04 6.8574e+04 1.0000e+25
5.0704e+04 6.7364e+04 1.0000e+25
5.3125e+04 6.7364e+04 1.0000e+25
5.5546e+04 6.7364e+04 1.0000e+25
5.0704e+04 6.7969e+04 1.0000e+25
5.3125e+04 6.7969e+04 1.0000e+25
5.5546e+04 6.7969e+04 1.0000e+25
5.0704e+04 6.8574e+04 1.0000e+25
5.3125e+04 6.8574e+04 1.0000e+25
5.5546e+04 6.8574e+04 1.0000e+25
5.6954e+04 6.7364e+04 1.0000e+25
5.9375e+04 6.7364e+04 1.0000e+25
6.1796e+04 6.7364e+04 1.0000e+25
5.6954e+04 6.7969e+04 1.0000e+25
5.9375e+04 6.7969e+04 1.0000e+25
6.1796e+04 6.7969e+04 1.0000e+25
5.6954e+04 6.8574e+04 1.0000e+25
5.9375e+04 6.8574e+04 1.0000e+25
6.1796e+04 6.8574e+04 1.0000e+25
6.3204e+04 6.7364e+04 1.0000e+25
6.5625e+04 6.7364e+04 1.0000e+25
6.8046e+04 6.7364e+04 1.0000e+25
6.3204e+04 6.7969e+04 1.0000e+25
6.5625e+04 6.7969e+04 1.0000e+25
6.8046e+04 6.7969e+04 1.0000e+25
6.3204e+04 6.8574e+04 1.0000e+25
6.5625e+04 6.8574e+04 1.0000e+25
6.8046e+04 6.8574e+04 1.0000e+25
6.9454e+04 6.7364e+04 1.0000e+25
7.1875e+04 6.7364e+04 1.0000e+25
7.4296e+04 6.7364e+04 1.0000e+25
6.9454e+04 6.7969e+04 1.0000e+25
7.1875e+04 6.7969e+04 1.0000e+25
7.4296e+04 6.7969e+04 1.0000e+25
6.9454e+04 6.8574e+04 1.0000e+25
7.1875e+04 6.8574e+04 1.0000e+25
7.4296e+04 6.8574e+04 1.0000e+25
7.5704e+04 6.7364e+04 1.0000e+25
7.8125e+04 6.7364e+04 1.0000e+25
8.0546e+04 6.7364e+04 1.0000e+25
7.5704e+04 6.7969e+04 1.0000e+25
7.8125e+04 6.7969e+04 1.0000e+25
8.0546e+04 6.7969e+04 1.0000e+25
7.5704e+04 6.8574e+04 1.0000e+25
7.8125e+04 6.8574e+04 1.0000e+25
8.0546e+04 6.8574e+04 1.0000e+25
8.1954e+04 6.7364e+04 1.0000e+25
8.4375e+04 6.7364e+04 1.0000e+25
8.6796e+04 6.7364e+04 1.0000e+25
8.1954e+04 6.7969e+04 1.0000e+25
8.4375e+04 6.7969e+04 1.0000e+25
8.6796e+04 6.7969e+04 1.0000e+25
8.1954e+04 6.8574e+04 1.0000e+25
8.4375e+04 6.8574e+04 1.0000e+25
8.6796e+04 6.8574e+04 1.0000e+25
8.8204e+04 6.7364e+04 1.0000e+25
9.0625e+04 6.7364e+04 1.0000e+25
9.3046e+04 6.7364e+04 1.0000e+25
8.8204e+04 6.7969e+04 1.0000e+25
9.0625e+04 6.7969e+04 1.0000e+25
9.3046e+04 6.7969e+04 1.0000e+25
8.8204e+04 6.8574e+04 1.0000e+25
9.0625e+04 6.8574e+04 1.0000e+25
9.3046e+04 6.8574e+04 1.0000e+25
9.4454e+04 6.7364e+04 1.0000e+25
9.6875e+04 6.7364e+04 1.0000e+25
9.9296e+04 6.7364e+04 1.0000e+25
9.4454e+04 6.7969e+04 1.0000e+25
9.6875e+04 6.7969e+04 1.0000e+25
9.9296e+04 6.7969e+04 1.0000e+25
9.4454e+04 6.8574e+04 1.0000e+25
9.6875e+04 6.8574e+04 1.0000e+25
9.9296e+04 6.8574e+04 1.0000e+25
7.0439e+02 6.8926e+04 1.0000e+25
3.1250e+03 6.8926e+04 1.0000e+25
5.5456e+03 6.8926e+04 1.0000e+25
7.0439e+02 6.9531e+04 1.0000e+25
3.1250e+03 6.9531e+04 1.0000e+25
5.5456e+03 6.9531e+04 1.0000e+25
7.0439e+02 7.0136e+04 9.7999e+24
3.1250e+03 7.0136e+04 9.7999e+24
5.5456e+03 7.0136e+04 9.7999e+24
6.9544e+03 6.8926e+04 1.0000e+25
9.3750e+03 6.8926e+04 1.0000e+25
1.1796e+04 6.8926e+04 1.0000e+25
6.9544e+03 6.9531e+04 1.0000e+25
9.3750e+03 6.9531e+04 1.0000e+25
1.1796e+04 6.9531e+04 1.0000e+25
6.9544e+03 7.0136e+04 9.7999e+24
9.3750e+03 7.0136e+04 9.7999e+24
1.1796e+04 7.0136e+04 9.7999e+24
1.3204e+04 6.8926e+04 1.0000e+25
1.5625e+04 6.8926e+04 1.0000e+25
1.8046e+04 6.8926e+04 1.0000e+25
1.3204e+04 6.9531e+04 1.0000e+25
1.5625e+04 6.9531e+04 1.0000e+25
1.8046e+04 6.9531e+04 1.0000e+25
1.3204e+04 7.0136e+04 9.7999e+24
1.5625e+04 7.0136e+04 9.7999e+24
1.8046e+04 7.0136e+04 9.7999e+24
1.9454e+04 6.8926e+04 1.0000e+25
2.1875e+04 6.8926e+04 1.0000e+25
2.4296e+04 6.8926e+04 1.0000e+25
1.9454e+04 6.9531e+04 1.0000e+25
2.1875e+04 6.9531e+04 1.0000e+25
2.4296e+04 6.9531e+04 1.0000e+25
1.9454e+04 7.0136e+04 9.7999e+24
2.1875e+04 7.0136e+04 9.7999e+24
2.4296e+04 7.0136e+04 9.7999e+24
2.5704e+04 6.8926e+04 1.0000e+25
2.8125e+04 6.8926e+04 1.0000e+25
3.0546e+04 6.8926e+04 1.0000e+25
2.5704e+04 6.9531e+04 1.0000e+25
2.8125e+04 6.9531e+04 1.0000e+25
3.0546e+04 6.9531e+04 1.0000e+25
2.5704e+04 7.0136e+04 9.7999e+24
2.8125e+04 7.0136e+04 9.7999e+24
3.0546e+04 7.0136e+04 9.7999e+24
3.1954e+04 6.8926e+04 1.0000e+25
3.4375e+04 6.8926e+04 1.0000e+25
3.6796e+04 6.8926e+04 1.0000e+25
3.1954e+04 6.9531e+04 1.0000e+25
3.4375e+04 6.9531e+04 1.0000e+25
3.6796e+04 6.9531e+04 1.0000e+25
3.1954e+04 7.0136e+04 9.7999e+24
3.4375e+04 7.0136e+04 9.7999e+24
3.6796e+04 7.0136e+04 9.7999e+24
3.8204e+04 6.8926e+04 1.0000e+25
4.0625e+04 6.8926e+04 1.0000e+25
4.3046e+04 6.8926e+04 1.0000e+25
3.8204e+04 6.9531e+04 1.0000e+25
4.0625e+04 6.9531e+04 1.0000e+25
4.3046e+04 6.9531e+04 1.0000e+25
3.8204e+04 7.0136e+04 9.7999e+24
4.0625e+04 7.0136e+04 9.7999e+24
4.3046e+04 7.0136e+04 9.7999e+24
4.4454e+04 6.8926e+04 1.0000e+25
4.6875e+04 6.8926e+04 1.0000e+25
4.9296e+04 6.8926e+04 1.0000e+25
4.4454e+04 6.9531e+04 1.0000e+25
4.6875e+04 6.9531e+04 1.0000e+25
4.9296e+04 6.9531e+04 1.0000e+25
4.4454e+04 7.0136e+04 9.7999e+24
4.6875e+04 7.0136e+04 9.7999e+24
4.9296e+04 7.0136e+04 9.7999e+24
5.0704e+04 6.8926e+04 1.0000e+25
5.3125e+04 6.8926e+04 1.0000e+25
5.5546e+04 6.8926e+04 1.0000e+25
5.0704e+04 6.9531e+04 1.0000e+25
5.3125e+04 6.9531e+04 1.0000e+25
5.5546e+04 6.9531e+04 1.0000e+25
5.0704e+04 7.0136e+04 9.7999e+24
5.3125e+04 7.0136e+04 9.7999e+24
5.5546e+04 7.0136e+04 9.7999e+24
5.6954e+04 6.8926e+04 1.0000e+25
5.9375e+04 6.8926e+04 1.0000e+25
6.1796e+04 6.8926e+04 1.0000e+25
5.6954e+04 6.9531e+04 1.0000e+25
5.9375e+04 6.9531e+04 1.0000e+25
6.1796e+04 6.9531e+04 1.0000e+25
5.6954e+04 7.0136e+04 9.7999e+24
5.9375e+04 7.0136e+04 9.7999e+24
6.1796e+04 7.0136e+04 9.7999e+24
6.3204e+04 6.8926e+04 1.0000e+25
6.5625e+04 6.8926e+04 1.0000e+25
6.8046e+04 6.8926e+04 1.0000e+25
6.3204e+04 6.9531e+04 1.0000e+25
6.5625e+04 6.9531e+04 1.0000e+25
6.8046e+04 6.9531e+04 1.0000e+25
6.3204e+04 7.0136e+04 9.7999e+24
6.5625e+04 7.0136e+04 9.7999e+24
6.8046e+04 7.0136e+04 9.7999e+24
6.9454e+04 6.8926e+04 1.0000e+25
7.1875e+04 6.8926e+04 1.0000e+25
7.4296e+04 6.8926e+04 1.0000e+25
6.9454e+04 6.9531e+04 1.0000e+25
7.1875e+04 6.9531e+04 1.0000e+25
7.4296e+04 6.9531e+04 1.0000e+25
6.9454e+04 7.0136e+04 9.7999e+24
7.1875e+04 7.0136e+04 9.7999e+24
7.4296e+04 7.0136e+04 9.7999e+24
7.5704e+04 6.8926e+04 1.0000e+25
7.8125e+04 6.8926e+04 1.0000e+25
8.0546e+04 6.8926e+04 1.0000e+25
7.5704e+04 6.9531e+04 1.0000e+25
7.8125e+04 6.9531e+04 1.0000e+25
8.0546e+04 6.9531e+04 1.0000e+25
7.5704e+04 7.0136e+04 9.7999e+24
7.8125e+04 7.0136e+04 9.7999e+24
8.0546e+04 7.0136e+04 9.7999e+24
8.1954e+04 6.8926e+04 1.0000e+25
8.4375e+04 6.8926e+04 1.0000e+25
8.6796e+04 6.8926e+04 1.0000e+25
8.1954e+04 6.9531e+04 1.0000e+25
8.4375e+04 6.9531e+04 1.0000e+25
8.6796e+04 6.9531e+04 1.0000e+25
8.1954e+04 7.0136e+04 9.7999e+24
8.4375e+04 7.0136e+04 9.7999e+24
8.6796e+04 7.0136e+04 9.7999e+24
8.8204e+04 6.8926e+04 1.0000e+25
9.0625e+04 6.8926e+04 1.0000e+25
9.3046e+04 6.8926e+04 1.0000e+25
8.8204e+04 6.9531e+04 1.0000e+25
9.0625e+04 6.9531e+04 1.0000e+25
9.3046e+04 6.9531e+04 1.0000e+25
8.8204e+04 7.0136e+04 9.7999e+24
9.0625e+04 7.0136e+04 9.7999e+24
9.3046e+04 7.0136e+04 9.7999e+24
9.4454e+04 6.8926e+04 1.0000e+25
9.6875e+04 6.8926e+04 1.0000e+25
9.9296e+04 6.8926e+04 1.0000e+25
9.4454e+04 6.9531e+04 1.0000e+25
9.6875e+04 6.9531e+04 1.0000e+25
9.9296e+04 6.9531e+04 1.0000e+25
9.4454e+04 7.0136e+04 9.7999e+24
9.6875e+04 7.0136e+04 9.7999e+24
9.9296e+04 7.0136e+04 9.7999e+24
7.0439e+02 7.0489e+04 8.2363e+24
3.1250e+03 7.0489e+04 8.2363e+24
5.5456e+03 7.0489e+04 8.2363e+24
7.0439e+02 7.1094e+04 6.8195e+24
3.1250e+03 7.1094e+04 6.8195e+24
5.5456e+03 7.1094e+04 6.8195e+24
7.0439e+02 7.1699e+04 5.8667e+24
3.1250e+03 7.1699e+04 5.8667e+24
5.5456e+03 7.1699e+04 5.8667e+24
6.9544e+03 7.0489e+04 8.2363e+24
9.3750e+03 7.0489e+04 8.2363e+24
1.1796e+04 7.0489e+04 8.2363e+24
6.9544e+03 7.1094e+04 6.8195e+24
9.3750e+03 7.1094e+04 6.8195e+24
1.1796e+04 7.1094e+04 6.8195e+24
6.9544e+03 7.1699e+04 5.8667e+24
9.3750e+03 7.1699e+04 5.8667e+24
1.1796e+04 7.1699e+04 5.8667e+24
1.3204e+04 7.0489e+04 8.2363e+24
1.5625e+04 7.0489e+04 8.2363e+24
1.8046e+04 7.0489e+04 8.2363e+24
1.3204e+04 7.1094e+04 6.8195e+24
1.5625e+04 7.1094e+04 6.8195e+24
1.8046e+04 7.1094e+04 6.8195e+24
1.3204e+04 7.1699e+04 5.8667e+24
1.5625e+04 7.1699e+04 5.8667e+24
1.8046e+04 7.1699e+04 5.8667e+24
1.9454e+04 7.0489e+04 8.2363e+24
2.1875e+04 7.0489e+04 8.2363e+24
2.4296e+04 7.0489e+04 8.2363e+24
1.9454e+04 7.1094e+04 6.8195e+24
2.1875e+04 7.1094e+04 6.8195e+24
2.4296e+04 7.1094e+04 6.8195e+24
1.9454e+04 7.1699e+04 5.8667e+24
2.1875e+04 7.1699e+04 5.8667e+24
2.4296e+04 7.1699e+04 5.8667e+24
2.5704e+04 7.0489e+04 8.2363e+24
2.8125e+04 7.0489e+04 8.2363e+24
3.0546e+04 7.0489e+04 8.2363e+24
2.5704e+04 7.1094e+04 6.8195e+24
2.8125e+04 7.1094e+04 6.8195e+24
3.0546e+04 7.1094e+04 6.8195e+24
2.5704e+04 7.1699e+04 5.8667e+24
2.8125e+04 7.1699e+04 5.8667e+24
3.0546e+04 7.1699e+04 5.8667e+24
3.1954e+04 7.0489e+04 8.2363e+24
3.4375e+04 7.0489e+04 8.2363e+24
3.6796e+04 7.0489e+04 8.2363e+24
3.1954e+04 7.1094e+04 6.8195e+24
3.4375e+04 7.1094e+04 6.8195e+24
3.6796e+04 7.1094e+04 6.8195e+24
3.1954e+04 7.1699e+04 5.8667e+24
3.4375e+04 7.1699e+04 5.8667e+24
3.6796e+04 7.1699e+04 5.8667e+24
3.8204e+04 7.0489e+04 8.2363e+24
4.0625e+04 7.0489e+04 8.2363e+24
4.3046e+04 7.0489e+04 8.2363e+24
3.8204e+04 7.1094e+04 6.8195e+24
4.0625e+04 7.1094e+04 6.8195e+24
4.3046e+04 7.1094e+04 6.8195e+24
3.8204e+04 7.1699e+04 5.8667e+24
4.0625e+04 7.1699e+04 5.8667e+24
4.3046e+04 7.1699e+04 5.8667e+24
4.4454e+04 7.0489e+04 8.2363e+24
4.6875e+04 7.0489e+04 8.2363e+24
4.9296e+04 7.0489e+04 8.2363e+24
4.4454e+04 7.1094e+04 6.8195e+24
4.6875e+04 7.1094e+04 6.8195e+24
4.9296e+04 7.1094e+04 6.8195e+24
4.4454e+04 7.1699e+04 5.8667e+24
4.6875e+04 7.1699e+04 5.8667e+24
4.9296e+04 7.1699e+04 5.8667e+24
5.0704e+04 7.0489e+04 8.2363e+24
5.3125e+04 7.0489e+04 8.2363e+24
5.5546e+04 7.0489e+04 8.2363e+24
5.0704e+04 7.1094e+04 6.8195e+24
5.3125e+04 7.1094e+04 6.8195e+24
5.5546e+04 7.1094e+04 6.8195e+24
5.0704e+04 7.1699e+04 5.8667e+24
5.3125e+04 7.1699e+04 5.8667e+24
5.5546e+04 7.1699e+04 5.8667e+24
5.6954e+04 7.0489e+04 8.2363e+24
5.9375e+04 7.0489e+04 8.2363e+24
6.1796e+04 7.0489e+04 8.2363e+24
5.6954e+04 7.1094e+04 6.8195e+24
5.9375e+04 7.1094e+04 6.8195e+24
6.1796e+04 7.1094e+04 6.8195e+24
5.6954e+04 7.1699e+04 5.8667e+24
5.9375e+04 7.1699e+04 5.8667e+24
6.1796e+04 7.1699e+04 5.8667e+24
6.3204e+04 7.0489e+04 8.2363e+24
6.5625e+04 7.0489e+04 8.2363e+24
6.8046e+04 7.0489e+04 8.2363e+24
6.3204e+04 7.1094e+04 6.8195e+24
6.5625e+04 7.1094e+04 6.8195e+24
6.8046e+04 7.1094e+04 6.8195e+24
6.3204e+04 7.1699e+04 5.8667e+24
6.5625e+04 7.1699e+04 5.8667e+24
6.8046e+04 7.1699e+04 5.8667e+24
6.9454e+04 7.0489e+04 8.2363e+24
7.1875e+04 7.0489e+04 8.2363e+24
7.4296e+04 7.0489e+04 8.2363e+24
6.9454e+04 7.1094e+04 6.8195e+24
7.1875e+04 7.1094e+04 6.8195e+24
7.4296e+04 7.1094e+04 6.8195e+24
6.9454e+04 7.1699e+04 5.8667e+24
7.1875e+04 7.1699e+04 5.8667e+24
7.4296e+04 7.1699e+04 5.8667e+24
7.5704e+04 7.0489e+04 8.2363e+24
7.8125e+04 7.0489e+04 8.2363e+24
8.0546e+04 7.0489e+04 8.2363e+24
7.5704e+04 7.1094e+04 6.8195e+24
7.8125e+04 7.1094e+04 6.8195e+24
8.0546e+04 7.1094e+04 6.8195e+24
7.5704e+04 7.1699e+04 5.8667e+24
7.8125e+04 7.1699e+04 5.8667e+24
8.0546e+04 7.1699e+04 5.8667e+24
8.1954e+04 7.0489e+04 8.2363e+24
8.4375e+04 7.0489e+04 8.2363e+24
8.6796e+04 7.0489e+04 8.2363e+24
8.1954e+04 7.1094e+04 6.8195e+24
8.4375e+04 7.1094e+04 6.8195e+24
8.6796e+04 7.1094e+04 6.8195e+24
8.1954e+04 7.1699e+04 5.8667e+24
8.4375e+04 7.1699e+04 5.8667e+24
8.6796e+04 7.1699e+04 5.8667e+24
8.8204e+04 7.0489e+04 8.2363e+24
9.0625e+04 7.0489e+04 8.2363e+24
9.3046e+04 7.0489e+04 8.2363e+24
8.8204e+04 7.1094e+04 6.8195e+24
9.0625e+04 7.1094e+04 6.8195e+24
9.3046e+04 7.1094e+04 6.8195e+24
8.8204e+04 7.1699e+04 5.8667e+24
9.0625e+04 7.1699e+04 5.8667e+24
9.3046e+04 7.1699e+04 5.8667e+24
9.4454e+04 7.0489e+04 8.2363e+24
9.6875e+04 7.0489e+04 8.2363e+24
9.9296e+04 7.0489e+04 8.2363e+24
9.4454e+04 7.1094e+04 6.8195e+24
9.6875e+04 7.1094e+04 6.8195e+24
9.9296e+04 7.1094e+04 6.8195e+24
9.4454e+04 7.1699e+04 5.8667e+24
9.6875e+04 7.1699e+04 5.8667e+24
9.9296e+04 7.1699e+04 5.8667e+24
7.0439e+02 7.2051e+04 5.4434e+24
3.1250e+03 7.2051e+04 5.4434e+24
5.5456e+03 7.2051e+04 5.4434e+24
7.0439e+02 7.2656e+04 4.8659e+24
3.1250e+03 7.2656e+04 4.8659e+24
5.5456e+03 7.2656e+04 4.8659e+24
7.0439e+02 7.3261e+04 4.4212e+24
3.1250e+03 7.3261e+04 4.4212e+24
5.5456e+03 7.3261e+04 4.4212e+24
6.9544e+03 7.2051e+04 5.4434e+24
9.3750e+03 7.2051e+04 5.4434e+24
1.1796e+04 7.2051e+04 5.4434e+24
6.9544e+03 7.2656e+04 4.8659e+24
9.3750e+03 7.2656e+04 4.8659e+24
1.1796e+04 7.2656e+04 4.8659e+24
6.9544e+03 7.3261e+04 4.4212e+24
9.3750e+03 7.3261e+04 4.4212e+24
1.1796e+04 7.3261e+04 4.4212e+24
1.3204e+04 7.2051e+04 5.4434e+24
1.5625e+04 7.2051e+04 5.4434e+24
1.8046e+04 7.2051e+04 5.4434e+24
1.3204e+04 7.2656e+04 4.8659e+24
1.5625e+04 7.2656e+04 4.8659e+24
1.8046e+04 7.2656e+04 4.8659e+24
1.3204e+04 7.3261e+04 4.4212e+24
1.5625e+04 7.3261e+04 4.4212e+24
1.8046e+04 7.3261e+04 4.4212e+24
1.9454e+04 7.2051e+04 5.4434e+24
2.1875e+04 7.2051e+04 5.4434e+24
2.4296e+04 7.2051e+04 5.4434e+24
1.9454e+04 7.2656e+04 4.8659e+24
2.1875e+04 7.2656e+04 4.8659e+24
2.4296e+04 7.2656e+04 4.8659e+24
1.9454e+04 7.3261e+04 4.4212e+24
2.1875e+04 7.3261e+04 4.4212e+24
2.4296e+04 7.3261e+04 4.4212e+24
2.5704e+04 7.2051e+04 5.4434e+24
2.8125e+04 7.2051e+04 5.4434e+24
3.0546e+04 7.2051e+04 5.4434e+24
2.5704e+04 7.2656e+04 4.8659e+24
2.8125e+04 7.2656e+04 4.8659e+24
3.0546e+04 7.2656e+04 4.8659e+24
2.5704e+04 7.3261e+04 4.4212e+24
2.8125e+04 7.3261e+04 4.4212e+24
3.0546e+04 7.3261e+04 4.4212e+24
3.1954e+04 7.2051e+04 5.4434e+24
3.4375e+04 7.2051e+04 5.4434e+24
3.6796e+04 7.2051e+04 5.4434e+24
3.1954e+04 7.2656e+04 4.8659e+24
3.4375e+04 7.2656e+04 4.8659e+24
3.6796e+04 7.2656e+04 4.8659e+24
3.1954e+04 7.3261e+04 4.4212e+24
3.4375e+04 7.3261e+04 4.4212e+24
3.6796e+04 7.3261e+04 4.4212e+24
3.8204e+04 7.2051e+04 5.4434e+24
4.0625e+04 7.2051e+04 5.4434e+24
4.3046e+04 7.2051e+04 5.4434e+24
3.8204e+04 7.2656e+04 4.8659e+24
4.0625e+04 7.2656e+04 4.8659e+24
4.3046e+04 7.2656e+04 4.8659e+24
3.8204e+04 7.3261e+04 4.4212e+24
4.0625e+04 7.3261e+04 4.4212e+24
4.3046e+04 7.3261e+04 4.4212e+24
4.4454e+04 7.2051e+04 5.4434e+24
4.6875e+04 7.2051e+04 5.4434e+24
4.9296e+04 7.2051e+04 5.4434e+24
4.4454e+04 7.2656e+04 4.8659e+24
4.6875e+04 7.2656e+04 4.8659e+24
4.9296e+04 7.2656e+04 4.8659e+24
4.4454e+04 7.3261e+04 4.4212e+24
4.6875e+04 7.3261e+04 4.4212e+24
4.9296e+04 7.3261e+04 4.4212e+24
5.0704e+04 7.2051e+04 5.4434e+24
5.3125e+04 7.2051e+04 5.4434e+24
5.5546e+04 7.2051e+04 5.4434e+24
5.0704e+04 7.2656e+04 4.8659e+24
5.3125e+04 7.2656e+04 4.8659e+24
5.5546e+04 7.2656e+04 4.8659e+24
5.0704e+04 7.3261e+04 4.4212e+24
5.3125e+04 7.3261e+04 4.4212e+24
5.5546e+04 7.3261e+04 4.4212e+24
5.6954e+04 7.2051e+04 5.4434e+24
5.9375e+04 7.2051e+04 5.4434e+24
6.1796e+04 7.2051e+04 5.4434e+24
5.6954e+04 7.2656e+04 4.8659e+24
5.9375e+04 7.2656e+04 4.8659e+24
6.1796e+04 7.2656e+04 4.8659e+24
5.6954e+04 7.3261e+04 4.4212e+24
5.9375e+04 7.3261e+04 4.4212e+24
6.1796e+04 7.3261e+04 4.4212e+24
6.3204e+04 7.2051e+04 5.4434e+24
6.5625e+04 7.2051e+04 5.4434e+24
6.8046e+04 7.2051e+04 5.4434e+24
6.3204e+04 7.2656e+04 4.8659e+24
6.5625e+04 7.2656e+04 4.8659e+24
6.8046e+04 7.2656e+04 4.8659e+24
6.3204e+04 7.3261e+04 4.4212e+24
6.5625e+04 7.3261e+04 4.4212e+24
6.8046e+04 7.3261e+04 4.4212e+24
6.9454e+04 7.2051e+04 5.4434e+24
7.1875e+04 7.2051e+04 5.4434e+24
7.4296e+04 7.2051e+04 5.4434e+24
6.9454e+04 7.2656e+04 4.8659e+24
7.1875e+04 7.2656e+04 4.8659e+24
7.4296e+04 7.2656e+04 4.8659e+24
6.9454e+04 7.3261e+04 4.4212e+24
7.1875e+04 7.3261e+04 4.4212e+24
7.4296e+04 7.3261e+04 4.4212e+24
7.5704e+04 7.2051e+04 5.4434e+24
7.8125e+04 7.2051e+04 5.4434e+24
8.0546e+04 7.2051e+04 5.4434e+24
7.5704e+04 7.2656e+04 4.8659e+24
7.8125e+04 7.2656e+04 4.8659e+24
8.0546e+04 7.2656e+04 4.8659e+24
7.5704e+04 7.3261e+04 4.4212e+24
7.8125e+04 7.3261e+04 4.4212e+24
8.0546e+04 7.3261e+04 4.4212e+24
8.1954e+04 7.2051e+04 5.4434e+24
8.4375e+04 7.2051e+04 5.4434e+24
8.6796e+04 7.2051e+04 5.4434e+24
8.1954e+04 7.2656e+04 4.8659e+24
8.4375e+04 7.2656e+04 4.8659e+24
8.6796e+04 7.2656e+04 4.8659e+24
8.1954e+04 7.3261e+04 4.4212e+24
8.4375e+04 7.3261e+04 4.4212e+24
8.6796e+04 7.3261e+04 4.4212e+24
8.8204e+04 7.2051e+04 5.4434e+24
9.0625e+04 7.2051e+04 5.4434e+24
9.3046e+04 7.2051e+04 5.4434e+24
8.8204e+04 7.2656e+04 4.8659e+24
9.0625e+04 7.2656e+04 4.8659e+24
9.3046e+04 7.2656e+04 4.8659e+24
8.8204e+04 7.3261e+04 4.4212e+24
9.0625e+04 7.3261e+04 4.4212e+24
9.3046e+04 7.3261e+04 4.4212e+24
9.4454e+04 7.2051e+04 5.4434e+24
9.6875e+04 7.2051e+04 5.4434e+24
9.9296e+04 7.2051e+04 5.4434e+24
9.4454e+04 7.2656e+04 4.8659e+24
9.6875e+04 7.2656e+04 4.8659e+24
9.9296e+04 7.2656e+04 4.8659e+24
9.4454e+04 7.3261e+04 4.4212e+24
9.6875e+04 7.3261e+04 4.4212e+24
9.9296e+04 7.3261e+04 4.4212e+24
7.0439e+02 7.3614e+04 4.2065e+24
3.1250e+03 7.3614e+04 4.2065e+24
5.5456e+03 7.3614e+04 4.2065e+24
7.0439e+02 7.4219e+04 3.8945e+24
3.1250e+03 7.4219e+04 3.8945e+24
5.5456e+03 7.4219e+04 3.8945e+24
7.0439e+02 7.4824e+04 3.6378e+24
3.1250e+03 7.4824e+04 3.6378e+24
5.5456e+03 7.4824e+04 3.6378e+24
6.9544e+03 7.3614e+04 4.2065e+24
9.3750e+03 7.3614e+04 4.2065e+24
1.1796e+04 7.3614e+04 4.2065e+24
6.9544e+03 7.4219e+04 3.8945e+24
9.3750e+03 7.4219e+04 3.8945e+24
1.1796e+04 7.4219e+04 3.8945e+24
6.9544e+03 7.4824e+04 3.6378e+24
9.3750e+03 7.4824e+04 3.6378e+24
1.1796e+04 7.4824e+04 3.6378e+24
1.3204e+04 7.3614e+04 4.2065e+24
1.5625e+04 7.3614e+04 4.2065e+24
1.8046e+04 7.3614e+04 4.2065e+24
1.3204e+04 7.4219e+04 3.8945e+24
1.5625e+04 7.4219e+04 3.8945e+24
1.8046e+04 7.4219e+04 3.8945e+24
1.3204e+04 7.4824e+04 3.6378e+24
1.5625e+04 7.4824e+04 3.6378e+24
1.8046e+04 7.4824e+04 3.6378e+24
1.9454e+04 7.3614e+04 4.2065e+24
2.1875e+04 7.3614e+04 4.2065e+24
2.4296e+04 7.3614e+04 4.2065e+24
1.9454e+04 7.4219e+04 3.8945e+24
2.1875e+04 7.4219e+04 3.8945e+24
2.4296e+04 7.4219e+04 3.8945e+24
1.9454e+04 7.4824e+04 3.6378e+24
2.1875e+04 7.4824e+04 3.6378e+24
2.4296e+04 7.4824e+04 3.6378e+24
2.5704e+04 7.3614e+04 4.2065e+24
2.8125e+04 7.3614e+04 4.2065e+24
3.0546e+04 7.3614e+04 4.2065e+24
2.5704e+04 7.4219e+04 3.8945e+24
2.8125e+04 7.4219e+04 3.8945e+24
3.0546e+04 7.4219e+04 3.8945e+24
2.5704e+04 7.4824e+04 3.6378e+24
2.8125e+04 7.4824e+04 3.6378e+24
3.0546e+04 7.4824e+04 3.6378e+24
3.1954e+04 7.3614e+04 4.2065e+24
3.4375e+04 7.3614e+04 4.2065e+24
3.6796e+04 7.3614e+04 4.2065e+24
3.1954e+04 7.4219e+04 3.8945e+24
3.4375e+04 7.4219e+04 3.8945e+24
3.6796e+04 7.4219e+04 3.8945e+24
3.1954e+04 7.4824e+04 3.6378e+24
3.4375e+04 7.4824e+04 3.6378e+24
3.6796e+04 7.4824e+04 3.6378e+24
3.8204e+04 7.3614e+04 4.2065e+24
4.0625e+04 7.3614e+04 4.2065e+24
4.3046e+04 7.3614e+04 4.2065e+24
3.8204e+04 7.4219e+04 3.8945e+24
4.0625e+04 7.4219e+04 3.8945e+24
4.3046e+04 7.4219e+04 3.8945e+24
3.8204e+04 7.4824e+04 3.6378e+24
4.0625e+04 7.4824e+04 3.6378e+24
4.3046e+04 7.4824e+04 3.6378e+24
4.4454e+04 7.3614e+04 4.2065e+24
4.6875e+04 7.3614e+04 4.2065e+24
4.9296e+04 7.3614e+04 4.2065e+24
4.4454e+04 7.4219e+04 3.8945e+24
4.6875e+04 7.4219e+04 3.8945e+24
4.9296e+04 7.4219e+04 3.8945e+24
4.4454e+04 7.4824e+04 3.6378e+24
4.6875e+04 7.4824e+04 3.6378e+24
4.9296e+04 7.4824e+04 3.6378e+24
5.0704e+04 7.3614e+04 4.2065e+24
5.3125e+04 7.3614e+04 4.2065e+24
5.5546e+04 7.3614e+04 4.2065e+24
5.0704e+04 7.4219e+04 3.8945e+24
5.3125e+04 7.4219e+04 3.8945e+24
5.5546e+04 7.4219e+04 3.8945e+24
5.0704e+04 7.4824e+04 3.6378e+24
5.3125e+04 7.4824e+04 3.6378e+24
5.5546e+04 7.4824e+04 3.6378e+24
5.6954e+04 7.3614e+04 4.2065e+24
5.9375e+04 7.3614e+04 4.2065e+24
6.1796e+04 7.3614e+04 4.2065e+24
5.6954e+04 7.4219e+04 3.8945e+24
5.9375e+04 7.4219e+04 3.8945e+24
6.1796e+04 7.4219e+04 3.8945e+24
5.6954e+04 7.4824e+04 3.6378e+24
5.9375e+04 7.4824e+04 3.6378e+24
6.1796e+04 7.4824e+04 3.6378e+24
6.3204e+04 7.3614e+04 4.2065e+24
6.5625e+04 7.3614e+04 4.2065e+24
6.8046e+04 7.3614e+04 4.2065e+24
6.3204e+04 7.4219e+04 3.8945e+24
6.5625e+04 7.4219e+04 3.8945e+24
6.8046e+04 7.4219e+04 3.8945e+24
6.3204e+04 7.4824e+04 3.6378e+24
6.5625e+04 7.4824e+04 3.6378e+24
6.8046e+04 7.4824e+04 3.6378e+24
6.9454e+04 7.3614e+04 4.2065e+24
7.1875e+04 7.3614e+04 4.2065e+24
7.4296e+04 7.3614e+04 4.2065e+24
6.9454e+04 7.4219e+04 3.8945e+24
7.1875e+04 7.4219e+04 3.8945e+24
7.4296e+04 7.4219e+04 3.8945e+24
6.9454e+04 7.4824e+04 3.6378e+24
7.1875e+04 7.4824e+04 3.6378e+24
7.4296e+04 7.4824e+04 3.6378e+24
7.5704e+04 7.3614e+04 4.2065e+24
7.8125e+04 7.3614e+04 4.2065e+24
8.0546e+04 7.3614e+04 4.2065e+24
7.5704e+04 7.4219e+04 3.8945e+24
7.8125e+04 7.4219e+04 3.8945e+24
8.0546e+04 7.4219e+04 3.8945e+24
7.5704e+04 7.4824e+04 3.6378e+24
7.8125e+04 7.4824e+04 3.6378e+24
8.0546e+04 7.4824e+04 3.6378e+24
8.1954e+04 7.3614e+04 4.2065e+24
8.4375e+04 7.3614e+04 4.2065e+24
8.6796e+04 7.3614e+04 4.2065e+24
8.1954e+04 7.4219e+04 3.8945e+24
8.4375e+04 7.4219e+04 3.8945e+24
8.6796e+04 7.4219e+04 3.8945e+24
8.1954e+04 7.4824e+04 3.6378e+24
8.4375e+04 7.4824e+04 3.6378e+24
8.6796e+04 7.4824e+04 3.6378e+24
8.8204e+04 7.3614e+04 4.2065e+24
9.0625e+04 7.3614e+04 4.2065e+24
9.3046e+04 7.3614e+04 4.2065e+24
8.8204e+04 7.4219e+04 3.8945e+24
9.0625e+04 7.4219e+04 3.8945e+24
9.3046e+04 7.4219e+04 3.8945e+24
8.8204e+04 7.4824e+04 3.6378e+24
9.0625e+04 7.4824e+04 3.6378e+24
9.3046e+04 7.4824e+04 3.6378e+24
9.4454e+04 7.3614e+04 4.2065e+24
9.6875e+04 7.3614e+04 4.2065e+24
9.9296e+04 7.3614e+04 4.2065e+24
9.4454e+04 7.4219e+04 3.8945e+24
9.6875e+04 7.4219e+04 3.8945e+24
9.9296e+04 7.4219e+04 3.8945e+24
9.4454e+04 7.4824e+04 3.6378e+24
9.6875e+04 7.4824e+04 3.6378e+24
9.9296e+04 7.4824e+04 3.6378e+24
7.0439e+02 7.5176e+04 3.5083e+24
3.1250e+03 7.5176e+04 3.5083e+24
5.5456e+03 7.5176e+04 3.5083e+24
7.0439e+02 7.5781e+04 3.3133e+24
3.1250e+03 7.5781e+04 3.3133e+24
5.5456e+03 7.5781e+04 3.3133e+24
7.0439e+02 7.6386e+04 3.1463e+24
3.1250e+03 7.6386e+04 3.1463e+24
5.5456e+03 7.6386e+04 3.1463e+24
6.9544e+03 7.5176e+04 3.5083e+24
9.3750e+03 7.5176e+04 3.5083e+24
1.1796e+04 7.5176e+04 3.5083e+24
6.9544e+03 7.5781e+04 3.3133e+24
9.3750e+03 7.5781e+04 3.3133e+24
1.1796e+04 7.5781e+04 3.3133e+24
6.9544e+03 7.6386e+04 3.1463e+24
9.3750e+03 7.6386e+04 3.1463e+24
1.1796e+04 7.6386e+04 3.1463e+24
1.3204e+04 7.5176e+04 3.5083e+24
1.5625e+04 7.5176e+04 3.5083e+24
1.8046e+04 7.5176e+04 3.5083e+24
1.3204e+04 7.5781e+04 3.3133e+24
1.5625e+04 7.5781e+04 3.3133e+24
1.8046e+04 7.5781e+04 3.3133e+24
1.3204e+04 7.6386e+04 3.1463e+24
1.5625e+04 7.6386e+04 3.1463e+24
1.8046e+04 7.6386e+04 3.1463e+24
1.9454e+04 7.5176e+04 3.5083e+24
2.1875e+04 7.5176e+04 3.5083e+24
2.4296e+04 7.5176e+04 3.5083e+24
1.9454e+04 7.5781e+04 3.3133e+24
2.1875e+04 7.5781e+04 3.3133e+24
2.4296e+04 7.5781e+04 3.3133e+24
1.9454e+04 7.6386e+04 3.1463e+24
2.1875e+04 7.6386e+04 3.1463e+24
2.4296e+04 7.6386e+04 3.1463e+24
2.5704e+04 7.5176e+04 3.5083e+24
2.8125e+04 7.5176e+04 3.5083e+24
3.0546e+04 7.5176e+04 3.5083e+24
2.5704e+04 7.5781e+04 3.3133e+24
2.8125e+04 7.5781e+04 3.3133e+24
3.0546e+04 7.5781e+04 3.3133e+24
2.5704e+04 7.6386e+04 3.1463e+24
2.8125e+04 7.6386e+04 3.1463e+24
3.0546e+04 7.6386e+04 3.1463e+24
3.1954e+04 7.5176e+04 3.5083e+24
3.4375e+04 7.5176e+04 3.5083e+24
3.6796e+04 7.5176e+04 3.5083e+24
3.1954e+04 7.5781e+04 3.3133e+24
3.4375e+04 7.5781e+04 3.3133e+24
3.6796e+04 7.5781e+04 3.3133e+24
3.1954e+04 7.6386e+04 3.1463e+24
3.4375e+04 7.6386e+04 3.1463e+24
3.6796e+04 7.6386e+04 3.1463e+24
3.8204e+04 7.5176e+04 3.5083e+24
4.0625e+04 7.5176e+04 3.5083e+24
4.3046e+04 7.5176e+04 3.5083e+24
3.8204e+04 7.5781e+04 3.3133e+24
4.0625e+04 7.5781e+04 3.3133e+24
4.3046e+04 7.5781e+04 3.3133e+24
3.8204e+04 7.6386e+04 3.1463e+24
4.0625e+04 7.6386e+04 3.1463e+24
4.3046e+04 7.6386e+04 3.1463e+24
4.4454e+04 7.5176e+04 3.5083e+24
4.6875e+04 7.5176e+04 3.5083e+24
4.9296e+04 7.5176e+04 3.5083e+24
4.4454e+04 7.5781e+04 3.3133e+24
4.6875e+04 7.5781e+04 3.3133e+24
4.9296e+04 7.5781e+04 3.3133e+24
4.4454e+04 7.6386e+04 3.1463e+24
4.6875e+04 7.6386e+04 3.1463e+24
4.9296e+04 7.6386e+04 3.1463e+24
5.0704e+04 7.5176e+04 3.5083e+24
5.3125e+04 7.5176e+04 3.5083e+24
5.5546e+04 7.5176e+04 3.5083e+24
5.0704e+04 7.5781e+04 3.3133e+24
5.3125e+04 7.5781e+04 3.3133e+24
5.5546e+04 7.5781e+04 3.3133e+24
5.0704e+04 7.6386e+04 3.1463e+24
5.3125e+04 7.6386e+04 3.1463e+24
5.5546e+04 7.6386e+04 3.1463e+24
5.6954e+04 7.5176e+04 3.5083e+24
5.9375e+04 7.5176e+04 3.5083e+24
6.1796e+04 7.5176e+04 3.5083e+24
5.6954e+04 7.5781e+04 3.3133e+24
5.9375e+04 7.5781e+04 3.3133e+24
6.1796e+04 7.5781e+04 3.3133e+24
5.6954e+04 7.6386e+04 3.1463e+24
5.9375e+04 7.6386e+04 3.1463e+24
6.1796e+04 7.6386e+04 3.1463e+24
6.3204e+04 7.5176e+04 3.5083e+24
6.5625e+04 7.5176e+04 3.5083e+24
6.8046e+04 7.5176e+04 3.5083e+24
6.3204e+04 7.5781e+04 3.3133e+24
6.5625e+04 7.5781e+04 3.3133e+24
6.8046e+04 7.5781e+04 3.3133e+24
6.3204e+04 7.6386e+04 3.1463e+24
6.5625e+04 7.6386e+04 3.1463e+24
6.8046e+04 7.6386e+04 3.1463e+24
6.9454e+04 7.5176e+04 3.5083e+24
7.1875e+04 7.5176e+04 3.5083e+24
7.4296e+04 7.5176e+04 3.5083e+24
6.9454e+04 7.5781e+04 3.3133e+24
7.1875e+04 7.5781e+04 3.3133e+24
7.4296e+04 7.5781e+04 3.3133e+24
6.9454e+04 7.6386e+04 3.1463e+24
7.1875e+04 7.6386e+04 3.1463e+24
7.4296e+04 7.6386e+04 3.1463e+24
7.5704e+04 7.5176e+04 3.5083e+24
7.8125e+04 7.5176e+04 3.5083e+24
8.0546e+04 7.5176e+04 3.5083e+24
7.5704e+04 7.5781e+04 3.3133e+24
7.8125e+04 7.5781e+04 3.3133e+24
8.0546e+04 7.5781e+04 3.3133e+24
7.5704e+04 7.6386e+04 3.1463e+24
7.8125e+04 7.6386e+04 3.1463e+24
8.0546e+04 7.6386e+04 3.1463e+24
8.1954e+04 7.5176e+04 3.5083e+24
8.4375e+04 7.5176e+04 3.5083e+24
8.6796e+04 7.5176e+04 3.5083e+24
8.1954e+04 7.5781e+04 3.3133e+24
8.4375e+04 7.5781e+04 3.3133e+24
8.6796e+04 7.5781e+04 3.3133e+24
8.1954e+04 7.6386e+04 3.1463e+24
8.4375e+04 7.6386e+04 3.1463e+24
8.6796e+04 7.6386e+04 3.1463e+24
8.8204e+04 7.5176e+04 3.5083e+24
9.0625e+04 7.5176e+04 3.5083e+24
9.3046e+04 7.5176e+04 3.5083e+24
8.8204e+04 7.5781e+04 3.3133e+24
9.0625e+04 7.5781e+04 3.3133e+24
9.3046e+04 7.5781e+04 3.3133e+24
8.8204e+04 7.6386e+04 3.1463e+24
9.0625e+04 7.6386e+04 3.1463e+24
9.3046e+04 7.6386e+04 3.1463e+24
9.4454e+04 7.5176e+04 3.5083e+24
9.6875e+04 7.5176e+04 3.5083e+24
9.9296e+04 7.5176e+04 3.5083e+24
9.4454e+04 7.5781e+04 3.3133e+24
9.6875e+04 7.5781e+04 3.3133e+24
9.9296e+04 7.5781e+04 3.3133e+24
9.4454e+04 7.6386e+04 3.1463e+24
9.6875e+04 7.6386e+04 3.1463e+24
9.9296e+04 7.6386e+04 3.1463e+24
7.0439e+02 7.6739e+04 3.0598e+24
3.1250e+03 7.6739e+04 3.0598e+24
5.5456e+03 7.6739e+04 3.0598e+24
7.0439e+02 7.7344e+04 2.9264e+24
3.1250e+03 7.7344e+04 2.9264e+24
5.5456e+03 7.7344e+04 2.9264e+24
7.0439e+02 7.7949e+04 2.8092e+24
3.1250e+03 7.7949e+04 2.8092e+24
5.5456e+03 7.7949e+04 2.8092e+24
6.9544e+03 7.6739e+04 3.0598e+24
9.3750e+03 7.6739e+04 3.0598e+24
1.1796e+04 7.6739e+04 3.0598e+24
6.9544e+03 7.7344e+04 2.9264e+24
9.3750e+03 7.7344e+04 2.9264e+24
1.1796e+04 7.7344e+04 2.9264e+24
6.9544e+03 7.7949e+04 2.8092e+24
9.3750e+03 7.7949e+04 2.8092e+24
1.1796e+04 7.7949e+04 2.8092e+24
1.3204e+04 7.6739e+04 3.0598e+24
1.5625e+04 7.6739e+04 3.0598e+24
1.8046e+04 7.6739e+04 3.0598e+24
1.3204e+04 7.7344e+04 2.9264e+24
1.5625e+04 7.7344e+04 2.9264e+24
1.8046e+04 7.7344e+04 2.9264e+24
1.3204e+04 7.7949e+04 2.8092e+24
1.5625e+04 7.7949e+04 2.8092e+24
1.8046e+04 7.7949e+04 2.8092e+24
1.9454e+04 7.6739e+04 3.0598e+24
2.1875e+04 7.6739e+04 3.0598e+24
2.4296e+04 7.6739e+04 3.0598e+24
1.9454e+04 7.7344e+04 2.9264e+24
2.1875e+04 7.7344e+04 2.9264e+24
2.4296e+04 7.7344e+04 2.9264e+24
1.9454e+04 7.7949e+04 2.8092e+24
2.1875e+04 7.7949e+04 2.8092e+24
2.4296e+04 7.7949e+04 2.8092e+24
2.5704e+04 7.6739e+04 3.0598e+24
2.8125e+04 7.6739e+04 3.0598e+24
3.0546e+04 7.6739e+04 3.0598e+24
2.5704e+04 7.7344e+04 2.9264e+24
2.8125e+04 7.7344e+04 2.9264e+24
3.0546e+04 7.7344e+04 2.9264e+24
2.5704e+04 7.7949e+04 2.8092e+24
2.8125e+04 7.7949e+04 2.8092e+24
3.0546e+04 7.7949e+04 2.8092e+24
3.1954e+04 7.6739e+04 3.0598e+24
3.4375e+04 7.6739e+04 3.0598e+24
3.6796e+04 7.6739e+04 3.0598e+24
3.1954e+04 7.7344e+04 2.9264e+24
3.4375e+04 7.7344e+04 2.9264e+24
3.6796e+04 7.7344e+04 2.9264e+24
3.1954e+04 7.7949e+04 2.8092e+24
3.4375e+04 7.7949e+04 2.8092e+24
3.6796e+04 7.7949e+04 2.8092e+24
3.8204e+04 7.6739e+04 3.0598e+24
4.0625e+04 7.6739e+04 3.0598e+24
4.3046e+04 7.6739e+04 3.0598e+24
3.8204e+04 7.7344e+04 2.9264e+24
4.0625e+04 7.7344e+04 2.9264e+24
4.3046e+04 7.7344e+04 2.9264e+24
3.8204e+04 7.7949e+04 2.8092e+24
4.0625e+04 7.7949e+04 2.8092e+24
4.3046e+04 7.7949e+04 2.8092e+24
4.4454e+04 7.6739e+04 3.0598e+24
4.6875e+04 7.6739e+04 3.0598e+24
4.9296e+04 7.6739e+04 3.0598e+24
4.4454e+04 7.7344e+04 2.9264e+24
4.6875e+04 7.7344e+04 2.9264e+24
4.9296e+04 7.7344e+04 2.9264e+24
4.4454e+04 7.7949e+04 2.8092e+24
4.6875e+04 7.7949e+04 2.8092e+24
4.9296e+04 7.7949e+04 2.8092e+24
5.0704e+04 7.6739e+04 3.0598e+24
5.3125e+04 7.6739e+04 3.0598e+24
5.5546e+04 7.6739e+04 3.0598e+24
5.0704e+04 7.7344e+04 2.9264e+24
5.3125e+04 7.7344e+04 2.9264e+24
5.5546e+04 7.7344e+04 2.9264e+24
5.0704e+04 7.7949e+04 2.8092e+24
5.3125e+04 7.7949e+04 2.8092e+24
5.5546e+04 7.7949e+04 2.8092e+24
5.6954e+04 7.6739e+04 3.0598e+24
5.9375e+04 7.6739e+04 3.0598e+24
6.1796e+04 7.6739e+04 3.0598e+24
5.6954e+04 7.7344e+04 2.9264e+24
5.9375e+04 7.7344e+04 2.9264e+24
6.1796e+04 7.7344e+04 2.9264e+24
5.6954e+04 7.7949e+04 2.8092e+24
5.9375e+04 7.7949e+04 2.8092e+24
6.1796e+04 7.7949e+04 2.8092e+24
6.3204e+04 7.6739e+04 3.0598e+24
6.5625e+04 7.6739e+04 3.0598e+24
6.8046e+04 7.6739e+04 3.0598e+24
6.3204e+04 7.7344e+04 2.9264e+24
6.5625e+04 7.7344e+04 2.9264e+24
6.8046e+04 7.7344e+04 2.9264e+24
6.3204e+04 7.7949e+04 2.8092e+24
6.5625e+04 7.7949e+04 2.8092e+24
6.8046e+04 7.7949e+04 2.8092e+24
6.9454e+04 7.6739e+04 3.0598e+24
7.1875e+04 7.6739e+04 3.0598e+24
7.4296e+04 7.6739e+04 3.0598e+24
6.9454e+04 7.7344e+04 2.9264e+24
7.1875e+04 7.7344e+04 2.9264e+24
7.4296e+04 7.7344e+04 2.9264e+24
6.9454e+04 7.7949e+04 2.8092e+24
7.1875e+04 7.7949e+04 2.8092e+24
7.4296e+04 7.7949e+04 2.8092e+24
7.5704e+04 7.6739e+04 3.0598e+24
7.8125e+04 7.6739e+04 3.0598e+24
8.0546e+04 7.6739e+04 3.0598e+24
7.5704e+04 7.7344e+04 2.9264e+24
7.8125e+04 7.7344e+04 2.9264e+24
8.0546e+04 7.7344e+04 2.9264e+24
7.5704e+04 7.7949e+04 2.8092e+24
7.8125e+04 7.7949e+04 2.8092e+24
8.0546e+04 7.7949e+04 2.8092e+24
8.1954e+04 7.6739e+04 3.0598e+24
8.4375e+04 7.6739e+04 3.0598e+24
8.6796e+04 7.6739e+04 3.0598e+24
8.1954e+04 7.7344e+04 2.9264e+24
8.4375e+04 7.7344e+04 2.9264e+24
8.6796e+04 7.7344e+04 2.9264e+24
8.1954e+04 7.7949e+04 2.8092e+24
8.4375e+04 7.7949e+04 2.8092e+24
8.6796e+04 7.7949e+04 2.8092e+24
8.8204e+04 7.6739e+04 3.0598e+24
9.0625e+04 7.6739e+04 3.0598e+24
9.3046e+04 7.6739e+04 3.0598e+24
8.8204e+04 7.7344e+04 2.9264e+24
9.0625e+04 7.7344e+04 2.9264e+24
9.3046e+04 7.7344e+04 2.9264e+24
8.8204e+04 7.7949e+04 2.8092e+24
9.0625e+04 7.7949e+04 2.8092e+24
9.3046e+04 7.7949e+04 2.8092e+24
9.4454e+04 7.6739e+04 3.0598e+24
9.6875e+04 7.6739e+04 3.0598e+24
9.9296e+04 7.6739e+04 3.0598e+24
9.4454e+04 7.7344e+04 2.9264e+24
9.6875e+04 7.7344e+04 2.9264e+24
9.9296e+04 7.7344e+04 2.9264e+24
9.4454e+04 7.7949e+04 2.8092e+24
9.6875e+04 7.7949e+04 2.8092e+24
9.9296e+04 7.7949e+04 2.8092e+24
7.0439e+02 7.8301e+04 2.7474e+24
3.1250e+03 7.8301e+04 2.7474e+24
5.5456e+03 7.8301e+04 2.7474e+24
7.0439e+02 7.8906e+04 2.6504e+24
3.1250e+03 7.8906e+04 2.6504e+24
5.5456e+03 7.8906e+04 2.6504e+24
7.0439e+02 7.9511e+04 2.5637e+24
3.1250e+03 7.9511e+04 2.5637e+24
5.5456e+03 7.9511e+04 2.5637e+24
6.9544e+03 7.8301e+04 2.7474e+24
9.3750e+03 7.8301e+04 2.7474e+24
1.1796e+04 7.8301e+04 2.7474e+24
6.9544e+03 7.8906e+04 2.6504e+24
9.3750e+03 7.8906e+04 2.6504e+24
1.1796e+04 7.8906e+04 2.6504e+24
6.9544e+03 7.9511e+04 2.5637e+24
9.3750e+03 7.9511e+04 2.5637e+24
1.1796e+04 7.9511e+04 2.5637e+24
1.3204e+04 7.8301e+04 2.7474e+24
1.5625e+04 7.8301e+04 2.7474e+24
1.8046e+04 7.8301e+04 2.7474e+24
1.3204e+04 7.8906e+04 2.6504e+24
1.5625e+04 7.8906e+04 2.6504e+24
1.8046e+04 7.8906e+04 2.6504e+24
1.3204e+04 7.9511e+04 2.5637e+24
1.5625e+04 7.9511e+04 2.5637e+24
1.8046e+04 7.9511e+04 2.5637e+24
1.9454e+04 7.8301e+04 2.7474e+24
2.1875e+04 7.8301e+04 2.7474e+24
2.4296e+04 7.8301e+04 2.7474e+24
1.9454e+04 7.8906e+04 2.6504e+24
2.1875e+04 7.8906e+04 2.6504e+24
2.4296e+04 7.8906e+04 2.6504e+24
1.9454e+04 7.9511e+04 2.5637e+24
2.1875e+04 7.9511e+04 2.5637e+24
2.4296e+04 7.9511e+04 2.5637e+24
2.5704e+04 7.8301e+04 2.7474e+24
2.8125e+04 7.8301e+04 2.7474e+24
3.0546e+04 7.8301e+04 2.7474e+24
2.5704e+04 7.8906e+04 2.6504e+24
2.8125e+04 7.8906e+04 2.6504e+24
3.0546e+04 7.8906e+04 2.6504e+24
2.5704e+04 7.9511e+04 2.5637e+24
2.8125e+04 7.9511e+04 2.5637e+24
3.0546e+04 7.9511e+04 2.5637e+24
3.1954e+04 7.8301e+04 2.7474e+24
3.4375e+04 7.8301e+04 2.7474e+24
3.6796e+04 7.8301e+04 2.7474e+24
3.1954e+04 7.8906e+04 2.6504e+24
3.4375e+04 7.8906e+04 2.6504e+24
3.6796e+04 7.8906e+04 2.6504e+24
3.1954e+04 7.9511e+04 2.5637e+24
3.4375e+04 7.9511e+04 2.5637e+24
3.6796e+04 7.9511e+04 2.5637e+24
3.8204e+04 7.8301e+04 2.7474e+24
4.0625e+04 7.8301e+04 2.7474e+24
4.3046e+04 7.8301e+04 2.7474e+24
3.8204e+04 7.8906e+04 2.6504e+24
4.0625e+04 7.8906e+04 2.6504e+24
4.3046e+04 7.8906e+04 2.6504e+24
3.8204e+04 7.9511e+04 2.5637e+24
4.0625e+04 7.9511e+04 2.5637e+24
4.3046e+04 7.9511e+04 2.5637e+24
4.4454e+04 7.8301e+04 2.7474e+24
4.6875e+04 7.8301e+04 2.7474e+24
4.9296e+04 7.8301e+04 2.7474e+24
4.4454e+04 7.8906e+04 2.6504e+24
4.6875e+04 7.8906e+04 2.6504e+24
4.9296e+04 7.8906e+04 2.6504e+24
4.4454e+04 7.9511e+04 2.5637e+24
4.6875e+04 7.9511e+04 2.5637e+24
4.9296e+04 7.9511e+04 2.5637e+24
5.0704e+04 7.8301e+04 2.7474e+24
5.3125e+04 7.8301e+04 2.7474e+24
5.5546e+04 7.8301e+04 2.7474e+24
5.0704e+04 7.8906e+04 2.6504e+24
5.3125e+04 7.8906e+04 2.6504e+24
5.5546e+04 7.8906e+04 2.6504e+24
5.0704e+04 7.9511e+04 2.5637e+24
5.3125e+04 7.9511e+04 2.5637e+24
5.5546e+04 7.9511e+04 2.5637e+24
5.6954e+04 7.8301e+04 2.7474e+24
5.9375e+04 7.8301e+04 2.7474e+24
6.1796e+04 7.8301e+04 2.7474e+24
5.6954e+04 7.8906e+04 2.6504e+24
5.9375e+04 7.8906e+04 2.6504e+24
6.1796e+04 7.8906e+04 2.6504e+24
5.6954e+04 7.9511e+04 2.5637e+24
5.9375e+04 7.9511e+04 2.5637e+24
6.1796e+04 7.9511e+04 2.5637e+24
6.3204e+04 7.8301e+04 2.7474e+24
6.5625e+04 7.8301e+04 2.7474e+24
6.8046e+04 7.8301e+04 2.7474e+24
6.3204e+04 7.8906e+04 2.6504e+24
6.5625e+04 7.8906e+04 2.6504e+24
6.8046e+04 7.8906e+04 2.6504e+24
6.3204e+04 7.9511e+04 2.5637e+24
6.5625e+04 7.9511e+04 2.5637e+24
6.8046e+04 7.9511e+04 2.5637e+24
6.9454e+04 7.8301e+04 2.7474e+24
7.1875e+04 7.8301e+04 2.7474e+24
7.4296e+04 7.8301e+04 2.7474e+24
6.9454e+04 7.8906e+04 2.6504e+24
7.1875e+04 7.8906e+04 2.6504e+24
7.4296e+04 7.8906e+04 2.6504e+24
6.9454e+04 7.9511e+04 2.5637e+24
7.1875e+04 7.9511e+04 2.5637e+24
7.4296e+04 7.9511e+04 2.5637e+24
7.5704e+04 7.8301e+04 2.7474e+24
7.8125e+04 7.8301e+04 2.7474e+24
8.0546e+04 7.8301e+04 2.7474e+24
7.5704e+04 7.8906e+04 2.6504e+24
7.8125e+04 7.8906e+04 2.6504e+24
8.0546e+04 7.8906e+04 2.6504e+24
7.5704e+04 7.9511e+04 2.5637e+24
7.8125e+04 7.9511e+04 2.5637e+24
8.0546e+04 7.9511e+04 2.5637e+24
8.1954e+04 7.8301e+04 2.7474e+24
8.4375e+04 7.8301e+04 2.7474e+24
8.6796e+04 7.8301e+04 2.7474e+24
8.1954e+04 7.8906e+04 2.6504e+24
8.4375e+04 7.8906e+04 2.6504e+24
8.6796e+04 7.8906e+04 2.6504e+24
8.1954e+04 7.9511e+04 2.5637e+24
8.4375e+04 7.9511e+04 2.5637e+24
8.6796e+04 7.9511e+04 2.5637e+24
8.8204e+04 7.8301e+04 2.7474e+24
9.0625e+04 7.8301e+04 2.7474e+24
9.3046e+04 7.8301e+04 2.7474e+24
8.8204e+04 7.8906e+04 2.6504e+24
9.0625e+04 7.8906e+04 2.6504e+24
9.3046e+04 7.8906e+04 2.6504e+24
8.8204e+04 7.9511e+04 2.5637e+24
9.0625e+04 7.9511e+04 2.5637e+24
9.3046e+04 7.9511e+04 2.5637e+24
9.4454e+04 7.8301e+04 2.7474e+24
9.6875e+04 7.8301e+04 2.7474e+24
9.9296e+04 7.8301e+04 2.7474e+24
9.4454e+04 7.8906e+04 2.6504e+24
9.6875e+04 7.8906e+04 2.6504e+24
9.9296e+04 7.8906e+04 2.6504e+24
9.4454e+04 7.9511e+04 2.5637e+24
9.6875e+04 7.9511e+04 2.5637e+24
9.9296e+04 7.9511e+04 2.5637e+24
7.0439e+02 7.9864e+04 2.5172e+24
3.1250e+03 7.9864e+04 2.5172e+24
5.5456e+03 7.9864e+04 2.5172e+24
7.0439e+02 8.0469e+04 2.4436e+24
3.1250e+03 8.0469e+04 2.4436e+24
5.5456e+03 8.0469e+04 2.4436e+24
7.0439e+02 8.1074e+04 2.3768e+24
3.1250e+03 8.1074e+04 2.3768e+24
5.5456e+03 8.1074e+04 2.3768e+24
6.9544e+03 7.9864e+04 2.5172e+24
9.3750e+03 7.9864e+04 2.5172e+24
1.1796e+04 7.9864e+04 2.5172e+24
6.9544e+03 8.0469e+04 2.4436e+24
9.3750e+03 8.0469e+04 2.4436e+24
1.1796e+04 8.0469e+04 2.4436e+24
6.9544e+03 8.1074e+04 2.3768e+24
9.3750e+03 8.1074e+04 2.3768e+24
1.1796e+04 8.1074e+04 2.3768e+24
1.3204e+04 7.9864e+04 2.5172e+24
1.5625e+04 7.9864e+04 2.5172e+24
1.8046e+04 7.9864e+04 2.5172e+24
1.3204e+04 8.0469e+04 2.4436e+24
1.5625e+04 8.0469e+04 2.4436e+24
1.8046e+04 8.0469e+04 2.4436e+24
1.3204e+04 8.1074e+04 2.3768e+24
1.5625e+04 8.1074e+04 2.3768e+24
1.8046e+04 8.1074e+04 2.3768e+24
1.9454e+04 7.9864e+04 2.5172e+24
2.1875e+04 7.9864e+04 2.5172e+24
2.4296e+04 7.9864e+04 2.5172e+24
1.9454e+04 8.0469e+04 2.4436e+24
2.1875e+04 8.0469e+04 2.4436e+24
2.4296e+04 8.0469e+04 2.4436e+24
1.9454e+04 8.1074e+04 2.3768e+24
2.1875e+04 8.1074e+04 2.3768e+24
2.4296e+04 8.1074e+04 2.3768e+24
2.5704e+04 7.9864e+04 2.5172e+24
2.8125e+04 7.9864e+04 2.5172e+24
3.0546e+04 7.9864e+04 2.5172e+24
2.5704e+04 8.0469e+04 2.4436e+24
2.8125e+04 8.0469e+04 2.4436e+24
3.0546e+04 8.0469e+04 2.4436e+24
2.5704e+04 8.1074e+04 2.3768e+24
2.8125e+04 8.1074e+04 2.3768e+24
3.0546e+04 8.1074e+04 2.3768e+24
3.1954e+04 7.9864e+04 2.5172e+24
3.4375e+04 7.9864e+04 2.5172e+24
3.6796e+04 7.9864e+04 2.5172e+24
3.1954e+04 8.0469e+04 2.4436e+24
3.4375e+04 8.0469e+04 2.4436e+24
3.6796e+04 8.0469e+04 2.4436e+24
3.1954e+04 8.1074e+04 2.3768e+24
3.4375e+04 8.1074e+04 2.3768e+24
3.6796e+04 8.1074e+04 2.3768e+24
3.8204e+04 7.9864e+04 2.5172e+24
4.0625e+04 7.9864e+04 2.5172e+24
4.3046e+04 7.9864e+04 2.5172e+24
3.8204e+04 8.0469e+04 2.4436e+24
4.0625e+04 8.0469e+04 2.4436e+24
4.3046e+04 8.0469e+04 2.4436e+24
3.8204e+04 8.1074e+04 2.3768e+24
4.0625e+04 8.1074e+04 2.3768e+24
4.3046e+04 8.1074e+04 2.3768e+24
4.4454e+04 7.9864e+04 2.5172e+24
4.6875e+04 7.9864e+04 2.5172e+24
4.9296e+04 7.9864e+04 2.5172e+24
4.4454e+04 8.0469e+04 2.4436e+24
4.6875e+04 8.0469e+04 2.4436e+24
4.9296e+04 8.0469e+04 2.4436e+24
4.4454e+04 8.1074e+04 2.3768e+24
4.6875e+04 8.1074e+04 2.3768e+24
4.9296e+04 8.1074e+04 2.3768e+24
5.0704e+04 7.9864e+04 2.5172e+24
5.3125e+04 7.9864e+04 2.5172e+24
5.5546e+04 7.9864e+04 2.5172e+24
5.0704e+04 8.0469e+04 2.4436e+24
5.3125e+04 8.0469e+04 2.4436e+24
5.5546e+04 8.0469e+04 2.4436e+24
5.0704e+04 8.1074e+04 2.3768e+24
5.3125e+04 8.1074e+04 2.3768e+24
5.5546e+04 8.1074e+04 2.3768e+24
5.6954e+04 7.9864e+04 2.5172e+24
5.9375e+04 7.9864e+04 2.5172e+24
6.1796e+04 7.9864e+04 2.5172e+24
5.6954e+04 8.0469e+04 2.4436e+24
5.9375e+04 8.0469e+04 2.4436e+24
6.1796e+04 8.0469e+04 2.4436e+24
5.6954e+04 8.1074e+04 2.3768e+24
5.9375e+04 8.1074e+04 2.3768e+24
6.1796e+04 8.1074e+04 2.3768e+24
6.3204e+04 7.9864e+04 2.5172e+24
6.5625e+04 7.9864e+04 2.5172e+24
6.8046e+04 7.9864e+04 2.5172e+24
6.3204e+04 8.0469e+04 2.4436e+24
6.5625e+04 8.0469e+04 2.4436e+24
6.8046e+04 8.0469e+04 2.4436e+24
6.3204e+04 8.1074e+04 2.3768e+24
6.5625e+04 8.1074e+04 2.3768e+24
6.8046e+04 8.1074e+04 2.3768e+24
6.9454e+04 7.9864e+04 2.5172e+24
7.1875e+04 7.9864e+04 2.5172e+24
7.4296e+04 7.9864e+04 2.5172e+24
6.9454e+04 8.0469e+04 2.4436e+24
7.1875e+04 8.0469e+04 2.4436e+24
7.4296e+04 8.0469e+04 2.4436e+24
6.9454e+04 8.1074e+04 2.3768e+24
7.1875e+04 8.1074e+04 2.3768e+24
7.4296e+04 8.1074e+04 2.3768e+24
7.5704e+04 7.9864e+04 2.5172e+24
7.8125e+04 7.9864e+04 2.5172e+24
8.0546e+04 7.9864e+04 2.5172e+24
7.5704e+04 8.0469e+04 2.4436e+24
7.8125e+04 8.0469e+04 2.4436e+24
8.0546e+04 8.0469e+04 2.4436e+24
7.5704e+04 8.1074e+04 2.3768e+24
7.8125e+04 8.1074e+04 2.3768e+24
8.0546e+04 8.1074e+04 2.3768e+24
8.1954e+04 7.9864e+04 2.5172e+24
8.4375e+04 7.9864e+04 2.5172e+24
8.6796e+04 7.9864e+04 2.5172e+24
8.1954e+04 8.0469e+04 2.4436e+24
8.4375e+04 8.0469e+04 2.4436e+24
8.6796e+04 8.0469e+04 2.4436e+24
8.1954e+04 8.1074e+04 2.3768e+24
8.4375e+04 8.1074e+04 2.3768e+24
8.6796e+04 8.1074e+04 2.3768e+24
8.8204e+04 7.9864e+04 2.5172e+24
9.0625e+04 7.9864e+04 2.5172e+24
9.3046e+04 7.9864e+04 2.5172e+24
8.8204e+04 8.0469e+04 2.4436e+24
9.0625e+04 8.0469e+04 2.4436e+24
9.3046e+04 8.0469e+04 2.4436e+24
8.8204e+04 8.1074e+04 2.3768e+24
9.0625e+04 8.1074e+04 2.3768e+24
9.3046e+04 8.1074e+04 2.3768e+24
9.4454e+04 7.9864e+04 2.5172e+24
9.6875e+04 7.9864e+04 2.5172e+24
9.9296e+04 7.9864e+04 2.5172e+24
9.4454e+04 8.0469e+04 2.4436e+24
9.6875e+04 8.0469e+04 2.4436e+24
9.9296e+04 8.0469e+04 2.4436e+24
9.4454e+04 8.1074e+04 2.3768e+24
9.6875e+04 8.1074e+04 2.3768e+24
9.9296e+04 8.1074e+04 2.3768e+24
7.0439e+02 8.1426e+04 2.3407e+24
3.1250e+03 8.1426e+04 2.3407e+24
5.5456e+03 8.1426e+04 2.3407e+24
7.0439e+02 8.2031e+04 2.2829e+24
3.1250e+03 8.2031e+04 2.2829e+24
5.5456e+03 8.2031e+04 2.2829e+24
7.0439e+02 8.2636e+04 2.2298e+24
3.1250e+03 8.2636e+04 2.2298e+24
5.5456e+03 8.2636e+04 2.2298e+24
6.9544e+03 8.1426e+04 2.3407e+24
9.3750e+03 8.1426e+04 2.3407e+24
1.1796e+04 8.1426e+04 2.3407e+24
6.9544e+03 8.2031e+04 2.2829e+24
9.3750e+03 8.2031e+04 2.2829e+24
1.1796e+04 8.2031e+04 2.2829e+24
6.9544e+03 8.2636e+04 2.2298e+24
9.3750e+03 8.2636e+04 2.2298e+24
1.1796e+04 8.2636e+04 2.2298e+24
1.3204e+04 8.1426e+04 2.3407e+24
1.5625e+04 8.1426e+04 2.3407e+24
1.8046e+04 8.1426e+04 2.3407e+24
1.3204e+04 8.2031e+04 2.2829e+24
1.5625e+04 8.2031e+04 2.2829e+24
1.8046e+04 8.2031e+04 2.2829e+24
1.3204e+04 8.2636e+04 2.2298e+24
1.5625e+04 8.2636e+04 2.2298e+24
1.8046e+04 8.2636e+04 2.2298e+24
1.9454e+04 8.1426e+04 2.3407e+24
2.1875e+04 8.1426e+04 2.3407e+24
2.4296e+04 8.1426e+04 2.3407e+24
1.9454e+04 8.2031e+04 2.2829e+24
2.1875e+04 8.2031e+04 2.2829e+24
2.4296e+04 8.2031e+04 2.2829e+24
1.9454e+04 8.2636e+04 2.2298e+24
2.1875e+04 8.2636e+04 2.2298e+24
2.4296e+04 8.2636e+04 2.2298e+24
2.5704e+04 8.1426e+04 2.3407e+24
2.8125e+04 8.1426e+04 2.3407e+24
3.0546e+04 8.1426e+04 2.3407e+24
2.5704e+04 8.2031e+04 2.2829e+24
2.8125e+04 8.2031e+04 2.2829e+24
3.0546e+04 8.2031e+04 2.2829e+24
2.5704e+04 8.2636e+04 2.2298e+24
2.8125e+04 8.2636e+04 2.2298e+24
3.0546e+04 8.2636e+04 2.2298e+24
3.1954e+04 8.1426e+04 2.3407e+24
3.4375e+04 8.1426e+04 2.3407e+24
3.6796e+04 8.1426e+04 2.3407e+24
3.1954e+04 8.2031e+04 2.2829e+24
3.4375e+04 8.2031e+04 2.2829e+24
3.6796e+04 8.2031e+04 2.2829e+24
3.1954e+04 8.2636e+04 2.2298e+24
3.4375e+04 8.2636e+04 2.2298e+24
3.6796e+04 8.2636e+04 2.2298e+24
3.8204e+04 8.1426e+04 2.3407e+24
4.0625e+04 8.1426e+04 2.3407e+24
4.3046e+04 8.1426e+04 2.3407e+24
3.8204e+04 8.2031e+04 2.2829e+24
4.0625e+04 8.2031e+04 2.2829e+24
4.3046e+04 8.2031e+04 2.2829e+24
3.8204e+04 8.2636e+04 2.2298e+24
4.0625e+04 8.2636e+04 2.2298e+24
4.3046e+04 8.2636e+04 2.2298e+24
4.4454e+04 8.1426e+04 2.3407e+24
4.6875e+04 8.1426e+04 2.3407e+24
4.9296e+04 8.1426e+04 2.3407e+24
4.4454e+04 8.2031e+04 2.2829e+24
4.6875e+04 8.2031e+04 2.2829e+24
4.9296e+04 8.2031e+04 2.2829e+24
4.4454e+04 8.2636e+04 2.2298e+24
4.6875e+04 8.2636e+04 2.2298e+24
4.9296e+04 8.2636e+04 2.2298e+24
5.0704e+04 8.1426e+04 2.3407e+24
5.3125e+04 8.1426e+04 2.3407e+24
5.5546e+04 8.1426e+04 2.3407e+24
5.0704e+04 8.2031e+04 2.2829e+24
5.3125e+04 8.2031e+04 2.2829e+24
5.5546e+04 8.2031e+04 2.2829e+24
5.0704e+04 8.2636e+04 2.2298e+24
5.3125e+04 8.2636e+04 2.2298e+24
5.5546e+04 8.2636e+04 2.2298e+24
5.6954e+04 8.1426e+04 2.3407e+24
5.9375e+04 8.1426e+04 2.3407e+24
6.1796e+04 8.1426e+04 2.3407e+24
5.6954e+04 8.2031e+04 2.2829e+24
5.9375e+04 8.2031e+04 2.2829e+24
6.1796e+04 8.2031e+04 2.2829e+24
5.6954e+04 8.2636e+04 2.2298e+24
5.9375e+04 8.2636e+04 2.2298e+24
6.1796e+04 8.2636e+04 2.2298e+24
6.3204e+04 8.1426e+04 2.3407e+24
6.5625e+04 8.1426e+04 2.3407e+24
6.8046e+04 8.1426e+04 2.3407e+24
6.3204e+04 8.2031e+04 2.2829e+24
6.5625e+04 8.2031e+04 2.2829e+24
6.8046e+04 8.2031e+04 2.2829e+24
6.3204e+04 8.2636e+04 2.2298e+24
6.5625e+04 8.2636e+04 2.2298e+24
6.8046e+04 8.2636e+04 2.2298e+24
6.9454e+04 8.1426e+04 2.3407e+24
7.1875e+04 8.1426e+04 2.3407e+24
7.4296e+04 8.1426e+04 2.3407e+24
6.9454e+04 8.2031e+04 2.2829e+24
7.1875e+04 8.2031e+04 2.2829e+24
7.4296e+04 8.2031e+04 2.2829e+24
6.9454e+04 8.2636e+04 2.2298e+24
7.1875e+04 8.2636e+04 2.2298e+24
7.4296e+04 8.2636e+04 2.2298e+24
7.5704e+04 8.1426e+04 2.3407e+24
7.8125e+04 8.1426e+04 2.3407e+24
8.0546e+04 8.1426e+04 2.3407e+24
7.5704e+04 8.2031e+04 2.2829e+24
7.8125e+04 8.2031e+04 2.2829e+24
8.0546e+04 8.2031e+04 2.2829e+24
7.5704e+04 8.2636e+04 2.2298e+24
7.8125e+04 8.2636e+04 2.2298e+24
8.0546e+04 8.2636e+04 2.2298e+24
8.1954e+04 8.1426e+04 2.3407e+24
8.4375e+04 8.1426e+04 2.3407e+24
8.6796e+04 8.1426e+04 2.3407e+24
8.1954e+04 8.2031e+04 2.2829e+24
8.4375e+04 8.2031e+04 2.2829e+24
8.6796e+04 8.2031e+04 2.2829e+24
8.1954e+04 8.2636e+04 2.2298e+24
8.4375e+04 8.2636e+04 2.2298e+24
8.6796e+04 8.2636e+04 2.2298e+24
8.8204e+04 8.1426e+04 2.3407e+24
9.0625e+04 8.1426e+04 2.3407e+24
9.3046e+04 8.1426e+04 2.3407e+24
8.8204e+04 8.2031e+04 2.2829e+24
9.0625e+04 8.2031e+04 2.2829e+24
9.3046e+04 8.2031e+04 2.2829e+24
8.8204e+04 8.2636e+04 2.2298e+24
9.0625e+04 8.2636e+04 2.2298e+24
9.3046e+04 8.2636e+04 2.2298e+24
9.4454e+04 8.1426e+04 2.3407e+24
9.6875e+04 8.1426e+04 2.3407e+24
9.9296e+04 8.1426e+04 2.3407e+24
9.4454e+04 8.2031e+04 2.2829e+24
9.6875e+04 8.2031e+04 2.2829e+24
9.9296e+04 8.2031e+04 2.2829e+24
9.4454e+04 8.2636e+04 2.2298e+24
9.6875e+04 8.2636e+04 2.2298e+24
9.9296e+04 8.2636e+04 2.2298e+24
7.0439e+02 8.2989e+04 2.2009e+24
3.1250e+03 8.2989e+04 2.2009e+24
5.5456e+03 8.2989e+04 2.2009e+24
7.0439e+02 8.3594e+04 2.1543e+24
3.1250e+03 8.3594e+04 2.1543e+24
5.5456e+03 8.3594e+04 2.1543e+24
7.0439e+02 8.4199e+04 2.1112e+24
3.1250e+03 8.4199e+04 2.1112e+24
5.5456e+03 8.4199e+04 2.1112e+24
6.9544e+03 8.2989e+04 2.2009e+24
9.3750e+03 8.2989e+04 2.2009e+24
1.1796e+04 8.2989e+04 2.2009e+24
6.9544e+03 8.3594e+04 2.1543e+24
9.3750e+03 8.3594e+04 2.1543e+24
1.1796e+04 8.3594e+04 2.1543e+24
6.9544e+03 8.4199e+04 2.1112e+24
9.3750e+03 8.4199e+04 2.1112e+24
1.1796e+04 8.4199e+04 2.1112e+24
1.3204e+04 8.2989e+04 2.2009e+24
1.5625e+04 8.2989e+04 2.2009e+24
1.8046e+04 8.2989e+04 2.2009e+24
1.3204e+04 8.3594e+04 2.1543e+24
1.5625e+04 8.3594e+04 2.1543e+24
1.8046e+04 8.3594e+04 2.1543e+24
1.3204e+04 8.4199e+04 2.1112e+24
1.5625e+04 8.4199e+04 2.1112e+24
1.8046e+04 8.4199e+04 2.1112e+24
1.9454e+04 8.2989e+04 2.2009e+24
2.1875e+04 8.2989e+04 2.2009e+24
2.4296e+04 8.2989e+04 2.2009e+24
1.9454e+04 8.3594e+04 2.1543e+24
2.1875e+04 8.3594e+04 2.1543e+24
2.4296e+04 8.3594e+04 2.1543e+24
1.9454e+04 8.4199e+04 2.1112e+24
2.1875e+04 8.4199e+04 2.1112e+24
2.4296e+04 8.4199e+04 2.1112e+24
2.5704e+04 8.2989e+04 2.2009e+24
2.8125e+04 8.2989e+04 2.2009e+24
3.0546e+04 8.2989e+04 2.2009e+24
2.5704e+04 8.3594e+04 2.1543e+24
2.8125e+04 8.3594e+04 2.1543e+24
3.0546e+04 8.3594e+04 2.1543e+24
2.5704e+04 8.4199e+04 2.1112e+24
2.8125e+04 8.4199e+04 2.1112e+24
3.0546e+04 8.4199e+04 2.1112e+24
3.1954e+04 8.2989e+04 2.2009e+24
3.4375e+04 8.2989e+04 2.2009e+24
3.6796e+04 8.2989e+04 2.2009e+24
3.1954e+04 8.3594e+04 2.1543e+24
3.4375e+04 8.3594e+04 2.1543e+24
3.6796e+04 8.3594e+04 2.1543e+24
3.1954e+04 8.4199e+04 2.1112e+24
3.4375e+04 8.4199e+04 2.1112e+24
3.6796e+04 8.4199e+04 2.1112e+24
3.8204e+04 8.2989e+04 2.2009e+24
4.0625e+04 8.2989e+04 2.2009e+24
4.3046e+04 8.2989e+04 2.2009e+24
3.8204e+04 8.3594e+04 2.1543e+24
4.0625e+04 8.3594e+04 2.1543e+24
4.3046e+04 8.3594e+04 2.1543e+24
3.8204e+04 8.4199e+04 2.1112e+24
4.0625e+04 8.4199e+04 2.1112e+24
4.3046e+04 8.4199e+04 2.1112e+24
4.4454e+04 8.2989e+04 2.2009e+24
4.6875e+04 8.2989e+04 2.2009e+24
4.9296e+04 8.2989e+04 2.2009e+24
4.4454e+04 8.3594e+04 2.1543e+24
4.6875e+04 8.3594e+04 2.1543e+24
4.9296e+04 8.3594e+04 2.1543e+24
4.4454e+04 8.4199e+04 2.1112e+24
4.6875e+04 8.4199e+04 2.1112e+24
4.9296e+04 8.4199e+04 2.1112e+24
5.0704e+04 8.2989e+04 2.2009e+24
5.3125e+04 8.2989e+04 2.2009e+24
5.5546e+04 8.2989e+04 2.2009e+24
5.0704e+04 8.3594e+04 2.1543e+24
5.3125e+04 8.3594e+04 2.1543e+24
5.5546e+04 8.3594e+04 2.1543e+24
5.0704e+04 8.4199e+04 2.1112e+24
5.3125e+04 8.4199e+04 2.1112e+24
5.5546e+04 8.4199e+04 2.1112e+24
5.6954e+04 8.2989e+04 2.2009e+24
5.9375e+04 8.2989e+04 2.2009e+24
6.1796e+04 8.2989e+04 2.2009e+24
5.6954e+04 8.3594e+04 2.1543e+24
5.9375e+04 8.3594e+04 2.1543e+24
6.1796e+04 8.3594e+04 2.1543e+24
5.6954e+04 8.4199e+04 2.1112e+24
5.9375e+04 8.4199e+04 2.1112e+24
6.1796e+04 8.4199e+04 2.1112e+24
6.3204e+04 8.2989e+04 2.2009e+24
6.5625e+04 8.2989e+04 2.2009e+24
6.8046e+04 8.2989e+04 2.2009e+24
6.3204e+04 8.3594e+04 2.1543e+24
6.5625e+04 8.3594e+04 2.1543e+24
6.8046e+04 8.3594e+04 2.1543e+24
6.3204e+04 8.4199e+04 2.1112e+24
6.5625e+04 8.4199e+04 2.1112e+24
6.8046e+04 8.4199e+04 2.1112e+24
6.9454e+04 8.2989e+04 2.2009e+24
7.1875e+04 8.2989e+04 2.2009e+24
7.4296e+04 8.2989e+04 2.2009e+24
6.9454e+04 8.3594e+04 2.1543e+24
7.1875e+04 8.3594e+04 2.1543e+24
7.4296e+04 8.3594e+04 2.1543e+24
6.9454e+04 8.4199e+04 2.1112e+24
7.1875e+04 8.4199e+04 2.1112e+24
7.4296e+04 8.4199e+04 2.1112e+24
7.5704e+04 8.2989e+04 2.2009e+24
7.8125e+04 8.2989e+04 2.2009e+24
8.0546e+04 8.2989e+04 2.2009e+24
7.5704e+04 8.3594e+04 2.1543e+24
7.8125e+04 8.3594e+04 2.1543e+24
8.0546e+04 8.3594e+04 2.1543e+24
7.5704e+04 8.4199e+04 2.1112e+24
7.8125e+04 8.4199e+04 2.1112e+24
8.0546e+04 8.4199e+04 2.1112e+24
8.1954e+04 8.2989e+04 2.2009e+24
8.4375e+04 8.2989e+04 2.2009e+24
8.6796e+04 8.2989e+04 2.2009e+24
8.1954e+04 8.3594e+04 2.1543e+24
8.4375e+04 8.3594e+04 2.1543e+24
8.6796e+04 8.3594e+04 2.1543e+24
8.1954e+04 8.4199e+04 2.1112e+24
8.4375e+04 8.4199e+04 2.1112e+24
8.6796e+04 8.4199e+04 2.1112e+24
8.8204e+04 8.2989e+04 2.2009e+24
9.0625e+04 8.2989e+04 2.2009e+24
9.3046e+04 8.2989e+04 2.2009e+24
8.8204e+04 8.3594e+04 2.1543e+24
9.0625e+04 8.3594e+04 2.1543e+24
9.3046e+04 8.3594e+04 2.1543e+24
8.8204e+04 8.4199e+04 2.1112e+24
9.0625e+04 8.4199e+04 2.1112e+24
9.3046e+04 8.4199e+04 2.1112e+24
9.4454e+04 8.2989e+04 2.2009e+24
9.6875e+04 8.2989e+04 2.2009e+24
9.9296e+04 8.2989e+04 2.2009e+24
9.4454e+04 8.3594e+04 2.1543e+24
9.6875e+04 8.3594e+04 2.1543e+24
9.9296e+04 8.3594e+04 2.1543e+24
9.4454e+04 8.4199e+04 2.1112e+24
9.6875e+04 8.4199e+04 2.1112e+24
9.9296e+04 8.4199e+04 2.1112e+24
7.0439e+02 8.4551e+04 2.0875e+24
3.1250e+03 8.4551e+04 2.0875e+24
5.5456e+03 8.4551e+04 2.0875e+24
7.0439e+02 8.5156e+04 2.0492e+24
3.1250e+03 8.5156e+04 2.0492e+24
5.5456e+03 8.5156e+04 2.0492e+24
7.0439e+02 8.5761e+04 2.0134e+24
3.1250e+03 8.5761e+04 2.0134e+24
5.5456e+03 8.5761e+04 2.0134e+24
6.9544e+03 8.4551e+04 2.0875e+24
9.3750e+03 8.4551e+04 2.0875e+24
1.1796e+04 8.4551e+04 2.0875e+24
6.9544e+03 8.5156e+04 2.0492e+24
9.3750e+03 8.5156e+04 2.0492e+24
1.1796e+04 8.5156e+04 2.0492e+24
6.9544e+03 8.5761e+04 2.0134e+24
9.3750e+03 8.5761e+04 2.0134e+24
1.1796e+04 8.5761e+04 2.0134e+24
1.3204e+04 8.4551e+04 2.0875e+24
1.5625e+04 8.4551e+04 2.0875e+24
1.8046e+04 8.4551e+04 2.0875e+24
1.3204e+04 8.5156e+04 2.0492e+24
1.5625e+04 8.5156e+04 2.0492e+24
1.8046e+04 8.5156e+04 2.0492e+24
1.3204e+04 8.5761e+04 2.0134e+24
1.5625e+04 8.5761e+04 2.0134e+24
1.8046e+04 8.5761e+04 2.0134e+24
1.9454e+04 8.4551e+04 2.0875e+24
2.1875e+04 8.4551e+04 2.0875e+24
2.4296e+04 8.4551e+04 2.0875e+24
1.9454e+04 8.5156e+04 2.0492e+24
2.1875e+04 8.5156e+04 2.0492e+24
2.4296e+04 8.5156e+04 2.0492e+24
1.9454e+04 8.5761e+04 2.0134e+24
2.1875e+04 8.5761e+04 2.0134e+24
2.4296e+04 8.5761e+04 2.0134e+24
2.5704e+04 8.4551e+04 2.0875e+24
2.8125e+04 8.4551e+04 2.0875e+24
3.0546e+04 8.4551e+04 2.0875e+24
2.5704e+04 8.5156e+04 2.0492e+24
2.8125e+04 8.5156e+04 2.0492e+24
3.0546e+04 8.5156e+04 2.0492e+24
2.5704e+04 8.5761e+04 2.0134e+24
2.8125e+04 8.5761e+04 2.0134e+24
3.0546e+04 8.5761e+04 2.0134e+24
3.1954e+04 8.4551e+04 2.0875e+24
3.4375e+04 8.4551e+04 2.0875e+24
3.6796e+04 8.4551e+04 2.0875e+24
3.1954e+04 8.5156e+04 2.0492e+24
3.4375e+04 8.5156e+04 2.0492e+24
3.6796e+04 8.5156e+04 2.0492e+24
3.1954e+04 8.5761e+04 2.0134e+24
3.4375e+04 8.5761e+04 2.0134e+24
3.6796e+04 8.5761e+04 2.0134e+24
3.8204e+04 8.4551e+04 2.0875e+24
4.0625e+04 8.4551e+04 2.0875e+24
4.3046e+04 8.4551e+04 2.0875e+24
3.8204e+04 8.5156e+04 2.0492e+24
4.0625e+04 8.5156e+04 2.0492e+24
4.3046e+04 8.5156e+04 2.0492e+24
3.8204e+04 8.5761e+04 2.0134e+24
4.0625e+04 8.5761e+04 2.0134e+24
4.3046e+04 8.5761e+04 2.0134e+24
4.4454e+04 8.4551e+04 2.0875e+24
4.6875e+04 8.4551e+04 2.0875e+24
4.9296e+04 8.4551e+04 2.0875e+24
4.4454e+04 8.5156e+04 2.0492e+24
4.6875e+04 8.5156e+04 2.0492e+24
4.9296e+04 8.5156e+04 2.0492e+24
4.4454e+04 8.5761e+04 2.0134e+24
4.6875e+04 8.5761e+04 2.0134e+24
4.9296e+04 8.5761e+04 2.0134e+24
5.0704e+04 8.4551e+04 2.0875e+24
5.3125e+04 8.4551e+04 2.0875e+24
5.5546e+04 8.4551e+04 2.0875e+24
5.0704e+04 8.5156e+04 2.0492e+24
5.3125e+04 8.5156e+04 2.0492e+24
5.5546e+04 8.5156e+04 2.0492e+24
5.0704e+04 8.5761e+04 2.0134e+24
5.3125e+04 8.5761e+04 2.0134e+24
5.5546e+04 8.5761e+04 2.0134e+24
5.6954e+04 8.4551e+04 2.0875e+24
5.9375e+04 8.4551e+04 2.0875e+24
6.1796e+04 8.4551e+04 2.0875e+24
5.6954e+04 8.5156e+04 2.0492e+24
5.9375e+04 8.5156e+04 2.0492e+24
6.1796e+04 8.5156e+04 2.0492e+24
5.6954e+04 8.5761e+04 2.0134e+24
5.9375e+04 8.5761e+04 2.0134e+24
6.1796e+04 8.5761e+04 2.0134e+24
6.3204e+04 8.4551e+04 2.0875e+24
6.5625e+04 8.4551e+04 2.0875e+24
6.8046e+04 8.4551e+04 2.0875e+24
6.3204e+04 8.5156e+04 2.0492e+24
6.5625e+04 8.5156e+04 2.0492e+24
6.8046e+04 8.5156e+04 2.0492e+24
6.3204e+04 8.5761e+04 2.0134e+24
6.5625e+04 8.5761e+04 2.0134e+24
6.8046e+04 8.5761e+04 2.0134e+24
6.9454e+04 8.4551e+04 2.0875e+24
7.1875e+04 8.4551e+04 2.0875e+24
7.4296e+04 8.4551e+04 2.0875e+24
6.9454e+04 8.5156e+04 2.0492e+24
7.1875e+04 8.5156e+04 2.0492e+24
7.4296e+04 8.5156e+04 2.0492e+24
6.9454e+04 8.5761e+04 2.0134e+24
7.1875e+04 8.5761e+04 2.0134e+24
7.4296e+04 8.5761e+04 2.0134e+24
7.5704e+04 8.4551e+04 2.0875e+24
7.8125e+04 8.4551e+04 2.0875e+24
8.0546e+04 8.4551e+04 2.0875e+24
7.5704e+04 8.5156e+04 2.0492e+24
7.8125e+04 8.5156e+04 2.0492e+24
8.0546e+04 8.5156e+04 2.0492e+24
7.5704e+04 8.5761e+04 2.0134e+24
7.8125e+04 8.5761e+04 2.0134e+24
8.0546e+04 8.5761e+04 2.0134e+24
8.1954e+04 8.4551e+04 2.0875e+24
8.4375e+04 8.4551e+04 2.0875e+24
8.6796e+04 8.4551e+04 2.0875e+24
8.1954e+04 8.5156e+04 2.0492e+24
8.4375e+04 8.5156e+04 2.0492e+24
8.6796e+04 8.5156e+04 2.0492e+24
8.1954e+04 8.5761e+04 2.0134e+24
8.4375e+04 8.5761e+04 2.0134e+24
8.6796e+04 8.5761e+04 2.0134e+24
8.8204e+04 8.4551e+04 2.0875e+24
9.0625e+04 8.4551e+04 2.0875e+24
9.3046e+04 8.4551e+04 2.0875e+24
8.8204e+04 8.5156e+04 2.0492e+24
9.0625e+04 8.5156e+04 2.0492e+24
9.3046e+04 8.5156e+04 2.0492e+24
8.8204e+04 8.5761e+04 2.0134e+24
9.0625e+04 8.5761e+04 2.0134e+24
9.3046e+04 8.5761e+04 2.0134e+24
9.4454e+04 8.4551e+04 2.0875e+24
9.6875e+04 8.4551e+04 2.0875e+24
9.9296e+04 8.4551e+04 2.0875e+24
9.4454e+04 8.5156e+04 2.0492e+24
9.6875e+04 8.5156e+04 2.0492e+24
9.9296e+04 8.5156e+04 2.0492e+24
9.4454e+04 8.5761e+04 2.0134e+24
9.6875e+04 8.5761e+04 2.0134e+24
9.9296e+04 8.5761e+04 2.0134e+24
7.0439e+02 8.6114e+04 1.9937e+24
3.1250e+03 8.6114e+04 1.9937e+24
5.5456e+03 8.6114e+04 1.9937e+24
7.0439e+02 8.6719e+04 1.9616e+24
3.1250e+03 8.6719e+04 1.9616e+24
5.5456e+03 8.6719e+04 1.9616e+24
7.0439e+02 8.7324e+04 1.9315e+24
3.1250e+03 8.7324e+04 1.9315e+24
5.5456e+03 8.7324e+04 1.9315e+24
6.9544e+03 8.6114e+04 1.9937e+24
9.3750e+03 8.6114e+04 1.9937e+24
1.1796e+04 8.6114e+04 1.9937e+24
6.9544e+03 8.6719e+04 1.9616e+24
9.3750e+03 8.6719e+04 1.9616e+24
1.1796e+04 8.6719e+04 1.9616e+24
6.9544e+03 8.7324e+04 1.9315e+24
9.3750e+03 8.7324e+04 1.9315e+24
1.1796e+04 8.7324e+04 1.9315e+24
1.3204e+04 8.6114e+04 1.9937e+24
1.5625e+04 8.6114e+04 1.9937e+24
1.8046e+04 8.6114e+04 1.9937e+24
1.3204e+04 8.6719e+04 1.9616e+24
1.5625e+04 8.6719e+04 1.9616e+24
1.8046e+04 8.6719e+04 1.9616e+24
1.3204e+04 8.7324e+04 1.9315e+24
1.5625e+04 8.7324e+04 1.9315e+24
1.8046e+04 8.7324e+04 1.9315e+24
1.9454e+04 8.6114e+04 1.9937e+24
2.1875e+04 8.6114e+04 1.9937e+24
2.4296e+04 8.6114e+04 1.9937e+24
1.9454e+04 8.6719e+04 1.9616e+24
2.1875e+04 8.6719e+04 1.9616e+24
2.4296e+04 8.6719e+04 1.9616e+24
1.9454e+04 8.7324e+04 1.9315e+24
2.1875e+04 8.7324e+04 1.9315e+24
2.4296e+04 8.7324e+04 1.9315e+24
2.5704e+04 8.6114e+04 1.9937e+24
2.8125e+04 8.6114e+04 1.9937e+24
3.0546e+04 8.6114e+04 1.9937e+24
2.5704e+04 8.6719e+04 1.9616e+24
2.8125e+04 8.6719e+04 1.9616e+24
3.0546e+04 8.6719e+04 1.9616e+24
2.5704e+04 8.7324e+04 1.9315e+24
2.8125e+04 8.7324e+04 1.9315e+24
3.0546e+04 8.7324e+04 1.9315e+24
3.1954e+04 8.6114e+04 1.9937e+24
3.4375e+04 8.6114e+04 1.9937e+24
3.6796e+04 8.6114e+04 1.9937e+24
3.1954e+04 8.6719e+04 1.9616e+24
3.4375e+04 8.6719e+04 1.9616e+24
3.6796e+04 8.6719e+04 1.9616e+24
3.1954e+04 8.7324e+04 1.9315e+24
3.4375e+04 8.7324e+04 1.9315e+24
3.6796e+04 8.7324e+04 1.9315e+24
3.8204e+04 8.6114e+04 1.9937e+24
4.0625e+04 8.6114e+04 1.9937e+24
4.3046e+04 8.6114e+04 1.9937e+24
3.8204e+04 8.6719e+04 1.9616e+24
4.0625e+04 8.6719e+04 1.9616e+24
4.3046e+04 8.6719e+04 1.9616e+24
3.8204e+04 8.7324e+04 1.9315e+24
4.0625e+04 8.7324e+04 1.9315e+24
4.3046e+04 8.7324e+04 1.9315e+24
4.4454e+04 8.6114e+04 1.9937e+24
4.6875e+04 8.6114e+04 1.9937e+24
4.9296e+04 8.6114e+04 1.9937e+24
4.4454e+04 8.6719e+04 1.9616e+24
4.6875e+04 8.6719e+04 1.9616e+24
4.9296e+04 8.6719e+04 1.9616e+24
4.4454e+04 8.7324e+04 1.9315e+24
4.6875e+04 8.7324e+04 1.9315e+24
4.9296e+04 8.7324e+04 1.9315e+24
5.0704e+04 8.6114e+04 1.9937e+24
5.3125e+04 8.6114e+04 1.9937e+24
5.5546e+04 8.6114e+04 1.9937e+24
5.0704e+04 8.6719e+04 1.9616e+24
5.3125e+04 8.6719e+04 1.9616e+24
5.5546e+04 8.6719e+04 1.9616e+24
5.0704e+04 8.7324e+04 1.9315e+24
5.3125e+04 8.7324e+04 1.9315e+24
5.5546e+04 8.7324e+04 1.9315e+24
5.6954e+04 8.6114e+04 1.9937e+24
5.9375e+04 8.6114e+04 1.9937e+24
6.1796e+04 8.6114e+04 1.9937e+24
5.6954e+04 8.6719e+04 1.9616e+24
5.9375e+04 8.6719e+04 1.9616e+24
6.1796e+04 8.6719e+04 1.9616e+24
5.6954e+04 8.7324e+04 1.9315e+24
5.9375e+04 8.7324e+04 1.9315e+24
6.1796e+04 8.7324e+04 1.9315e+24
6.3204e+04 8.6114e+04 1.9937e+24
6.5625e+04 8.6114e+04 1.9937e+24
6.8046e+04 8.6114e+04 1.9937e+24
6.3204e+04 8.6719e+04 1.9616e+24
6.5625e+04 8.6719e+04 1.9616e+24
6.8046e+04 8.6719e+04 1.9616e+24
6.3204e+04 8.7324e+04 1.9315e+24
6.5625e+04 8.7324e+04 1.9315e+24
6.8046e+04 8.7324e+04 1.9315e+24
6.9454e+04 8.6114e+04 1.9937e+24
7.1875e+04 8.6114e+04 1.9937e+24
7.4296e+04 8.6114e+04 1.9937e+24
6.9454e+04 8.6719e+04 1.9616e+24
7.1875e+04 8.6719e+04 1.9616e+24
7.4296e+04 8.6719e+04 1.9616e+24
6.9454e+04 8.7324e+04 1.9315e+24
7.1875e+04 8.7324e+04 1.9315e+24
7.4296e+04 8.7324e+04 1.9315e+24
7.5704e+04 8.6114e+04 1.9937e+24
7.8125e+04 8.6114e+04 1.9937e+24
8.0546e+04 8.6114e+04 1.9937e+24
7.5704e+04 8.6719e+04 1.9616e+24
7.8125e+04 8.6719e+04 1.9616e+24
8.0546e+04 8.6719e+04 1.9616e+24
7.5704e+04 8.7324e+04 1.9315e+24
7.8125e+04 8.7324e+04 1.9315e+24
8.0546e+04 8.7324e+04 1.9315e+24
8.1954e+04 8.6114e+04 1.9937e+24
8.4375e+04 8.6114e+04 1.9937e+24
8.6796e+04 8.6114e+04 1.9937e+24
8.1954e+04 8.6719e+04 1.9616e+24
8.4375e+04 8.6719e+04 1.9616e+24
8.6796e+04 8.6719e+04 1.9616e+24
8.1954e+04 8.7324e+04 1.9315e+24
8.4375e+04 8.7324e+04 1.9315e+24
8.6796e+04 8.7324e+04 1.9315e+24
8.8204e+04 8.6114e+04 1.9937e+24
9.0625e+04 8.6114e+04 1.9937e+24
9.3046e+04 8.6114e+04 1.9937e+24
8.8204e+04 8.6719e+04 1.9616e+24
9.0625e+04 8.6719e+04 1.9616e+24
9.3046e+04 8.6719e+04 1.9616e+24
8.8204e+04 8.7324e+04 1.9315e+24
9.0625e+04 8.7324e+04 1.9315e+24
9.3046e+04 8.7324e+04 1.9315e+24
9.4454e+04 8.6114e+04 1.9937e+24
9.6875e+04 8.6114e+04 1.9937e+24
9.9296e+04 8.6114e+04 1.9937e+24
9.4454e+04 8.6719e+04 1.9616e+24
9.6875e+04 8.6719e+04 1.9616e+24
9.9296e+04 8.6719e+04 1.9616e+24
9.4454e+04 8.7324e+04 1.9315e+24
9.6875e+04 8.7324e+04 1.9315e+24
9.9296e+04 8.7324e+04 1.9315e+24
7.0439e+02 8.7676e+04 1.9148e+24
3.1250e+03 8.7676e+04 1.9148e+24
5.5456e+03 8.7676e+04 1.9148e+24
7.0439e+02 8.8281e+04 1.8875e+24
3.1250e+03 8.8281e+04 1.8875e+24
5.5456e+03 8.8281e+04 1.8875e+24
7.0439e+02 8.8886e+04 1.8618e+24
3.1250e+03 8.8886e+04 1.8618e+24
5.5456e+03 8.8886e+04 1.8618e+24
6.9544e+03 8.7676e+04 1.9148e+24
9.3750e+03 8.7676e+04 1.9148e+24
1.1796e+04 8.7676e+04 1.9148e+24
6.9544e+03 8.8281e+04 1.8875e+24
9.3750e+03 8.8281e+04 1.8875e+24
1.1796e+04 8.8281e+04 1.8875e+24
6.9544e+03 8.8886e+04 1.8618e+24
9.3750e+03 8.8886e+04 1.8618e+24
1.1796e+04 8.8886e+04 1.8618e+24
1.3204e+04 8.7676e+04 1.9148e+24
1.5625e+04 8.7676e+04 1.9148e+24
1.8046e+04 8.7676e+04 1.9148e+24
1.3204e+04 8.8281e+04 1.8875e+24
1.5625e+04 8.8281e+04 1.8875e+24
1.8046e+04 8.8281e+04 1.8875e+24
1.3204e+04 8.8886e+04 1.8618e+24
1.5625e+04 8.8886e+04 1.8618e+24
1.8046e+04 8.8886e+04 1.8618e+24
1.9454e+04 8.7676e+04 1.9148e+24
2.1875e+04 8.7676e+04 1.9148e+24
2.4296e+04 8.7676e+04 1.9148e+24
1.9454e+04 8.8281e+04 1.8875e+24
2.1875e+04 8.8281e+04 1.8875e+24
2.4296e+04 8.8281e+04 1.8875e+24
1.9454e+04 8.8886e+04 1.8618e+24
2.1875e+04 8.8886e+04 1.8618e+24
2.4296e+04 8.8886e+04 1.8618e+24
2.5704e+04 8.7676e+04 1.9148e+24
2.8125e+04 8.7676e+04 1.9148e+24
3.0546e+04 8.7676e+04 1.9148e+24
2.5704e+04 8.8281e+04 1.8875e+24
2.8125e+04 8.8281e+04 1.8875e+24
3.0546e+04 8.8281e+04 1.8875e+24
2.5704e+04 8.8886e+04 1.8618e+24
2.8125e+04 8.8886e+04 1.8618e+24
3.0546e+04 8.8886e+04 1.8618e+24
3.1954e+04 8.7676e+04 1.9148e+24
3.4375e+04 8.7676e+04 1.9148e+24
3.6796e+04 8.7676e+04 1.9148e+24
3.1954e+04 8.8281e+04 1.8875e+24
3.4375e+04 8.8281e+04 1.8875e+24
3.6796e+04 8.8281e+04 1.8875e+24
3.1954e+04 8.8886e+04 1.8618e+24
3.4375e+04 8.8886e+04 1.8618e+24
3.6796e+04 8.8886e+04 1.8618e+24
3.8204e+04 8.7676e+04 1.9148e+24
4.0625e+04 8.7676e+04 1.9148e+24
4.3046e+04 8.7676e+04 1.9148e+24
3.8204e+04 8.8281e+04 1.8875e+24
4.0625e+04 8.8281e+04 1.8875e+24
4.3046e+04 8.8281e+04 1.8875e+24
3.8204e+04 8.8886e+04 1.8618e+24
4.0625e+04 8.8886e+04 1.8618e+24
4.3046e+04 8.8886e+04 1.8618e+24
4.4454e+04 8.7676e+04 1.9148e+24
4.6875e+04 8.7676e+04 1.9148e+24
4.9296e+04 8.7676e+04 1.9148e+24
4.4454e+04 8.8281e+04 1.8875e+24
4.6875e+04 8.8281e+04 1.8875e+24
4.9296e+04 8.8281e+04 1.8875e+24
4.4454e+04 8.8886e+04 1.8618e+24
4.6875e+04 8.8886e+04 1.8618e+24
4.9296e+04 8.8886e+04 1.8618e+24
5.0704e+04 8.7676e+04 1.9148e+24
5.3125e+04 8.7676e+04 1.9148e+24
5.5546e+04 8.7676e+04 1.9148e+24
5.0704e+04 8.8281e+04 1.8875e+24
5.3125e+04 8.8281e+04 1.8875e+24
5.5546e+04 8.8281e+04 1.8875e+24
5.0704e+04 8.8886e+04 1.8618e+24
5.3125e+04 8.8886e+04 1.8618e+24
5.5546e+04 8.8886e+04 1.8618e+24
5.6954e+04 8.7676e+04 1.9148e+24
5.9375e+04 8.7676e+04 1.9148e+24
6.1796e+04 8.7676e+04 1.9148e+24
5.6954e+04 8.8281e+04 1.8875e+24
5.9375e+04 8.8281e+04 1.8875e+24
6.1796e+04 8.8281e+04 1.8875e+24
5.6954e+04 8.8886e+04 1.8618e+24
5.9375e+04 8.8886e+04 1.8618e+24
6.1796e+04 8.8886e+04 1.8618e+24
6.3204e+04 8.7676e+04 1.9148e+24
6.5625e+04 8.7676e+04 1.9148e+24
6.8046e+04 8.7676e+04 1.9148e+24
6.3204e+04 8.8281e+04 1.8875e+24
6.5625e+04 8.8281e+04 1.8875e+24
6.8046e+04 8.8281e+04 1.8875e+24
6.3204e+04 8.8886e+04 1.8618e+24
6.5625e+04 8.8886e+04 1.8618e+24
6.8046e+04 8.8886e+04 1.8618e+24
6.9454e+04 8.7676e+04 1.9148e+24
7.1875e+04 8.7676e+04 1.9148e+24
7.4296e+04 8.7676e+04 1.9148e+24
6.9454e+04 8.8281e+04 1.8875e+24
7.1875e+04 8.8281e+04 1.8875e+24
7.4296e+04 8.8281e+04 1.8875e+24
6.9454e+04 8.8886e+04 1.8618e+24
7.1875e+04 8.8886e+04 1.8618e+24
7.4296e+04 8.8886e+04 1.8618e+24
7.5704e+04 8.7676e+04 1.9148e+24
7.8125e+04 8.7676e+04 1.9148e+24
8.0546e+04 8.7676e+04 1.9148e+24
7.5704e+04 8.8281e+04 1.8875e+24
7.8125e+04 8.8281e+04 1.8875e+24
8.0546e+04 8.8281e+04 1.8875e+24
7.5704e+04 8.8886e+04 1.8618e+24
7.8125e+04 8.8886e+04 1.8618e+24
8.0546e+04 8.8886e+04 1.8618e+24
8.1954e+04 8.7676e+04 1.9148e+24
8.4375e+04 8.7676e+04 1.9148e+24
8.6796e+04 8.7676e+04 1.9148e+24
8.1954e+04 8.8281e+04 1.8875e+24
8.4375e+04 8.8281e+04 1.8875e+24
8.6796e+04 8.8281e+04 1.8875e+24
8.1954e+04 8.8886e+04 1.8618e+24
8.4375e+04 8.8886e+04 1.8618e+24
8.6796e+04 8.8886e+04 1.8618e+24
8.8204e+04 8.7676e+04 1.9148e+24
9.0625e+04 8.7676e+04 1.9148e+24
9.3046e+04 8.7676e+04 1.9148e+24
8.8204e+04 8.8281e+04 1.8875e+24
9.0625e+04 8.8281e+04 1.8875e+24
9.3046e+04 8.8281e+04 1.8875e+24
8.8204e+04 8.8886e+04 1.8618e+24
9.0625e+04 8.8886e+04 1.8618e+24
9.3046e+04 8.8886e+04 1.8618e+24
9.4454e+04 8.7676e+04 1.9148e+24
9.6875e+04 8.7676e+04 1.9148e+24
9.9296e+04 8.7676e+04 1.9148e+24
9.4454e+04 8.8281e+04 1.8875e+24
9.6875e+04 8.8281e+04 1.8875e+24
9.9296e+04 8.8281e+04 1.8875e+24
9.4454e+04 8.8886e+04 1.8618e+24
9.6875e+04 8.8886e+04 1.8618e+24
9.9296e+04 8.8886e+04 1.8618e+24
7.0439e+02 8.9239e+04 1.8475e+24
3.1250e+03 8.9239e+04 1.8475e+24
5.5456e+03 8.9239e+04 1.8475e+24
7.0439e+02 8.9844e+04 1.8240e+24
3.1250e+03 8.9844e+04 1.8240e+24
5.5456e+03 8.9844e+04 1.8240e+24
7.0439e+02 9.0449e+04 1.8018e+24
3.1250e+03 9.0449e+04 1.8018e+24
5.5456e+03 9.0449e+04 1.8018e+24
6.9544e+03 8.9239e+04 1.8475e+24
9.3750e+03 8.9239e+04 1.8475e+24
1.1796e+04 8.9239e+04 1.8475e+24
6.9544e+03 8.9844e+04 1.8240e+24
9.3750e+03 8.9844e+04 1.8240e+24
1.1796e+04 8.9844e+04 1.8240e+24
6.9544e+03 9.0449e+04 1.8018e+24
9.3750e+03 9.0449e+04 1.8018e+24
1.1796e+04 9.0449e+04 1.8018e+24
1.3204e+04 8.9239e+04 1.8475e+24
1.5625e+04 8.9239e+04 1.8475e+24
1.8046e+04 8.9239e+04 1.8475e+24
1.3204e+04 8.9844e+04 1.8240e+24
1.5625e+04 8.9844e+04 1.8240e+24
1.8046e+04 8.9844e+04 1.8240e+24
1.3204e+04 9.0449e+04 1.8018e+24
1.5625e+04 9.0449e+04 1.8018e+24
1.8046e+04 9.0449e+04 1.8018e+24
1.9454e+04 8.9239e+04 1.8475e+24
2.1875e+04 8.9239e+04 1.8475e+24
2.4296e+04 8.9239e+04 1.8475e+24
1.9454e+04 8.9844e+04 1.8240e+24
2.1875e+04 8.9844e+04 1.8240e+24
2.4296e+04 8.9844e+04 1.8240e+24
1.9454e+04 9.0449e+04 1.8018e+24
2.1875e+04 9.0449e+04 1.8018e+24
2.4296e+04 9.0449e+04 1.8018e+24
2.5704e+04 8.9239e+04 1.8475e+24
2.8125e+04 8.9239e+04 1.8475e+24
3.0546e+04 8.9239e+04 1.8475e+24
2.5704e+04 8.9844e+04 1.8240e+24
2.8125e+04 8.9844e+04 1.8240e+24
3.0546e+04 8.9844e+04 1.8240e+24
2.5704e+04 9.0449e+04 1.8018e+24
2.8125e+04 9.0449e+04 1.8018e+24
3.0546e+04 9.0449e+04 1.8018e+24
3.1954e+04 8.9239e+04 1.8475e+24
3.4375e+04 8.9239e+04 1.8475e+24
3.6796e+04 8.9239e+04 1.8475e+24
3.1954e+04 8.9844e+04 1.8240e+24
3.4375e+04 8.9844e+04 1.8240e+24
3.6796e+04 8.9844e+04 1.8240e+24
3.1954e+04 9.0449e+04 1.8018e+24
3.4375e+04 9.0449e+04 1.8018e+24
3.6796e+04 9.0449e+04 1.8018e+24
3.8204e+04 8.9239e+04 1.8475e+24
4.0625e+04 8.9239e+04 1.8475e+24
4.3046e+04 8.9239e+04 1.8475e+24
3.8204e+04 8.9844e+04 1.8240e+24
4.0625e+04 8.9844e+04 1.8240e+24
4.3046e+04 8.9844e+04 1.8240e+24
3.8204e+04 9.0449e+04 1.8018e+24
4.0625e+04 9.0449e+04 1.8018e+24
4.3046e+04 9.0449e+04 1.8018e+24
4.4454e+04 8.9239e+04 1.8475e+24
4.6875e+04 8.9239e+04 1.8475e+24
4.9296e+04 8.9239e+04 1.8475e+24
4.4454e+04 8.9844e+04 1.8240e+24
4.6875e+04 8.9844e+04 1.8240e+24
4.9296e+04 8.9844e+04 1.8240e+24
4.4454e+04 9.0449e+04 1.8018e+24
4.6875e+04 9.0449e+04 1.8018e+24
4.9296e+04 9.0449e+04 1.8018e+24
5.0704e+04 8.9239e+04 1.8475e+24
5.3125e+04 8.9239e+04 1.8475e+24
5.5546e+04 8.9239e+04 1.8475e+24
5.0704e+04 8.9844e+04 1.8240e+24
5.3125e+04 8.9844e+04 1.8240e+24
5.5546e+04 8.9844e+04 1.8240e+24
5.0704e+04 9.0449e+04 1.8018e+24
5.3125e+04 9.0449e+04 1.8018e+24
5.5546e+04 9.0449e+04 1.8018e+24
5.6954e+04 8.9239e+04 1.8475e+24
5.9375e+04 8.9239e+04 1.8475e+24
6.1796e+04 8.9239e+04 1.8475e+24
5.6954e+04 8.9844e+04 1.8240e+24
5.9375e+04 8.9844e+04 1.8240e+24
6.1796e+04 8.9844e+04 1.8240e+24
5.6954e+04 9.0449e+04 1.8018e+24
5.9375e+04 9.0449e+04 1.8018e+24
6.1796e+04 9.0449e+04 1.8018e+24
6.3204e+04 8.9239e+04 1.8475e+24
6.5625e+04 8.9239e+04 1.8475e+24
6.8046e+04 8.9239e+04 1.8475e+24
6.3204e+04 8.9844e+04 1.8240e+24
6.5625e+04 8.9844e+04 1.8240e+24
6.8046e+04 8.9844e+04 1.8240e+24
6.3204e+04 9.0449e+04 1.8018e+24
6.5625e+04 9.0449e+04 1.8018e+24
6.8046e+04 9.0449e+04 1.8018e+24
6.9454e+04 8.9239e+04 1.8475e+24
7.1875e+04 8.9239e+04 1.8475e+24
7.4296e+04 8.9239e+04 1.8475e+24
6.9454e+04 8.9844e+04 1.8240e+24
7.1875e+04 8.9844e+04 1.8240e+24
7.4296e+04 8.9844e+04 1.8240e+24
6.9454e+04 9.0449e+04 1.8018e+24
7.1875e+04 9.0449e+04 1.8018e+24
7.4296e+04 9.0449e+04 1.8018e+24
7.5704e+04 8.9239e+04 1.8475e+24
7.8125e+04 8.9239e+04 1.8475e+24
8.0546e+04 8.9239e+04 1.8475e+24
7.5704e+04 8.9844e+04 1.8240e+24
7.8125e+04 8.9844e+04 1.8240e+24
8.0546e+04 8.9844e+04 1.8240e+24
7.5704e+04 9.0449e+04 1.8018e+24
7.8125e+04 9.0449e+04 1.8018e+24
8.0546e+04 9.0449e+04 1.8018e+24
8.1954e+04 8.9239e+04 1.8475e+24
8.4375e+04 8.9239e+04 1.8475e+24
8.6796e+04 8.9239e+04 1.8475e+24
8.1954e+04 8.9844e+04 1.8240e+24
8.4375e+04 8.9844e+04 1.8240e+24
8.6796e+04 8.9844e+04 1.8240e+24
8.1954e+04 9.0449e+04 1.8018e+24
8.4375e+04 9.0449e+04 1.8018e+24
8.6796e+04 9.0449e+04 1.8018e+24
8.8204e+04 8.9239e+04 1.8475e+24
9.0625e+04 8.9239e+04 1.8475e+24
9.3046e+04 8.9239e+04 1.8475e+24
8.8204e+04 8.9844e+04 1.8240e+24
9.0625e+04 8.9844e+04 1.8240e+24
9.3046e+04 8.9844e+04 1.8240e+24
8.8204e+04 9.0449e+04 1.8018e+24
9.0625e+04 9.0449e+04 1.8018e+24
9.3046e+04 9.0449e+04 1.8018e+24
9.4454e+04 8.9239e+04 1.8475e+24
9.6875e+04 8.9239e+04 1.8475e+24
9.9296e+04 8.9239e+04 1.8475e+24
9.4454e+04 8.9844e+04 1.8240e+24
9.6875e+04 8.9844e+04 1.8240e+24
9.9296e+04 8.9844e+04 1.8240e+24
9.4454e+04 9.0449e+04 1.8018e+24
9.6875e+04 9.0449e+04 1.8018e+24
9.9296e+04 9.0449e+04 1.8018e+24
7.0439e+02 9.0801e+04 1.7894e+24
3.1250e+03 9.0801e+04 1.7894e+24
5.5456e+03 9.0801e+04 1.7894e+24
7.0439e+02 9.1406e+04 1.7690e+24
3.1250e+03 9.1406e+04 1.7690e+24
5.5456e+03 9.1406e+04 1.7690e+24
7.0439e+02 9.2011e+04 1.7496e+24
3.1250e+03 9.2011e+04 1.7496e+24
5.5456e+03 9.2011e+04 1.7496e+24
6.9544e+03 9.0801e+04 1.7894e+24
9.3750e+03 9.0801e+04 1.7894e+24
1.1796e+04 9.0801e+04 1.7894e+24
6.9544e+03 9.1406e+04 1.7690e+24
9.3750e+03 9.1406e+04 1.7690e+24
1.1796e+04 9.1406e+04 1.7690e+24
6.9544e+03 9.2011e+04 1.7496e+24
9.3750e+03 9.2011e+04 1.7496e+24
1.1796e+04 9.2011e+04 1.7496e+24
1.3204e+04 9.0801e+04 1.7894e+24
1.5625e+04 9.0801e+04 1.7894e+24
1.8046e+04 9.0801e+04 1.7894e+24
1.3204e+04 9.1406e+04 1.7690e+24
1.5625e+04 9.1406e+04 1.7690e+24
1.8046e+04 9.1406e+04 1.7690e+24
1.3204e+04 9.2011e+04 1.7496e+24
1.5625e+04 9.2011e+04 1.7496e+24
1.8046e+04 9.2011e+04 1.7496e+24
1.9454e+04 9.0801e+04 1.7894e+24
2.1875e+04 9.0801e+04 1.7894e+24
2.4296e+04 9.0801e+04 1.7894e+24
1.9454e+04 9.1406e+04 1.7690e+24
2.1875e+04 9.1406e+04 1.7690e+24
2.4296e+04 9.1406e+04 1.7690e+24
1.9454e+04 9.2011e+04 1.7496e+24
2.1875e+04 9.2011e+04 1.7496e+24
2.4296e+04 9.2011e+04 1.7496e+24
2.5704e+04 9.0801e+04 1.7894e+24
2.8125e+04 9.0801e+04 1.7894e+24
3.0546e+04 9.0801e+04 1.7894e+24
2.5704e+04 9.1406e+04 1.7690e+24
2.8125e+04 9.1406e+04 1.7690e+24
3.0546e+04 9.1406e+04 1.7690e+24
2.5704e+04 9.2011e+04 1.7496e+24
2.8125e+04 9.2011e+04 1.7496e+24
3.0546e+04 9.2011e+04 1.7496e+24
3.1954e+04 9.0801e+04 1.7894e+24
3.4375e+04 9.0801e+04 1.7894e+24
3.6796e+04 9.0801e+04 1.7894e+24
3.1954e+04 9.1406e+04 1.7690e+24
3.4375e+04 9.1406e+04 1.7690e+24
3.6796e+04 9.1406e+04 1.7690e+24
3.1954e+04 9.2011e+04 1.7496e+24
3.4375e+04 9.2011e+04 1.7496e+24
3.6796e+04 9.2011e+04 1.7496e+24
3.8204e+04 9.0801e+04 1.7894e+24
4.0625e+04 9.0801e+04 1.7894e+24
4.3046e+04 9.0801e+04 1.7894e+24
3.8204e+04 9.1406e+04 1.7690e+24
4.0625e+04 9.1406e+04 1.7690e+24
4.3046e+04 9.1406e+04 1.7690e+24
3.8204e+04 9.2011e+04 1.7496e+24
4.0625e+04 9.2011e+04 1.7496e+24
4.3046e+04 9.2011e+04 1.7496e+24
4.4454e+04 9.0801e+04 1.7894e+24
4.6875e+04 9.0801e+04 1.7894e+24
4.9296e+04 9.0801e+04 1.7894e+24
4.4454e+04 9.1406e+04 1.7690e+24
4.6875e+04 9.1406e+04 1.7690e+24
4.9296e+04 9.1406e+04 1.7690e+24
4.4454e+04 9.2011e+04 1.7496e+24
4.6875e+04 9.2011e+04 1.7496e+24
4.9296e+04 9.2011e+04 1.7496e+24
5.0704e+04 9.0801e+04 1.7894e+24
5.3125e+04 9.0801e+04 1.7894e+24
5.5546e+04 9.0801e+04 1.7894e+24
5.0704e+04 9.1406e+04 1.7690e+24
5.3125e+04 9.1406e+04 1.7690e+24
5.5546e+04 9.1406e+04 1.7690e+24
5.0704e+04 9.2011e+04 1.7496e+24
5.3125e+04 9.2011e+04 1.7496e+24
5.5546e+04 9.2011e+04 1.7496e+24
5.6954e+04 9.0801e+04 1.7894e+24
5.9375e+04 9.0801e+04 1.7894e+24
6.1796e+04 9.0801e+04 1.7894e+24
5.6954e+04 9.1406e+04 1.7690e+24
5.9375e+04 9.1406e+04 1.7690e+24
6.1796e+04 9.1406e+04 1.7690e+24
5.6954e+04 9.2011e+04 1.7496e+24
5.9375e+04 9.2011e+04 1.7496e+24
6.1796e+04 9.2011e+04 1.7496e+24
6.3204e+04 9.0801e+04 1.7894e+24
6.5625e+04 9.0801e+04 1.7894e+24
6.8046e+04 9.0801e+04 1.7894e+24
6.3204e+04 9.1406e+04 1.7690e+24
6.5625e+04 9.1406e+04 1.7690e+24
6.8046e+04 9.1406e+04 1.7690e+24
6.3204e+04 9.2011e+04 1.7496e+24
6.5625e+04 9.2011e+04 1.7496e+24
6.8046e+04 9.2011e+04 1.7496e+24
6.9454e+04 9.0801e+04 1.7894e+24
7.1875e+04 9.0801e+04 1.7894e+24
7.4296e+04 9.0801e+04 1.7894e+24
6.9454e+04 9.1406e+04 1.7690e+24
7.1875e+04 9.1406e+04 1.7690e+24
7.4296e+04 9.1406e+04 1.7690e+24
6.9454e+04 9.2011e+04 1.7496e+24
7.1875e+04 9.2011e+04 1.7496e+24
7.4296e+04 9.2011e+04 1.7496e+24
7.5704e+04 9.0801e+04 1.7894e+24
7.8125e+04 9.0801e+04 1.7894e+24
8.0546e+04 9.0801e+04 1.7894e+24
7.5704e+04 9.1406e+04 1.7690e+24
7.8125e+04 9.1406e+04 1.7690e+24
8.0546e+04 9.1406e+04 1.7690e+24
7.5704e+04 9.2011e+04 1.7496e+24
7.8125e+04 9.2011e+04 1.7496e+24
8.0546e+04 9.2011e+04 1.7496e+24
8.1954e+04 9.0801e+04 1.7894e+24
8.4375e+04 9.0801e+04 1.7894e+24
8.6796e+04 9.0801e+04 1.7894e+24
8.1954e+04 9.1406e+04 1.7690e+24
8.4375e+04 9.1406e+04 1.7690e+24
8.6796e+04 9.1406e+04 1.7690e+24
8.1954e+04 9.2011e+04 1.7496e+24
8.4375e+04 9.2011e+04 1.7496e+24
8.6796e+04 9.2011e+04 1.7496e+24
8.8204e+04 9.0801e+04 1.7894e+24
9.0625e+04 9.0801e+04 1.7894e+24
9.3046e+04 9.0801e+04 1.7894e+24
8.8204e+04 9.1406e+04 1.7690e+24
9.0625e+04 9.1406e+04 1.7690e+24
9.3046e+04 9.1406e+04 1.7690e+24
8.8204e+04 9.2011e+04 1.7496e+24
9.0625e+04 9.2011e+04 1.7496e+24
9.3046e+04 9.2011e+04 1.7496e+24
9.4454e+04 9.0801e+04 1.7894e+24
9.6875e+04 9.0801e+04 1.7894e+24
9.9296e+04 9.0801e+04 1.7894e+24
9.4454e+04 9.1406e+04 1.7690e+24
9.6875e+04 9.1406e+04 1.7690e+24
9.9296e+04 9.1406e+04 1.7690e+24
9.4454e+04 9.2011e+04 1.7496e+24
9.6875e+04 9.2011e+04 1.7496e+24
9.9296e+04 9.2011e+04 1.7496e+24
7.0439e+02 9.2364e+04 1.7388e+24
3.1250e+03 9.2364e+04 1.7388e+24
5.5456e+03 9.2364e+04 1.7388e+24
7.0439e+02 9.2969e+04 1.7209e+24
3.1250e+03 9.2969e+04 1.7209e+24
5.5456e+03 9.2969e+04 1.7209e+24
7.0439e+02 9.3574e+04 1.7038e+24
3.1250e+03 9.3574e+04 1.7038e+24
5.5456e+03 9.3574e+04 1.7038e+24
6.9544e+03 9.2364e+04 1.7388e+24
9.3750e+03 9.2364e+04 1.7388e+24
1.1796e+04 9.2364e+04 1.7388e+24
6.9544e+03 9.2969e+04 1.7209e+24
9.3750e+03 9.2969e+04 1.7209e+24
1.1796e+04 9.2969e+04 1.7209e+24
6.9544e+03 9.3574e+04 1.7038e+24
9.3750e+03 9.3574e+04 1.7038e+24
1.1796e+04 9.3574e+04 1.7038e+24
1.3204e+04 9.2364e+04 1.7388e+24
1.5625e+04 9.2364e+04 1.7388e+24
1.8046e+04 9.2364e+04 1.7388e+24
1.3204e+04 9.2969e+04 1.7209e+24
1.5625e+04 9.2969e+04 1.7209e+24
1.8046e+04 9.2969e+04 1.7209e+24
1.3204e+04 9.3574e+04 1.7038e+24
1.5625e+04 9.3574e+04 1.7038e+24
1.8046e+04 9.3574e+04 1.7038e+24
1.9454e+04 9.2364e+04 1.7388e+24
2.1875e+04 9.2364e+04 1.7388e+24
2.4296e+04 9.2364e+04 1.7388e+24
1.9454e+04 9.2969e+04 1.7209e+24
2.1875e+04 9.2969e+04 1.7209e+24
2.4296e+04 9.2969e+04 1.7209e+24
1.9454e+04 9.3574e+04 1.7038e+24
2.1875e+04 9.3574e+04 1.7038e+24
2.4296e+04 9.3574e+04 1.7038e+24
2.5704e+04 9.2364e+04 1.7388e+24
2.8125e+04 9.2364e+04 1.7388e+24
3.0546e+04 9.2364e+04 1.7388e+24
2.5704e+04 9.2969e+04 1.7209e+24
2.8125e+04 9.2969e+04 1.7209e+24
3.0546e+04 9.2969e+04 1.7209e+24
2.5704e+04 9.3574e+04 1.7038e+24
2.8125e+04 9.3574e+04 1.7038e+24
3.0546e+04 9.3574e+04 1.7038e+24
3.1954e+04 9.2364e+04 1.7388e+24
3.4375e+04 9.2364e+04 1.7388e+24
3.6796e+04 9.2364e+04 1.7388e+24
3.1954e+04 9.2969e+04 1.7209e+24
3.4375e+04 9.2969e+04 1.7209e+24
3.6796e+04 9.2969e+04 1.7209e+24
3.1954e+04 9.3574e+04 1.7038e+24
3.4375e+04 9.3574e+04 1.7038e+24
3.6796e+04 9.3574e+04 1.7038e+24
3.8204e+04 9.2364e+04 1.7388e+24
4.0625e+04 9.2364e+04 1.7388e+24
4.3046e+04 9.2364e+04 1.7388e+24
3.8204e+04 9.2969e+04 1.7209e+24
4.0625e+04 9.2969e+04 1.7209e+24
4.3046e+04 9.2969e+04 1.7209e+24
3.8204e+04 9.3574e+04 1.7038e+24
4.0625e+04 9.3574e+04 1.7038e+24
4.3046e+04 9.3574e+04 1.7038e+24
4.4454e+04 9.2364e+04 1.7388e+24
4.6875e+04 9.2364e+04 1.7388e+24
4.9296e+04 9.2364e+04 1.7388e+24
4.4454e+04 9.2969e+04 1.7209e+24
4.6875e+04 9.2969e+04 1.7209e+24
4.9296e+04 9.2969e+04 1.7209e+24
4.4454e+04 9.3574e+04 1.7038e+24
4.6875e+04 9.3574e+04 1.7038e+24
4.9296e+04 9.3574e+04 1.7038e+24
5.0704e+04 9.2364e+04 1.7388e+24
5.3125e+04 9.2364e+04 1.7388e+24
5.5546e+04 9.2364e+04 1.7388e+24
5.0704e+04 9.2969e+04 1.7209e+24
5.3125e+04 9.2969e+04 1.7209e+24
5.5546e+04 9.2969e+04 1.7209e+24
5.0704e+04 9.3574e+04 1.7038e+24
5.3125e+04 9.3574e+04 1.7038e+24
5.5546e+04 9.3574e+04 1.7038e+24
5.6954e+04 9.2364e+04 1.7388e+24
5.9375e+04 9.2364e+04 1.7388e+24
6.1796e+04 9.2364e+04 1.7388e+24
5.6954e+04 9.2969e+04 1.7209e+24
5.9375e+04 9.2969e+04 1.7209e+24
6.1796e+04 9.2969e+04 1.7209e+24
5.6954e+04 9.3574e+04 1.7038e+24
5.9375e+04 9.3574e+04 1.7038e+24
6.1796e+04 9.3574e+04 1.7038e+24
6.3204e+04 9.2364e+04 1.7388e+24
6.5625e+04 9.2364e+04 1.7388e+24
6.8046e+04 9.2364e+04 1.7388e+24
6.3204e+04 9.2969e+04 1.7209e+24
6.5625e+04 9.2969e+04 1.7209e+24
6.8046e+04 9.2969e+04 1.7209e+24
6.3204e+04 9.3574e+04 1.7038e+24
6.5625e+04 9.3574e+04 1.7038e+24
6.8046e+04 9.3574e+04 1.7038e+24
6.9454e+04 9.2364e+04 1.7388e+24
7.1875e+04 9.2364e+04 1.7388e+24
7.4296e+04 9.2364e+04 1.7388e+24
6.9454e+04 9.2969e+04 1.7209e+24
7.1875e+04 9.2969e+04 1.7209e+24
7.4296e+04 9.2969e+04 1.7209e+24
6.9454e+04 9.3574e+04 1.7038e+24
7.1875e+04 9.3574e+04 1.7038e+24
7.4296e+04 9.3574e+04 1.7038e+24
7.5704e+04 9.2364e+04 1.7388e+24
7.8125e+04 9.2364e+04 1.7388e+24
8.0546e+04 9.2364e+04 1.7388e+24
7.5704e+04 9.2969e+04 1.7209e+24
7.8125e+04 9.2969e+04 1.7209e+24
8.0546e+04 9.2969e+04 1.7209e+24
7.5704e+04 9.3574e+04 1.7038e+24
7.8125e+04 9.3574e+04 1.7038e+24
8.0546e+04 9.3574e+04 1.7038e+24
8.1954e+04 9.2364e+04 1.7388e+24
8.4375e+04 9.2364e+04 1.7388e+24
8.6796e+04 9.2364e+04 1.7388e+24
8.1954e+04 9.2969e+04 1.7209e+24
8.4375e+04 9.2969e+04 1.7209e+24
8.6796e+04 9.2969e+04 1.7209e+24
8.1954e+04 9.3574e+04 1.7038e+24
8.4375e+04 9.3574e+04 1.7038e+24
8.6796e+04 9.3574e+04 1.7038e+24
8.8204e+04 9.2364e+04 1.7388e+24
9.0625e+04 9.2364e+04 1.7388e+24
9.3046e+04 9.2364e+04 1.7388e+24
8.8204e+04 9.2969e+04 1.7209e+24
9.0625e+04 9.2969e+04 1.7209e+24
9.3046e+04 9.2969e+04 1.7209e+24
8.8204e+04 9.3574e+04 1.7038e+24
9.0625e+04 9.3574e+04 1.7038e+24
9.3046e+04 9.3574e+04 1.7038e+24
9.4454e+04 9.2364e+04 1.7388e+24
9.6875e+04 9.2364e+04 1.7388e+24
9.9296e+04 9.2364e+04 1.7388e+24
9.4454e+04 9.2969e+04 1.7209e+24
9.6875e+04 9.2969e+04 1.7209e+24
9.9296e+04 9.2969e+04 1.7209e+24
9.4454e+04 9.3574e+04 1.7038e+24
9.6875e+04 9.3574e+04 1.7038e+24
9.9296e+04 9.3574e+04 1.7038e+24
7.0439e+02 9.3926e+04 1.6943e+24
3.1250e+03 9.3926e+04 1.6943e+24
5.5456e+03 9.3926e+04 1.6943e+24
7.0439e+02 9.4531e+04 1.6784e+24
3.1250e+03 9.4531e+04 1.6784e+24
5.5456e+03 9.4531e+04 1.6784e+24
7.0439e+02 9.5136e+04 1.6633e+24
3.1250e+03 9.5136e+04 1.6633e+24
5.5456e+03 9.5136e+04 1.6633e+24
6.9544e+03 9.3926e+04 1.6943e+24
9.3750e+03 9.3926e+04 1.6943e+24
1.1796e+04 9.3926e+04 1.6943e+24
6.9544e+03 9.4531e+04 1.6784e+24
9.3750e+03 9.4531e+04 1.6784e+24
1.1796e+04 9.4531e+04 1.6784e+24
6.9544e+03 9.5136e+04 1.6633e+24
9.3750e+03 9.5136e+04 1.6633e+24
1.1796e+04 9.5136e+04 1.6633e+24
1.3204e+04 9.3926e+04 1.6943e+24
1.5625e+04 9.3926e+04 1.6943e+24
1.8046e+04 9.3926e+04 1.6943e+24
1.3204e+04 9.4531e+04 1.6784e+24
1.5625e+04 9.4531e+04 1.6784e+24
1.8046e+04 9.4531e+04 1.6784e+24
1.3204e+04 9.5136e+04 1.6633e+24
1.5625e+04 9.5136e+04 1.6633e+24
1.8046e+04 9.5136e+04 1.6633e+24
1.9454e+04 9.3926e+04 1.6943e+24
2.1875e+04 9.3926e+04 1.6943e+24
2.4296e+04 9.3926e+04 1.6943e+24
1.9454e+04 9.4531e+04 1.6784e+24
2.1875e+04 9.4531e+04 1.6784e+24
2.4296e+04 9.4531e+04 1.6784e+24
1.9454e+04 9.5136e+04 1.6633e+24
2.1875e+04 9.5136e+04 1.6633e+24
2.4296e+04 9.5136e+04 1.6633e+24
2.5704e+04 9.3926e+04 1.6943e+24
2.8125e+04 9.3926e+04 1.6943e+24
3.0546e+04 9.3926e+04 1.6943e+24
2.5704e+04 9.4531e+04 1.6784e+24
2.8125e+04 9.4531e+04 1.6784e+24
3.0546e+04 9.4531e+04 1.6784e+24
2.5704e+04 9.5136e+04 1.6633e+24
2.8125e+04 9.5136e+04 1.6633e+24
3.0546e+04 9.5136e+04 1.6633e+24
3.1954e+04 9.3926e+04 1.6943e+24
3.4375e+04 9.3926e+04 1.6943e+24
3.6796e+04 9.3926e+04 1.6943e+24
3.1954e+04 9.4531e+04 1.6784e+24
3.4375e+04 9.4531e+04 1.6784e+24
3.6796e+04 9.4531e+04 1.6784e+24
3.1954e+04 9.5136e+04 1.6633e+24
3.4375e+04 9.5136e+04 1.6633e+24
3.6796e+04 9.5136e+04 1.6633e+24
3.8204e+04 9.3926e+04 1.6943e+24
4.0625e+04 9.3926e+04 1.6943e+24
4.3046e+04 9.3926e+04 1.6943e+24
3.8204e+04 9.4531e+04 1.6784e+24
4.0625e+04 9.4531e+04 1.6784e+24
4.3046e+04 9.4531e+04 1.6784e+24
3.8204e+04 9.5136e+04 1.6633e+24
4.0625e+04 9.5136e+04 1.6633e+24
4.3046e+04 9.5136e+04 1.6633e+24
4.4454e+04 9.3926e+04 1.6943e+24
4.6875e+04 9.3926e+04 1.6943e+24
4.9296e+04 9.3926e+04 1.6943e+24
4.4454e+04 9.4531e+04 1.6784e+24
4.6875e+04 9.4531e+04 1.6784e+24
4.9296e+04 9.4531e+04 1.6784e+24
4.4454e+04 9.5136e+04 1.6633e+24
4.6875e+04 9.5136e+04 1.6633e+24
4.9296e+04 9.5136e+04 1.6633e+24
5.0704e+04 9.3926e+04 1.6943e+24
5.3125e+04 9.3926e+04 1.6943e+24
5.5546e+04 9.3926e+04 1.6943e+24
5.0704e+04 9.4531e+04 1.6784e+24
5.3125e+04 9.4531e+04 1.6784e+24
5.5546e+04 9.4531e+04 1.6784e+24
5.0704e+04 9.5136e+04 1.6633e+24
5.3125e+04 9.5136e+04 1.6633e+24
5.5546e+04 9.5136e+04 1.6633e+24
5.6954e+04 9.3926e+04 1.6943e+24
5.9375e+04 9.3926e+04 1.6943e+24
6.1796e+04 9.3926e+04 1.6943e+24
5.6954e+04 9.4531e+04 1.6784e+24
5.9375e+04 9.4531e+04 1.6784e+24
6.1796e+04 9.4531e+04 1.6784e+24
5.6954e+04 9.5136e+04 1.6633e+24
5.9375e+04 9.5136e+04 1.6633e+24
6.1796e+04 9.5136e+04 1.6633e+24
6.3204e+04 9.3926e+04 1.6943e+24
6.5625e+04 9.3926e+04 1.6943e+24
6.8046e+04 9.3926e+04 1.6943e+24
6.3204e+04 9.4531e+04 1.6784e+24
6.5625e+04 9.4531e+04 1.6784e+24
6.8046e+04 9.4531e+04 1.6784e+24
6.3204e+04 9.5136e+04 1.6633e+24
6.5625e+04 9.5136e+04 1.6633e+24
6.8046e+04 9.5136e+04 1.6633e+24
6.9454e+04 9.3926e+04 1.6943e+24
7.1875e+04 9.3926e+04 1.6943e+24
7.4296e+04 9.3926e+04 1.6943e+24
6.9454e+04 9.4531e+04 1.6784e+24
7.1875e+04 9.4531e+04 1.6784e+24
7.4296e+04 9.4531e+04 1.6784e+24
6.9454e+04 9.5136e+04 1.6633e+24
7.1875e+04 9.5136e+04 1.6633e+24
7.4296e+04 9.5136e+04 1.6633e+24
7.5704e+04 9.3926e+04 1.6943e+24
7.8125e+04 9.3926e+04 1.6943e+24
8.0546e+04 9.3926e+04 1.6943e+24
7.5704e+04 9.4531e+04 1.6784e+24
7.8125e+04 9.4531e+04 1.6784e+24
8.0546e+04 9.4531e+04 1.6784e+24
7.5704e+04 9.5136e+04 1.6633e+24
7.8125e+04 9.5136e+04 1.6633e+24
8.0546e+04 9.5136e+04 1.6633e+24
8.1954e+04 9.3926e+04 1.6943e+24
8.4375e+04 9.3926e+04 1.6943e+24
8.6796e+04 9.3926e+04 1.6943e+24
8.1954e+04 9.4531e+04 1.6784e+24
8.4375e+04 9.4531e+04 1.6784e+24
8.6796e+04 9.4531e+04 1.6784e+24
8.1954e+04 9.5136e+04 1.6633e+24
8.4375e+04 9.5136e+04 1.6633e+24
8.6796e+04 9.5136e+04 1.6633e+24
8.8204e+04 9.3926e+04 1.6943e+24
9.0625e+04 9.3926e+04 1.6943e+24
9.3046e+04 9.3926e+04 1.6943e+24
8.8204e+04 9.4531e+04 1.6784e+24
9.0625e+04 9.4531e+04 1.6784e+24
9.3046e+04 9.4531e+04 1.6784e+24
8.8204e+04 9.5136e+04 1.6633e+24
9.0625e+04 9.5136e+04 1.6633e+24
9.3046e+04 9.5136e+04 1.6633e+24
9.4454e+04 9.3926e+04 1.6943e+24
9.6875e+04 9.3926e+04 1.6943e+24
9.9296e+04 9.3926e+04 1.6943e+24
9.4454e+04 9.4531e+04 1.6784e+24
9.6875e+04 9.4531e+04 1.6784e+24
9.9296e+04 9.4531e+04 1.6784e+24
9.4454e+04 9.5136e+04 1.6633e+24
9.6875e+04 9.5136e+04 1.6633e+24
9.9296e+04 9.5136e+04 1.6633e+24
7.0439e+02 9.5489e+04 1.6548e+24
3.1250e+03 9.5489e+04 1.6548e+24
5.5456e+03 9.5489e+04 1.6548e+24
7.0439e+02 9.6094e+04 1.6407e+24
3.1250e+03 9.6094e+04 1.6407e+24
5.5456e+03 9.6094e+04 1.6407e+24
7.0439e+02 9.6699e+04 1.6272e+24
3.1250e+03 9.6699e+04 1.6272e+24
5.5456e+03 9.6699e+04 1.6272e+24
6.9544e+03 9.5489e+04 1.6548e+24
9.3750e+03 9.5489e+04 1.6548e+24
1.1796e+04 9.5489e+04 1.6548e+24
6.9544e+03 9.6094e+04 1.6407e+24
9.3750e+03 9.6094e+04 1.6407e+24
1.1796e+04 9.6094e+04 1.6407e+24
6.9544e+03 9.6699e+04 1.6272e+24
9.3750e+03 9.6699e+04 1.6272e+24
1.1796e+04 9.6699e+04 1.6272e+24
1.3204e+04 9.5489e+04 1.6548e+24
1.5625e+04 9.5489e+04 1.6548e+24
1.8046e+04 9.5489e+04 1.6548e+24
1.3204e+04 9.6094e+04 1.6407e+24
1.5625e+04 9.6094e+04 1.6407e+24
1.8046e+04 9.6094e+04 1.6407e+24
1.3204e+04 9.6699e+04 1.6272e+24
1.5625e+04 9.6699e+04 1.6272e+24
1.8046e+04 9.6699e+04 1.6272e+24
1.9454e+04 9.5489e+04 1.6548e+24
2.1875e+04 9.5489e+04 1.6548e+24
2.4296e+04 9.5489e+04 1.6548e+24
1.9454e+04 9.6094e+04 1.6407e+24
2.1875e+04 9.6094e+04 1.6407e+24
2.4296e+04 9.6094e+04 1.6407e+24
1.9454e+04 9.6699e+04 1.6272e+24
2.1875e+04 9.6699e+04 1.6272e+24
2.4296e+04 9.6699e+04 1.6272e+24
2.5704e+04 9.5489e+04 1.6548e+24
2.8125e+04 9.5489e+04 1.6548e+24
3.0546e+04 9.5489e+04 1.6548e+24
2.5704e+04 9.6094e+04 1.6407e+24
2.8125e+04 9.6094e+04 1.6407e+24
3.0546e+04 9.6094e+04 1.6407e+24
2.5704e+04 9.6699e+04 1.6272e+24
2.8125e+04 9.6699e+04 1.6272e+24
3.0546e+04 9.6699e+04 1.6272e+24
3.1954e+04 9.5489e+04 1.6548e+24
3.4375e+04 9.5489e+04 1.6548e+24
3.6796e+04 9.5489e+04 1.6548e+24
3.1954e+04 9.6094e+04 1.6407e+24
3.4375e+04 9.6094e+04 1.6407e+24
3.6796e+04 9.6094e+04 1.6407e+24
3.1954e+04 9.6699e+04 1.6272e+24
3.4375e+04 9.6699e+04 1.6272e+24
3.6796e+04 9.6699e+04 1.6272e+24
3.8204e+04 9.5489e+04 1.6548e+24
4.0625e+04 9.5489e+04 1.6548e+24
4.3046e+04 9.5489e+04 1.6548e+24
3.8204e+04 9.6094e+04 1.6407e+24
4.0625e+04 9.6094e+04 1.6407e+24
4.3046e+04 9.6094e+04 1.6407e+24
3.8204e+04 9.6699e+04 1.6272e+24
4.0625e+04 9.6699e+04 1.6272e+24
4.3046e+04 9.6699e+04 1.6272e+24
4.4454e+04 9.5489e+04 1.6548e+24
4.6875e+04 9.5489e+04 1.6548e+24
4.9296e+04 9.5489e+04 1.6548e+24
4.4454e+04 9.6094e+04 1.6407e+24
4.6875e+04 9.6094e+04 1.6407e+24
4.9296e+04 9.6094e+04 1.6407e+24
4.4454e+04 9.6699e+04 1.6272e+24
4.6875e+04 9.6699e+04 1.6272e+24
4.9296e+04 9.6699e+04 1.6272e+24
5.0704e+04 9.5489e+04 1.6548e+24
5.3125e+04 9.5489e+04 1.6548e+24
5.5546e+04 9.5489e+04 1.6548e+24
5.0704e+04 9.6094e+04 1.6407e+24
5.3125e+04 9.6094e+04 1.6407e+24
5.5546e+04 9.6094e+04 1.6407e+24
5.0704e+04 9.6699e+04 1.6272e+24
5.3125e+04 9.6699e+04 1.6272e+24
5.5546e+04 9.6699e+04 1.6272e+24
5.6954e+04 9.5489e+04 1.6548e+24
5.9375e+04 9.5489e+04 1.6548e+24
6.1796e+04 9.5489e+04 1.6548e+24
5.6954e+04 9.6094e+04 1.6407e+24
5.9375e+04 9.6094e+04 1.6407e+24
6.1796e+04 9.6094e+04 1.6407e+24
5.6954e+04 9.6699e+04 1.6272e+24
5.9375e+04 9.6699e+04 1.6272e+24
6.1796e+04 9.6699e+04 1.6272e+24
6.3204e+04 9.5489e+04 1.6548e+24
6.5625e+04 9.5489e+04 1.6548e+24
6.8046e+04 9.5489e+04 1.6548e+24
6.3204e+04 9.6094e+04 1.6407e+24
6.5625e+04 9.6094e+04 1.6407e+24
6.8046e+04 9.6094e+04 1.6407e+24
6.3204e+04 9.6699e+04 1.6272e+24
6.5625e+04 9.6699e+04 1.6272e+24
6.8046e+04 9.6699e+04 1.6272e+24
6.9454e+04 9.5489e+04 1.6548e+24
7.1875e+04 9.5489e+04 1.6548e+24
7.4296e+04 9.5489e+04 1.6548e+24
6.9454e+04 9.6094e+04 1.6407e+24
7.1875e+04 9.6094e+04 1.6407e+24
7.4296e+04 9.6094e+04 1.6407e+24
6.9454e+04 9.6699e+04 1.6272e+24
7.1875e+04 9.6699e+04 1.6272e+24
7.4296e+04 9.6699e+04 1.6272e+24
7.5704e+04 9.5489e+04 1.6548e+24
7.8125e+04 9.5489e+04 1.6548e+24
8.0546e+04 9.5489e+04 1.6548e+24
7.5704e+04 9.6094e+04 1.6407e+24
7.8125e+04 9.6094e+04 1.6407e+24
8.0546e+04 9.6094e+04 1.6407e+24
7.5704e+04 9.6699e+04 1.6272e+24
7.8125e+04 9.6699e+04 1.6272e+24
8.0546e+04 9.6699e+04 1.6272e+24
8.1954e+04 9.5489e+04 1.6548e+24
8.4375e+04 9.5489e+04 1.6548e+24
8.6796e+04 9.5489e+04 1.6548e+24
8.1954e+04 9.6094e+04 1.6407e+24
8.4375e+04 9.6094e+04 1.6407e+24
8.6796e+04 9.6094e+04 1.6407e+24
8.1954e+04 9.6699e+04 1.6272e+24
8.4375e+04 9.6699e+04 1.6272e+24
8.6796e+04 9.6699e+04 1.6272e+24
8.8204e+04 9.5489e+04 1.6548e+24
9.0625e+04 9.5489e+04 1.6548e+24
9.3046e+04 9.5489e+04 1.6548e+24
8.8204e+04 9.6094e+04 1.6407e+24
9.0625e+04 9.6094e+04 1.6407e+24
9.3046e+04 9.6094e+04 1.6407e+24
8.8204e+04 9.6699e+04 1.6272e+24
9.0625e+04 9.6699e+04 1.6272e+24
9.3046e+04 9.6699e+04 1.6272e+24
9.4454e+04 9.5489e+04 1.6548e+24
9.6875e+04 9.5489e+04 1.6548e+24
9.9296e+04 9.5489e+04 1.6548e+24
9.4454e+04 9.6094e+04 1.6407e+24
9.6875e+04 9.6094e+04 1.6407e+24
9.9296e+04 9.6094e+04 1.6407e+24
9.4454e+04 9.6699e+04 1.6272e+24
9.6875e+04 9.6699e+04 1.6272e+24
9.9296e+04 9.6699e+04 1.6272e+24
7.0439e+02 9.7051e+04 1.6196e+24
3.1250e+03 9.7051e+04 1.6196e+24
5.5456e+03 9.7051e+04 1.6196e+24
7.0439e+02 9.7656e+04 1.6070e+24
3.1250e+03 9.7656e+04 1.6070e+24
5.5456e+03 9.7656e+04 1.6070e+24
7.0439e+02 9.8261e+04 1.5948e+24
3.1250e+03 9.8261e+04 1.5948e+24
5.5456e+03 9.8261e+04 1.5948e+24
6.9544e+03 9.7051e+04 1.6196e+24
9.3750e+03 9.7051e+04 1.6196e+24
1.1796e+04 9.7051e+04 1.6196e+24
6.9544e+03 9.7656e+04 1.6070e+24
9.3750e+03 9.7656e+04 1.6070e+24
1.1796e+04 9.7656e+04 1.6070e+24
6.9544e+03 9.8261e+04 1.5948e+24
9.3750e+03 9.8261e+04 1.5948e+24
1.1796e+04 9.8261e+04 1.5948e+24
1.3204e+04 9.7051e+04 1.6196e+24
1.5625e+04 9.7051e+04 1.6196e+24
1.8046e+04 9.7051e+04 1.6196e+24
1.3204e+04 9.7656e+04 1.6070e+24
1.5625e+04 9.7656e+04 1.6070e+24
1.8046e+04 9.7656e+04 1.6070e+24
1.3204e+04 9.8261e+04 1.5948e+24
1.5625e+04 9.8261e+04 1.5948e+24
1.8046e+04 9.8261e+04 1.5948e+24
1.9454e+04 9.7051e+04 1.6196e+24
2.1875e+04 9.7051e+04 1.6196e+24
2.4296e+04 9.7051e+04 1.6196e+24
1.9454e+04 9.7656e+04 1.6070e+24
2.1875e+04 9.7656e+04 1.6070e+24
2.4296e+04 9.7656e+04 1.6070e+24
1.9454e+04 9.8261e+04 1.5948e+24
2.1875e+04 9.8261e+04 1.5948e+24
2.4296e+04 9.8261e+04 1.5948e+24
2.5704e+04 9.7051e+04 1.6196e+24
2.8125e+04 9.7051e+04 1.6196e+24
3.0546e+04 9.7051e+04 1.6196e+24
2.5704e+04 9.7656e+04 1.6070e+24
2.8125e+04 9.7656e+04 1.6070e+24
3.0546e+04 9.7656e+04 1.6070e+24
2.5704e+04 9.8261e+04 1.5948e+24
2.8125e+04 9.8261e+04 1.5948e+24
3.0546e+04 9.8261e+04 1.5948e+24
3.1954e+04 9.7051e+04 1.6196e+24
3.4375e+04 9.7051e+04 1.6196e+24
3.6796e+04 9.7051e+04 1.6196e+24
3.1954e+04 9.7656e+04 1.6070e+24
3.4375e+04 9.7656e+04 1.6070e+24
3.6796e+04 9.7656e+04 1.6070e+24
3.1954e+04 9.8261e+04 1.5948e+24
3.4375e+04 9.8261e+04 1.5948e+24
3.6796e+04 9.8261e+04 1.5948e+24
3.8204e+04 9.7051e+04 1.6196e+24
4.0625e+04 9.7051e+04 1.6196e+24
4.3046e+04 9.7051e+04 1.6196e+24
3.8204e+04 9.7656e+04 1.6070e+24
4.0625e+04 9.7656e+04 1.6070e+24
4.3046e+04 9.7656e+04 1.6070e+24
3.8204e+04 9.8261e+04 1.5948e+24
4.0625e+04 9.8261e+04 1.5948e+24
4.3046e+04 9.8261e+04 1.5948e+24
4.4454e+04 9.7051e+04 1.6196e+24
4.6875e+04 9.7051e+04 1.6196e+24
4.9296e+04 9.7051e+04 1.6196e+24
4.4454e+04 9.7656e+04 1.6070e+24
4.6875e+04 9.7656e+04 1.6070e+24
4.9296e+04 9.7656e+04 1.6070e+24
4.4454e+04 9.8261e+04 1.5948e+24
4.6875e+04 9.8261e+04 1.5948e+24
4.9296e+04 9.8261e+04 1.5948e+24
5.0704e+04 9.7051e+04 1.6196e+24
5.3125e+04 9.7051e+04 1.6196e+24
5.5546e+04 9.7051e+04 1.6196e+24
5.0704e+04 9.7656e+04 1.6070e+24
5.3125e+04 9.7656e+04 1.6070e+24
5.5546e+04 9.7656e+04 1.6070e+24
5.0704e+04 9.8261e+04 1.5948e+24
5.3125e+04 9.8261e+04 1.5948e+24
5.5546e+04 9.8261e+04 1.5948e+24
5.6954e+04 9.7051e+04 1.6196e+24
5.9375e+04 9.7051e+04 1.6196e+24
6.1796e+04 9.7051e+04 1.6196e+24
5.6954e+04 9.7656e+04 1.6070e+24
5.9375e+04 9.7656e+04 1.6070e+24
6.1796e+04 9.7656e+04 1.6070e+24
5.6954e+04 9.8261e+04 1.5948e+24
5.9375e+04 9.8261e+04 1.5948e+24
6.1796e+04 9.8261e+04 1.5948e+24
6.3204e+04 9.7051e+04 1.6196e+24
6.5625e+04 9.7051e+04 1.6196e+24
6.8046e+04 9.7051e+04 1.6196e+24
6.3204e+04 9.7656e+04 1.6070e+24
6.5625e+04 9.7656e+04 1.6070e+24
6.8046e+04 9.7656e+04 1.6070e+24
6.3204e+04 9.8261e+04 1.5948e+24
6.5625e+04 9.8261e+04 1.5948e+24
6.8046e+04 9.8261e+04 1.5948e+24
6.9454e+04 9.7051e+04 1.6196e+24
7.1875e+04 9.7051e+04 1.6196e+24
7.4296e+04 9.7051e+04 1.6196e+24
6.9454e+04 9.7656e+04 1.6070e+24
7.1875e+04 9.7656e+04 1.6070e+24
7.4296e+04 9.7656e+04 1.6070e+24
6.9454e+04 9.8261e+04 1.5948e+24
7.1875e+04 9.8261e+04 1.5948e+24
7.4296e+04 9.8261e+04 1.5948e+24
7.5704e+04 9.7051e+04 1.6196e+24
7.8125e+04 9.7051e+04 1.6196e+24
8.0546e+04 9.7051e+04 1.6196e+24
7.5704e+04 9.7656e+04 1.6070e+24
7.8125e+04 9.7656e+04 1.6070e+24
8.0546e+04 9.7656e+04 1.6070e+24
7.5704e+04 9.8261e+04 1.5948e+24
7.8125e+04 9.8261e+04 1.5948e+24
8.0546e+04 9.8261e+04 1.5948e+24
8.1954e+04 9.7051e+04 1.6196e+24
8.4375e+04 9.7051e+04 1.6196e+24
8.6796e+04 9.7051e+04 1.6196e+24
8.1954e+04 9.7656e+04 1.6070e+24
8.4375e+04 9.7656e+04 1.6070e+24
8.6796e+04 9.7656e+04 1.6070e+24
8.1954e+04 9.8261e+04 1.5948e+24
8.4375e+04 9.8261e+04 1.5948e+24
8.6796e+04 9.8261e+04 1.5948e+24
8.8204e+04 9.7051e+04 1.6196e+24
9.0625e+04 9.7051e+04 1.6196e+24
9.3046e+04 9.7051e+04 1.6196e+24
8.8204e+04 9.7656e+04 1.6070e+24
9.0625e+04 9.7656e+04 1.6070e+24
9.3046e+04 9.7656e+04 1.6070e+24
8.8204e+04 9.8261e+04 1.5948e+24
9.0625e+04 9.8261e+04 1.5948e+24
9.3046e+04 9.8261e+04 1.5948e+24
9.4454e+04 9.7051e+04 1.6196e+24
9.6875e+04 9.7051e+04 1.6196e+24
9.9296e+04 9.7051e+04 1.6196e+24
9.4454e+04 9.7656e+04 1.6070e+24
9.6875e+04 9.7656e+04 1.6070e+24
9.9296e+04 9.7656e+04 1.6070e+24
9.4454e+04 9.8261e+04 1.5948e+24
9.6875e+04 9.8261e+04 1.5948e+24
9.9296e+04 9.8261e+04 1.5948e+24
7.0439e+02 9.8614e+04 1.5880e+24
3.1250e+03 9.8614e+04 1.5880e+24
5.5456e+03 9.8614e+04 1.5880e+24
7.0439e+02 9.9219e+04 1.5766e+24
3.1250e+03 9.9219e+04 1.5766e+24
5.5456e+03 9.9219e+04 1.5766e+24
7.0439e+02 9.9824e+04 1.5656e+24
3.1250e+03 9.9824e+04 1.5656e+24
5.5456e+03 9.9824e+04 1.5656e+24
6.9544e+03 9.8614e+04 1.5880e+24
9.3750e+03 9.8614e+04 1.5880e+24
1.1796e+04 9.8614e+04 1.5880e+24
6.9544e+03 9.9219e+04 1.5766e+24
9.3750e+03 9.9219e+04 1.5766e+24
1.1796e+04 9.9219e+04 1.5766e+24
6.9544e+03 9.9824e+04 1.5656e+24
9.3750e+03 9.9824e+04 1.5656e+24
1.1796e+04 9.9824e+04 1.5656e+24
1.3204e+04 9.8614e+04 1.5880e+24
1.5625e+04 9.8614e+04 1.5880e+24
1.8046e+04 9.8614e+04 1.5880e+24
1.3204e+04 9.9219e+04 1.5766e+24
1.5625e+04 9.9219e+04 1.5766e+24
1.8046e+04 9.9219e+04 1.5766e+24
1.3204e+04 9.9824e+04 1.5656e+24
1.5625e+04 9.9824e+04 1.5656e+24
1.8046e+04 9.9824e+04 1.5656e+24
1.9454e+04 9.8614e+04 1.5880e+24
2.1875e+04 9.8614e+04 1.5880e+24
2.4296e+04 9.8614e+04 1.5880e+24
1.9454e+04 9.9219e+04 1.5766e+24
2.1875e+04 9.9219e+04 1.5766e+24
2.4296e+04 9.9219e+04 1.5766e+24
1.9454e+04 9.9824e+04 1.5656e+24
2.1875e+04 9.9824e+04 1.5656e+24
2.4296e+04 9.9824e+04 1.5656e+24
2.5704e+04 9.8614e+04 1.5880e+24
2.8125e+04 9.8614e+04 1.5880e+24
3.0546e+04 9.8614e+04 1.5880e+24
2.5704e+04 9.9219e+04 1.5766e+24
2.8125e+04 9.9219e+04 1.5766e+24
3.0546e+04 9.9219e+04 1.5766e+24
2.5704e+04 9.9824e+04 1.5656e+24
2.8125e+04 9.9824e+04 1.5656e+24
3.0546e+04 9.9824e+04 1.5656e+24
3.1954e+04 9.8614e+04 1.5880e+24
3.4375e+04 9.8614e+04 1.5880e+24
3.6796e+04 9.8614e+04 1.5880e+24
3.1954e+04 9.9219e+04 1.5766e+24
3.4375e+04 9.9219e+04 1.5766e+24
3.6796e+04 9.9219e+04 1.5766e+24
3.1954e+04 9.9824e+04 1.5656e+24
3.4375e+04 9.9824e+04 1.5656e+24
3.6796e+04 9.9824e+04 1.5656e+24
3.8204e+04 9.8614e+04 1.5880e+24
4.0625e+04 9.8614e+04 1.5880e+24
4.3046e+04 9.8614e+04 1.5880e+24
3.8204e+04 9.9219e+04 1.5766e+24
4.0625e+04 9.9219e+04 1.5766e+24
4.3046e+04 9.9219e+04 1.5766e+24
3.8204e+04 9.9824e+04 1.5656e+24
4.0625e+04 9.9824e+04 1.5656e+24
4.3046e+04 9.9824e+04 1.5656e+24
4.4454e+04 9.8614e+04 1.5880e+24
4.6875e+04 9.8614e+04 1.5880e+24
4.9296e+04 9.8614e+04 1.5880e+24
4.4454e+04 9.9219e+04 1.5766e+24
4.6875e+04 9.9219e+04 1.5766e+24
4.9296e+04 9.9219e+04 1.5766e+24
4.4454e+04 9.9824e+04 1.5656e+24
4.6875e+04 9.9824e+04 1.5656e+24
4.9296e+04 9.9824e+04 1.5656e+24
5.0704e+04 9.8614e+04 1.5880e+24
5.3125e+04 9.8614e+04 1.5880e+24
5.5546e+04 9.8614e+04 1.5880e+24
5.0704e+04 9.9219e+04 1.5766e+24
5.3125e+04 9.9219e+04 1.5766e+24
5.5546e+04 9.9219e+04 1.5766e+24
5.0704e+04 9.9824e+04 1.5656e+24
5.3125e+04 9.9824e+04 1.5656e+24
5.5546e+04 9.9824e+04 1.5656e+24
5.6954e+04 9.8614e+04 1.5880e+24
5.9375e+04 9.8614e+04 1.5880e+24
6.1796e+04 9.8614e+04 1.5880e+24
5.6954e+04 9.9219e+04 1.5766e+24
5.9375e+04 9.9219e+04 1.5766e+24
6.1796e+04 9.9219e+04 1.5766e+24
5.6954e+04 9.9824e+04 1.5656e+24
5.9375e+04 9.9824e+04 1.5656e+24
6.1796e+04 9.9824e+04 1.5656e+24
6.3204e+04 9.8614e+04 1.5880e+24
6.5625e+04 9.8614e+04 1.5880e+24
6.8046e+04 9.8614e+04 1.5880e+24
6.3204e+04 9.9219e+04 1.5766e+24
6.5625e+04 9.9219e+04 1.5766e+24
6.8046e+04 9.9219e+04 1.5766e+24
6.3204e+04 9.9824e+04 1.5656e+24
6.5625e+04 9.9824e+04 1.5656e+24
6.8046e+04 9.9824e+04 1.5656e+24
6.9454e+04 9.8614e+04 1.5880e+24
7.1875e+04 9.8614e+04 1.5880e+24
7.4296e+04 9.8614e+04 1.5880e+24
6.9454e+04 9.9219e+04 1.5766e+24
7.1875e+04 9.9219e+04 1.5766e+24
7.4296e+04 9.9219e+04 1.5766e+24
6.9454e+04 9.9824e+04 1.5656e+24
7.1875e+04 9.9824e+04 1.5656e+24
7.4296e+04 9.9824e+04 1.5656e+24
7.5704e+04 9.8614e+04 1.5880e+24
7.8125e+04 9.8614e+04 1.5880e+24
8.0546e+04 9.8614e+04 1.5880e+24
7.5704e+04 9.9219e+04 1.5766e+24
7.8125e+04 9.9219e+04 1.5766e+24
8.0546e+04 9.9219e+04 1.5766e+24
7.5704e+04 9.9824e+04 1.5656e+24
7.8125e+04 9.9824e+04 1.5656e+24
8.0546e+04 9.9824e+04 1.5656e+24
8.1954e+04 9.8614e+04 1.5880e+24
8.4375e+04 9.8614e+04 1.5880e+24
8.6796e+04 9.8614e+04 1.5880e+24
8.1954e+04 9.9219e+04 1.5766e+24
8.4375e+04 9.9219e+04 1.5766e+24
8.6796e+04 9.9219e+04 1.5766e+24
8.1954e+04 9.9824e+04 1.5656e+24
8.4375e+04 9.9824e+04 1.5656e+24
8.6796e+04 9.9824e+04 1.5656e+24
8.8204e+04 9.8614e+04 1.5880e+24
9.0625e+04 9.8614e+04 1.5880e+24
9.3046e+04 9.8614e+04 1.5880e+24
8.8204e+04 9.9219e+04 1.5766e+24
9.0625e+04 9.9219e+04 1.5766e+24
9.3046e+04 9.9219e+04 1.5766e+24
8.8204e+04 9.9824e+04 1.5656e+24
9.0625e+04 9.9824e+04 1.5656e+24
9.3046e+04 9.9824e+04 1.5656e+24
9.4454e+04 9.8614e+04 1.5880e+24
9.6875e+04 9.8614e+04 1.5880e+24
9.9296e+04 9.8614e+04 1.5880e+24
9.4454e+04 9.9219e+04 1.5766e+24
9.6875e+04 9.9219e+04 1.5766e+24
9.9296e+04 9.9219e+04 1.5766e+24
9.4454e+04 9.9824e+04 1.5656e+24
9.6875e+04 9.9824e+04 1.5656e+24
9.9296e+04 9.9824e+04 1.5656e+24
