# # x,y,p
0.0000e+00 0.0000e+00 1.0000e+09
3.1250e+03 0.0000e+00 9.6875e+08
6.2500e+03 0.0000e+00 9.3750e+08
9.3750e+03 0.0000e+00 9.0625e+08
1.2500e+04 0.0000e+00 8.7500e+08
1.5625e+04 0.0000e+00 8.4375e+08
1.8750e+04 0.0000e+00 8.1250e+08
2.1875e+04 0.0000e+00 7.8125e+08
2.5000e+04 0.0000e+00 7.5000e+08
2.8125e+04 0.0000e+00 7.1875e+08
3.1250e+04 0.0000e+00 6.8750e+08
3.4375e+04 0.0000e+00 6.5625e+08
3.7500e+04 0.0000e+00 6.2500e+08
4.0625e+04 0.0000e+00 5.9375e+08
4.3750e+04 0.0000e+00 5.6250e+08
4.6875e+04 0.0000e+00 5.3125e+08
5.0000e+04 0.0000e+00 5.0000e+08
5.3125e+04 0.0000e+00 4.6875e+08
5.6250e+04 0.0000e+00 4.3750e+08
5.9375e+04 0.0000e+00 4.0625e+08
6.2500e+04 0.0000e+00 3.7500e+08
6.5625e+04 0.0000e+00 3.4375e+08
6.8750e+04 0.0000e+00 3.1250e+08
7.1875e+04 0.0000e+00 2.8125e+08
7.5000e+04 0.0000e+00 2.5000e+08
7.8125e+04 0.0000e+00 2.1875e+08
8.1250e+04 0.0000e+00 1.8750e+08
8.4375e+04 0.0000e+00 1.5625e+08
8.7500e+04 0.0000e+00 1.2500e+08
9.0625e+04 0.0000e+00 9.3750e+07
9.3750e+04 0.0000e+00 6.2500e+07
9.6875e+04 0.0000e+00 3.1250e+07
1.0000e+05 0.0000e+00 -2.6872e-06
0.0000e+00 7.8125e+02 1.0000e+09
3.1250e+03 7.8125e+02 9.6875e+08
6.2500e+03 7.8125e+02 9.3750e+08
9.3750e+03 7.8125e+02 9.0625e+08
1.2500e+04 7.8125e+02 8.7500e+08
1.5625e+04 7.8125e+02 8.4375e+08
1.8750e+04 7.8125e+02 8.1250e+08
2.1875e+04 7.8125e+02 7.8125e+08
2.5000e+04 7.8125e+02 7.5000e+08
2.8125e+04 7.8125e+02 7.1875e+08
3.1250e+04 7.8125e+02 6.8750e+08
3.4375e+04 7.8125e+02 6.5625e+08
3.7500e+04 7.8125e+02 6.2500e+08
4.0625e+04 7.8125e+02 5.9375e+08
4.3750e+04 7.8125e+02 5.6250e+08
4.6875e+04 7.8125e+02 5.3125e+08
5.0000e+04 7.8125e+02 5.0000e+08
5.3125e+04 7.8125e+02 4.6875e+08
5.6250e+04 7.8125e+02 4.3750e+08
5.9375e+04 7.8125e+02 4.0625e+08
6.2500e+04 7.8125e+02 3.7500e+08
6.5625e+04 7.8125e+02 3.4375e+08
6.8750e+04 7.8125e+02 3.1250e+08
7.1875e+04 7.8125e+02 2.8125e+08
7.5000e+04 7.8125e+02 2.5000e+08
7.8125e+04 7.8125e+02 2.1875e+08
8.1250e+04 7.8125e+02 1.8750e+08
8.4375e+04 7.8125e+02 1.5625e+08
8.7500e+04 7.8125e+02 1.2500e+08
9.0625e+04 7.8125e+02 9.3750e+07
9.3750e+04 7.8125e+02 6.2500e+07
9.6875e+04 7.8125e+02 3.1250e+07
1.0000e+05 7.8125e+02 -1.6061e-06
0.0000e+00 1.5625e+03 1.0000e+09
3.1250e+03 1.5625e+03 9.6875e+08
6.2500e+03 1.5625e+03 9.3750e+08
9.3750e+03 1.5625e+03 9.0625e+08
1.2500e+04 1.5625e+03 8.7500e+08
1.5625e+04 1.5625e+03 8.4375e+08
1.8750e+04 1.5625e+03 8.1250e+08
2.1875e+04 1.5625e+03 7.8125e+08
2.5000e+04 1.5625e+03 7.5000e+08
2.8125e+04 1.5625e+03 7.1875e+08
3.1250e+04 1.5625e+03 6.8750e+08
3.4375e+04 1.5625e+03 6.5625e+08
3.7500e+04 1.5625e+03 6.2500e+08
4.0625e+04 1.5625e+03 5.9375e+08
4.3750e+04 1.5625e+03 5.6250e+08
4.6875e+04 1.5625e+03 5.3125e+08
5.0000e+04 1.5625e+03 5.0000e+08
5.3125e+04 1.5625e+03 4.6875e+08
5.6250e+04 1.5625e+03 4.3750e+08
5.9375e+04 1.5625e+03 4.0625e+08
6.2500e+04 1.5625e+03 3.7500e+08
6.5625e+04 1.5625e+03 3.4375e+08
6.8750e+04 1.5625e+03 3.1250e+08
7.1875e+04 1.5625e+03 2.8125e+08
7.5000e+04 1.5625e+03 2.5000e+08
7.8125e+04 1.5625e+03 2.1875e+08
8.1250e+04 1.5625e+03 1.8750e+08
8.4375e+04 1.5625e+03 1.5625e+08
8.7500e+04 1.5625e+03 1.2500e+08
9.0625e+04 1.5625e+03 9.3750e+07
9.3750e+04 1.5625e+03 6.2500e+07
9.6875e+04 1.5625e+03 3.1250e+07
1.0000e+05 1.5625e+03 -5.2507e-07
0.0000e+00 2.3438e+03 1.0000e+09
3.1250e+03 2.3438e+03 9.6875e+08
6.2500e+03 2.3438e+03 9.3750e+08
9.3750e+03 2.3438e+03 9.0625e+08
1.2500e+04 2.3438e+03 8.7500e+08
1.5625e+04 2.3438e+03 8.4375e+08
1.8750e+04 2.3438e+03 8.1250e+08
2.1875e+04 2.3438e+03 7.8125e+08
2.5000e+04 2.3438e+03 7.5000e+08
2.8125e+04 2.3438e+03 7.1875e+08
3.1250e+04 2.3438e+03 6.8750e+08
3.4375e+04 2.3438e+03 6.5625e+08
3.7500e+04 2.3438e+03 6.2500e+08
4.0625e+04 2.3438e+03 5.9375e+08
4.3750e+04 2.3438e+03 5.6250e+08
4.6875e+04 2.3438e+03 5.3125e+08
5.0000e+04 2.3438e+03 5.0000e+08
5.3125e+04 2.3438e+03 4.6875e+08
5.6250e+04 2.3438e+03 4.3750e+08
5.9375e+04 2.3438e+03 4.0625e+08
6.2500e+04 2.3438e+03 3.7500e+08
6.5625e+04 2.3438e+03 3.4375e+08
6.8750e+04 2.3438e+03 3.1250e+08
7.1875e+04 2.3438e+03 2.8125e+08
7.5000e+04 2.3438e+03 2.5000e+08
7.8125e+04 2.3438e+03 2.1875e+08
8.1250e+04 2.3438e+03 1.8750e+08
8.4375e+04 2.3438e+03 1.5625e+08
8.7500e+04 2.3438e+03 1.2500e+08
9.0625e+04 2.3438e+03 9.3750e+07
9.3750e+04 2.3438e+03 6.2500e+07
9.6875e+04 2.3438e+03 3.1250e+07
1.0000e+05 2.3438e+03 -4.8972e-07
0.0000e+00 3.1250e+03 1.0000e+09
3.1250e+03 3.1250e+03 9.6875e+08
6.2500e+03 3.1250e+03 9.3750e+08
9.3750e+03 3.1250e+03 9.0625e+08
1.2500e+04 3.1250e+03 8.7500e+08
1.5625e+04 3.1250e+03 8.4375e+08
1.8750e+04 3.1250e+03 8.1250e+08
2.1875e+04 3.1250e+03 7.8125e+08
2.5000e+04 3.1250e+03 7.5000e+08
2.8125e+04 3.1250e+03 7.1875e+08
3.1250e+04 3.1250e+03 6.8750e+08
3.4375e+04 3.1250e+03 6.5625e+08
3.7500e+04 3.1250e+03 6.2500e+08
4.0625e+04 3.1250e+03 5.9375e+08
4.3750e+04 3.1250e+03 5.6250e+08
4.6875e+04 3.1250e+03 5.3125e+08
5.0000e+04 3.1250e+03 5.0000e+08
5.3125e+04 3.1250e+03 4.6875e+08
5.6250e+04 3.1250e+03 4.3750e+08
5.9375e+04 3.1250e+03 4.0625e+08
6.2500e+04 3.1250e+03 3.7500e+08
6.5625e+04 3.1250e+03 3.4375e+08
6.8750e+04 3.1250e+03 3.1250e+08
7.1875e+04 3.1250e+03 2.8125e+08
7.5000e+04 3.1250e+03 2.5000e+08
7.8125e+04 3.1250e+03 2.1875e+08
8.1250e+04 3.1250e+03 1.8750e+08
8.4375e+04 3.1250e+03 1.5625e+08
8.7500e+04 3.1250e+03 1.2500e+08
9.0625e+04 3.1250e+03 9.3750e+07
9.3750e+04 3.1250e+03 6.2500e+07
9.6875e+04 3.1250e+03 3.1250e+07
1.0000e+05 3.1250e+03 -4.5438e-07
0.0000e+00 3.9062e+03 1.0000e+09
3.1250e+03 3.9062e+03 9.6875e+08
6.2500e+03 3.9062e+03 9.3750e+08
9.3750e+03 3.9062e+03 9.0625e+08
1.2500e+04 3.9062e+03 8.7500e+08
1.5625e+04 3.9062e+03 8.4375e+08
1.8750e+04 3.9062e+03 8.1250e+08
2.1875e+04 3.9062e+03 7.8125e+08
2.5000e+04 3.9062e+03 7.5000e+08
2.8125e+04 3.9062e+03 7.1875e+08
3.1250e+04 3.9062e+03 6.8750e+08
3.4375e+04 3.9062e+03 6.5625e+08
3.7500e+04 3.9062e+03 6.2500e+08
4.0625e+04 3.9062e+03 5.9375e+08
4.3750e+04 3.9062e+03 5.6250e+08
4.6875e+04 3.9062e+03 5.3125e+08
5.0000e+04 3.9062e+03 5.0000e+08
5.3125e+04 3.9062e+03 4.6875e+08
5.6250e+04 3.9062e+03 4.3750e+08
5.9375e+04 3.9062e+03 4.0625e+08
6.2500e+04 3.9062e+03 3.7500e+08
6.5625e+04 3.9062e+03 3.4375e+08
6.8750e+04 3.9062e+03 3.1250e+08
7.1875e+04 3.9062e+03 2.8125e+08
7.5000e+04 3.9062e+03 2.5000e+08
7.8125e+04 3.9062e+03 2.1875e+08
8.1250e+04 3.9062e+03 1.8750e+08
8.4375e+04 3.9062e+03 1.5625e+08
8.7500e+04 3.9062e+03 1.2500e+08
9.0625e+04 3.9062e+03 9.3750e+07
9.3750e+04 3.9062e+03 6.2500e+07
9.6875e+04 3.9062e+03 3.1250e+07
1.0000e+05 3.9062e+03 -3.1807e-07
0.0000e+00 4.6875e+03 1.0000e+09
3.1250e+03 4.6875e+03 9.6875e+08
6.2500e+03 4.6875e+03 9.3750e+08
9.3750e+03 4.6875e+03 9.0625e+08
1.2500e+04 4.6875e+03 8.7500e+08
1.5625e+04 4.6875e+03 8.4375e+08
1.8750e+04 4.6875e+03 8.1250e+08
2.1875e+04 4.6875e+03 7.8125e+08
2.5000e+04 4.6875e+03 7.5000e+08
2.8125e+04 4.6875e+03 7.1875e+08
3.1250e+04 4.6875e+03 6.8750e+08
3.4375e+04 4.6875e+03 6.5625e+08
3.7500e+04 4.6875e+03 6.2500e+08
4.0625e+04 4.6875e+03 5.9375e+08
4.3750e+04 4.6875e+03 5.6250e+08
4.6875e+04 4.6875e+03 5.3125e+08
5.0000e+04 4.6875e+03 5.0000e+08
5.3125e+04 4.6875e+03 4.6875e+08
5.6250e+04 4.6875e+03 4.3750e+08
5.9375e+04 4.6875e+03 4.0625e+08
6.2500e+04 4.6875e+03 3.7500e+08
6.5625e+04 4.6875e+03 3.4375e+08
6.8750e+04 4.6875e+03 3.1250e+08
7.1875e+04 4.6875e+03 2.8125e+08
7.5000e+04 4.6875e+03 2.5000e+08
7.8125e+04 4.6875e+03 2.1875e+08
8.1250e+04 4.6875e+03 1.8750e+08
8.4375e+04 4.6875e+03 1.5625e+08
8.7500e+04 4.6875e+03 1.2500e+08
9.0625e+04 4.6875e+03 9.3750e+07
9.3750e+04 4.6875e+03 6.2500e+07
9.6875e+04 4.6875e+03 3.1250e+07
1.0000e+05 4.6875e+03 -1.8175e-07
0.0000e+00 5.4688e+03 1.0000e+09
3.1250e+03 5.4688e+03 9.6875e+08
6.2500e+03 5.4688e+03 9.3750e+08
9.3750e+03 5.4688e+03 9.0625e+08
1.2500e+04 5.4688e+03 8.7500e+08
1.5625e+04 5.4688e+03 8.4375e+08
1.8750e+04 5.4688e+03 8.1250e+08
2.1875e+04 5.4688e+03 7.8125e+08
2.5000e+04 5.4688e+03 7.5000e+08
2.8125e+04 5.4688e+03 7.1875e+08
3.1250e+04 5.4688e+03 6.8750e+08
3.4375e+04 5.4688e+03 6.5625e+08
3.7500e+04 5.4688e+03 6.2500e+08
4.0625e+04 5.4688e+03 5.9375e+08
4.3750e+04 5.4688e+03 5.6250e+08
4.6875e+04 5.4688e+03 5.3125e+08
5.0000e+04 5.4688e+03 5.0000e+08
5.3125e+04 5.4688e+03 4.6875e+08
5.6250e+04 5.4688e+03 4.3750e+08
5.9375e+04 5.4688e+03 4.0625e+08
6.2500e+04 5.4688e+03 3.7500e+08
6.5625e+04 5.4688e+03 3.4375e+08
6.8750e+04 5.4688e+03 3.1250e+08
7.1875e+04 5.4688e+03 2.8125e+08
7.5000e+04 5.4688e+03 2.5000e+08
7.8125e+04 5.4688e+03 2.1875e+08
8.1250e+04 5.4688e+03 1.8750e+08
8.4375e+04 5.4688e+03 1.5625e+08
8.7500e+04 5.4688e+03 1.2500e+08
9.0625e+04 5.4688e+03 9.3750e+07
9.3750e+04 5.4688e+03 6.2500e+07
9.6875e+04 5.4688e+03 3.1250e+07
1.0000e+05 5.4688e+03 -1.8882e-06
0.0000e+00 6.2500e+03 1.0000e+09
3.1250e+03 6.2500e+03 9.6875e+08
6.2500e+03 6.2500e+03 9.3750e+08
9.3750e+03 6.2500e+03 9.0625e+08
1.2500e+04 6.2500e+03 8.7500e+08
1.5625e+04 6.2500e+03 8.4375e+08
1.8750e+04 6.2500e+03 8.1250e+08
2.1875e+04 6.2500e+03 7.8125e+08
2.5000e+04 6.2500e+03 7.5000e+08
2.8125e+04 6.2500e+03 7.1875e+08
3.1250e+04 6.2500e+03 6.8750e+08
3.4375e+04 6.2500e+03 6.5625e+08
3.7500e+04 6.2500e+03 6.2500e+08
4.0625e+04 6.2500e+03 5.9375e+08
4.3750e+04 6.2500e+03 5.6250e+08
4.6875e+04 6.2500e+03 5.3125e+08
5.0000e+04 6.2500e+03 5.0000e+08
5.3125e+04 6.2500e+03 4.6875e+08
5.6250e+04 6.2500e+03 4.3750e+08
5.9375e+04 6.2500e+03 4.0625e+08
6.2500e+04 6.2500e+03 3.7500e+08
6.5625e+04 6.2500e+03 3.4375e+08
6.8750e+04 6.2500e+03 3.1250e+08
7.1875e+04 6.2500e+03 2.8125e+08
7.5000e+04 6.2500e+03 2.5000e+08
7.8125e+04 6.2500e+03 2.1875e+08
8.1250e+04 6.2500e+03 1.8750e+08
8.4375e+04 6.2500e+03 1.5625e+08
8.7500e+04 6.2500e+03 1.2500e+08
9.0625e+04 6.2500e+03 9.3750e+07
9.3750e+04 6.2500e+03 6.2500e+07
9.6875e+04 6.2500e+03 3.1250e+07
1.0000e+05 6.2500e+03 -3.5947e-06
0.0000e+00 7.0312e+03 1.0000e+09
3.1250e+03 7.0312e+03 9.6875e+08
6.2500e+03 7.0312e+03 9.3750e+08
9.3750e+03 7.0312e+03 9.0625e+08
1.2500e+04 7.0312e+03 8.7500e+08
1.5625e+04 7.0312e+03 8.4375e+08
1.8750e+04 7.0312e+03 8.1250e+08
2.1875e+04 7.0312e+03 7.8125e+08
2.5000e+04 7.0312e+03 7.5000e+08
2.8125e+04 7.0312e+03 7.1875e+08
3.1250e+04 7.0312e+03 6.8750e+08
3.4375e+04 7.0312e+03 6.5625e+08
3.7500e+04 7.0312e+03 6.2500e+08
4.0625e+04 7.0312e+03 5.9375e+08
4.3750e+04 7.0312e+03 5.6250e+08
4.6875e+04 7.0312e+03 5.3125e+08
5.0000e+04 7.0312e+03 5.0000e+08
5.3125e+04 7.0312e+03 4.6875e+08
5.6250e+04 7.0312e+03 4.3750e+08
5.9375e+04 7.0312e+03 4.0625e+08
6.2500e+04 7.0312e+03 3.7500e+08
6.5625e+04 7.0312e+03 3.4375e+08
6.8750e+04 7.0312e+03 3.1250e+08
7.1875e+04 7.0312e+03 2.8125e+08
7.5000e+04 7.0312e+03 2.5000e+08
7.8125e+04 7.0312e+03 2.1875e+08
8.1250e+04 7.0312e+03 1.8750e+08
8.4375e+04 7.0312e+03 1.5625e+08
8.7500e+04 7.0312e+03 1.2500e+08
9.0625e+04 7.0312e+03 9.3750e+07
9.3750e+04 7.0312e+03 6.2500e+07
9.6875e+04 7.0312e+03 3.1250e+07
1.0000e+05 7.0312e+03 -2.2618e-06
0.0000e+00 7.8125e+03 1.0000e+09
3.1250e+03 7.8125e+03 9.6875e+08
6.2500e+03 7.8125e+03 9.3750e+08
9.3750e+03 7.8125e+03 9.0625e+08
1.2500e+04 7.8125e+03 8.7500e+08
1.5625e+04 7.8125e+03 8.4375e+08
1.8750e+04 7.8125e+03 8.1250e+08
2.1875e+04 7.8125e+03 7.8125e+08
2.5000e+04 7.8125e+03 7.5000e+08
2.8125e+04 7.8125e+03 7.1875e+08
3.1250e+04 7.8125e+03 6.8750e+08
3.4375e+04 7.8125e+03 6.5625e+08
3.7500e+04 7.8125e+03 6.2500e+08
4.0625e+04 7.8125e+03 5.9375e+08
4.3750e+04 7.8125e+03 5.6250e+08
4.6875e+04 7.8125e+03 5.3125e+08
5.0000e+04 7.8125e+03 5.0000e+08
5.3125e+04 7.8125e+03 4.6875e+08
5.6250e+04 7.8125e+03 4.3750e+08
5.9375e+04 7.8125e+03 4.0625e+08
6.2500e+04 7.8125e+03 3.7500e+08
6.5625e+04 7.8125e+03 3.4375e+08
6.8750e+04 7.8125e+03 3.1250e+08
7.1875e+04 7.8125e+03 2.8125e+08
7.5000e+04 7.8125e+03 2.5000e+08
7.8125e+04 7.8125e+03 2.1875e+08
8.1250e+04 7.8125e+03 1.8750e+08
8.4375e+04 7.8125e+03 1.5625e+08
8.7500e+04 7.8125e+03 1.2500e+08
9.0625e+04 7.8125e+03 9.3750e+07
9.3750e+04 7.8125e+03 6.2500e+07
9.6875e+04 7.8125e+03 3.1250e+07
1.0000e+05 7.8125e+03 -9.2896e-07
0.0000e+00 8.5938e+03 1.0000e+09
3.1250e+03 8.5938e+03 9.6875e+08
6.2500e+03 8.5938e+03 9.3750e+08
9.3750e+03 8.5938e+03 9.0625e+08
1.2500e+04 8.5938e+03 8.7500e+08
1.5625e+04 8.5938e+03 8.4375e+08
1.8750e+04 8.5938e+03 8.1250e+08
2.1875e+04 8.5938e+03 7.8125e+08
2.5000e+04 8.5938e+03 7.5000e+08
2.8125e+04 8.5938e+03 7.1875e+08
3.1250e+04 8.5938e+03 6.8750e+08
3.4375e+04 8.5938e+03 6.5625e+08
3.7500e+04 8.5938e+03 6.2500e+08
4.0625e+04 8.5938e+03 5.9375e+08
4.3750e+04 8.5938e+03 5.6250e+08
4.6875e+04 8.5938e+03 5.3125e+08
5.0000e+04 8.5938e+03 5.0000e+08
5.3125e+04 8.5938e+03 4.6875e+08
5.6250e+04 8.5938e+03 4.3750e+08
5.9375e+04 8.5938e+03 4.0625e+08
6.2500e+04 8.5938e+03 3.7500e+08
6.5625e+04 8.5938e+03 3.4375e+08
6.8750e+04 8.5938e+03 3.1250e+08
7.1875e+04 8.5938e+03 2.8125e+08
7.5000e+04 8.5938e+03 2.5000e+08
7.8125e+04 8.5938e+03 2.1875e+08
8.1250e+04 8.5938e+03 1.8750e+08
8.4375e+04 8.5938e+03 1.5625e+08
8.7500e+04 8.5938e+03 1.2500e+08
9.0625e+04 8.5938e+03 9.3750e+07
9.3750e+04 8.5938e+03 6.2500e+07
9.6875e+04 8.5938e+03 3.1250e+07
1.0000e+05 8.5938e+03 -5.8565e-07
0.0000e+00 9.3750e+03 1.0000e+09
3.1250e+03 9.3750e+03 9.6875e+08
6.2500e+03 9.3750e+03 9.3750e+08
9.3750e+03 9.3750e+03 9.0625e+08
1.2500e+04 9.3750e+03 8.7500e+08
1.5625e+04 9.3750e+03 8.4375e+08
1.8750e+04 9.3750e+03 8.1250e+08
2.1875e+04 9.3750e+03 7.8125e+08
2.5000e+04 9.3750e+03 7.5000e+08
2.8125e+04 9.3750e+03 7.1875e+08
3.1250e+04 9.3750e+03 6.8750e+08
3.4375e+04 9.3750e+03 6.5625e+08
3.7500e+04 9.3750e+03 6.2500e+08
4.0625e+04 9.3750e+03 5.9375e+08
4.3750e+04 9.3750e+03 5.6250e+08
4.6875e+04 9.3750e+03 5.3125e+08
5.0000e+04 9.3750e+03 5.0000e+08
5.3125e+04 9.3750e+03 4.6875e+08
5.6250e+04 9.3750e+03 4.3750e+08
5.9375e+04 9.3750e+03 4.0625e+08
6.2500e+04 9.3750e+03 3.7500e+08
6.5625e+04 9.3750e+03 3.4375e+08
6.8750e+04 9.3750e+03 3.1250e+08
7.1875e+04 9.3750e+03 2.8125e+08
7.5000e+04 9.3750e+03 2.5000e+08
7.8125e+04 9.3750e+03 2.1875e+08
8.1250e+04 9.3750e+03 1.8750e+08
8.4375e+04 9.3750e+03 1.5625e+08
8.7500e+04 9.3750e+03 1.2500e+08
9.0625e+04 9.3750e+03 9.3750e+07
9.3750e+04 9.3750e+03 6.2500e+07
9.6875e+04 9.3750e+03 3.1250e+07
1.0000e+05 9.3750e+03 -2.4234e-07
0.0000e+00 1.0156e+04 1.0000e+09
3.1250e+03 1.0156e+04 9.6875e+08
6.2500e+03 1.0156e+04 9.3750e+08
9.3750e+03 1.0156e+04 9.0625e+08
1.2500e+04 1.0156e+04 8.7500e+08
1.5625e+04 1.0156e+04 8.4375e+08
1.8750e+04 1.0156e+04 8.1250e+08
2.1875e+04 1.0156e+04 7.8125e+08
2.5000e+04 1.0156e+04 7.5000e+08
2.8125e+04 1.0156e+04 7.1875e+08
3.1250e+04 1.0156e+04 6.8750e+08
3.4375e+04 1.0156e+04 6.5625e+08
3.7500e+04 1.0156e+04 6.2500e+08
4.0625e+04 1.0156e+04 5.9375e+08
4.3750e+04 1.0156e+04 5.6250e+08
4.6875e+04 1.0156e+04 5.3125e+08
5.0000e+04 1.0156e+04 5.0000e+08
5.3125e+04 1.0156e+04 4.6875e+08
5.6250e+04 1.0156e+04 4.3750e+08
5.9375e+04 1.0156e+04 4.0625e+08
6.2500e+04 1.0156e+04 3.7500e+08
6.5625e+04 1.0156e+04 3.4375e+08
6.8750e+04 1.0156e+04 3.1250e+08
7.1875e+04 1.0156e+04 2.8125e+08
7.5000e+04 1.0156e+04 2.5000e+08
7.8125e+04 1.0156e+04 2.1875e+08
8.1250e+04 1.0156e+04 1.8750e+08
8.4375e+04 1.0156e+04 1.5625e+08
8.7500e+04 1.0156e+04 1.2500e+08
9.0625e+04 1.0156e+04 9.3750e+07
9.3750e+04 1.0156e+04 6.2500e+07
9.6875e+04 1.0156e+04 3.1250e+07
1.0000e+05 1.0156e+04 2.0296e-06
0.0000e+00 1.0938e+04 1.0000e+09
3.1250e+03 1.0938e+04 9.6875e+08
6.2500e+03 1.0938e+04 9.3750e+08
9.3750e+03 1.0938e+04 9.0625e+08
1.2500e+04 1.0938e+04 8.7500e+08
1.5625e+04 1.0938e+04 8.4375e+08
1.8750e+04 1.0938e+04 8.1250e+08
2.1875e+04 1.0938e+04 7.8125e+08
2.5000e+04 1.0938e+04 7.5000e+08
2.8125e+04 1.0938e+04 7.1875e+08
3.1250e+04 1.0938e+04 6.8750e+08
3.4375e+04 1.0938e+04 6.5625e+08
3.7500e+04 1.0938e+04 6.2500e+08
4.0625e+04 1.0938e+04 5.9375e+08
4.3750e+04 1.0938e+04 5.6250e+08
4.6875e+04 1.0938e+04 5.3125e+08
5.0000e+04 1.0938e+04 5.0000e+08
5.3125e+04 1.0938e+04 4.6875e+08
5.6250e+04 1.0938e+04 4.3750e+08
5.9375e+04 1.0938e+04 4.0625e+08
6.2500e+04 1.0938e+04 3.7500e+08
6.5625e+04 1.0938e+04 3.4375e+08
6.8750e+04 1.0938e+04 3.1250e+08
7.1875e+04 1.0938e+04 2.8125e+08
7.5000e+04 1.0938e+04 2.5000e+08
7.8125e+04 1.0938e+04 2.1875e+08
8.1250e+04 1.0938e+04 1.8750e+08
8.4375e+04 1.0938e+04 1.5625e+08
8.7500e+04 1.0938e+04 1.2500e+08
9.0625e+04 1.0938e+04 9.3750e+07
9.3750e+04 1.0938e+04 6.2500e+07
9.6875e+04 1.0938e+04 3.1250e+07
1.0000e+05 1.0938e+04 4.3015e-06
0.0000e+00 1.1719e+04 1.0000e+09
3.1250e+03 1.1719e+04 9.6875e+08
6.2500e+03 1.1719e+04 9.3750e+08
9.3750e+03 1.1719e+04 9.0625e+08
1.2500e+04 1.1719e+04 8.7500e+08
1.5625e+04 1.1719e+04 8.4375e+08
1.8750e+04 1.1719e+04 8.1250e+08
2.1875e+04 1.1719e+04 7.8125e+08
2.5000e+04 1.1719e+04 7.5000e+08
2.8125e+04 1.1719e+04 7.1875e+08
3.1250e+04 1.1719e+04 6.8750e+08
3.4375e+04 1.1719e+04 6.5625e+08
3.7500e+04 1.1719e+04 6.2500e+08
4.0625e+04 1.1719e+04 5.9375e+08
4.3750e+04 1.1719e+04 5.6250e+08
4.6875e+04 1.1719e+04 5.3125e+08
5.0000e+04 1.1719e+04 5.0000e+08
5.3125e+04 1.1719e+04 4.6875e+08
5.6250e+04 1.1719e+04 4.3750e+08
5.9375e+04 1.1719e+04 4.0625e+08
6.2500e+04 1.1719e+04 3.7500e+08
6.5625e+04 1.1719e+04 3.4375e+08
6.8750e+04 1.1719e+04 3.1250e+08
7.1875e+04 1.1719e+04 2.8125e+08
7.5000e+04 1.1719e+04 2.5000e+08
7.8125e+04 1.1719e+04 2.1875e+08
8.1250e+04 1.1719e+04 1.8750e+08
8.4375e+04 1.1719e+04 1.5625e+08
8.7500e+04 1.1719e+04 1.2500e+08
9.0625e+04 1.1719e+04 9.3750e+07
9.3750e+04 1.1719e+04 6.2500e+07
9.6875e+04 1.1719e+04 3.1250e+07
1.0000e+05 1.1719e+04 2.5546e-06
0.0000e+00 1.2500e+04 1.0000e+09
3.1250e+03 1.2500e+04 9.6875e+08
6.2500e+03 1.2500e+04 9.3750e+08
9.3750e+03 1.2500e+04 9.0625e+08
1.2500e+04 1.2500e+04 8.7500e+08
1.5625e+04 1.2500e+04 8.4375e+08
1.8750e+04 1.2500e+04 8.1250e+08
2.1875e+04 1.2500e+04 7.8125e+08
2.5000e+04 1.2500e+04 7.5000e+08
2.8125e+04 1.2500e+04 7.1875e+08
3.1250e+04 1.2500e+04 6.8750e+08
3.4375e+04 1.2500e+04 6.5625e+08
3.7500e+04 1.2500e+04 6.2500e+08
4.0625e+04 1.2500e+04 5.9375e+08
4.3750e+04 1.2500e+04 5.6250e+08
4.6875e+04 1.2500e+04 5.3125e+08
5.0000e+04 1.2500e+04 5.0000e+08
5.3125e+04 1.2500e+04 4.6875e+08
5.6250e+04 1.2500e+04 4.3750e+08
5.9375e+04 1.2500e+04 4.0625e+08
6.2500e+04 1.2500e+04 3.7500e+08
6.5625e+04 1.2500e+04 3.4375e+08
6.8750e+04 1.2500e+04 3.1250e+08
7.1875e+04 1.2500e+04 2.8125e+08
7.5000e+04 1.2500e+04 2.5000e+08
7.8125e+04 1.2500e+04 2.1875e+08
8.1250e+04 1.2500e+04 1.8750e+08
8.4375e+04 1.2500e+04 1.5625e+08
8.7500e+04 1.2500e+04 1.2500e+08
9.0625e+04 1.2500e+04 9.3750e+07
9.3750e+04 1.2500e+04 6.2500e+07
9.6875e+04 1.2500e+04 3.1250e+07
1.0000e+05 1.2500e+04 8.0779e-07
0.0000e+00 1.3281e+04 1.0000e+09
3.1250e+03 1.3281e+04 9.6875e+08
6.2500e+03 1.3281e+04 9.3750e+08
9.3750e+03 1.3281e+04 9.0625e+08
1.2500e+04 1.3281e+04 8.7500e+08
1.5625e+04 1.3281e+04 8.4375e+08
1.8750e+04 1.3281e+04 8.1250e+08
2.1875e+04 1.3281e+04 7.8125e+08
2.5000e+04 1.3281e+04 7.5000e+08
2.8125e+04 1.3281e+04 7.1875e+08
3.1250e+04 1.3281e+04 6.8750e+08
3.4375e+04 1.3281e+04 6.5625e+08
3.7500e+04 1.3281e+04 6.2500e+08
4.0625e+04 1.3281e+04 5.9375e+08
4.3750e+04 1.3281e+04 5.6250e+08
4.6875e+04 1.3281e+04 5.3125e+08
5.0000e+04 1.3281e+04 5.0000e+08
5.3125e+04 1.3281e+04 4.6875e+08
5.6250e+04 1.3281e+04 4.3750e+08
5.9375e+04 1.3281e+04 4.0625e+08
6.2500e+04 1.3281e+04 3.7500e+08
6.5625e+04 1.3281e+04 3.4375e+08
6.8750e+04 1.3281e+04 3.1250e+08
7.1875e+04 1.3281e+04 2.8125e+08
7.5000e+04 1.3281e+04 2.5000e+08
7.8125e+04 1.3281e+04 2.1875e+08
8.1250e+04 1.3281e+04 1.8750e+08
8.4375e+04 1.3281e+04 1.5625e+08
8.7500e+04 1.3281e+04 1.2500e+08
9.0625e+04 1.3281e+04 9.3750e+07
9.3750e+04 1.3281e+04 6.2500e+07
9.6875e+04 1.3281e+04 3.1250e+07
1.0000e+05 1.3281e+04 1.8983e-06
0.0000e+00 1.4062e+04 1.0000e+09
3.1250e+03 1.4062e+04 9.6875e+08
6.2500e+03 1.4062e+04 9.3750e+08
9.3750e+03 1.4062e+04 9.0625e+08
1.2500e+04 1.4062e+04 8.7500e+08
1.5625e+04 1.4062e+04 8.4375e+08
1.8750e+04 1.4062e+04 8.1250e+08
2.1875e+04 1.4062e+04 7.8125e+08
2.5000e+04 1.4062e+04 7.5000e+08
2.8125e+04 1.4062e+04 7.1875e+08
3.1250e+04 1.4062e+04 6.8750e+08
3.4375e+04 1.4062e+04 6.5625e+08
3.7500e+04 1.4062e+04 6.2500e+08
4.0625e+04 1.4062e+04 5.9375e+08
4.3750e+04 1.4062e+04 5.6250e+08
4.6875e+04 1.4062e+04 5.3125e+08
5.0000e+04 1.4062e+04 5.0000e+08
5.3125e+04 1.4062e+04 4.6875e+08
5.6250e+04 1.4062e+04 4.3750e+08
5.9375e+04 1.4062e+04 4.0625e+08
6.2500e+04 1.4062e+04 3.7500e+08
6.5625e+04 1.4062e+04 3.4375e+08
6.8750e+04 1.4062e+04 3.1250e+08
7.1875e+04 1.4062e+04 2.8125e+08
7.5000e+04 1.4062e+04 2.5000e+08
7.8125e+04 1.4062e+04 2.1875e+08
8.1250e+04 1.4062e+04 1.8750e+08
8.4375e+04 1.4062e+04 1.5625e+08
8.7500e+04 1.4062e+04 1.2500e+08
9.0625e+04 1.4062e+04 9.3750e+07
9.3750e+04 1.4062e+04 6.2500e+07
9.6875e+04 1.4062e+04 3.1250e+07
1.0000e+05 1.4062e+04 2.9888e-06
0.0000e+00 1.4844e+04 1.0000e+09
3.1250e+03 1.4844e+04 9.6875e+08
6.2500e+03 1.4844e+04 9.3750e+08
9.3750e+03 1.4844e+04 9.0625e+08
1.2500e+04 1.4844e+04 8.7500e+08
1.5625e+04 1.4844e+04 8.4375e+08
1.8750e+04 1.4844e+04 8.1250e+08
2.1875e+04 1.4844e+04 7.8125e+08
2.5000e+04 1.4844e+04 7.5000e+08
2.8125e+04 1.4844e+04 7.1875e+08
3.1250e+04 1.4844e+04 6.8750e+08
3.4375e+04 1.4844e+04 6.5625e+08
3.7500e+04 1.4844e+04 6.2500e+08
4.0625e+04 1.4844e+04 5.9375e+08
4.3750e+04 1.4844e+04 5.6250e+08
4.6875e+04 1.4844e+04 5.3125e+08
5.0000e+04 1.4844e+04 5.0000e+08
5.3125e+04 1.4844e+04 4.6875e+08
5.6250e+04 1.4844e+04 4.3750e+08
5.9375e+04 1.4844e+04 4.0625e+08
6.2500e+04 1.4844e+04 3.7500e+08
6.5625e+04 1.4844e+04 3.4375e+08
6.8750e+04 1.4844e+04 3.1250e+08
7.1875e+04 1.4844e+04 2.8125e+08
7.5000e+04 1.4844e+04 2.5000e+08
7.8125e+04 1.4844e+04 2.1875e+08
8.1250e+04 1.4844e+04 1.8750e+08
8.4375e+04 1.4844e+04 1.5625e+08
8.7500e+04 1.4844e+04 1.2500e+08
9.0625e+04 1.4844e+04 9.3750e+07
9.3750e+04 1.4844e+04 6.2500e+07
9.6875e+04 1.4844e+04 3.1250e+07
1.0000e+05 1.4844e+04 3.6654e-06
0.0000e+00 1.5625e+04 1.0000e+09
3.1250e+03 1.5625e+04 9.6875e+08
6.2500e+03 1.5625e+04 9.3750e+08
9.3750e+03 1.5625e+04 9.0625e+08
1.2500e+04 1.5625e+04 8.7500e+08
1.5625e+04 1.5625e+04 8.4375e+08
1.8750e+04 1.5625e+04 8.1250e+08
2.1875e+04 1.5625e+04 7.8125e+08
2.5000e+04 1.5625e+04 7.5000e+08
2.8125e+04 1.5625e+04 7.1875e+08
3.1250e+04 1.5625e+04 6.8750e+08
3.4375e+04 1.5625e+04 6.5625e+08
3.7500e+04 1.5625e+04 6.2500e+08
4.0625e+04 1.5625e+04 5.9375e+08
4.3750e+04 1.5625e+04 5.6250e+08
4.6875e+04 1.5625e+04 5.3125e+08
5.0000e+04 1.5625e+04 5.0000e+08
5.3125e+04 1.5625e+04 4.6875e+08
5.6250e+04 1.5625e+04 4.3750e+08
5.9375e+04 1.5625e+04 4.0625e+08
6.2500e+04 1.5625e+04 3.7500e+08
6.5625e+04 1.5625e+04 3.4375e+08
6.8750e+04 1.5625e+04 3.1250e+08
7.1875e+04 1.5625e+04 2.8125e+08
7.5000e+04 1.5625e+04 2.5000e+08
7.8125e+04 1.5625e+04 2.1875e+08
8.1250e+04 1.5625e+04 1.8750e+08
8.4375e+04 1.5625e+04 1.5625e+08
8.7500e+04 1.5625e+04 1.2500e+08
9.0625e+04 1.5625e+04 9.3750e+07
9.3750e+04 1.5625e+04 6.2500e+07
9.6875e+04 1.5625e+04 3.1250e+07
1.0000e+05 1.5625e+04 4.3419e-06
0.0000e+00 1.6406e+04 1.0000e+09
3.1250e+03 1.6406e+04 9.6875e+08
6.2500e+03 1.6406e+04 9.3750e+08
9.3750e+03 1.6406e+04 9.0625e+08
1.2500e+04 1.6406e+04 8.7500e+08
1.5625e+04 1.6406e+04 8.4375e+08
1.8750e+04 1.6406e+04 8.1250e+08
2.1875e+04 1.6406e+04 7.8125e+08
2.5000e+04 1.6406e+04 7.5000e+08
2.8125e+04 1.6406e+04 7.1875e+08
3.1250e+04 1.6406e+04 6.8750e+08
3.4375e+04 1.6406e+04 6.5625e+08
3.7500e+04 1.6406e+04 6.2500e+08
4.0625e+04 1.6406e+04 5.9375e+08
4.3750e+04 1.6406e+04 5.6250e+08
4.6875e+04 1.6406e+04 5.3125e+08
5.0000e+04 1.6406e+04 5.0000e+08
5.3125e+04 1.6406e+04 4.6875e+08
5.6250e+04 1.6406e+04 4.3750e+08
5.9375e+04 1.6406e+04 4.0625e+08
6.2500e+04 1.6406e+04 3.7500e+08
6.5625e+04 1.6406e+04 3.4375e+08
6.8750e+04 1.6406e+04 3.1250e+08
7.1875e+04 1.6406e+04 2.8125e+08
7.5000e+04 1.6406e+04 2.5000e+08
7.8125e+04 1.6406e+04 2.1875e+08
8.1250e+04 1.6406e+04 1.8750e+08
8.4375e+04 1.6406e+04 1.5625e+08
8.7500e+04 1.6406e+04 1.2500e+08
9.0625e+04 1.6406e+04 9.3750e+07
9.3750e+04 1.6406e+04 6.2500e+07
9.6875e+04 1.6406e+04 3.1250e+07
1.0000e+05 1.6406e+04 5.2507e-06
0.0000e+00 1.7188e+04 1.0000e+09
3.1250e+03 1.7188e+04 9.6875e+08
6.2500e+03 1.7188e+04 9.3750e+08
9.3750e+03 1.7188e+04 9.0625e+08
1.2500e+04 1.7188e+04 8.7500e+08
1.5625e+04 1.7188e+04 8.4375e+08
1.8750e+04 1.7188e+04 8.1250e+08
2.1875e+04 1.7188e+04 7.8125e+08
2.5000e+04 1.7188e+04 7.5000e+08
2.8125e+04 1.7188e+04 7.1875e+08
3.1250e+04 1.7188e+04 6.8750e+08
3.4375e+04 1.7188e+04 6.5625e+08
3.7500e+04 1.7188e+04 6.2500e+08
4.0625e+04 1.7188e+04 5.9375e+08
4.3750e+04 1.7188e+04 5.6250e+08
4.6875e+04 1.7188e+04 5.3125e+08
5.0000e+04 1.7188e+04 5.0000e+08
5.3125e+04 1.7188e+04 4.6875e+08
5.6250e+04 1.7188e+04 4.3750e+08
5.9375e+04 1.7188e+04 4.0625e+08
6.2500e+04 1.7188e+04 3.7500e+08
6.5625e+04 1.7188e+04 3.4375e+08
6.8750e+04 1.7188e+04 3.1250e+08
7.1875e+04 1.7188e+04 2.8125e+08
7.5000e+04 1.7188e+04 2.5000e+08
7.8125e+04 1.7188e+04 2.1875e+08
8.1250e+04 1.7188e+04 1.8750e+08
8.4375e+04 1.7188e+04 1.5625e+08
8.7500e+04 1.7188e+04 1.2500e+08
9.0625e+04 1.7188e+04 9.3750e+07
9.3750e+04 1.7188e+04 6.2500e+07
9.6875e+04 1.7188e+04 3.1250e+07
1.0000e+05 1.7188e+04 6.1594e-06
0.0000e+00 1.7969e+04 1.0000e+09
3.1250e+03 1.7969e+04 9.6875e+08
6.2500e+03 1.7969e+04 9.3750e+08
9.3750e+03 1.7969e+04 9.0625e+08
1.2500e+04 1.7969e+04 8.7500e+08
1.5625e+04 1.7969e+04 8.4375e+08
1.8750e+04 1.7969e+04 8.1250e+08
2.1875e+04 1.7969e+04 7.8125e+08
2.5000e+04 1.7969e+04 7.5000e+08
2.8125e+04 1.7969e+04 7.1875e+08
3.1250e+04 1.7969e+04 6.8750e+08
3.4375e+04 1.7969e+04 6.5625e+08
3.7500e+04 1.7969e+04 6.2500e+08
4.0625e+04 1.7969e+04 5.9375e+08
4.3750e+04 1.7969e+04 5.6250e+08
4.6875e+04 1.7969e+04 5.3125e+08
5.0000e+04 1.7969e+04 5.0000e+08
5.3125e+04 1.7969e+04 4.6875e+08
5.6250e+04 1.7969e+04 4.3750e+08
5.9375e+04 1.7969e+04 4.0625e+08
6.2500e+04 1.7969e+04 3.7500e+08
6.5625e+04 1.7969e+04 3.4375e+08
6.8750e+04 1.7969e+04 3.1250e+08
7.1875e+04 1.7969e+04 2.8125e+08
7.5000e+04 1.7969e+04 2.5000e+08
7.8125e+04 1.7969e+04 2.1875e+08
8.1250e+04 1.7969e+04 1.8750e+08
8.4375e+04 1.7969e+04 1.5625e+08
8.7500e+04 1.7969e+04 1.2500e+08
9.0625e+04 1.7969e+04 9.3750e+07
9.3750e+04 1.7969e+04 6.2500e+07
9.6875e+04 1.7969e+04 3.1250e+07
1.0000e+05 1.7969e+04 -1.7630e-05
0.0000e+00 1.8750e+04 1.0000e+09
3.1250e+03 1.8750e+04 9.6875e+08
6.2500e+03 1.8750e+04 9.3750e+08
9.3750e+03 1.8750e+04 9.0625e+08
1.2500e+04 1.8750e+04 8.7500e+08
1.5625e+04 1.8750e+04 8.4375e+08
1.8750e+04 1.8750e+04 8.1250e+08
2.1875e+04 1.8750e+04 7.8125e+08
2.5000e+04 1.8750e+04 7.5000e+08
2.8125e+04 1.8750e+04 7.1875e+08
3.1250e+04 1.8750e+04 6.8750e+08
3.4375e+04 1.8750e+04 6.5625e+08
3.7500e+04 1.8750e+04 6.2500e+08
4.0625e+04 1.8750e+04 5.9375e+08
4.3750e+04 1.8750e+04 5.6250e+08
4.6875e+04 1.8750e+04 5.3125e+08
5.0000e+04 1.8750e+04 5.0000e+08
5.3125e+04 1.8750e+04 4.6875e+08
5.6250e+04 1.8750e+04 4.3750e+08
5.9375e+04 1.8750e+04 4.0625e+08
6.2500e+04 1.8750e+04 3.7500e+08
6.5625e+04 1.8750e+04 3.4375e+08
6.8750e+04 1.8750e+04 3.1250e+08
7.1875e+04 1.8750e+04 2.8125e+08
7.5000e+04 1.8750e+04 2.5000e+08
7.8125e+04 1.8750e+04 2.1875e+08
8.1250e+04 1.8750e+04 1.8750e+08
8.4375e+04 1.8750e+04 1.5625e+08
8.7500e+04 1.8750e+04 1.2500e+08
9.0625e+04 1.8750e+04 9.3750e+07
9.3750e+04 1.8750e+04 6.2500e+07
9.6875e+04 1.8750e+04 3.1250e+07
1.0000e+05 1.8750e+04 -4.1420e-05
0.0000e+00 1.9531e+04 1.0000e+09
3.1250e+03 1.9531e+04 9.6875e+08
6.2500e+03 1.9531e+04 9.3750e+08
9.3750e+03 1.9531e+04 9.0625e+08
1.2500e+04 1.9531e+04 8.7500e+08
1.5625e+04 1.9531e+04 8.4375e+08
1.8750e+04 1.9531e+04 8.1250e+08
2.1875e+04 1.9531e+04 7.8125e+08
2.5000e+04 1.9531e+04 7.5000e+08
2.8125e+04 1.9531e+04 7.1875e+08
3.1250e+04 1.9531e+04 6.8750e+08
3.4375e+04 1.9531e+04 6.5625e+08
3.7500e+04 1.9531e+04 6.2500e+08
4.0625e+04 1.9531e+04 5.9375e+08
4.3750e+04 1.9531e+04 5.6250e+08
4.6875e+04 1.9531e+04 5.3125e+08
5.0000e+04 1.9531e+04 5.0000e+08
5.3125e+04 1.9531e+04 4.6875e+08
5.6250e+04 1.9531e+04 4.3750e+08
5.9375e+04 1.9531e+04 4.0625e+08
6.2500e+04 1.9531e+04 3.7500e+08
6.5625e+04 1.9531e+04 3.4375e+08
6.8750e+04 1.9531e+04 3.1250e+08
7.1875e+04 1.9531e+04 2.8125e+08
7.5000e+04 1.9531e+04 2.5000e+08
7.8125e+04 1.9531e+04 2.1875e+08
8.1250e+04 1.9531e+04 1.8750e+08
8.4375e+04 1.9531e+04 1.5625e+08
8.7500e+04 1.9531e+04 1.2500e+08
9.0625e+04 1.9531e+04 9.3750e+07
9.3750e+04 1.9531e+04 6.2500e+07
9.6875e+04 1.9531e+04 3.1250e+07
1.0000e+05 1.9531e+04 1.5550e-05
0.0000e+00 2.0312e+04 1.0000e+09
3.1250e+03 2.0312e+04 9.6875e+08
6.2500e+03 2.0312e+04 9.3750e+08
9.3750e+03 2.0312e+04 9.0625e+08
1.2500e+04 2.0312e+04 8.7500e+08
1.5625e+04 2.0312e+04 8.4375e+08
1.8750e+04 2.0312e+04 8.1250e+08
2.1875e+04 2.0312e+04 7.8125e+08
2.5000e+04 2.0312e+04 7.5000e+08
2.8125e+04 2.0312e+04 7.1875e+08
3.1250e+04 2.0312e+04 6.8750e+08
3.4375e+04 2.0312e+04 6.5625e+08
3.7500e+04 2.0312e+04 6.2500e+08
4.0625e+04 2.0312e+04 5.9375e+08
4.3750e+04 2.0312e+04 5.6250e+08
4.6875e+04 2.0312e+04 5.3125e+08
5.0000e+04 2.0312e+04 5.0000e+08
5.3125e+04 2.0312e+04 4.6875e+08
5.6250e+04 2.0312e+04 4.3750e+08
5.9375e+04 2.0312e+04 4.0625e+08
6.2500e+04 2.0312e+04 3.7500e+08
6.5625e+04 2.0312e+04 3.4375e+08
6.8750e+04 2.0312e+04 3.1250e+08
7.1875e+04 2.0312e+04 2.8125e+08
7.5000e+04 2.0312e+04 2.5000e+08
7.8125e+04 2.0312e+04 2.1875e+08
8.1250e+04 2.0312e+04 1.8750e+08
8.4375e+04 2.0312e+04 1.5625e+08
8.7500e+04 2.0312e+04 1.2500e+08
9.0625e+04 2.0312e+04 9.3750e+07
9.3750e+04 2.0312e+04 6.2500e+07
9.6875e+04 2.0312e+04 3.1250e+07
1.0000e+05 2.0312e+04 7.2520e-05
0.0000e+00 2.1094e+04 1.0000e+09
3.1250e+03 2.1094e+04 9.6875e+08
6.2500e+03 2.1094e+04 9.3750e+08
9.3750e+03 2.1094e+04 9.0625e+08
1.2500e+04 2.1094e+04 8.7500e+08
1.5625e+04 2.1094e+04 8.4375e+08
1.8750e+04 2.1094e+04 8.1250e+08
2.1875e+04 2.1094e+04 7.8125e+08
2.5000e+04 2.1094e+04 7.5000e+08
2.8125e+04 2.1094e+04 7.1875e+08
3.1250e+04 2.1094e+04 6.8750e+08
3.4375e+04 2.1094e+04 6.5625e+08
3.7500e+04 2.1094e+04 6.2500e+08
4.0625e+04 2.1094e+04 5.9375e+08
4.3750e+04 2.1094e+04 5.6250e+08
4.6875e+04 2.1094e+04 5.3125e+08
5.0000e+04 2.1094e+04 5.0000e+08
5.3125e+04 2.1094e+04 4.6875e+08
5.6250e+04 2.1094e+04 4.3750e+08
5.9375e+04 2.1094e+04 4.0625e+08
6.2500e+04 2.1094e+04 3.7500e+08
6.5625e+04 2.1094e+04 3.4375e+08
6.8750e+04 2.1094e+04 3.1250e+08
7.1875e+04 2.1094e+04 2.8125e+08
7.5000e+04 2.1094e+04 2.5000e+08
7.8125e+04 2.1094e+04 2.1875e+08
8.1250e+04 2.1094e+04 1.8750e+08
8.4375e+04 2.1094e+04 1.5625e+08
8.7500e+04 2.1094e+04 1.2500e+08
9.0625e+04 2.1094e+04 9.3750e+07
9.3750e+04 2.1094e+04 6.2500e+07
9.6875e+04 2.1094e+04 3.1250e+07
1.0000e+05 2.1094e+04 1.1430e-05
0.0000e+00 2.1875e+04 1.0000e+09
3.1250e+03 2.1875e+04 9.6875e+08
6.2500e+03 2.1875e+04 9.3750e+08
9.3750e+03 2.1875e+04 9.0625e+08
1.2500e+04 2.1875e+04 8.7500e+08
1.5625e+04 2.1875e+04 8.4375e+08
1.8750e+04 2.1875e+04 8.1250e+08
2.1875e+04 2.1875e+04 7.8125e+08
2.5000e+04 2.1875e+04 7.5000e+08
2.8125e+04 2.1875e+04 7.1875e+08
3.1250e+04 2.1875e+04 6.8750e+08
3.4375e+04 2.1875e+04 6.5625e+08
3.7500e+04 2.1875e+04 6.2500e+08
4.0625e+04 2.1875e+04 5.9375e+08
4.3750e+04 2.1875e+04 5.6250e+08
4.6875e+04 2.1875e+04 5.3125e+08
5.0000e+04 2.1875e+04 5.0000e+08
5.3125e+04 2.1875e+04 4.6875e+08
5.6250e+04 2.1875e+04 4.3750e+08
5.9375e+04 2.1875e+04 4.0625e+08
6.2500e+04 2.1875e+04 3.7500e+08
6.5625e+04 2.1875e+04 3.4375e+08
6.8750e+04 2.1875e+04 3.1250e+08
7.1875e+04 2.1875e+04 2.8125e+08
7.5000e+04 2.1875e+04 2.5000e+08
7.8125e+04 2.1875e+04 2.1875e+08
8.1250e+04 2.1875e+04 1.8750e+08
8.4375e+04 2.1875e+04 1.5625e+08
8.7500e+04 2.1875e+04 1.2500e+08
9.0625e+04 2.1875e+04 9.3750e+07
9.3750e+04 2.1875e+04 6.2500e+07
9.6875e+04 2.1875e+04 3.1250e+07
1.0000e+05 2.1875e+04 -4.9659e-05
0.0000e+00 2.2656e+04 1.0000e+09
3.1250e+03 2.2656e+04 9.6875e+08
6.2500e+03 2.2656e+04 9.3750e+08
9.3750e+03 2.2656e+04 9.0625e+08
1.2500e+04 2.2656e+04 8.7500e+08
1.5625e+04 2.2656e+04 8.4375e+08
1.8750e+04 2.2656e+04 8.1250e+08
2.1875e+04 2.2656e+04 7.8125e+08
2.5000e+04 2.2656e+04 7.5000e+08
2.8125e+04 2.2656e+04 7.1875e+08
3.1250e+04 2.2656e+04 6.8750e+08
3.4375e+04 2.2656e+04 6.5625e+08
3.7500e+04 2.2656e+04 6.2500e+08
4.0625e+04 2.2656e+04 5.9375e+08
4.3750e+04 2.2656e+04 5.6250e+08
4.6875e+04 2.2656e+04 5.3125e+08
5.0000e+04 2.2656e+04 5.0000e+08
5.3125e+04 2.2656e+04 4.6875e+08
5.6250e+04 2.2656e+04 4.3750e+08
5.9375e+04 2.2656e+04 4.0625e+08
6.2500e+04 2.2656e+04 3.7500e+08
6.5625e+04 2.2656e+04 3.4375e+08
6.8750e+04 2.2656e+04 3.1250e+08
7.1875e+04 2.2656e+04 2.8125e+08
7.5000e+04 2.2656e+04 2.5000e+08
7.8125e+04 2.2656e+04 2.1875e+08
8.1250e+04 2.2656e+04 1.8750e+08
8.4375e+04 2.2656e+04 1.5625e+08
8.7500e+04 2.2656e+04 1.2500e+08
9.0625e+04 2.2656e+04 9.3750e+07
9.3750e+04 2.2656e+04 6.2500e+07
9.6875e+04 2.2656e+04 3.1250e+07
1.0000e+05 2.2656e+04 -2.4597e-05
0.0000e+00 2.3438e+04 1.0000e+09
3.1250e+03 2.3438e+04 9.6875e+08
6.2500e+03 2.3438e+04 9.3750e+08
9.3750e+03 2.3438e+04 9.0625e+08
1.2500e+04 2.3438e+04 8.7500e+08
1.5625e+04 2.3438e+04 8.4375e+08
1.8750e+04 2.3438e+04 8.1250e+08
2.1875e+04 2.3438e+04 7.8125e+08
2.5000e+04 2.3438e+04 7.5000e+08
2.8125e+04 2.3438e+04 7.1875e+08
3.1250e+04 2.3438e+04 6.8750e+08
3.4375e+04 2.3438e+04 6.5625e+08
3.7500e+04 2.3438e+04 6.2500e+08
4.0625e+04 2.3438e+04 5.9375e+08
4.3750e+04 2.3438e+04 5.6250e+08
4.6875e+04 2.3438e+04 5.3125e+08
5.0000e+04 2.3438e+04 5.0000e+08
5.3125e+04 2.3438e+04 4.6875e+08
5.6250e+04 2.3438e+04 4.3750e+08
5.9375e+04 2.3438e+04 4.0625e+08
6.2500e+04 2.3438e+04 3.7500e+08
6.5625e+04 2.3438e+04 3.4375e+08
6.8750e+04 2.3438e+04 3.1250e+08
7.1875e+04 2.3438e+04 2.8125e+08
7.5000e+04 2.3438e+04 2.5000e+08
7.8125e+04 2.3438e+04 2.1875e+08
8.1250e+04 2.3438e+04 1.8750e+08
8.4375e+04 2.3438e+04 1.5625e+08
8.7500e+04 2.3438e+04 1.2500e+08
9.0625e+04 2.3438e+04 9.3750e+07
9.3750e+04 2.3438e+04 6.2500e+07
9.6875e+04 2.3438e+04 3.1250e+07
1.0000e+05 2.3438e+04 4.6448e-07
0.0000e+00 2.4219e+04 1.0000e+09
3.1250e+03 2.4219e+04 9.6875e+08
6.2500e+03 2.4219e+04 9.3750e+08
9.3750e+03 2.4219e+04 9.0625e+08
1.2500e+04 2.4219e+04 8.7500e+08
1.5625e+04 2.4219e+04 8.4375e+08
1.8750e+04 2.4219e+04 8.1250e+08
2.1875e+04 2.4219e+04 7.8125e+08
2.5000e+04 2.4219e+04 7.5000e+08
2.8125e+04 2.4219e+04 7.1875e+08
3.1250e+04 2.4219e+04 6.8750e+08
3.4375e+04 2.4219e+04 6.5625e+08
3.7500e+04 2.4219e+04 6.2500e+08
4.0625e+04 2.4219e+04 5.9375e+08
4.3750e+04 2.4219e+04 5.6250e+08
4.6875e+04 2.4219e+04 5.3125e+08
5.0000e+04 2.4219e+04 5.0000e+08
5.3125e+04 2.4219e+04 4.6875e+08
5.6250e+04 2.4219e+04 4.3750e+08
5.9375e+04 2.4219e+04 4.0625e+08
6.2500e+04 2.4219e+04 3.7500e+08
6.5625e+04 2.4219e+04 3.4375e+08
6.8750e+04 2.4219e+04 3.1250e+08
7.1875e+04 2.4219e+04 2.8125e+08
7.5000e+04 2.4219e+04 2.5000e+08
7.8125e+04 2.4219e+04 2.1875e+08
8.1250e+04 2.4219e+04 1.8750e+08
8.4375e+04 2.4219e+04 1.5625e+08
8.7500e+04 2.4219e+04 1.2500e+08
9.0625e+04 2.4219e+04 9.3750e+07
9.3750e+04 2.4219e+04 6.2500e+07
9.6875e+04 2.4219e+04 3.1250e+07
1.0000e+05 2.4219e+04 -1.8175e-06
0.0000e+00 2.5000e+04 1.0000e+09
3.1250e+03 2.5000e+04 9.6875e+08
6.2500e+03 2.5000e+04 9.3750e+08
9.3750e+03 2.5000e+04 9.0625e+08
1.2500e+04 2.5000e+04 8.7500e+08
1.5625e+04 2.5000e+04 8.4375e+08
1.8750e+04 2.5000e+04 8.1250e+08
2.1875e+04 2.5000e+04 7.8125e+08
2.5000e+04 2.5000e+04 7.5000e+08
2.8125e+04 2.5000e+04 7.1875e+08
3.1250e+04 2.5000e+04 6.8750e+08
3.4375e+04 2.5000e+04 6.5625e+08
3.7500e+04 2.5000e+04 6.2500e+08
4.0625e+04 2.5000e+04 5.9375e+08
4.3750e+04 2.5000e+04 5.6250e+08
4.6875e+04 2.5000e+04 5.3125e+08
5.0000e+04 2.5000e+04 5.0000e+08
5.3125e+04 2.5000e+04 4.6875e+08
5.6250e+04 2.5000e+04 4.3750e+08
5.9375e+04 2.5000e+04 4.0625e+08
6.2500e+04 2.5000e+04 3.7500e+08
6.5625e+04 2.5000e+04 3.4375e+08
6.8750e+04 2.5000e+04 3.1250e+08
7.1875e+04 2.5000e+04 2.8125e+08
7.5000e+04 2.5000e+04 2.5000e+08
7.8125e+04 2.5000e+04 2.1875e+08
8.1250e+04 2.5000e+04 1.8750e+08
8.4375e+04 2.5000e+04 1.5625e+08
8.7500e+04 2.5000e+04 1.2500e+08
9.0625e+04 2.5000e+04 9.3750e+07
9.3750e+04 2.5000e+04 6.2500e+07
9.6875e+04 2.5000e+04 3.1250e+07
1.0000e+05 2.5000e+04 -4.0996e-06
0.0000e+00 2.5781e+04 1.0000e+09
3.1250e+03 2.5781e+04 9.6875e+08
6.2500e+03 2.5781e+04 9.3750e+08
9.3750e+03 2.5781e+04 9.0625e+08
1.2500e+04 2.5781e+04 8.7500e+08
1.5625e+04 2.5781e+04 8.4375e+08
1.8750e+04 2.5781e+04 8.1250e+08
2.1875e+04 2.5781e+04 7.8125e+08
2.5000e+04 2.5781e+04 7.5000e+08
2.8125e+04 2.5781e+04 7.1875e+08
3.1250e+04 2.5781e+04 6.8750e+08
3.4375e+04 2.5781e+04 6.5625e+08
3.7500e+04 2.5781e+04 6.2500e+08
4.0625e+04 2.5781e+04 5.9375e+08
4.3750e+04 2.5781e+04 5.6250e+08
4.6875e+04 2.5781e+04 5.3125e+08
5.0000e+04 2.5781e+04 5.0000e+08
5.3125e+04 2.5781e+04 4.6875e+08
5.6250e+04 2.5781e+04 4.3750e+08
5.9375e+04 2.5781e+04 4.0625e+08
6.2500e+04 2.5781e+04 3.7500e+08
6.5625e+04 2.5781e+04 3.4375e+08
6.8750e+04 2.5781e+04 3.1250e+08
7.1875e+04 2.5781e+04 2.8125e+08
7.5000e+04 2.5781e+04 2.5000e+08
7.8125e+04 2.5781e+04 2.1875e+08
8.1250e+04 2.5781e+04 1.8750e+08
8.4375e+04 2.5781e+04 1.5625e+08
8.7500e+04 2.5781e+04 1.2500e+08
9.0625e+04 2.5781e+04 9.3750e+07
9.3750e+04 2.5781e+04 6.2500e+07
9.6875e+04 2.5781e+04 3.1250e+07
1.0000e+05 2.5781e+04 6.2008e-05
0.0000e+00 2.6562e+04 1.0000e+09
3.1250e+03 2.6562e+04 9.6875e+08
6.2500e+03 2.6562e+04 9.3750e+08
9.3750e+03 2.6562e+04 9.0625e+08
1.2500e+04 2.6562e+04 8.7500e+08
1.5625e+04 2.6562e+04 8.4375e+08
1.8750e+04 2.6562e+04 8.1250e+08
2.1875e+04 2.6562e+04 7.8125e+08
2.5000e+04 2.6562e+04 7.5000e+08
2.8125e+04 2.6562e+04 7.1875e+08
3.1250e+04 2.6562e+04 6.8750e+08
3.4375e+04 2.6562e+04 6.5625e+08
3.7500e+04 2.6562e+04 6.2500e+08
4.0625e+04 2.6562e+04 5.9375e+08
4.3750e+04 2.6562e+04 5.6250e+08
4.6875e+04 2.6562e+04 5.3125e+08
5.0000e+04 2.6562e+04 5.0000e+08
5.3125e+04 2.6562e+04 4.6875e+08
5.6250e+04 2.6562e+04 4.3750e+08
5.9375e+04 2.6562e+04 4.0625e+08
6.2500e+04 2.6562e+04 3.7500e+08
6.5625e+04 2.6562e+04 3.4375e+08
6.8750e+04 2.6562e+04 3.1250e+08
7.1875e+04 2.6562e+04 2.8125e+08
7.5000e+04 2.6562e+04 2.5000e+08
7.8125e+04 2.6562e+04 2.1875e+08
8.1250e+04 2.6562e+04 1.8750e+08
8.4375e+04 2.6562e+04 1.5625e+08
8.7500e+04 2.6562e+04 1.2500e+08
9.0625e+04 2.6562e+04 9.3750e+07
9.3750e+04 2.6562e+04 6.2500e+07
9.6875e+04 2.6562e+04 3.1250e+07
1.0000e+05 2.6562e+04 1.2812e-04
0.0000e+00 2.7344e+04 1.0000e+09
3.1250e+03 2.7344e+04 9.6875e+08
6.2500e+03 2.7344e+04 9.3750e+08
9.3750e+03 2.7344e+04 9.0625e+08
1.2500e+04 2.7344e+04 8.7500e+08
1.5625e+04 2.7344e+04 8.4375e+08
1.8750e+04 2.7344e+04 8.1250e+08
2.1875e+04 2.7344e+04 7.8125e+08
2.5000e+04 2.7344e+04 7.5000e+08
2.8125e+04 2.7344e+04 7.1875e+08
3.1250e+04 2.7344e+04 6.8750e+08
3.4375e+04 2.7344e+04 6.5625e+08
3.7500e+04 2.7344e+04 6.2500e+08
4.0625e+04 2.7344e+04 5.9375e+08
4.3750e+04 2.7344e+04 5.6250e+08
4.6875e+04 2.7344e+04 5.3125e+08
5.0000e+04 2.7344e+04 5.0000e+08
5.3125e+04 2.7344e+04 4.6875e+08
5.6250e+04 2.7344e+04 4.3750e+08
5.9375e+04 2.7344e+04 4.0625e+08
6.2500e+04 2.7344e+04 3.7500e+08
6.5625e+04 2.7344e+04 3.4375e+08
6.8750e+04 2.7344e+04 3.1250e+08
7.1875e+04 2.7344e+04 2.8125e+08
7.5000e+04 2.7344e+04 2.5000e+08
7.8125e+04 2.7344e+04 2.1875e+08
8.1250e+04 2.7344e+04 1.8750e+08
8.4375e+04 2.7344e+04 1.5625e+08
8.7500e+04 2.7344e+04 1.2500e+08
9.0625e+04 2.7344e+04 9.3750e+07
9.3750e+04 2.7344e+04 6.2500e+07
9.6875e+04 2.7344e+04 3.1250e+07
1.0000e+05 2.7344e+04 4.7256e-05
0.0000e+00 2.8125e+04 1.0000e+09
3.1250e+03 2.8125e+04 9.6875e+08
6.2500e+03 2.8125e+04 9.3750e+08
9.3750e+03 2.8125e+04 9.0625e+08
1.2500e+04 2.8125e+04 8.7500e+08
1.5625e+04 2.8125e+04 8.4375e+08
1.8750e+04 2.8125e+04 8.1250e+08
2.1875e+04 2.8125e+04 7.8125e+08
2.5000e+04 2.8125e+04 7.5000e+08
2.8125e+04 2.8125e+04 7.1875e+08
3.1250e+04 2.8125e+04 6.8750e+08
3.4375e+04 2.8125e+04 6.5625e+08
3.7500e+04 2.8125e+04 6.2500e+08
4.0625e+04 2.8125e+04 5.9375e+08
4.3750e+04 2.8125e+04 5.6250e+08
4.6875e+04 2.8125e+04 5.3125e+08
5.0000e+04 2.8125e+04 5.0000e+08
5.3125e+04 2.8125e+04 4.6875e+08
5.6250e+04 2.8125e+04 4.3750e+08
5.9375e+04 2.8125e+04 4.0625e+08
6.2500e+04 2.8125e+04 3.7500e+08
6.5625e+04 2.8125e+04 3.4375e+08
6.8750e+04 2.8125e+04 3.1250e+08
7.1875e+04 2.8125e+04 2.8125e+08
7.5000e+04 2.8125e+04 2.5000e+08
7.8125e+04 2.8125e+04 2.1875e+08
8.1250e+04 2.8125e+04 1.8750e+08
8.4375e+04 2.8125e+04 1.5625e+08
8.7500e+04 2.8125e+04 1.2500e+08
9.0625e+04 2.8125e+04 9.3750e+07
9.3750e+04 2.8125e+04 6.2500e+07
9.6875e+04 2.8125e+04 3.1250e+07
1.0000e+05 2.8125e+04 -3.3604e-05
0.0000e+00 2.8906e+04 1.0000e+09
3.1250e+03 2.8906e+04 9.6875e+08
6.2500e+03 2.8906e+04 9.3750e+08
9.3750e+03 2.8906e+04 9.0625e+08
1.2500e+04 2.8906e+04 8.7500e+08
1.5625e+04 2.8906e+04 8.4375e+08
1.8750e+04 2.8906e+04 8.1250e+08
2.1875e+04 2.8906e+04 7.8125e+08
2.5000e+04 2.8906e+04 7.5000e+08
2.8125e+04 2.8906e+04 7.1875e+08
3.1250e+04 2.8906e+04 6.8750e+08
3.4375e+04 2.8906e+04 6.5625e+08
3.7500e+04 2.8906e+04 6.2500e+08
4.0625e+04 2.8906e+04 5.9375e+08
4.3750e+04 2.8906e+04 5.6250e+08
4.6875e+04 2.8906e+04 5.3125e+08
5.0000e+04 2.8906e+04 5.0000e+08
5.3125e+04 2.8906e+04 4.6875e+08
5.6250e+04 2.8906e+04 4.3750e+08
5.9375e+04 2.8906e+04 4.0625e+08
6.2500e+04 2.8906e+04 3.7500e+08
6.5625e+04 2.8906e+04 3.4375e+08
6.8750e+04 2.8906e+04 3.1250e+08
7.1875e+04 2.8906e+04 2.8125e+08
7.5000e+04 2.8906e+04 2.5000e+08
7.8125e+04 2.8906e+04 2.1875e+08
8.1250e+04 2.8906e+04 1.8750e+08
8.4375e+04 2.8906e+04 1.5625e+08
8.7500e+04 2.8906e+04 1.2500e+08
9.0625e+04 2.8906e+04 9.3750e+07
9.3750e+04 2.8906e+04 6.2500e+07
9.6875e+04 2.8906e+04 3.1250e+07
1.0000e+05 2.8906e+04 5.7838e-05
0.0000e+00 2.9688e+04 1.0000e+09
3.1250e+03 2.9688e+04 9.6875e+08
6.2500e+03 2.9688e+04 9.3750e+08
9.3750e+03 2.9688e+04 9.0625e+08
1.2500e+04 2.9688e+04 8.7500e+08
1.5625e+04 2.9688e+04 8.4375e+08
1.8750e+04 2.9688e+04 8.1250e+08
2.1875e+04 2.9688e+04 7.8125e+08
2.5000e+04 2.9688e+04 7.5000e+08
2.8125e+04 2.9688e+04 7.1875e+08
3.1250e+04 2.9688e+04 6.8750e+08
3.4375e+04 2.9688e+04 6.5625e+08
3.7500e+04 2.9688e+04 6.2500e+08
4.0625e+04 2.9688e+04 5.9375e+08
4.3750e+04 2.9688e+04 5.6250e+08
4.6875e+04 2.9688e+04 5.3125e+08
5.0000e+04 2.9688e+04 5.0000e+08
5.3125e+04 2.9688e+04 4.6875e+08
5.6250e+04 2.9688e+04 4.3750e+08
5.9375e+04 2.9688e+04 4.0625e+08
6.2500e+04 2.9688e+04 3.7500e+08
6.5625e+04 2.9688e+04 3.4375e+08
6.8750e+04 2.9688e+04 3.1250e+08
7.1875e+04 2.9688e+04 2.8125e+08
7.5000e+04 2.9688e+04 2.5000e+08
7.8125e+04 2.9688e+04 2.1875e+08
8.1250e+04 2.9688e+04 1.8750e+08
8.4375e+04 2.9688e+04 1.5625e+08
8.7500e+04 2.9688e+04 1.2500e+08
9.0625e+04 2.9688e+04 9.3750e+07
9.3750e+04 2.9688e+04 6.2500e+07
9.6875e+04 2.9688e+04 3.1250e+07
1.0000e+05 2.9688e+04 1.4928e-04
0.0000e+00 3.0469e+04 1.0000e+09
3.1250e+03 3.0469e+04 9.6875e+08
6.2500e+03 3.0469e+04 9.3750e+08
9.3750e+03 3.0469e+04 9.0625e+08
1.2500e+04 3.0469e+04 8.7500e+08
1.5625e+04 3.0469e+04 8.4375e+08
1.8750e+04 3.0469e+04 8.1250e+08
2.1875e+04 3.0469e+04 7.8125e+08
2.5000e+04 3.0469e+04 7.5000e+08
2.8125e+04 3.0469e+04 7.1875e+08
3.1250e+04 3.0469e+04 6.8750e+08
3.4375e+04 3.0469e+04 6.5625e+08
3.7500e+04 3.0469e+04 6.2500e+08
4.0625e+04 3.0469e+04 5.9375e+08
4.3750e+04 3.0469e+04 5.6250e+08
4.6875e+04 3.0469e+04 5.3125e+08
5.0000e+04 3.0469e+04 5.0000e+08
5.3125e+04 3.0469e+04 4.6875e+08
5.6250e+04 3.0469e+04 4.3750e+08
5.9375e+04 3.0469e+04 4.0625e+08
6.2500e+04 3.0469e+04 3.7500e+08
6.5625e+04 3.0469e+04 3.4375e+08
6.8750e+04 3.0469e+04 3.1250e+08
7.1875e+04 3.0469e+04 2.8125e+08
7.5000e+04 3.0469e+04 2.5000e+08
7.8125e+04 3.0469e+04 2.1875e+08
8.1250e+04 3.0469e+04 1.8750e+08
8.4375e+04 3.0469e+04 1.5625e+08
8.7500e+04 3.0469e+04 1.2500e+08
9.0625e+04 3.0469e+04 9.3750e+07
9.3750e+04 3.0469e+04 6.2500e+07
9.6875e+04 3.0469e+04 3.1250e+07
1.0000e+05 3.0469e+04 -6.0302e-05
0.0000e+00 3.1250e+04 1.0000e+09
3.1250e+03 3.1250e+04 9.6875e+08
6.2500e+03 3.1250e+04 9.3750e+08
9.3750e+03 3.1250e+04 9.0625e+08
1.2500e+04 3.1250e+04 8.7500e+08
1.5625e+04 3.1250e+04 8.4375e+08
1.8750e+04 3.1250e+04 8.1250e+08
2.1875e+04 3.1250e+04 7.8125e+08
2.5000e+04 3.1250e+04 7.5000e+08
2.8125e+04 3.1250e+04 7.1875e+08
3.1250e+04 3.1250e+04 6.8750e+08
3.4375e+04 3.1250e+04 6.5625e+08
3.7500e+04 3.1250e+04 6.2500e+08
4.0625e+04 3.1250e+04 5.9375e+08
4.3750e+04 3.1250e+04 5.6250e+08
4.6875e+04 3.1250e+04 5.3125e+08
5.0000e+04 3.1250e+04 5.0000e+08
5.3125e+04 3.1250e+04 4.6875e+08
5.6250e+04 3.1250e+04 4.3750e+08
5.9375e+04 3.1250e+04 4.0625e+08
6.2500e+04 3.1250e+04 3.7500e+08
6.5625e+04 3.1250e+04 3.4375e+08
6.8750e+04 3.1250e+04 3.1250e+08
7.1875e+04 3.1250e+04 2.8125e+08
7.5000e+04 3.1250e+04 2.5000e+08
7.8125e+04 3.1250e+04 2.1875e+08
8.1250e+04 3.1250e+04 1.8750e+08
8.4375e+04 3.1250e+04 1.5625e+08
8.7500e+04 3.1250e+04 1.2500e+08
9.0625e+04 3.1250e+04 9.3750e+07
9.3750e+04 3.1250e+04 6.2500e+07
9.6875e+04 3.1250e+04 3.1250e+07
1.0000e+05 3.1250e+04 -2.6988e-04
0.0000e+00 3.2031e+04 1.0000e+09
3.1250e+03 3.2031e+04 9.6875e+08
6.2500e+03 3.2031e+04 9.3750e+08
9.3750e+03 3.2031e+04 9.0625e+08
1.2500e+04 3.2031e+04 8.7500e+08
1.5625e+04 3.2031e+04 8.4375e+08
1.8750e+04 3.2031e+04 8.1250e+08
2.1875e+04 3.2031e+04 7.8125e+08
2.5000e+04 3.2031e+04 7.5000e+08
2.8125e+04 3.2031e+04 7.1875e+08
3.1250e+04 3.2031e+04 6.8750e+08
3.4375e+04 3.2031e+04 6.5625e+08
3.7500e+04 3.2031e+04 6.2500e+08
4.0625e+04 3.2031e+04 5.9375e+08
4.3750e+04 3.2031e+04 5.6250e+08
4.6875e+04 3.2031e+04 5.3125e+08
5.0000e+04 3.2031e+04 5.0000e+08
5.3125e+04 3.2031e+04 4.6875e+08
5.6250e+04 3.2031e+04 4.3750e+08
5.9375e+04 3.2031e+04 4.0625e+08
6.2500e+04 3.2031e+04 3.7500e+08
6.5625e+04 3.2031e+04 3.4375e+08
6.8750e+04 3.2031e+04 3.1250e+08
7.1875e+04 3.2031e+04 2.8125e+08
7.5000e+04 3.2031e+04 2.5000e+08
7.8125e+04 3.2031e+04 2.1875e+08
8.1250e+04 3.2031e+04 1.8750e+08
8.4375e+04 3.2031e+04 1.5625e+08
8.7500e+04 3.2031e+04 1.2500e+08
9.0625e+04 3.2031e+04 9.3750e+07
9.3750e+04 3.2031e+04 6.2500e+07
9.6875e+04 3.2031e+04 3.1250e+07
1.0000e+05 3.2031e+04 -1.2997e-04
0.0000e+00 3.2812e+04 1.0000e+09
3.1250e+03 3.2812e+04 9.6875e+08
6.2500e+03 3.2812e+04 9.3750e+08
9.3750e+03 3.2812e+04 9.0625e+08
1.2500e+04 3.2812e+04 8.7500e+08
1.5625e+04 3.2812e+04 8.4375e+08
1.8750e+04 3.2812e+04 8.1250e+08
2.1875e+04 3.2812e+04 7.8125e+08
2.5000e+04 3.2812e+04 7.5000e+08
2.8125e+04 3.2812e+04 7.1875e+08
3.1250e+04 3.2812e+04 6.8750e+08
3.4375e+04 3.2812e+04 6.5625e+08
3.7500e+04 3.2812e+04 6.2500e+08
4.0625e+04 3.2812e+04 5.9375e+08
4.3750e+04 3.2812e+04 5.6250e+08
4.6875e+04 3.2812e+04 5.3125e+08
5.0000e+04 3.2812e+04 5.0000e+08
5.3125e+04 3.2812e+04 4.6875e+08
5.6250e+04 3.2812e+04 4.3750e+08
5.9375e+04 3.2812e+04 4.0625e+08
6.2500e+04 3.2812e+04 3.7500e+08
6.5625e+04 3.2812e+04 3.4375e+08
6.8750e+04 3.2812e+04 3.1250e+08
7.1875e+04 3.2812e+04 2.8125e+08
7.5000e+04 3.2812e+04 2.5000e+08
7.8125e+04 3.2812e+04 2.1875e+08
8.1250e+04 3.2812e+04 1.8750e+08
8.4375e+04 3.2812e+04 1.5625e+08
8.7500e+04 3.2812e+04 1.2500e+08
9.0625e+04 3.2812e+04 9.3750e+07
9.3750e+04 3.2812e+04 6.2500e+07
9.6875e+04 3.2812e+04 3.1250e+07
1.0000e+05 3.2812e+04 9.9359e-06
0.0000e+00 3.3594e+04 1.0000e+09
3.1250e+03 3.3594e+04 9.6875e+08
6.2500e+03 3.3594e+04 9.3750e+08
9.3750e+03 3.3594e+04 9.0625e+08
1.2500e+04 3.3594e+04 8.7500e+08
1.5625e+04 3.3594e+04 8.4375e+08
1.8750e+04 3.3594e+04 8.1250e+08
2.1875e+04 3.3594e+04 7.8125e+08
2.5000e+04 3.3594e+04 7.5000e+08
2.8125e+04 3.3594e+04 7.1875e+08
3.1250e+04 3.3594e+04 6.8750e+08
3.4375e+04 3.3594e+04 6.5625e+08
3.7500e+04 3.3594e+04 6.2500e+08
4.0625e+04 3.3594e+04 5.9375e+08
4.3750e+04 3.3594e+04 5.6250e+08
4.6875e+04 3.3594e+04 5.3125e+08
5.0000e+04 3.3594e+04 5.0000e+08
5.3125e+04 3.3594e+04 4.6875e+08
5.6250e+04 3.3594e+04 4.3750e+08
5.9375e+04 3.3594e+04 4.0625e+08
6.2500e+04 3.3594e+04 3.7500e+08
6.5625e+04 3.3594e+04 3.4375e+08
6.8750e+04 3.3594e+04 3.1250e+08
7.1875e+04 3.3594e+04 2.8125e+08
7.5000e+04 3.3594e+04 2.5000e+08
7.8125e+04 3.3594e+04 2.1875e+08
8.1250e+04 3.3594e+04 1.8750e+08
8.4375e+04 3.3594e+04 1.5625e+08
8.7500e+04 3.3594e+04 1.2500e+08
9.0625e+04 3.3594e+04 9.3750e+07
9.3750e+04 3.3594e+04 6.2500e+07
9.6875e+04 3.3594e+04 3.1250e+07
1.0000e+05 3.3594e+04 9.8716e-05
0.0000e+00 3.4375e+04 1.0000e+09
3.1250e+03 3.4375e+04 9.6875e+08
6.2500e+03 3.4375e+04 9.3750e+08
9.3750e+03 3.4375e+04 9.0625e+08
1.2500e+04 3.4375e+04 8.7500e+08
1.5625e+04 3.4375e+04 8.4375e+08
1.8750e+04 3.4375e+04 8.1250e+08
2.1875e+04 3.4375e+04 7.8125e+08
2.5000e+04 3.4375e+04 7.5000e+08
2.8125e+04 3.4375e+04 7.1875e+08
3.1250e+04 3.4375e+04 6.8750e+08
3.4375e+04 3.4375e+04 6.5625e+08
3.7500e+04 3.4375e+04 6.2500e+08
4.0625e+04 3.4375e+04 5.9375e+08
4.3750e+04 3.4375e+04 5.6250e+08
4.6875e+04 3.4375e+04 5.3125e+08
5.0000e+04 3.4375e+04 5.0000e+08
5.3125e+04 3.4375e+04 4.6875e+08
5.6250e+04 3.4375e+04 4.3750e+08
5.9375e+04 3.4375e+04 4.0625e+08
6.2500e+04 3.4375e+04 3.7500e+08
6.5625e+04 3.4375e+04 3.4375e+08
6.8750e+04 3.4375e+04 3.1250e+08
7.1875e+04 3.4375e+04 2.8125e+08
7.5000e+04 3.4375e+04 2.5000e+08
7.8125e+04 3.4375e+04 2.1875e+08
8.1250e+04 3.4375e+04 1.8750e+08
8.4375e+04 3.4375e+04 1.5625e+08
8.7500e+04 3.4375e+04 1.2500e+08
9.0625e+04 3.4375e+04 9.3750e+07
9.3750e+04 3.4375e+04 6.2500e+07
9.6875e+04 3.4375e+04 3.1250e+07
1.0000e+05 3.4375e+04 1.8750e-04
0.0000e+00 3.5156e+04 1.0000e+09
3.1250e+03 3.5156e+04 9.6875e+08
6.2500e+03 3.5156e+04 9.3750e+08
9.3750e+03 3.5156e+04 9.0625e+08
1.2500e+04 3.5156e+04 8.7500e+08
1.5625e+04 3.5156e+04 8.4375e+08
1.8750e+04 3.5156e+04 8.1250e+08
2.1875e+04 3.5156e+04 7.8125e+08
2.5000e+04 3.5156e+04 7.5000e+08
2.8125e+04 3.5156e+04 7.1875e+08
3.1250e+04 3.5156e+04 6.8750e+08
3.4375e+04 3.5156e+04 6.5625e+08
3.7500e+04 3.5156e+04 6.2500e+08
4.0625e+04 3.5156e+04 5.9375e+08
4.3750e+04 3.5156e+04 5.6250e+08
4.6875e+04 3.5156e+04 5.3125e+08
5.0000e+04 3.5156e+04 5.0000e+08
5.3125e+04 3.5156e+04 4.6875e+08
5.6250e+04 3.5156e+04 4.3750e+08
5.9375e+04 3.5156e+04 4.0625e+08
6.2500e+04 3.5156e+04 3.7500e+08
6.5625e+04 3.5156e+04 3.4375e+08
6.8750e+04 3.5156e+04 3.1250e+08
7.1875e+04 3.5156e+04 2.8125e+08
7.5000e+04 3.5156e+04 2.5000e+08
7.8125e+04 3.5156e+04 2.1875e+08
8.1250e+04 3.5156e+04 1.8750e+08
8.4375e+04 3.5156e+04 1.5625e+08
8.7500e+04 3.5156e+04 1.2500e+08
9.0625e+04 3.5156e+04 9.3750e+07
9.3750e+04 3.5156e+04 6.2500e+07
9.6875e+04 3.5156e+04 3.1250e+07
1.0000e+05 3.5156e+04 -6.3685e-06
0.0000e+00 3.5938e+04 1.0000e+09
3.1250e+03 3.5938e+04 9.6875e+08
6.2500e+03 3.5938e+04 9.3750e+08
9.3750e+03 3.5938e+04 9.0625e+08
1.2500e+04 3.5938e+04 8.7500e+08
1.5625e+04 3.5938e+04 8.4375e+08
1.8750e+04 3.5938e+04 8.1250e+08
2.1875e+04 3.5938e+04 7.8125e+08
2.5000e+04 3.5938e+04 7.5000e+08
2.8125e+04 3.5938e+04 7.1875e+08
3.1250e+04 3.5938e+04 6.8750e+08
3.4375e+04 3.5938e+04 6.5625e+08
3.7500e+04 3.5938e+04 6.2500e+08
4.0625e+04 3.5938e+04 5.9375e+08
4.3750e+04 3.5938e+04 5.6250e+08
4.6875e+04 3.5938e+04 5.3125e+08
5.0000e+04 3.5938e+04 5.0000e+08
5.3125e+04 3.5938e+04 4.6875e+08
5.6250e+04 3.5938e+04 4.3750e+08
5.9375e+04 3.5938e+04 4.0625e+08
6.2500e+04 3.5938e+04 3.7500e+08
6.5625e+04 3.5938e+04 3.4375e+08
6.8750e+04 3.5938e+04 3.1250e+08
7.1875e+04 3.5938e+04 2.8125e+08
7.5000e+04 3.5938e+04 2.5000e+08
7.8125e+04 3.5938e+04 2.1875e+08
8.1250e+04 3.5938e+04 1.8750e+08
8.4375e+04 3.5938e+04 1.5625e+08
8.7500e+04 3.5938e+04 1.2500e+08
9.0625e+04 3.5938e+04 9.3750e+07
9.3750e+04 3.5938e+04 6.2500e+07
9.6875e+04 3.5938e+04 3.1250e+07
1.0000e+05 3.5938e+04 -2.0023e-04
0.0000e+00 3.6719e+04 1.0000e+09
3.1250e+03 3.6719e+04 9.6875e+08
6.2500e+03 3.6719e+04 9.3750e+08
9.3750e+03 3.6719e+04 9.0625e+08
1.2500e+04 3.6719e+04 8.7500e+08
1.5625e+04 3.6719e+04 8.4375e+08
1.8750e+04 3.6719e+04 8.1250e+08
2.1875e+04 3.6719e+04 7.8125e+08
2.5000e+04 3.6719e+04 7.5000e+08
2.8125e+04 3.6719e+04 7.1875e+08
3.1250e+04 3.6719e+04 6.8750e+08
3.4375e+04 3.6719e+04 6.5625e+08
3.7500e+04 3.6719e+04 6.2500e+08
4.0625e+04 3.6719e+04 5.9375e+08
4.3750e+04 3.6719e+04 5.6250e+08
4.6875e+04 3.6719e+04 5.3125e+08
5.0000e+04 3.6719e+04 5.0000e+08
5.3125e+04 3.6719e+04 4.6875e+08
5.6250e+04 3.6719e+04 4.3750e+08
5.9375e+04 3.6719e+04 4.0625e+08
6.2500e+04 3.6719e+04 3.7500e+08
6.5625e+04 3.6719e+04 3.4375e+08
6.8750e+04 3.6719e+04 3.1250e+08
7.1875e+04 3.6719e+04 2.8125e+08
7.5000e+04 3.6719e+04 2.5000e+08
7.8125e+04 3.6719e+04 2.1875e+08
8.1250e+04 3.6719e+04 1.8750e+08
8.4375e+04 3.6719e+04 1.5625e+08
8.7500e+04 3.6719e+04 1.2500e+08
9.0625e+04 3.6719e+04 9.3750e+07
9.3750e+04 3.6719e+04 6.2500e+07
9.6875e+04 3.6719e+04 3.1250e+07
1.0000e+05 3.6719e+04 -2.2528e-05
0.0000e+00 3.7500e+04 1.0000e+09
3.1250e+03 3.7500e+04 9.6875e+08
6.2500e+03 3.7500e+04 9.3750e+08
9.3750e+03 3.7500e+04 9.0625e+08
1.2500e+04 3.7500e+04 8.7500e+08
1.5625e+04 3.7500e+04 8.4375e+08
1.8750e+04 3.7500e+04 8.1250e+08
2.1875e+04 3.7500e+04 7.8125e+08
2.5000e+04 3.7500e+04 7.5000e+08
2.8125e+04 3.7500e+04 7.1875e+08
3.1250e+04 3.7500e+04 6.8750e+08
3.4375e+04 3.7500e+04 6.5625e+08
3.7500e+04 3.7500e+04 6.2500e+08
4.0625e+04 3.7500e+04 5.9375e+08
4.3750e+04 3.7500e+04 5.6250e+08
4.6875e+04 3.7500e+04 5.3125e+08
5.0000e+04 3.7500e+04 5.0000e+08
5.3125e+04 3.7500e+04 4.6875e+08
5.6250e+04 3.7500e+04 4.3750e+08
5.9375e+04 3.7500e+04 4.0625e+08
6.2500e+04 3.7500e+04 3.7500e+08
6.5625e+04 3.7500e+04 3.4375e+08
6.8750e+04 3.7500e+04 3.1250e+08
7.1875e+04 3.7500e+04 2.8125e+08
7.5000e+04 3.7500e+04 2.5000e+08
7.8125e+04 3.7500e+04 2.1875e+08
8.1250e+04 3.7500e+04 1.8750e+08
8.4375e+04 3.7500e+04 1.5625e+08
8.7500e+04 3.7500e+04 1.2500e+08
9.0625e+04 3.7500e+04 9.3750e+07
9.3750e+04 3.7500e+04 6.2500e+07
9.6875e+04 3.7500e+04 3.1250e+07
1.0000e+05 3.7500e+04 1.5518e-04
0.0000e+00 3.8281e+04 1.0000e+09
3.1250e+03 3.8281e+04 9.6875e+08
6.2500e+03 3.8281e+04 9.3750e+08
9.3750e+03 3.8281e+04 9.0625e+08
1.2500e+04 3.8281e+04 8.7500e+08
1.5625e+04 3.8281e+04 8.4375e+08
1.8750e+04 3.8281e+04 8.1250e+08
2.1875e+04 3.8281e+04 7.8125e+08
2.5000e+04 3.8281e+04 7.5000e+08
2.8125e+04 3.8281e+04 7.1875e+08
3.1250e+04 3.8281e+04 6.8750e+08
3.4375e+04 3.8281e+04 6.5625e+08
3.7500e+04 3.8281e+04 6.2500e+08
4.0625e+04 3.8281e+04 5.9375e+08
4.3750e+04 3.8281e+04 5.6250e+08
4.6875e+04 3.8281e+04 5.3125e+08
5.0000e+04 3.8281e+04 5.0000e+08
5.3125e+04 3.8281e+04 4.6875e+08
5.6250e+04 3.8281e+04 4.3750e+08
5.9375e+04 3.8281e+04 4.0625e+08
6.2500e+04 3.8281e+04 3.7500e+08
6.5625e+04 3.8281e+04 3.4375e+08
6.8750e+04 3.8281e+04 3.1250e+08
7.1875e+04 3.8281e+04 2.8125e+08
7.5000e+04 3.8281e+04 2.5000e+08
7.8125e+04 3.8281e+04 2.1875e+08
8.1250e+04 3.8281e+04 1.8750e+08
8.4375e+04 3.8281e+04 1.5625e+08
8.7500e+04 3.8281e+04 1.2500e+08
9.0625e+04 3.8281e+04 9.3750e+07
9.3750e+04 3.8281e+04 6.2500e+07
9.6875e+04 3.8281e+04 3.1250e+07
1.0000e+05 3.8281e+04 7.4960e-05
0.0000e+00 3.9062e+04 1.0000e+09
3.1250e+03 3.9062e+04 9.6875e+08
6.2500e+03 3.9062e+04 9.3750e+08
9.3750e+03 3.9062e+04 9.0625e+08
1.2500e+04 3.9062e+04 8.7500e+08
1.5625e+04 3.9062e+04 8.4375e+08
1.8750e+04 3.9062e+04 8.1250e+08
2.1875e+04 3.9062e+04 7.8125e+08
2.5000e+04 3.9062e+04 7.5000e+08
2.8125e+04 3.9062e+04 7.1875e+08
3.1250e+04 3.9062e+04 6.8750e+08
3.4375e+04 3.9062e+04 6.5625e+08
3.7500e+04 3.9062e+04 6.2500e+08
4.0625e+04 3.9062e+04 5.9375e+08
4.3750e+04 3.9062e+04 5.6250e+08
4.6875e+04 3.9062e+04 5.3125e+08
5.0000e+04 3.9062e+04 5.0000e+08
5.3125e+04 3.9062e+04 4.6875e+08
5.6250e+04 3.9062e+04 4.3750e+08
5.9375e+04 3.9062e+04 4.0625e+08
6.2500e+04 3.9062e+04 3.7500e+08
6.5625e+04 3.9062e+04 3.4375e+08
6.8750e+04 3.9062e+04 3.1250e+08
7.1875e+04 3.9062e+04 2.8125e+08
7.5000e+04 3.9062e+04 2.5000e+08
7.8125e+04 3.9062e+04 2.1875e+08
8.1250e+04 3.9062e+04 1.8750e+08
8.4375e+04 3.9062e+04 1.5625e+08
8.7500e+04 3.9062e+04 1.2500e+08
9.0625e+04 3.9062e+04 9.3750e+07
9.3750e+04 3.9062e+04 6.2500e+07
9.6875e+04 3.9062e+04 3.1250e+07
1.0000e+05 3.9062e+04 -5.2580e-06
0.0000e+00 3.9844e+04 1.0000e+09
3.1250e+03 3.9844e+04 9.6875e+08
6.2500e+03 3.9844e+04 9.3750e+08
9.3750e+03 3.9844e+04 9.0625e+08
1.2500e+04 3.9844e+04 8.7500e+08
1.5625e+04 3.9844e+04 8.4375e+08
1.8750e+04 3.9844e+04 8.1250e+08
2.1875e+04 3.9844e+04 7.8125e+08
2.5000e+04 3.9844e+04 7.5000e+08
2.8125e+04 3.9844e+04 7.1875e+08
3.1250e+04 3.9844e+04 6.8750e+08
3.4375e+04 3.9844e+04 6.5625e+08
3.7500e+04 3.9844e+04 6.2500e+08
4.0625e+04 3.9844e+04 5.9375e+08
4.3750e+04 3.9844e+04 5.6250e+08
4.6875e+04 3.9844e+04 5.3125e+08
5.0000e+04 3.9844e+04 5.0000e+08
5.3125e+04 3.9844e+04 4.6875e+08
5.6250e+04 3.9844e+04 4.3750e+08
5.9375e+04 3.9844e+04 4.0625e+08
6.2500e+04 3.9844e+04 3.7500e+08
6.5625e+04 3.9844e+04 3.4375e+08
6.8750e+04 3.9844e+04 3.1250e+08
7.1875e+04 3.9844e+04 2.8125e+08
7.5000e+04 3.9844e+04 2.5000e+08
7.8125e+04 3.9844e+04 2.1875e+08
8.1250e+04 3.9844e+04 1.8750e+08
8.4375e+04 3.9844e+04 1.5625e+08
8.7500e+04 3.9844e+04 1.2500e+08
9.0625e+04 3.9844e+04 9.3750e+07
9.3750e+04 3.9844e+04 6.2500e+07
9.6875e+04 3.9844e+04 3.1250e+07
1.0000e+05 3.9844e+04 -1.4636e-05
0.0000e+00 4.0625e+04 1.0000e+09
3.1250e+03 4.0625e+04 9.6875e+08
6.2500e+03 4.0625e+04 9.3750e+08
9.3750e+03 4.0625e+04 9.0625e+08
1.2500e+04 4.0625e+04 8.7500e+08
1.5625e+04 4.0625e+04 8.4375e+08
1.8750e+04 4.0625e+04 8.1250e+08
2.1875e+04 4.0625e+04 7.8125e+08
2.5000e+04 4.0625e+04 7.5000e+08
2.8125e+04 4.0625e+04 7.1875e+08
3.1250e+04 4.0625e+04 6.8750e+08
3.4375e+04 4.0625e+04 6.5625e+08
3.7500e+04 4.0625e+04 6.2500e+08
4.0625e+04 4.0625e+04 5.9375e+08
4.3750e+04 4.0625e+04 5.6250e+08
4.6875e+04 4.0625e+04 5.3125e+08
5.0000e+04 4.0625e+04 5.0000e+08
5.3125e+04 4.0625e+04 4.6875e+08
5.6250e+04 4.0625e+04 4.3750e+08
5.9375e+04 4.0625e+04 4.0625e+08
6.2500e+04 4.0625e+04 3.7500e+08
6.5625e+04 4.0625e+04 3.4375e+08
6.8750e+04 4.0625e+04 3.1250e+08
7.1875e+04 4.0625e+04 2.8125e+08
7.5000e+04 4.0625e+04 2.5000e+08
7.8125e+04 4.0625e+04 2.1875e+08
8.1250e+04 4.0625e+04 1.8750e+08
8.4375e+04 4.0625e+04 1.5625e+08
8.7500e+04 4.0625e+04 1.2500e+08
9.0625e+04 4.0625e+04 9.3750e+07
9.3750e+04 4.0625e+04 6.2500e+07
9.6875e+04 4.0625e+04 3.1250e+07
1.0000e+05 4.0625e+04 -2.4014e-05
0.0000e+00 4.1406e+04 1.0000e+09
3.1250e+03 4.1406e+04 9.6875e+08
6.2500e+03 4.1406e+04 9.3750e+08
9.3750e+03 4.1406e+04 9.0625e+08
1.2500e+04 4.1406e+04 8.7500e+08
1.5625e+04 4.1406e+04 8.4375e+08
1.8750e+04 4.1406e+04 8.1250e+08
2.1875e+04 4.1406e+04 7.8125e+08
2.5000e+04 4.1406e+04 7.5000e+08
2.8125e+04 4.1406e+04 7.1875e+08
3.1250e+04 4.1406e+04 6.8750e+08
3.4375e+04 4.1406e+04 6.5625e+08
3.7500e+04 4.1406e+04 6.2500e+08
4.0625e+04 4.1406e+04 5.9375e+08
4.3750e+04 4.1406e+04 5.6250e+08
4.6875e+04 4.1406e+04 5.3125e+08
5.0000e+04 4.1406e+04 5.0000e+08
5.3125e+04 4.1406e+04 4.6875e+08
5.6250e+04 4.1406e+04 4.3750e+08
5.9375e+04 4.1406e+04 4.0625e+08
6.2500e+04 4.1406e+04 3.7500e+08
6.5625e+04 4.1406e+04 3.4375e+08
6.8750e+04 4.1406e+04 3.1250e+08
7.1875e+04 4.1406e+04 2.8125e+08
7.5000e+04 4.1406e+04 2.5000e+08
7.8125e+04 4.1406e+04 2.1875e+08
8.1250e+04 4.1406e+04 1.8750e+08
8.4375e+04 4.1406e+04 1.5625e+08
8.7500e+04 4.1406e+04 1.2500e+08
9.0625e+04 4.1406e+04 9.3750e+07
9.3750e+04 4.1406e+04 6.2500e+07
9.6875e+04 4.1406e+04 3.1250e+07
1.0000e+05 4.1406e+04 -8.5285e-06
0.0000e+00 4.2188e+04 1.0000e+09
3.1250e+03 4.2188e+04 9.6875e+08
6.2500e+03 4.2188e+04 9.3750e+08
9.3750e+03 4.2188e+04 9.0625e+08
1.2500e+04 4.2188e+04 8.7500e+08
1.5625e+04 4.2188e+04 8.4375e+08
1.8750e+04 4.2188e+04 8.1250e+08
2.1875e+04 4.2188e+04 7.8125e+08
2.5000e+04 4.2188e+04 7.5000e+08
2.8125e+04 4.2188e+04 7.1875e+08
3.1250e+04 4.2188e+04 6.8750e+08
3.4375e+04 4.2188e+04 6.5625e+08
3.7500e+04 4.2188e+04 6.2500e+08
4.0625e+04 4.2188e+04 5.9375e+08
4.3750e+04 4.2188e+04 5.6250e+08
4.6875e+04 4.2188e+04 5.3125e+08
5.0000e+04 4.2188e+04 5.0000e+08
5.3125e+04 4.2188e+04 4.6875e+08
5.6250e+04 4.2188e+04 4.3750e+08
5.9375e+04 4.2188e+04 4.0625e+08
6.2500e+04 4.2188e+04 3.7500e+08
6.5625e+04 4.2188e+04 3.4375e+08
6.8750e+04 4.2188e+04 3.1250e+08
7.1875e+04 4.2188e+04 2.8125e+08
7.5000e+04 4.2188e+04 2.5000e+08
7.8125e+04 4.2188e+04 2.1875e+08
8.1250e+04 4.2188e+04 1.8750e+08
8.4375e+04 4.2188e+04 1.5625e+08
8.7500e+04 4.2188e+04 1.2500e+08
9.0625e+04 4.2188e+04 9.3750e+07
9.3750e+04 4.2188e+04 6.2500e+07
9.6875e+04 4.2188e+04 3.1250e+07
1.0000e+05 4.2188e+04 6.9572e-06
0.0000e+00 4.2969e+04 1.0000e+09
3.1250e+03 4.2969e+04 9.6875e+08
6.2500e+03 4.2969e+04 9.3750e+08
9.3750e+03 4.2969e+04 9.0625e+08
1.2500e+04 4.2969e+04 8.7500e+08
1.5625e+04 4.2969e+04 8.4375e+08
1.8750e+04 4.2969e+04 8.1250e+08
2.1875e+04 4.2969e+04 7.8125e+08
2.5000e+04 4.2969e+04 7.5000e+08
2.8125e+04 4.2969e+04 7.1875e+08
3.1250e+04 4.2969e+04 6.8750e+08
3.4375e+04 4.2969e+04 6.5625e+08
3.7500e+04 4.2969e+04 6.2500e+08
4.0625e+04 4.2969e+04 5.9375e+08
4.3750e+04 4.2969e+04 5.6250e+08
4.6875e+04 4.2969e+04 5.3125e+08
5.0000e+04 4.2969e+04 5.0000e+08
5.3125e+04 4.2969e+04 4.6875e+08
5.6250e+04 4.2969e+04 4.3750e+08
5.9375e+04 4.2969e+04 4.0625e+08
6.2500e+04 4.2969e+04 3.7500e+08
6.5625e+04 4.2969e+04 3.4375e+08
6.8750e+04 4.2969e+04 3.1250e+08
7.1875e+04 4.2969e+04 2.8125e+08
7.5000e+04 4.2969e+04 2.5000e+08
7.8125e+04 4.2969e+04 2.1875e+08
8.1250e+04 4.2969e+04 1.8750e+08
8.4375e+04 4.2969e+04 1.5625e+08
8.7500e+04 4.2969e+04 1.2500e+08
9.0625e+04 4.2969e+04 9.3750e+07
9.3750e+04 4.2969e+04 6.2500e+07
9.6875e+04 4.2969e+04 3.1250e+07
1.0000e+05 4.2969e+04 5.3649e-07
0.0000e+00 4.3750e+04 1.0000e+09
3.1250e+03 4.3750e+04 9.6875e+08
6.2500e+03 4.3750e+04 9.3750e+08
9.3750e+03 4.3750e+04 9.0625e+08
1.2500e+04 4.3750e+04 8.7500e+08
1.5625e+04 4.3750e+04 8.4375e+08
1.8750e+04 4.3750e+04 8.1250e+08
2.1875e+04 4.3750e+04 7.8125e+08
2.5000e+04 4.3750e+04 7.5000e+08
2.8125e+04 4.3750e+04 7.1875e+08
3.1250e+04 4.3750e+04 6.8750e+08
3.4375e+04 4.3750e+04 6.5625e+08
3.7500e+04 4.3750e+04 6.2500e+08
4.0625e+04 4.3750e+04 5.9375e+08
4.3750e+04 4.3750e+04 5.6250e+08
4.6875e+04 4.3750e+04 5.3125e+08
5.0000e+04 4.3750e+04 5.0000e+08
5.3125e+04 4.3750e+04 4.6875e+08
5.6250e+04 4.3750e+04 4.3750e+08
5.9375e+04 4.3750e+04 4.0625e+08
6.2500e+04 4.3750e+04 3.7500e+08
6.5625e+04 4.3750e+04 3.4375e+08
6.8750e+04 4.3750e+04 3.1250e+08
7.1875e+04 4.3750e+04 2.8125e+08
7.5000e+04 4.3750e+04 2.5000e+08
7.8125e+04 4.3750e+04 2.1875e+08
8.1250e+04 4.3750e+04 1.8750e+08
8.4375e+04 4.3750e+04 1.5625e+08
8.7500e+04 4.3750e+04 1.2500e+08
9.0625e+04 4.3750e+04 9.3750e+07
9.3750e+04 4.3750e+04 6.2500e+07
9.6875e+04 4.3750e+04 3.1250e+07
1.0000e+05 4.3750e+04 -5.8842e-06
0.0000e+00 4.4531e+04 1.0000e+09
3.1250e+03 4.4531e+04 9.6875e+08
6.2500e+03 4.4531e+04 9.3750e+08
9.3750e+03 4.4531e+04 9.0625e+08
1.2500e+04 4.4531e+04 8.7500e+08
1.5625e+04 4.4531e+04 8.4375e+08
1.8750e+04 4.4531e+04 8.1250e+08
2.1875e+04 4.4531e+04 7.8125e+08
2.5000e+04 4.4531e+04 7.5000e+08
2.8125e+04 4.4531e+04 7.1875e+08
3.1250e+04 4.4531e+04 6.8750e+08
3.4375e+04 4.4531e+04 6.5625e+08
3.7500e+04 4.4531e+04 6.2500e+08
4.0625e+04 4.4531e+04 5.9375e+08
4.3750e+04 4.4531e+04 5.6250e+08
4.6875e+04 4.4531e+04 5.3125e+08
5.0000e+04 4.4531e+04 5.0000e+08
5.3125e+04 4.4531e+04 4.6875e+08
5.6250e+04 4.4531e+04 4.3750e+08
5.9375e+04 4.4531e+04 4.0625e+08
6.2500e+04 4.4531e+04 3.7500e+08
6.5625e+04 4.4531e+04 3.4375e+08
6.8750e+04 4.4531e+04 3.1250e+08
7.1875e+04 4.4531e+04 2.8125e+08
7.5000e+04 4.4531e+04 2.5000e+08
7.8125e+04 4.4531e+04 2.1875e+08
8.1250e+04 4.4531e+04 1.8750e+08
8.4375e+04 4.4531e+04 1.5625e+08
8.7500e+04 4.4531e+04 1.2500e+08
9.0625e+04 4.4531e+04 9.3750e+07
9.3750e+04 4.4531e+04 6.2500e+07
9.6875e+04 4.4531e+04 3.1250e+07
1.0000e+05 4.4531e+04 2.5181e-05
0.0000e+00 4.5312e+04 1.0000e+09
3.1250e+03 4.5312e+04 9.6875e+08
6.2500e+03 4.5312e+04 9.3750e+08
9.3750e+03 4.5312e+04 9.0625e+08
1.2500e+04 4.5312e+04 8.7500e+08
1.5625e+04 4.5312e+04 8.4375e+08
1.8750e+04 4.5312e+04 8.1250e+08
2.1875e+04 4.5312e+04 7.8125e+08
2.5000e+04 4.5312e+04 7.5000e+08
2.8125e+04 4.5312e+04 7.1875e+08
3.1250e+04 4.5312e+04 6.8750e+08
3.4375e+04 4.5312e+04 6.5625e+08
3.7500e+04 4.5312e+04 6.2500e+08
4.0625e+04 4.5312e+04 5.9375e+08
4.3750e+04 4.5312e+04 5.6250e+08
4.6875e+04 4.5312e+04 5.3125e+08
5.0000e+04 4.5312e+04 5.0000e+08
5.3125e+04 4.5312e+04 4.6875e+08
5.6250e+04 4.5312e+04 4.3750e+08
5.9375e+04 4.5312e+04 4.0625e+08
6.2500e+04 4.5312e+04 3.7500e+08
6.5625e+04 4.5312e+04 3.4375e+08
6.8750e+04 4.5312e+04 3.1250e+08
7.1875e+04 4.5312e+04 2.8125e+08
7.5000e+04 4.5312e+04 2.5000e+08
7.8125e+04 4.5312e+04 2.1875e+08
8.1250e+04 4.5312e+04 1.8750e+08
8.4375e+04 4.5312e+04 1.5625e+08
8.7500e+04 4.5312e+04 1.2500e+08
9.0625e+04 4.5312e+04 9.3750e+07
9.3750e+04 4.5312e+04 6.2500e+07
9.6875e+04 4.5312e+04 3.1250e+07
1.0000e+05 4.5312e+04 5.6246e-05
0.0000e+00 4.6094e+04 1.0000e+09
3.1250e+03 4.6094e+04 9.6875e+08
6.2500e+03 4.6094e+04 9.3750e+08
9.3750e+03 4.6094e+04 9.0625e+08
1.2500e+04 4.6094e+04 8.7500e+08
1.5625e+04 4.6094e+04 8.4375e+08
1.8750e+04 4.6094e+04 8.1250e+08
2.1875e+04 4.6094e+04 7.8125e+08
2.5000e+04 4.6094e+04 7.5000e+08
2.8125e+04 4.6094e+04 7.1875e+08
3.1250e+04 4.6094e+04 6.8750e+08
3.4375e+04 4.6094e+04 6.5625e+08
3.7500e+04 4.6094e+04 6.2500e+08
4.0625e+04 4.6094e+04 5.9375e+08
4.3750e+04 4.6094e+04 5.6250e+08
4.6875e+04 4.6094e+04 5.3125e+08
5.0000e+04 4.6094e+04 5.0000e+08
5.3125e+04 4.6094e+04 4.6875e+08
5.6250e+04 4.6094e+04 4.3750e+08
5.9375e+04 4.6094e+04 4.0625e+08
6.2500e+04 4.6094e+04 3.7500e+08
6.5625e+04 4.6094e+04 3.4375e+08
6.8750e+04 4.6094e+04 3.1250e+08
7.1875e+04 4.6094e+04 2.8125e+08
7.5000e+04 4.6094e+04 2.5000e+08
7.8125e+04 4.6094e+04 2.1875e+08
8.1250e+04 4.6094e+04 1.8750e+08
8.4375e+04 4.6094e+04 1.5625e+08
8.7500e+04 4.6094e+04 1.2500e+08
9.0625e+04 4.6094e+04 9.3750e+07
9.3750e+04 4.6094e+04 6.2500e+07
9.6875e+04 4.6094e+04 3.1250e+07
1.0000e+05 4.6094e+04 2.9415e-05
0.0000e+00 4.6875e+04 1.0000e+09
3.1250e+03 4.6875e+04 9.6875e+08
6.2500e+03 4.6875e+04 9.3750e+08
9.3750e+03 4.6875e+04 9.0625e+08
1.2500e+04 4.6875e+04 8.7500e+08
1.5625e+04 4.6875e+04 8.4375e+08
1.8750e+04 4.6875e+04 8.1250e+08
2.1875e+04 4.6875e+04 7.8125e+08
2.5000e+04 4.6875e+04 7.5000e+08
2.8125e+04 4.6875e+04 7.1875e+08
3.1250e+04 4.6875e+04 6.8750e+08
3.4375e+04 4.6875e+04 6.5625e+08
3.7500e+04 4.6875e+04 6.2500e+08
4.0625e+04 4.6875e+04 5.9375e+08
4.3750e+04 4.6875e+04 5.6250e+08
4.6875e+04 4.6875e+04 5.3125e+08
5.0000e+04 4.6875e+04 5.0000e+08
5.3125e+04 4.6875e+04 4.6875e+08
5.6250e+04 4.6875e+04 4.3750e+08
5.9375e+04 4.6875e+04 4.0625e+08
6.2500e+04 4.6875e+04 3.7500e+08
6.5625e+04 4.6875e+04 3.4375e+08
6.8750e+04 4.6875e+04 3.1250e+08
7.1875e+04 4.6875e+04 2.8125e+08
7.5000e+04 4.6875e+04 2.5000e+08
7.8125e+04 4.6875e+04 2.1875e+08
8.1250e+04 4.6875e+04 1.8750e+08
8.4375e+04 4.6875e+04 1.5625e+08
8.7500e+04 4.6875e+04 1.2500e+08
9.0625e+04 4.6875e+04 9.3750e+07
9.3750e+04 4.6875e+04 6.2500e+07
9.6875e+04 4.6875e+04 3.1250e+07
1.0000e+05 4.6875e+04 2.5849e-06
0.0000e+00 4.7656e+04 1.0000e+09
3.1250e+03 4.7656e+04 9.6875e+08
6.2500e+03 4.7656e+04 9.3750e+08
9.3750e+03 4.7656e+04 9.0625e+08
1.2500e+04 4.7656e+04 8.7500e+08
1.5625e+04 4.7656e+04 8.4375e+08
1.8750e+04 4.7656e+04 8.1250e+08
2.1875e+04 4.7656e+04 7.8125e+08
2.5000e+04 4.7656e+04 7.5000e+08
2.8125e+04 4.7656e+04 7.1875e+08
3.1250e+04 4.7656e+04 6.8750e+08
3.4375e+04 4.7656e+04 6.5625e+08
3.7500e+04 4.7656e+04 6.2500e+08
4.0625e+04 4.7656e+04 5.9375e+08
4.3750e+04 4.7656e+04 5.6250e+08
4.6875e+04 4.7656e+04 5.3125e+08
5.0000e+04 4.7656e+04 5.0000e+08
5.3125e+04 4.7656e+04 4.6875e+08
5.6250e+04 4.7656e+04 4.3750e+08
5.9375e+04 4.7656e+04 4.0625e+08
6.2500e+04 4.7656e+04 3.7500e+08
6.5625e+04 4.7656e+04 3.4375e+08
6.8750e+04 4.7656e+04 3.1250e+08
7.1875e+04 4.7656e+04 2.8125e+08
7.5000e+04 4.7656e+04 2.5000e+08
7.8125e+04 4.7656e+04 2.1875e+08
8.1250e+04 4.7656e+04 1.8750e+08
8.4375e+04 4.7656e+04 1.5625e+08
8.7500e+04 4.7656e+04 1.2500e+08
9.0625e+04 4.7656e+04 9.3750e+07
9.3750e+04 4.7656e+04 6.2500e+07
9.6875e+04 4.7656e+04 3.1250e+07
1.0000e+05 4.7656e+04 3.2695e-05
0.0000e+00 4.8438e+04 1.0000e+09
3.1250e+03 4.8438e+04 9.6875e+08
6.2500e+03 4.8438e+04 9.3750e+08
9.3750e+03 4.8438e+04 9.0625e+08
1.2500e+04 4.8438e+04 8.7500e+08
1.5625e+04 4.8438e+04 8.4375e+08
1.8750e+04 4.8438e+04 8.1250e+08
2.1875e+04 4.8438e+04 7.8125e+08
2.5000e+04 4.8438e+04 7.5000e+08
2.8125e+04 4.8438e+04 7.1875e+08
3.1250e+04 4.8438e+04 6.8750e+08
3.4375e+04 4.8438e+04 6.5625e+08
3.7500e+04 4.8438e+04 6.2500e+08
4.0625e+04 4.8438e+04 5.9375e+08
4.3750e+04 4.8438e+04 5.6250e+08
4.6875e+04 4.8438e+04 5.3125e+08
5.0000e+04 4.8438e+04 5.0000e+08
5.3125e+04 4.8438e+04 4.6875e+08
5.6250e+04 4.8438e+04 4.3750e+08
5.9375e+04 4.8438e+04 4.0625e+08
6.2500e+04 4.8438e+04 3.7500e+08
6.5625e+04 4.8438e+04 3.4375e+08
6.8750e+04 4.8438e+04 3.1250e+08
7.1875e+04 4.8438e+04 2.8125e+08
7.5000e+04 4.8438e+04 2.5000e+08
7.8125e+04 4.8438e+04 2.1875e+08
8.1250e+04 4.8438e+04 1.8750e+08
8.4375e+04 4.8438e+04 1.5625e+08
8.7500e+04 4.8438e+04 1.2500e+08
9.0625e+04 4.8438e+04 9.3750e+07
9.3750e+04 4.8438e+04 6.2500e+07
9.6875e+04 4.8438e+04 3.1250e+07
1.0000e+05 4.8438e+04 6.2806e-05
0.0000e+00 4.9219e+04 1.0000e+09
3.1250e+03 4.9219e+04 9.6875e+08
6.2500e+03 4.9219e+04 9.3750e+08
9.3750e+03 4.9219e+04 9.0625e+08
1.2500e+04 4.9219e+04 8.7500e+08
1.5625e+04 4.9219e+04 8.4375e+08
1.8750e+04 4.9219e+04 8.1250e+08
2.1875e+04 4.9219e+04 7.8125e+08
2.5000e+04 4.9219e+04 7.5000e+08
2.8125e+04 4.9219e+04 7.1875e+08
3.1250e+04 4.9219e+04 6.8750e+08
3.4375e+04 4.9219e+04 6.5625e+08
3.7500e+04 4.9219e+04 6.2500e+08
4.0625e+04 4.9219e+04 5.9375e+08
4.3750e+04 4.9219e+04 5.6250e+08
4.6875e+04 4.9219e+04 5.3125e+08
5.0000e+04 4.9219e+04 5.0000e+08
5.3125e+04 4.9219e+04 4.6875e+08
5.6250e+04 4.9219e+04 4.3750e+08
5.9375e+04 4.9219e+04 4.0625e+08
6.2500e+04 4.9219e+04 3.7500e+08
6.5625e+04 4.9219e+04 3.4375e+08
6.8750e+04 4.9219e+04 3.1250e+08
7.1875e+04 4.9219e+04 2.8125e+08
7.5000e+04 4.9219e+04 2.5000e+08
7.8125e+04 4.9219e+04 2.1875e+08
8.1250e+04 4.9219e+04 1.8750e+08
8.4375e+04 4.9219e+04 1.5625e+08
8.7500e+04 4.9219e+04 1.2500e+08
9.0625e+04 4.9219e+04 9.3750e+07
9.3750e+04 4.9219e+04 6.2500e+07
9.6875e+04 4.9219e+04 3.1250e+07
1.0000e+05 4.9219e+04 2.4556e-05
0.0000e+00 5.0000e+04 1.0000e+09
3.1250e+03 5.0000e+04 9.6875e+08
6.2500e+03 5.0000e+04 9.3750e+08
9.3750e+03 5.0000e+04 9.0625e+08
1.2500e+04 5.0000e+04 8.7500e+08
1.5625e+04 5.0000e+04 8.4375e+08
1.8750e+04 5.0000e+04 8.1250e+08
2.1875e+04 5.0000e+04 7.8125e+08
2.5000e+04 5.0000e+04 7.5000e+08
2.8125e+04 5.0000e+04 7.1875e+08
3.1250e+04 5.0000e+04 6.8750e+08
3.4375e+04 5.0000e+04 6.5625e+08
3.7500e+04 5.0000e+04 6.2500e+08
4.0625e+04 5.0000e+04 5.9375e+08
4.3750e+04 5.0000e+04 5.6250e+08
4.6875e+04 5.0000e+04 5.3125e+08
5.0000e+04 5.0000e+04 5.0000e+08
5.3125e+04 5.0000e+04 4.6875e+08
5.6250e+04 5.0000e+04 4.3750e+08
5.9375e+04 5.0000e+04 4.0625e+08
6.2500e+04 5.0000e+04 3.7500e+08
6.5625e+04 5.0000e+04 3.4375e+08
6.8750e+04 5.0000e+04 3.1250e+08
7.1875e+04 5.0000e+04 2.8125e+08
7.5000e+04 5.0000e+04 2.5000e+08
7.8125e+04 5.0000e+04 2.1875e+08
8.1250e+04 5.0000e+04 1.8750e+08
8.4375e+04 5.0000e+04 1.5625e+08
8.7500e+04 5.0000e+04 1.2500e+08
9.0625e+04 5.0000e+04 9.3750e+07
9.3750e+04 5.0000e+04 6.2500e+07
9.6875e+04 5.0000e+04 3.1250e+07
1.0000e+05 5.0000e+04 -1.3693e-05
0.0000e+00 5.0781e+04 1.0000e+09
3.1250e+03 5.0781e+04 9.6875e+08
6.2500e+03 5.0781e+04 9.3750e+08
9.3750e+03 5.0781e+04 9.0625e+08
1.2500e+04 5.0781e+04 8.7500e+08
1.5625e+04 5.0781e+04 8.4375e+08
1.8750e+04 5.0781e+04 8.1250e+08
2.1875e+04 5.0781e+04 7.8125e+08
2.5000e+04 5.0781e+04 7.5000e+08
2.8125e+04 5.0781e+04 7.1875e+08
3.1250e+04 5.0781e+04 6.8750e+08
3.4375e+04 5.0781e+04 6.5625e+08
3.7500e+04 5.0781e+04 6.2500e+08
4.0625e+04 5.0781e+04 5.9375e+08
4.3750e+04 5.0781e+04 5.6250e+08
4.6875e+04 5.0781e+04 5.3125e+08
5.0000e+04 5.0781e+04 5.0000e+08
5.3125e+04 5.0781e+04 4.6875e+08
5.6250e+04 5.0781e+04 4.3750e+08
5.9375e+04 5.0781e+04 4.0625e+08
6.2500e+04 5.0781e+04 3.7500e+08
6.5625e+04 5.0781e+04 3.4375e+08
6.8750e+04 5.0781e+04 3.1250e+08
7.1875e+04 5.0781e+04 2.8125e+08
7.5000e+04 5.0781e+04 2.5000e+08
7.8125e+04 5.0781e+04 2.1875e+08
8.1250e+04 5.0781e+04 1.8750e+08
8.4375e+04 5.0781e+04 1.5625e+08
8.7500e+04 5.0781e+04 1.2500e+08
9.0625e+04 5.0781e+04 9.3750e+07
9.3750e+04 5.0781e+04 6.2500e+07
9.6875e+04 5.0781e+04 3.1250e+07
1.0000e+05 5.0781e+04 -8.9148e-06
0.0000e+00 5.1562e+04 1.0000e+09
3.1250e+03 5.1562e+04 9.6875e+08
6.2500e+03 5.1562e+04 9.3750e+08
9.3750e+03 5.1562e+04 9.0625e+08
1.2500e+04 5.1562e+04 8.7500e+08
1.5625e+04 5.1562e+04 8.4375e+08
1.8750e+04 5.1562e+04 8.1250e+08
2.1875e+04 5.1562e+04 7.8125e+08
2.5000e+04 5.1562e+04 7.5000e+08
2.8125e+04 5.1562e+04 7.1875e+08
3.1250e+04 5.1562e+04 6.8750e+08
3.4375e+04 5.1562e+04 6.5625e+08
3.7500e+04 5.1562e+04 6.2500e+08
4.0625e+04 5.1562e+04 5.9375e+08
4.3750e+04 5.1562e+04 5.6250e+08
4.6875e+04 5.1562e+04 5.3125e+08
5.0000e+04 5.1562e+04 5.0000e+08
5.3125e+04 5.1562e+04 4.6875e+08
5.6250e+04 5.1562e+04 4.3750e+08
5.9375e+04 5.1562e+04 4.0625e+08
6.2500e+04 5.1562e+04 3.7500e+08
6.5625e+04 5.1562e+04 3.4375e+08
6.8750e+04 5.1562e+04 3.1250e+08
7.1875e+04 5.1562e+04 2.8125e+08
7.5000e+04 5.1562e+04 2.5000e+08
7.8125e+04 5.1562e+04 2.1875e+08
8.1250e+04 5.1562e+04 1.8750e+08
8.4375e+04 5.1562e+04 1.5625e+08
8.7500e+04 5.1562e+04 1.2500e+08
9.0625e+04 5.1562e+04 9.3750e+07
9.3750e+04 5.1562e+04 6.2500e+07
9.6875e+04 5.1562e+04 3.1250e+07
1.0000e+05 5.1562e+04 -4.1362e-06
0.0000e+00 5.2344e+04 1.0000e+09
3.1250e+03 5.2344e+04 9.6875e+08
6.2500e+03 5.2344e+04 9.3750e+08
9.3750e+03 5.2344e+04 9.0625e+08
1.2500e+04 5.2344e+04 8.7500e+08
1.5625e+04 5.2344e+04 8.4375e+08
1.8750e+04 5.2344e+04 8.1250e+08
2.1875e+04 5.2344e+04 7.8125e+08
2.5000e+04 5.2344e+04 7.5000e+08
2.8125e+04 5.2344e+04 7.1875e+08
3.1250e+04 5.2344e+04 6.8750e+08
3.4375e+04 5.2344e+04 6.5625e+08
3.7500e+04 5.2344e+04 6.2500e+08
4.0625e+04 5.2344e+04 5.9375e+08
4.3750e+04 5.2344e+04 5.6250e+08
4.6875e+04 5.2344e+04 5.3125e+08
5.0000e+04 5.2344e+04 5.0000e+08
5.3125e+04 5.2344e+04 4.6875e+08
5.6250e+04 5.2344e+04 4.3750e+08
5.9375e+04 5.2344e+04 4.0625e+08
6.2500e+04 5.2344e+04 3.7500e+08
6.5625e+04 5.2344e+04 3.4375e+08
6.8750e+04 5.2344e+04 3.1250e+08
7.1875e+04 5.2344e+04 2.8125e+08
7.5000e+04 5.2344e+04 2.5000e+08
7.8125e+04 5.2344e+04 2.1875e+08
8.1250e+04 5.2344e+04 1.8750e+08
8.4375e+04 5.2344e+04 1.5625e+08
8.7500e+04 5.2344e+04 1.2500e+08
9.0625e+04 5.2344e+04 9.3750e+07
9.3750e+04 5.2344e+04 6.2500e+07
9.6875e+04 5.2344e+04 3.1250e+07
1.0000e+05 5.2344e+04 -1.6427e-05
0.0000e+00 5.3125e+04 1.0000e+09
3.1250e+03 5.3125e+04 9.6875e+08
6.2500e+03 5.3125e+04 9.3750e+08
9.3750e+03 5.3125e+04 9.0625e+08
1.2500e+04 5.3125e+04 8.7500e+08
1.5625e+04 5.3125e+04 8.4375e+08
1.8750e+04 5.3125e+04 8.1250e+08
2.1875e+04 5.3125e+04 7.8125e+08
2.5000e+04 5.3125e+04 7.5000e+08
2.8125e+04 5.3125e+04 7.1875e+08
3.1250e+04 5.3125e+04 6.8750e+08
3.4375e+04 5.3125e+04 6.5625e+08
3.7500e+04 5.3125e+04 6.2500e+08
4.0625e+04 5.3125e+04 5.9375e+08
4.3750e+04 5.3125e+04 5.6250e+08
4.6875e+04 5.3125e+04 5.3125e+08
5.0000e+04 5.3125e+04 5.0000e+08
5.3125e+04 5.3125e+04 4.6875e+08
5.6250e+04 5.3125e+04 4.3750e+08
5.9375e+04 5.3125e+04 4.0625e+08
6.2500e+04 5.3125e+04 3.7500e+08
6.5625e+04 5.3125e+04 3.4375e+08
6.8750e+04 5.3125e+04 3.1250e+08
7.1875e+04 5.3125e+04 2.8125e+08
7.5000e+04 5.3125e+04 2.5000e+08
7.8125e+04 5.3125e+04 2.1875e+08
8.1250e+04 5.3125e+04 1.8750e+08
8.4375e+04 5.3125e+04 1.5625e+08
8.7500e+04 5.3125e+04 1.2500e+08
9.0625e+04 5.3125e+04 9.3750e+07
9.3750e+04 5.3125e+04 6.2500e+07
9.6875e+04 5.3125e+04 3.1250e+07
1.0000e+05 5.3125e+04 -2.8717e-05
0.0000e+00 5.3906e+04 1.0000e+09
3.1250e+03 5.3906e+04 9.6875e+08
6.2500e+03 5.3906e+04 9.3750e+08
9.3750e+03 5.3906e+04 9.0625e+08
1.2500e+04 5.3906e+04 8.7500e+08
1.5625e+04 5.3906e+04 8.4375e+08
1.8750e+04 5.3906e+04 8.1250e+08
2.1875e+04 5.3906e+04 7.8125e+08
2.5000e+04 5.3906e+04 7.5000e+08
2.8125e+04 5.3906e+04 7.1875e+08
3.1250e+04 5.3906e+04 6.8750e+08
3.4375e+04 5.3906e+04 6.5625e+08
3.7500e+04 5.3906e+04 6.2500e+08
4.0625e+04 5.3906e+04 5.9375e+08
4.3750e+04 5.3906e+04 5.6250e+08
4.6875e+04 5.3906e+04 5.3125e+08
5.0000e+04 5.3906e+04 5.0000e+08
5.3125e+04 5.3906e+04 4.6875e+08
5.6250e+04 5.3906e+04 4.3750e+08
5.9375e+04 5.3906e+04 4.0625e+08
6.2500e+04 5.3906e+04 3.7500e+08
6.5625e+04 5.3906e+04 3.4375e+08
6.8750e+04 5.3906e+04 3.1250e+08
7.1875e+04 5.3906e+04 2.8125e+08
7.5000e+04 5.3906e+04 2.5000e+08
7.8125e+04 5.3906e+04 2.1875e+08
8.1250e+04 5.3906e+04 1.8750e+08
8.4375e+04 5.3906e+04 1.5625e+08
8.7500e+04 5.3906e+04 1.2500e+08
9.0625e+04 5.3906e+04 9.3750e+07
9.3750e+04 5.3906e+04 6.2500e+07
9.6875e+04 5.3906e+04 3.1250e+07
1.0000e+05 5.3906e+04 -2.5186e-05
0.0000e+00 5.4688e+04 1.0000e+09
3.1250e+03 5.4688e+04 9.6875e+08
6.2500e+03 5.4688e+04 9.3750e+08
9.3750e+03 5.4688e+04 9.0625e+08
1.2500e+04 5.4688e+04 8.7500e+08
1.5625e+04 5.4688e+04 8.4375e+08
1.8750e+04 5.4688e+04 8.1250e+08
2.1875e+04 5.4688e+04 7.8125e+08
2.5000e+04 5.4688e+04 7.5000e+08
2.8125e+04 5.4688e+04 7.1875e+08
3.1250e+04 5.4688e+04 6.8750e+08
3.4375e+04 5.4688e+04 6.5625e+08
3.7500e+04 5.4688e+04 6.2500e+08
4.0625e+04 5.4688e+04 5.9375e+08
4.3750e+04 5.4688e+04 5.6250e+08
4.6875e+04 5.4688e+04 5.3125e+08
5.0000e+04 5.4688e+04 5.0000e+08
5.3125e+04 5.4688e+04 4.6875e+08
5.6250e+04 5.4688e+04 4.3750e+08
5.9375e+04 5.4688e+04 4.0625e+08
6.2500e+04 5.4688e+04 3.7500e+08
6.5625e+04 5.4688e+04 3.4375e+08
6.8750e+04 5.4688e+04 3.1250e+08
7.1875e+04 5.4688e+04 2.8125e+08
7.5000e+04 5.4688e+04 2.5000e+08
7.8125e+04 5.4688e+04 2.1875e+08
8.1250e+04 5.4688e+04 1.8750e+08
8.4375e+04 5.4688e+04 1.5625e+08
8.7500e+04 5.4688e+04 1.2500e+08
9.0625e+04 5.4688e+04 9.3750e+07
9.3750e+04 5.4688e+04 6.2500e+07
9.6875e+04 5.4688e+04 3.1250e+07
1.0000e+05 5.4688e+04 -2.1656e-05
0.0000e+00 5.5469e+04 1.0000e+09
3.1250e+03 5.5469e+04 9.6875e+08
6.2500e+03 5.5469e+04 9.3750e+08
9.3750e+03 5.5469e+04 9.0625e+08
1.2500e+04 5.5469e+04 8.7500e+08
1.5625e+04 5.5469e+04 8.4375e+08
1.8750e+04 5.5469e+04 8.1250e+08
2.1875e+04 5.5469e+04 7.8125e+08
2.5000e+04 5.5469e+04 7.5000e+08
2.8125e+04 5.5469e+04 7.1875e+08
3.1250e+04 5.5469e+04 6.8750e+08
3.4375e+04 5.5469e+04 6.5625e+08
3.7500e+04 5.5469e+04 6.2500e+08
4.0625e+04 5.5469e+04 5.9375e+08
4.3750e+04 5.5469e+04 5.6250e+08
4.6875e+04 5.5469e+04 5.3125e+08
5.0000e+04 5.5469e+04 5.0000e+08
5.3125e+04 5.5469e+04 4.6875e+08
5.6250e+04 5.5469e+04 4.3750e+08
5.9375e+04 5.5469e+04 4.0625e+08
6.2500e+04 5.5469e+04 3.7500e+08
6.5625e+04 5.5469e+04 3.4375e+08
6.8750e+04 5.5469e+04 3.1250e+08
7.1875e+04 5.5469e+04 2.8125e+08
7.5000e+04 5.5469e+04 2.5000e+08
7.8125e+04 5.5469e+04 2.1875e+08
8.1250e+04 5.5469e+04 1.8750e+08
8.4375e+04 5.5469e+04 1.5625e+08
8.7500e+04 5.5469e+04 1.2500e+08
9.0625e+04 5.5469e+04 9.3750e+07
9.3750e+04 5.5469e+04 6.2500e+07
9.6875e+04 5.5469e+04 3.1250e+07
1.0000e+05 5.5469e+04 -2.5076e-06
0.0000e+00 5.6250e+04 1.0000e+09
3.1250e+03 5.6250e+04 9.6875e+08
6.2500e+03 5.6250e+04 9.3750e+08
9.3750e+03 5.6250e+04 9.0625e+08
1.2500e+04 5.6250e+04 8.7500e+08
1.5625e+04 5.6250e+04 8.4375e+08
1.8750e+04 5.6250e+04 8.1250e+08
2.1875e+04 5.6250e+04 7.8125e+08
2.5000e+04 5.6250e+04 7.5000e+08
2.8125e+04 5.6250e+04 7.1875e+08
3.1250e+04 5.6250e+04 6.8750e+08
3.4375e+04 5.6250e+04 6.5625e+08
3.7500e+04 5.6250e+04 6.2500e+08
4.0625e+04 5.6250e+04 5.9375e+08
4.3750e+04 5.6250e+04 5.6250e+08
4.6875e+04 5.6250e+04 5.3125e+08
5.0000e+04 5.6250e+04 5.0000e+08
5.3125e+04 5.6250e+04 4.6875e+08
5.6250e+04 5.6250e+04 4.3750e+08
5.9375e+04 5.6250e+04 4.0625e+08
6.2500e+04 5.6250e+04 3.7500e+08
6.5625e+04 5.6250e+04 3.4375e+08
6.8750e+04 5.6250e+04 3.1250e+08
7.1875e+04 5.6250e+04 2.8125e+08
7.5000e+04 5.6250e+04 2.5000e+08
7.8125e+04 5.6250e+04 2.1875e+08
8.1250e+04 5.6250e+04 1.8750e+08
8.4375e+04 5.6250e+04 1.5625e+08
8.7500e+04 5.6250e+04 1.2500e+08
9.0625e+04 5.6250e+04 9.3750e+07
9.3750e+04 5.6250e+04 6.2500e+07
9.6875e+04 5.6250e+04 3.1250e+07
1.0000e+05 5.6250e+04 1.6641e-05
0.0000e+00 5.7031e+04 1.0000e+09
3.1250e+03 5.7031e+04 9.6875e+08
6.2500e+03 5.7031e+04 9.3750e+08
9.3750e+03 5.7031e+04 9.0625e+08
1.2500e+04 5.7031e+04 8.7500e+08
1.5625e+04 5.7031e+04 8.4375e+08
1.8750e+04 5.7031e+04 8.1250e+08
2.1875e+04 5.7031e+04 7.8125e+08
2.5000e+04 5.7031e+04 7.5000e+08
2.8125e+04 5.7031e+04 7.1875e+08
3.1250e+04 5.7031e+04 6.8750e+08
3.4375e+04 5.7031e+04 6.5625e+08
3.7500e+04 5.7031e+04 6.2500e+08
4.0625e+04 5.7031e+04 5.9375e+08
4.3750e+04 5.7031e+04 5.6250e+08
4.6875e+04 5.7031e+04 5.3125e+08
5.0000e+04 5.7031e+04 5.0000e+08
5.3125e+04 5.7031e+04 4.6875e+08
5.6250e+04 5.7031e+04 4.3750e+08
5.9375e+04 5.7031e+04 4.0625e+08
6.2500e+04 5.7031e+04 3.7500e+08
6.5625e+04 5.7031e+04 3.4375e+08
6.8750e+04 5.7031e+04 3.1250e+08
7.1875e+04 5.7031e+04 2.8125e+08
7.5000e+04 5.7031e+04 2.5000e+08
7.8125e+04 5.7031e+04 2.1875e+08
8.1250e+04 5.7031e+04 1.8750e+08
8.4375e+04 5.7031e+04 1.5625e+08
8.7500e+04 5.7031e+04 1.2500e+08
9.0625e+04 5.7031e+04 9.3750e+07
9.3750e+04 5.7031e+04 6.2500e+07
9.6875e+04 5.7031e+04 3.1250e+07
1.0000e+05 5.7031e+04 -3.2271e-05
0.0000e+00 5.7812e+04 1.0000e+09
3.1250e+03 5.7812e+04 9.6875e+08
6.2500e+03 5.7812e+04 9.3750e+08
9.3750e+03 5.7812e+04 9.0625e+08
1.2500e+04 5.7812e+04 8.7500e+08
1.5625e+04 5.7812e+04 8.4375e+08
1.8750e+04 5.7812e+04 8.1250e+08
2.1875e+04 5.7812e+04 7.8125e+08
2.5000e+04 5.7812e+04 7.5000e+08
2.8125e+04 5.7812e+04 7.1875e+08
3.1250e+04 5.7812e+04 6.8750e+08
3.4375e+04 5.7812e+04 6.5625e+08
3.7500e+04 5.7812e+04 6.2500e+08
4.0625e+04 5.7812e+04 5.9375e+08
4.3750e+04 5.7812e+04 5.6250e+08
4.6875e+04 5.7812e+04 5.3125e+08
5.0000e+04 5.7812e+04 5.0000e+08
5.3125e+04 5.7812e+04 4.6875e+08
5.6250e+04 5.7812e+04 4.3750e+08
5.9375e+04 5.7812e+04 4.0625e+08
6.2500e+04 5.7812e+04 3.7500e+08
6.5625e+04 5.7812e+04 3.4375e+08
6.8750e+04 5.7812e+04 3.1250e+08
7.1875e+04 5.7812e+04 2.8125e+08
7.5000e+04 5.7812e+04 2.5000e+08
7.8125e+04 5.7812e+04 2.1875e+08
8.1250e+04 5.7812e+04 1.8750e+08
8.4375e+04 5.7812e+04 1.5625e+08
8.7500e+04 5.7812e+04 1.2500e+08
9.0625e+04 5.7812e+04 9.3750e+07
9.3750e+04 5.7812e+04 6.2500e+07
9.6875e+04 5.7812e+04 3.1250e+07
1.0000e+05 5.7812e+04 -8.1183e-05
0.0000e+00 5.8594e+04 1.0000e+09
3.1250e+03 5.8594e+04 9.6875e+08
6.2500e+03 5.8594e+04 9.3750e+08
9.3750e+03 5.8594e+04 9.0625e+08
1.2500e+04 5.8594e+04 8.7500e+08
1.5625e+04 5.8594e+04 8.4375e+08
1.8750e+04 5.8594e+04 8.1250e+08
2.1875e+04 5.8594e+04 7.8125e+08
2.5000e+04 5.8594e+04 7.5000e+08
2.8125e+04 5.8594e+04 7.1875e+08
3.1250e+04 5.8594e+04 6.8750e+08
3.4375e+04 5.8594e+04 6.5625e+08
3.7500e+04 5.8594e+04 6.2500e+08
4.0625e+04 5.8594e+04 5.9375e+08
4.3750e+04 5.8594e+04 5.6250e+08
4.6875e+04 5.8594e+04 5.3125e+08
5.0000e+04 5.8594e+04 5.0000e+08
5.3125e+04 5.8594e+04 4.6875e+08
5.6250e+04 5.8594e+04 4.3750e+08
5.9375e+04 5.8594e+04 4.0625e+08
6.2500e+04 5.8594e+04 3.7500e+08
6.5625e+04 5.8594e+04 3.4375e+08
6.8750e+04 5.8594e+04 3.1250e+08
7.1875e+04 5.8594e+04 2.8125e+08
7.5000e+04 5.8594e+04 2.5000e+08
7.8125e+04 5.8594e+04 2.1875e+08
8.1250e+04 5.8594e+04 1.8750e+08
8.4375e+04 5.8594e+04 1.5625e+08
8.7500e+04 5.8594e+04 1.2500e+08
9.0625e+04 5.8594e+04 9.3750e+07
9.3750e+04 5.8594e+04 6.2500e+07
9.6875e+04 5.8594e+04 3.1250e+07
1.0000e+05 5.8594e+04 -1.1267e-04
0.0000e+00 5.9375e+04 1.0000e+09
3.1250e+03 5.9375e+04 9.6875e+08
6.2500e+03 5.9375e+04 9.3750e+08
9.3750e+03 5.9375e+04 9.0625e+08
1.2500e+04 5.9375e+04 8.7500e+08
1.5625e+04 5.9375e+04 8.4375e+08
1.8750e+04 5.9375e+04 8.1250e+08
2.1875e+04 5.9375e+04 7.8125e+08
2.5000e+04 5.9375e+04 7.5000e+08
2.8125e+04 5.9375e+04 7.1875e+08
3.1250e+04 5.9375e+04 6.8750e+08
3.4375e+04 5.9375e+04 6.5625e+08
3.7500e+04 5.9375e+04 6.2500e+08
4.0625e+04 5.9375e+04 5.9375e+08
4.3750e+04 5.9375e+04 5.6250e+08
4.6875e+04 5.9375e+04 5.3125e+08
5.0000e+04 5.9375e+04 5.0000e+08
5.3125e+04 5.9375e+04 4.6875e+08
5.6250e+04 5.9375e+04 4.3750e+08
5.9375e+04 5.9375e+04 4.0625e+08
6.2500e+04 5.9375e+04 3.7500e+08
6.5625e+04 5.9375e+04 3.4375e+08
6.8750e+04 5.9375e+04 3.1250e+08
7.1875e+04 5.9375e+04 2.8125e+08
7.5000e+04 5.9375e+04 2.5000e+08
7.8125e+04 5.9375e+04 2.1875e+08
8.1250e+04 5.9375e+04 1.8750e+08
8.4375e+04 5.9375e+04 1.5625e+08
8.7500e+04 5.9375e+04 1.2500e+08
9.0625e+04 5.9375e+04 9.3750e+07
9.3750e+04 5.9375e+04 6.2500e+07
9.6875e+04 5.9375e+04 3.1250e+07
1.0000e+05 5.9375e+04 -1.4415e-04
0.0000e+00 6.0156e+04 1.0000e+09
3.1250e+03 6.0156e+04 9.6875e+08
6.2500e+03 6.0156e+04 9.3750e+08
9.3750e+03 6.0156e+04 9.0625e+08
1.2500e+04 6.0156e+04 8.7500e+08
1.5625e+04 6.0156e+04 8.4375e+08
1.8750e+04 6.0156e+04 8.1250e+08
2.1875e+04 6.0156e+04 7.8125e+08
2.5000e+04 6.0156e+04 7.5000e+08
2.8125e+04 6.0156e+04 7.1875e+08
3.1250e+04 6.0156e+04 6.8750e+08
3.4375e+04 6.0156e+04 6.5625e+08
3.7500e+04 6.0156e+04 6.2500e+08
4.0625e+04 6.0156e+04 5.9375e+08
4.3750e+04 6.0156e+04 5.6250e+08
4.6875e+04 6.0156e+04 5.3125e+08
5.0000e+04 6.0156e+04 5.0000e+08
5.3125e+04 6.0156e+04 4.6875e+08
5.6250e+04 6.0156e+04 4.3750e+08
5.9375e+04 6.0156e+04 4.0625e+08
6.2500e+04 6.0156e+04 3.7500e+08
6.5625e+04 6.0156e+04 3.4375e+08
6.8750e+04 6.0156e+04 3.1250e+08
7.1875e+04 6.0156e+04 2.8125e+08
7.5000e+04 6.0156e+04 2.5000e+08
7.8125e+04 6.0156e+04 2.1875e+08
8.1250e+04 6.0156e+04 1.8750e+08
8.4375e+04 6.0156e+04 1.5625e+08
8.7500e+04 6.0156e+04 1.2500e+08
9.0625e+04 6.0156e+04 9.3750e+07
9.3750e+04 6.0156e+04 6.2500e+07
9.6875e+04 6.0156e+04 3.1250e+07
1.0000e+05 6.0156e+04 9.5538e-06
0.0000e+00 6.0938e+04 1.0000e+09
3.1250e+03 6.0938e+04 9.6875e+08
6.2500e+03 6.0938e+04 9.3750e+08
9.3750e+03 6.0938e+04 9.0625e+08
1.2500e+04 6.0938e+04 8.7500e+08
1.5625e+04 6.0938e+04 8.4375e+08
1.8750e+04 6.0938e+04 8.1250e+08
2.1875e+04 6.0938e+04 7.8125e+08
2.5000e+04 6.0938e+04 7.5000e+08
2.8125e+04 6.0938e+04 7.1875e+08
3.1250e+04 6.0938e+04 6.8750e+08
3.4375e+04 6.0938e+04 6.5625e+08
3.7500e+04 6.0938e+04 6.2500e+08
4.0625e+04 6.0938e+04 5.9375e+08
4.3750e+04 6.0938e+04 5.6250e+08
4.6875e+04 6.0938e+04 5.3125e+08
5.0000e+04 6.0938e+04 5.0000e+08
5.3125e+04 6.0938e+04 4.6875e+08
5.6250e+04 6.0938e+04 4.3750e+08
5.9375e+04 6.0938e+04 4.0625e+08
6.2500e+04 6.0938e+04 3.7500e+08
6.5625e+04 6.0938e+04 3.4375e+08
6.8750e+04 6.0938e+04 3.1250e+08
7.1875e+04 6.0938e+04 2.8125e+08
7.5000e+04 6.0938e+04 2.5000e+08
7.8125e+04 6.0938e+04 2.1875e+08
8.1250e+04 6.0938e+04 1.8750e+08
8.4375e+04 6.0938e+04 1.5625e+08
8.7500e+04 6.0938e+04 1.2500e+08
9.0625e+04 6.0938e+04 9.3750e+07
9.3750e+04 6.0938e+04 6.2500e+07
9.6875e+04 6.0938e+04 3.1250e+07
1.0000e+05 6.0938e+04 1.6326e-04
0.0000e+00 6.1719e+04 1.0000e+09
3.1250e+03 6.1719e+04 9.6875e+08
6.2500e+03 6.1719e+04 9.3750e+08
9.3750e+03 6.1719e+04 9.0625e+08
1.2500e+04 6.1719e+04 8.7500e+08
1.5625e+04 6.1719e+04 8.4375e+08
1.8750e+04 6.1719e+04 8.1250e+08
2.1875e+04 6.1719e+04 7.8125e+08
2.5000e+04 6.1719e+04 7.5000e+08
2.8125e+04 6.1719e+04 7.1875e+08
3.1250e+04 6.1719e+04 6.8750e+08
3.4375e+04 6.1719e+04 6.5625e+08
3.7500e+04 6.1719e+04 6.2500e+08
4.0625e+04 6.1719e+04 5.9375e+08
4.3750e+04 6.1719e+04 5.6250e+08
4.6875e+04 6.1719e+04 5.3125e+08
5.0000e+04 6.1719e+04 5.0000e+08
5.3125e+04 6.1719e+04 4.6875e+08
5.6250e+04 6.1719e+04 4.3750e+08
5.9375e+04 6.1719e+04 4.0625e+08
6.2500e+04 6.1719e+04 3.7500e+08
6.5625e+04 6.1719e+04 3.4375e+08
6.8750e+04 6.1719e+04 3.1250e+08
7.1875e+04 6.1719e+04 2.8125e+08
7.5000e+04 6.1719e+04 2.5000e+08
7.8125e+04 6.1719e+04 2.1875e+08
8.1250e+04 6.1719e+04 1.8750e+08
8.4375e+04 6.1719e+04 1.5625e+08
8.7500e+04 6.1719e+04 1.2500e+08
9.0625e+04 6.1719e+04 9.3750e+07
9.3750e+04 6.1719e+04 6.2500e+07
9.6875e+04 6.1719e+04 3.1250e+07
1.0000e+05 6.1719e+04 1.1884e-04
0.0000e+00 6.2500e+04 1.0000e+09
3.1250e+03 6.2500e+04 9.6875e+08
6.2500e+03 6.2500e+04 9.3750e+08
9.3750e+03 6.2500e+04 9.0625e+08
1.2500e+04 6.2500e+04 8.7500e+08
1.5625e+04 6.2500e+04 8.4375e+08
1.8750e+04 6.2500e+04 8.1250e+08
2.1875e+04 6.2500e+04 7.8125e+08
2.5000e+04 6.2500e+04 7.5000e+08
2.8125e+04 6.2500e+04 7.1875e+08
3.1250e+04 6.2500e+04 6.8750e+08
3.4375e+04 6.2500e+04 6.5625e+08
3.7500e+04 6.2500e+04 6.2500e+08
4.0625e+04 6.2500e+04 5.9375e+08
4.3750e+04 6.2500e+04 5.6250e+08
4.6875e+04 6.2500e+04 5.3125e+08
5.0000e+04 6.2500e+04 5.0000e+08
5.3125e+04 6.2500e+04 4.6875e+08
5.6250e+04 6.2500e+04 4.3750e+08
5.9375e+04 6.2500e+04 4.0625e+08
6.2500e+04 6.2500e+04 3.7500e+08
6.5625e+04 6.2500e+04 3.4375e+08
6.8750e+04 6.2500e+04 3.1250e+08
7.1875e+04 6.2500e+04 2.8125e+08
7.5000e+04 6.2500e+04 2.5000e+08
7.8125e+04 6.2500e+04 2.1875e+08
8.1250e+04 6.2500e+04 1.8750e+08
8.4375e+04 6.2500e+04 1.5625e+08
8.7500e+04 6.2500e+04 1.2500e+08
9.0625e+04 6.2500e+04 9.3750e+07
9.3750e+04 6.2500e+04 6.2500e+07
9.6875e+04 6.2500e+04 3.1250e+07
1.0000e+05 6.2500e+04 7.4423e-05
0.0000e+00 6.3281e+04 1.0000e+09
3.1250e+03 6.3281e+04 9.6875e+08
6.2500e+03 6.3281e+04 9.3750e+08
9.3750e+03 6.3281e+04 9.0625e+08
1.2500e+04 6.3281e+04 8.7500e+08
1.5625e+04 6.3281e+04 8.4375e+08
1.8750e+04 6.3281e+04 8.1250e+08
2.1875e+04 6.3281e+04 7.8125e+08
2.5000e+04 6.3281e+04 7.5000e+08
2.8125e+04 6.3281e+04 7.1875e+08
3.1250e+04 6.3281e+04 6.8750e+08
3.4375e+04 6.3281e+04 6.5625e+08
3.7500e+04 6.3281e+04 6.2500e+08
4.0625e+04 6.3281e+04 5.9375e+08
4.3750e+04 6.3281e+04 5.6250e+08
4.6875e+04 6.3281e+04 5.3125e+08
5.0000e+04 6.3281e+04 5.0000e+08
5.3125e+04 6.3281e+04 4.6875e+08
5.6250e+04 6.3281e+04 4.3750e+08
5.9375e+04 6.3281e+04 4.0625e+08
6.2500e+04 6.3281e+04 3.7500e+08
6.5625e+04 6.3281e+04 3.4375e+08
6.8750e+04 6.3281e+04 3.1250e+08
7.1875e+04 6.3281e+04 2.8125e+08
7.5000e+04 6.3281e+04 2.5000e+08
7.8125e+04 6.3281e+04 2.1875e+08
8.1250e+04 6.3281e+04 1.8750e+08
8.4375e+04 6.3281e+04 1.5625e+08
8.7500e+04 6.3281e+04 1.2500e+08
9.0625e+04 6.3281e+04 9.3750e+07
9.3750e+04 6.3281e+04 6.2500e+07
9.6875e+04 6.3281e+04 3.1250e+07
1.0000e+05 6.3281e+04 4.5740e-05
0.0000e+00 6.4062e+04 1.0000e+09
3.1250e+03 6.4062e+04 9.6875e+08
6.2500e+03 6.4062e+04 9.3750e+08
9.3750e+03 6.4062e+04 9.0625e+08
1.2500e+04 6.4062e+04 8.7500e+08
1.5625e+04 6.4062e+04 8.4375e+08
1.8750e+04 6.4062e+04 8.1250e+08
2.1875e+04 6.4062e+04 7.8125e+08
2.5000e+04 6.4062e+04 7.5000e+08
2.8125e+04 6.4062e+04 7.1875e+08
3.1250e+04 6.4062e+04 6.8750e+08
3.4375e+04 6.4062e+04 6.5625e+08
3.7500e+04 6.4062e+04 6.2500e+08
4.0625e+04 6.4062e+04 5.9375e+08
4.3750e+04 6.4062e+04 5.6250e+08
4.6875e+04 6.4062e+04 5.3125e+08
5.0000e+04 6.4062e+04 5.0000e+08
5.3125e+04 6.4062e+04 4.6875e+08
5.6250e+04 6.4062e+04 4.3750e+08
5.9375e+04 6.4062e+04 4.0625e+08
6.2500e+04 6.4062e+04 3.7500e+08
6.5625e+04 6.4062e+04 3.4375e+08
6.8750e+04 6.4062e+04 3.1250e+08
7.1875e+04 6.4062e+04 2.8125e+08
7.5000e+04 6.4062e+04 2.5000e+08
7.8125e+04 6.4062e+04 2.1875e+08
8.1250e+04 6.4062e+04 1.8750e+08
8.4375e+04 6.4062e+04 1.5625e+08
8.7500e+04 6.4062e+04 1.2500e+08
9.0625e+04 6.4062e+04 9.3750e+07
9.3750e+04 6.4062e+04 6.2500e+07
9.6875e+04 6.4062e+04 3.1250e+07
1.0000e+05 6.4062e+04 1.7056e-05
0.0000e+00 6.4844e+04 1.0000e+09
3.1250e+03 6.4844e+04 9.6875e+08
6.2500e+03 6.4844e+04 9.3750e+08
9.3750e+03 6.4844e+04 9.0625e+08
1.2500e+04 6.4844e+04 8.7500e+08
1.5625e+04 6.4844e+04 8.4375e+08
1.8750e+04 6.4844e+04 8.1250e+08
2.1875e+04 6.4844e+04 7.8125e+08
2.5000e+04 6.4844e+04 7.5000e+08
2.8125e+04 6.4844e+04 7.1875e+08
3.1250e+04 6.4844e+04 6.8750e+08
3.4375e+04 6.4844e+04 6.5625e+08
3.7500e+04 6.4844e+04 6.2500e+08
4.0625e+04 6.4844e+04 5.9375e+08
4.3750e+04 6.4844e+04 5.6250e+08
4.6875e+04 6.4844e+04 5.3125e+08
5.0000e+04 6.4844e+04 5.0000e+08
5.3125e+04 6.4844e+04 4.6875e+08
5.6250e+04 6.4844e+04 4.3750e+08
5.9375e+04 6.4844e+04 4.0625e+08
6.2500e+04 6.4844e+04 3.7500e+08
6.5625e+04 6.4844e+04 3.4375e+08
6.8750e+04 6.4844e+04 3.1250e+08
7.1875e+04 6.4844e+04 2.8125e+08
7.5000e+04 6.4844e+04 2.5000e+08
7.8125e+04 6.4844e+04 2.1875e+08
8.1250e+04 6.4844e+04 1.8750e+08
8.4375e+04 6.4844e+04 1.5625e+08
8.7500e+04 6.4844e+04 1.2500e+08
9.0625e+04 6.4844e+04 9.3750e+07
9.3750e+04 6.4844e+04 6.2500e+07
9.6875e+04 6.4844e+04 3.1250e+07
1.0000e+05 6.4844e+04 5.2788e-05
0.0000e+00 6.5625e+04 1.0000e+09
3.1250e+03 6.5625e+04 9.6875e+08
6.2500e+03 6.5625e+04 9.3750e+08
9.3750e+03 6.5625e+04 9.0625e+08
1.2500e+04 6.5625e+04 8.7500e+08
1.5625e+04 6.5625e+04 8.4375e+08
1.8750e+04 6.5625e+04 8.1250e+08
2.1875e+04 6.5625e+04 7.8125e+08
2.5000e+04 6.5625e+04 7.5000e+08
2.8125e+04 6.5625e+04 7.1875e+08
3.1250e+04 6.5625e+04 6.8750e+08
3.4375e+04 6.5625e+04 6.5625e+08
3.7500e+04 6.5625e+04 6.2500e+08
4.0625e+04 6.5625e+04 5.9375e+08
4.3750e+04 6.5625e+04 5.6250e+08
4.6875e+04 6.5625e+04 5.3125e+08
5.0000e+04 6.5625e+04 5.0000e+08
5.3125e+04 6.5625e+04 4.6875e+08
5.6250e+04 6.5625e+04 4.3750e+08
5.9375e+04 6.5625e+04 4.0625e+08
6.2500e+04 6.5625e+04 3.7500e+08
6.5625e+04 6.5625e+04 3.4375e+08
6.8750e+04 6.5625e+04 3.1250e+08
7.1875e+04 6.5625e+04 2.8125e+08
7.5000e+04 6.5625e+04 2.5000e+08
7.8125e+04 6.5625e+04 2.1875e+08
8.1250e+04 6.5625e+04 1.8750e+08
8.4375e+04 6.5625e+04 1.5625e+08
8.7500e+04 6.5625e+04 1.2500e+08
9.0625e+04 6.5625e+04 9.3750e+07
9.3750e+04 6.5625e+04 6.2500e+07
9.6875e+04 6.5625e+04 3.1250e+07
1.0000e+05 6.5625e+04 8.8519e-05
0.0000e+00 6.6406e+04 1.0000e+09
3.1250e+03 6.6406e+04 9.6875e+08
6.2500e+03 6.6406e+04 9.3750e+08
9.3750e+03 6.6406e+04 9.0625e+08
1.2500e+04 6.6406e+04 8.7500e+08
1.5625e+04 6.6406e+04 8.4375e+08
1.8750e+04 6.6406e+04 8.1250e+08
2.1875e+04 6.6406e+04 7.8125e+08
2.5000e+04 6.6406e+04 7.5000e+08
2.8125e+04 6.6406e+04 7.1875e+08
3.1250e+04 6.6406e+04 6.8750e+08
3.4375e+04 6.6406e+04 6.5625e+08
3.7500e+04 6.6406e+04 6.2500e+08
4.0625e+04 6.6406e+04 5.9375e+08
4.3750e+04 6.6406e+04 5.6250e+08
4.6875e+04 6.6406e+04 5.3125e+08
5.0000e+04 6.6406e+04 5.0000e+08
5.3125e+04 6.6406e+04 4.6875e+08
5.6250e+04 6.6406e+04 4.3750e+08
5.9375e+04 6.6406e+04 4.0625e+08
6.2500e+04 6.6406e+04 3.7500e+08
6.5625e+04 6.6406e+04 3.4375e+08
6.8750e+04 6.6406e+04 3.1250e+08
7.1875e+04 6.6406e+04 2.8125e+08
7.5000e+04 6.6406e+04 2.5000e+08
7.8125e+04 6.6406e+04 2.1875e+08
8.1250e+04 6.6406e+04 1.8750e+08
8.4375e+04 6.6406e+04 1.5625e+08
8.7500e+04 6.6406e+04 1.2500e+08
9.0625e+04 6.6406e+04 9.3750e+07
9.3750e+04 6.6406e+04 6.2500e+07
9.6875e+04 6.6406e+04 3.1250e+07
1.0000e+05 6.6406e+04 2.5755e-05
0.0000e+00 6.7188e+04 1.0000e+09
3.1250e+03 6.7188e+04 9.6875e+08
6.2500e+03 6.7188e+04 9.3750e+08
9.3750e+03 6.7188e+04 9.0625e+08
1.2500e+04 6.7188e+04 8.7500e+08
1.5625e+04 6.7188e+04 8.4375e+08
1.8750e+04 6.7188e+04 8.1250e+08
2.1875e+04 6.7188e+04 7.8125e+08
2.5000e+04 6.7188e+04 7.5000e+08
2.8125e+04 6.7188e+04 7.1875e+08
3.1250e+04 6.7188e+04 6.8750e+08
3.4375e+04 6.7188e+04 6.5625e+08
3.7500e+04 6.7188e+04 6.2500e+08
4.0625e+04 6.7188e+04 5.9375e+08
4.3750e+04 6.7188e+04 5.6250e+08
4.6875e+04 6.7188e+04 5.3125e+08
5.0000e+04 6.7188e+04 5.0000e+08
5.3125e+04 6.7188e+04 4.6875e+08
5.6250e+04 6.7188e+04 4.3750e+08
5.9375e+04 6.7188e+04 4.0625e+08
6.2500e+04 6.7188e+04 3.7500e+08
6.5625e+04 6.7188e+04 3.4375e+08
6.8750e+04 6.7188e+04 3.1250e+08
7.1875e+04 6.7188e+04 2.8125e+08
7.5000e+04 6.7188e+04 2.5000e+08
7.8125e+04 6.7188e+04 2.1875e+08
8.1250e+04 6.7188e+04 1.8750e+08
8.4375e+04 6.7188e+04 1.5625e+08
8.7500e+04 6.7188e+04 1.2500e+08
9.0625e+04 6.7188e+04 9.3750e+07
9.3750e+04 6.7188e+04 6.2500e+07
9.6875e+04 6.7188e+04 3.1250e+07
1.0000e+05 6.7188e+04 -3.7008e-05
0.0000e+00 6.7969e+04 1.0000e+09
3.1250e+03 6.7969e+04 9.6875e+08
6.2500e+03 6.7969e+04 9.3750e+08
9.3750e+03 6.7969e+04 9.0625e+08
1.2500e+04 6.7969e+04 8.7500e+08
1.5625e+04 6.7969e+04 8.4375e+08
1.8750e+04 6.7969e+04 8.1250e+08
2.1875e+04 6.7969e+04 7.8125e+08
2.5000e+04 6.7969e+04 7.5000e+08
2.8125e+04 6.7969e+04 7.1875e+08
3.1250e+04 6.7969e+04 6.8750e+08
3.4375e+04 6.7969e+04 6.5625e+08
3.7500e+04 6.7969e+04 6.2500e+08
4.0625e+04 6.7969e+04 5.9375e+08
4.3750e+04 6.7969e+04 5.6250e+08
4.6875e+04 6.7969e+04 5.3125e+08
5.0000e+04 6.7969e+04 5.0000e+08
5.3125e+04 6.7969e+04 4.6875e+08
5.6250e+04 6.7969e+04 4.3750e+08
5.9375e+04 6.7969e+04 4.0625e+08
6.2500e+04 6.7969e+04 3.7500e+08
6.5625e+04 6.7969e+04 3.4375e+08
6.8750e+04 6.7969e+04 3.1250e+08
7.1875e+04 6.7969e+04 2.8125e+08
7.5000e+04 6.7969e+04 2.5000e+08
7.8125e+04 6.7969e+04 2.1875e+08
8.1250e+04 6.7969e+04 1.8750e+08
8.4375e+04 6.7969e+04 1.5625e+08
8.7500e+04 6.7969e+04 1.2500e+08
9.0625e+04 6.7969e+04 9.3750e+07
9.3750e+04 6.7969e+04 6.2500e+07
9.6875e+04 6.7969e+04 3.1250e+07
1.0000e+05 6.7969e+04 -7.5707e-05
0.0000e+00 6.8750e+04 1.0000e+09
3.1250e+03 6.8750e+04 9.6875e+08
6.2500e+03 6.8750e+04 9.3750e+08
9.3750e+03 6.8750e+04 9.0625e+08
1.2500e+04 6.8750e+04 8.7500e+08
1.5625e+04 6.8750e+04 8.4375e+08
1.8750e+04 6.8750e+04 8.1250e+08
2.1875e+04 6.8750e+04 7.8125e+08
2.5000e+04 6.8750e+04 7.5000e+08
2.8125e+04 6.8750e+04 7.1875e+08
3.1250e+04 6.8750e+04 6.8750e+08
3.4375e+04 6.8750e+04 6.5625e+08
3.7500e+04 6.8750e+04 6.2500e+08
4.0625e+04 6.8750e+04 5.9375e+08
4.3750e+04 6.8750e+04 5.6250e+08
4.6875e+04 6.8750e+04 5.3125e+08
5.0000e+04 6.8750e+04 5.0000e+08
5.3125e+04 6.8750e+04 4.6875e+08
5.6250e+04 6.8750e+04 4.3750e+08
5.9375e+04 6.8750e+04 4.0625e+08
6.2500e+04 6.8750e+04 3.7500e+08
6.5625e+04 6.8750e+04 3.4375e+08
6.8750e+04 6.8750e+04 3.1250e+08
7.1875e+04 6.8750e+04 2.8125e+08
7.5000e+04 6.8750e+04 2.5000e+08
7.8125e+04 6.8750e+04 2.1875e+08
8.1250e+04 6.8750e+04 1.8750e+08
8.4375e+04 6.8750e+04 1.5625e+08
8.7500e+04 6.8750e+04 1.2500e+08
9.0625e+04 6.8750e+04 9.3750e+07
9.3750e+04 6.8750e+04 6.2500e+07
9.6875e+04 6.8750e+04 3.1250e+07
1.0000e+05 6.8750e+04 -1.1441e-04
0.0000e+00 6.9531e+04 1.0000e+09
3.1250e+03 6.9531e+04 9.6875e+08
6.2500e+03 6.9531e+04 9.3750e+08
9.3750e+03 6.9531e+04 9.0625e+08
1.2500e+04 6.9531e+04 8.7500e+08
1.5625e+04 6.9531e+04 8.4375e+08
1.8750e+04 6.9531e+04 8.1250e+08
2.1875e+04 6.9531e+04 7.8125e+08
2.5000e+04 6.9531e+04 7.5000e+08
2.8125e+04 6.9531e+04 7.1875e+08
3.1250e+04 6.9531e+04 6.8750e+08
3.4375e+04 6.9531e+04 6.5625e+08
3.7500e+04 6.9531e+04 6.2500e+08
4.0625e+04 6.9531e+04 5.9375e+08
4.3750e+04 6.9531e+04 5.6250e+08
4.6875e+04 6.9531e+04 5.3125e+08
5.0000e+04 6.9531e+04 5.0000e+08
5.3125e+04 6.9531e+04 4.6875e+08
5.6250e+04 6.9531e+04 4.3750e+08
5.9375e+04 6.9531e+04 4.0625e+08
6.2500e+04 6.9531e+04 3.7500e+08
6.5625e+04 6.9531e+04 3.4375e+08
6.8750e+04 6.9531e+04 3.1250e+08
7.1875e+04 6.9531e+04 2.8125e+08
7.5000e+04 6.9531e+04 2.5000e+08
7.8125e+04 6.9531e+04 2.1875e+08
8.1250e+04 6.9531e+04 1.8750e+08
8.4375e+04 6.9531e+04 1.5625e+08
8.7500e+04 6.9531e+04 1.2500e+08
9.0625e+04 6.9531e+04 9.3750e+07
9.3750e+04 6.9531e+04 6.2500e+07
9.6875e+04 6.9531e+04 3.1250e+07
1.0000e+05 6.9531e+04 -7.0397e-05
0.0000e+00 7.0312e+04 1.0000e+09
3.1250e+03 7.0312e+04 9.6875e+08
6.2500e+03 7.0312e+04 9.3750e+08
9.3750e+03 7.0312e+04 9.0625e+08
1.2500e+04 7.0312e+04 8.7500e+08
1.5625e+04 7.0312e+04 8.4375e+08
1.8750e+04 7.0312e+04 8.1250e+08
2.1875e+04 7.0312e+04 7.8125e+08
2.5000e+04 7.0312e+04 7.5000e+08
2.8125e+04 7.0312e+04 7.1875e+08
3.1250e+04 7.0312e+04 6.8750e+08
3.4375e+04 7.0312e+04 6.5625e+08
3.7500e+04 7.0312e+04 6.2500e+08
4.0625e+04 7.0312e+04 5.9375e+08
4.3750e+04 7.0312e+04 5.6250e+08
4.6875e+04 7.0312e+04 5.3125e+08
5.0000e+04 7.0312e+04 5.0000e+08
5.3125e+04 7.0312e+04 4.6875e+08
5.6250e+04 7.0312e+04 4.3750e+08
5.9375e+04 7.0312e+04 4.0625e+08
6.2500e+04 7.0312e+04 3.7500e+08
6.5625e+04 7.0312e+04 3.4375e+08
6.8750e+04 7.0312e+04 3.1250e+08
7.1875e+04 7.0312e+04 2.8125e+08
7.5000e+04 7.0312e+04 2.5000e+08
7.8125e+04 7.0312e+04 2.1875e+08
8.1250e+04 7.0312e+04 1.8750e+08
8.4375e+04 7.0312e+04 1.5625e+08
8.7500e+04 7.0312e+04 1.2500e+08
9.0625e+04 7.0312e+04 9.3750e+07
9.3750e+04 7.0312e+04 6.2500e+07
9.6875e+04 7.0312e+04 3.1250e+07
1.0000e+05 7.0312e+04 -2.6389e-05
0.0000e+00 7.1094e+04 1.0000e+09
3.1250e+03 7.1094e+04 9.6875e+08
6.2500e+03 7.1094e+04 9.3750e+08
9.3750e+03 7.1094e+04 9.0625e+08
1.2500e+04 7.1094e+04 8.7500e+08
1.5625e+04 7.1094e+04 8.4375e+08
1.8750e+04 7.1094e+04 8.1250e+08
2.1875e+04 7.1094e+04 7.8125e+08
2.5000e+04 7.1094e+04 7.5000e+08
2.8125e+04 7.1094e+04 7.1875e+08
3.1250e+04 7.1094e+04 6.8750e+08
3.4375e+04 7.1094e+04 6.5625e+08
3.7500e+04 7.1094e+04 6.2500e+08
4.0625e+04 7.1094e+04 5.9375e+08
4.3750e+04 7.1094e+04 5.6250e+08
4.6875e+04 7.1094e+04 5.3125e+08
5.0000e+04 7.1094e+04 5.0000e+08
5.3125e+04 7.1094e+04 4.6875e+08
5.6250e+04 7.1094e+04 4.3750e+08
5.9375e+04 7.1094e+04 4.0625e+08
6.2500e+04 7.1094e+04 3.7500e+08
6.5625e+04 7.1094e+04 3.4375e+08
6.8750e+04 7.1094e+04 3.1250e+08
7.1875e+04 7.1094e+04 2.8125e+08
7.5000e+04 7.1094e+04 2.5000e+08
7.8125e+04 7.1094e+04 2.1875e+08
8.1250e+04 7.1094e+04 1.8750e+08
8.4375e+04 7.1094e+04 1.5625e+08
8.7500e+04 7.1094e+04 1.2500e+08
9.0625e+04 7.1094e+04 9.3750e+07
9.3750e+04 7.1094e+04 6.2500e+07
9.6875e+04 7.1094e+04 3.1250e+07
1.0000e+05 7.1094e+04 3.0012e-07
0.0000e+00 7.1875e+04 1.0000e+09
3.1250e+03 7.1875e+04 9.6875e+08
6.2500e+03 7.1875e+04 9.3750e+08
9.3750e+03 7.1875e+04 9.0625e+08
1.2500e+04 7.1875e+04 8.7500e+08
1.5625e+04 7.1875e+04 8.4375e+08
1.8750e+04 7.1875e+04 8.1250e+08
2.1875e+04 7.1875e+04 7.8125e+08
2.5000e+04 7.1875e+04 7.5000e+08
2.8125e+04 7.1875e+04 7.1875e+08
3.1250e+04 7.1875e+04 6.8750e+08
3.4375e+04 7.1875e+04 6.5625e+08
3.7500e+04 7.1875e+04 6.2500e+08
4.0625e+04 7.1875e+04 5.9375e+08
4.3750e+04 7.1875e+04 5.6250e+08
4.6875e+04 7.1875e+04 5.3125e+08
5.0000e+04 7.1875e+04 5.0000e+08
5.3125e+04 7.1875e+04 4.6875e+08
5.6250e+04 7.1875e+04 4.3750e+08
5.9375e+04 7.1875e+04 4.0625e+08
6.2500e+04 7.1875e+04 3.7500e+08
6.5625e+04 7.1875e+04 3.4375e+08
6.8750e+04 7.1875e+04 3.1250e+08
7.1875e+04 7.1875e+04 2.8125e+08
7.5000e+04 7.1875e+04 2.5000e+08
7.8125e+04 7.1875e+04 2.1875e+08
8.1250e+04 7.1875e+04 1.8750e+08
8.4375e+04 7.1875e+04 1.5625e+08
8.7500e+04 7.1875e+04 1.2500e+08
9.0625e+04 7.1875e+04 9.3750e+07
9.3750e+04 7.1875e+04 6.2500e+07
9.6875e+04 7.1875e+04 3.1250e+07
1.0000e+05 7.1875e+04 2.6989e-05
0.0000e+00 7.2656e+04 1.0000e+09
3.1250e+03 7.2656e+04 9.6875e+08
6.2500e+03 7.2656e+04 9.3750e+08
9.3750e+03 7.2656e+04 9.0625e+08
1.2500e+04 7.2656e+04 8.7500e+08
1.5625e+04 7.2656e+04 8.4375e+08
1.8750e+04 7.2656e+04 8.1250e+08
2.1875e+04 7.2656e+04 7.8125e+08
2.5000e+04 7.2656e+04 7.5000e+08
2.8125e+04 7.2656e+04 7.1875e+08
3.1250e+04 7.2656e+04 6.8750e+08
3.4375e+04 7.2656e+04 6.5625e+08
3.7500e+04 7.2656e+04 6.2500e+08
4.0625e+04 7.2656e+04 5.9375e+08
4.3750e+04 7.2656e+04 5.6250e+08
4.6875e+04 7.2656e+04 5.3125e+08
5.0000e+04 7.2656e+04 5.0000e+08
5.3125e+04 7.2656e+04 4.6875e+08
5.6250e+04 7.2656e+04 4.3750e+08
5.9375e+04 7.2656e+04 4.0625e+08
6.2500e+04 7.2656e+04 3.7500e+08
6.5625e+04 7.2656e+04 3.4375e+08
6.8750e+04 7.2656e+04 3.1250e+08
7.1875e+04 7.2656e+04 2.8125e+08
7.5000e+04 7.2656e+04 2.5000e+08
7.8125e+04 7.2656e+04 2.1875e+08
8.1250e+04 7.2656e+04 1.8750e+08
8.4375e+04 7.2656e+04 1.5625e+08
8.7500e+04 7.2656e+04 1.2500e+08
9.0625e+04 7.2656e+04 9.3750e+07
9.3750e+04 7.2656e+04 6.2500e+07
9.6875e+04 7.2656e+04 3.1250e+07
1.0000e+05 7.2656e+04 4.0556e-05
0.0000e+00 7.3438e+04 1.0000e+09
3.1250e+03 7.3438e+04 9.6875e+08
6.2500e+03 7.3438e+04 9.3750e+08
9.3750e+03 7.3438e+04 9.0625e+08
1.2500e+04 7.3438e+04 8.7500e+08
1.5625e+04 7.3438e+04 8.4375e+08
1.8750e+04 7.3438e+04 8.1250e+08
2.1875e+04 7.3438e+04 7.8125e+08
2.5000e+04 7.3438e+04 7.5000e+08
2.8125e+04 7.3438e+04 7.1875e+08
3.1250e+04 7.3438e+04 6.8750e+08
3.4375e+04 7.3438e+04 6.5625e+08
3.7500e+04 7.3438e+04 6.2500e+08
4.0625e+04 7.3438e+04 5.9375e+08
4.3750e+04 7.3438e+04 5.6250e+08
4.6875e+04 7.3438e+04 5.3125e+08
5.0000e+04 7.3438e+04 5.0000e+08
5.3125e+04 7.3438e+04 4.6875e+08
5.6250e+04 7.3438e+04 4.3750e+08
5.9375e+04 7.3438e+04 4.0625e+08
6.2500e+04 7.3438e+04 3.7500e+08
6.5625e+04 7.3438e+04 3.4375e+08
6.8750e+04 7.3438e+04 3.1250e+08
7.1875e+04 7.3438e+04 2.8125e+08
7.5000e+04 7.3438e+04 2.5000e+08
7.8125e+04 7.3438e+04 2.1875e+08
8.1250e+04 7.3438e+04 1.8750e+08
8.4375e+04 7.3438e+04 1.5625e+08
8.7500e+04 7.3438e+04 1.2500e+08
9.0625e+04 7.3438e+04 9.3750e+07
9.3750e+04 7.3438e+04 6.2500e+07
9.6875e+04 7.3438e+04 3.1250e+07
1.0000e+05 7.3438e+04 5.4122e-05
0.0000e+00 7.4219e+04 1.0000e+09
3.1250e+03 7.4219e+04 9.6875e+08
6.2500e+03 7.4219e+04 9.3750e+08
9.3750e+03 7.4219e+04 9.0625e+08
1.2500e+04 7.4219e+04 8.7500e+08
1.5625e+04 7.4219e+04 8.4375e+08
1.8750e+04 7.4219e+04 8.1250e+08
2.1875e+04 7.4219e+04 7.8125e+08
2.5000e+04 7.4219e+04 7.5000e+08
2.8125e+04 7.4219e+04 7.1875e+08
3.1250e+04 7.4219e+04 6.8750e+08
3.4375e+04 7.4219e+04 6.5625e+08
3.7500e+04 7.4219e+04 6.2500e+08
4.0625e+04 7.4219e+04 5.9375e+08
4.3750e+04 7.4219e+04 5.6250e+08
4.6875e+04 7.4219e+04 5.3125e+08
5.0000e+04 7.4219e+04 5.0000e+08
5.3125e+04 7.4219e+04 4.6875e+08
5.6250e+04 7.4219e+04 4.3750e+08
5.9375e+04 7.4219e+04 4.0625e+08
6.2500e+04 7.4219e+04 3.7500e+08
6.5625e+04 7.4219e+04 3.4375e+08
6.8750e+04 7.4219e+04 3.1250e+08
7.1875e+04 7.4219e+04 2.8125e+08
7.5000e+04 7.4219e+04 2.5000e+08
7.8125e+04 7.4219e+04 2.1875e+08
8.1250e+04 7.4219e+04 1.8750e+08
8.4375e+04 7.4219e+04 1.5625e+08
8.7500e+04 7.4219e+04 1.2500e+08
9.0625e+04 7.4219e+04 9.3750e+07
9.3750e+04 7.4219e+04 6.2500e+07
9.6875e+04 7.4219e+04 3.1250e+07
1.0000e+05 7.4219e+04 2.6970e-05
0.0000e+00 7.5000e+04 1.0000e+09
3.1250e+03 7.5000e+04 9.6875e+08
6.2500e+03 7.5000e+04 9.3750e+08
9.3750e+03 7.5000e+04 9.0625e+08
1.2500e+04 7.5000e+04 8.7500e+08
1.5625e+04 7.5000e+04 8.4375e+08
1.8750e+04 7.5000e+04 8.1250e+08
2.1875e+04 7.5000e+04 7.8125e+08
2.5000e+04 7.5000e+04 7.5000e+08
2.8125e+04 7.5000e+04 7.1875e+08
3.1250e+04 7.5000e+04 6.8750e+08
3.4375e+04 7.5000e+04 6.5625e+08
3.7500e+04 7.5000e+04 6.2500e+08
4.0625e+04 7.5000e+04 5.9375e+08
4.3750e+04 7.5000e+04 5.6250e+08
4.6875e+04 7.5000e+04 5.3125e+08
5.0000e+04 7.5000e+04 5.0000e+08
5.3125e+04 7.5000e+04 4.6875e+08
5.6250e+04 7.5000e+04 4.3750e+08
5.9375e+04 7.5000e+04 4.0625e+08
6.2500e+04 7.5000e+04 3.7500e+08
6.5625e+04 7.5000e+04 3.4375e+08
6.8750e+04 7.5000e+04 3.1250e+08
7.1875e+04 7.5000e+04 2.8125e+08
7.5000e+04 7.5000e+04 2.5000e+08
7.8125e+04 7.5000e+04 2.1875e+08
8.1250e+04 7.5000e+04 1.8750e+08
8.4375e+04 7.5000e+04 1.5625e+08
8.7500e+04 7.5000e+04 1.2500e+08
9.0625e+04 7.5000e+04 9.3750e+07
9.3750e+04 7.5000e+04 6.2500e+07
9.6875e+04 7.5000e+04 3.1250e+07
1.0000e+05 7.5000e+04 -1.8175e-07
0.0000e+00 7.5781e+04 1.0000e+09
3.1250e+03 7.5781e+04 9.6875e+08
6.2500e+03 7.5781e+04 9.3750e+08
9.3750e+03 7.5781e+04 9.0625e+08
1.2500e+04 7.5781e+04 8.7500e+08
1.5625e+04 7.5781e+04 8.4375e+08
1.8750e+04 7.5781e+04 8.1250e+08
2.1875e+04 7.5781e+04 7.8125e+08
2.5000e+04 7.5781e+04 7.5000e+08
2.8125e+04 7.5781e+04 7.1875e+08
3.1250e+04 7.5781e+04 6.8750e+08
3.4375e+04 7.5781e+04 6.5625e+08
3.7500e+04 7.5781e+04 6.2500e+08
4.0625e+04 7.5781e+04 5.9375e+08
4.3750e+04 7.5781e+04 5.6250e+08
4.6875e+04 7.5781e+04 5.3125e+08
5.0000e+04 7.5781e+04 5.0000e+08
5.3125e+04 7.5781e+04 4.6875e+08
5.6250e+04 7.5781e+04 4.3750e+08
5.9375e+04 7.5781e+04 4.0625e+08
6.2500e+04 7.5781e+04 3.7500e+08
6.5625e+04 7.5781e+04 3.4375e+08
6.8750e+04 7.5781e+04 3.1250e+08
7.1875e+04 7.5781e+04 2.8125e+08
7.5000e+04 7.5781e+04 2.5000e+08
7.8125e+04 7.5781e+04 2.1875e+08
8.1250e+04 7.5781e+04 1.8750e+08
8.4375e+04 7.5781e+04 1.5625e+08
8.7500e+04 7.5781e+04 1.2500e+08
9.0625e+04 7.5781e+04 9.3750e+07
9.3750e+04 7.5781e+04 6.2500e+07
9.6875e+04 7.5781e+04 3.1250e+07
1.0000e+05 7.5781e+04 7.3964e-07
0.0000e+00 7.6562e+04 1.0000e+09
3.1250e+03 7.6562e+04 9.6875e+08
6.2500e+03 7.6562e+04 9.3750e+08
9.3750e+03 7.6562e+04 9.0625e+08
1.2500e+04 7.6562e+04 8.7500e+08
1.5625e+04 7.6562e+04 8.4375e+08
1.8750e+04 7.6562e+04 8.1250e+08
2.1875e+04 7.6562e+04 7.8125e+08
2.5000e+04 7.6562e+04 7.5000e+08
2.8125e+04 7.6562e+04 7.1875e+08
3.1250e+04 7.6562e+04 6.8750e+08
3.4375e+04 7.6562e+04 6.5625e+08
3.7500e+04 7.6562e+04 6.2500e+08
4.0625e+04 7.6562e+04 5.9375e+08
4.3750e+04 7.6562e+04 5.6250e+08
4.6875e+04 7.6562e+04 5.3125e+08
5.0000e+04 7.6562e+04 5.0000e+08
5.3125e+04 7.6562e+04 4.6875e+08
5.6250e+04 7.6562e+04 4.3750e+08
5.9375e+04 7.6562e+04 4.0625e+08
6.2500e+04 7.6562e+04 3.7500e+08
6.5625e+04 7.6562e+04 3.4375e+08
6.8750e+04 7.6562e+04 3.1250e+08
7.1875e+04 7.6562e+04 2.8125e+08
7.5000e+04 7.6562e+04 2.5000e+08
7.8125e+04 7.6562e+04 2.1875e+08
8.1250e+04 7.6562e+04 1.8750e+08
8.4375e+04 7.6562e+04 1.5625e+08
8.7500e+04 7.6562e+04 1.2500e+08
9.0625e+04 7.6562e+04 9.3750e+07
9.3750e+04 7.6562e+04 6.2500e+07
9.6875e+04 7.6562e+04 3.1250e+07
1.0000e+05 7.6562e+04 1.6610e-06
0.0000e+00 7.7344e+04 1.0000e+09
3.1250e+03 7.7344e+04 9.6875e+08
6.2500e+03 7.7344e+04 9.3750e+08
9.3750e+03 7.7344e+04 9.0625e+08
1.2500e+04 7.7344e+04 8.7500e+08
1.5625e+04 7.7344e+04 8.4375e+08
1.8750e+04 7.7344e+04 8.1250e+08
2.1875e+04 7.7344e+04 7.8125e+08
2.5000e+04 7.7344e+04 7.5000e+08
2.8125e+04 7.7344e+04 7.1875e+08
3.1250e+04 7.7344e+04 6.8750e+08
3.4375e+04 7.7344e+04 6.5625e+08
3.7500e+04 7.7344e+04 6.2500e+08
4.0625e+04 7.7344e+04 5.9375e+08
4.3750e+04 7.7344e+04 5.6250e+08
4.6875e+04 7.7344e+04 5.3125e+08
5.0000e+04 7.7344e+04 5.0000e+08
5.3125e+04 7.7344e+04 4.6875e+08
5.6250e+04 7.7344e+04 4.3750e+08
5.9375e+04 7.7344e+04 4.0625e+08
6.2500e+04 7.7344e+04 3.7500e+08
6.5625e+04 7.7344e+04 3.4375e+08
6.8750e+04 7.7344e+04 3.1250e+08
7.1875e+04 7.7344e+04 2.8125e+08
7.5000e+04 7.7344e+04 2.5000e+08
7.8125e+04 7.7344e+04 2.1875e+08
8.1250e+04 7.7344e+04 1.8750e+08
8.4375e+04 7.7344e+04 1.5625e+08
8.7500e+04 7.7344e+04 1.2500e+08
9.0625e+04 7.7344e+04 9.3750e+07
9.3750e+04 7.7344e+04 6.2500e+07
9.6875e+04 7.7344e+04 3.1250e+07
1.0000e+05 7.7344e+04 6.9230e-07
0.0000e+00 7.8125e+04 1.0000e+09
3.1250e+03 7.8125e+04 9.6875e+08
6.2500e+03 7.8125e+04 9.3750e+08
9.3750e+03 7.8125e+04 9.0625e+08
1.2500e+04 7.8125e+04 8.7500e+08
1.5625e+04 7.8125e+04 8.4375e+08
1.8750e+04 7.8125e+04 8.1250e+08
2.1875e+04 7.8125e+04 7.8125e+08
2.5000e+04 7.8125e+04 7.5000e+08
2.8125e+04 7.8125e+04 7.1875e+08
3.1250e+04 7.8125e+04 6.8750e+08
3.4375e+04 7.8125e+04 6.5625e+08
3.7500e+04 7.8125e+04 6.2500e+08
4.0625e+04 7.8125e+04 5.9375e+08
4.3750e+04 7.8125e+04 5.6250e+08
4.6875e+04 7.8125e+04 5.3125e+08
5.0000e+04 7.8125e+04 5.0000e+08
5.3125e+04 7.8125e+04 4.6875e+08
5.6250e+04 7.8125e+04 4.3750e+08
5.9375e+04 7.8125e+04 4.0625e+08
6.2500e+04 7.8125e+04 3.7500e+08
6.5625e+04 7.8125e+04 3.4375e+08
6.8750e+04 7.8125e+04 3.1250e+08
7.1875e+04 7.8125e+04 2.8125e+08
7.5000e+04 7.8125e+04 2.5000e+08
7.8125e+04 7.8125e+04 2.1875e+08
8.1250e+04 7.8125e+04 1.8750e+08
8.4375e+04 7.8125e+04 1.5625e+08
8.7500e+04 7.8125e+04 1.2500e+08
9.0625e+04 7.8125e+04 9.3750e+07
9.3750e+04 7.8125e+04 6.2500e+07
9.6875e+04 7.8125e+04 3.1250e+07
1.0000e+05 7.8125e+04 -2.7642e-07
0.0000e+00 7.8906e+04 1.0000e+09
3.1250e+03 7.8906e+04 9.6875e+08
6.2500e+03 7.8906e+04 9.3750e+08
9.3750e+03 7.8906e+04 9.0625e+08
1.2500e+04 7.8906e+04 8.7500e+08
1.5625e+04 7.8906e+04 8.4375e+08
1.8750e+04 7.8906e+04 8.1250e+08
2.1875e+04 7.8906e+04 7.8125e+08
2.5000e+04 7.8906e+04 7.5000e+08
2.8125e+04 7.8906e+04 7.1875e+08
3.1250e+04 7.8906e+04 6.8750e+08
3.4375e+04 7.8906e+04 6.5625e+08
3.7500e+04 7.8906e+04 6.2500e+08
4.0625e+04 7.8906e+04 5.9375e+08
4.3750e+04 7.8906e+04 5.6250e+08
4.6875e+04 7.8906e+04 5.3125e+08
5.0000e+04 7.8906e+04 5.0000e+08
5.3125e+04 7.8906e+04 4.6875e+08
5.6250e+04 7.8906e+04 4.3750e+08
5.9375e+04 7.8906e+04 4.0625e+08
6.2500e+04 7.8906e+04 3.7500e+08
6.5625e+04 7.8906e+04 3.4375e+08
6.8750e+04 7.8906e+04 3.1250e+08
7.1875e+04 7.8906e+04 2.8125e+08
7.5000e+04 7.8906e+04 2.5000e+08
7.8125e+04 7.8906e+04 2.1875e+08
8.1250e+04 7.8906e+04 1.8750e+08
8.4375e+04 7.8906e+04 1.5625e+08
8.7500e+04 7.8906e+04 1.2500e+08
9.0625e+04 7.8906e+04 9.3750e+07
9.3750e+04 7.8906e+04 6.2500e+07
9.6875e+04 7.8906e+04 3.1250e+07
1.0000e+05 7.8906e+04 4.7161e-06
0.0000e+00 7.9688e+04 1.0000e+09
3.1250e+03 7.9688e+04 9.6875e+08
6.2500e+03 7.9688e+04 9.3750e+08
9.3750e+03 7.9688e+04 9.0625e+08
1.2500e+04 7.9688e+04 8.7500e+08
1.5625e+04 7.9688e+04 8.4375e+08
1.8750e+04 7.9688e+04 8.1250e+08
2.1875e+04 7.9688e+04 7.8125e+08
2.5000e+04 7.9688e+04 7.5000e+08
2.8125e+04 7.9688e+04 7.1875e+08
3.1250e+04 7.9688e+04 6.8750e+08
3.4375e+04 7.9688e+04 6.5625e+08
3.7500e+04 7.9688e+04 6.2500e+08
4.0625e+04 7.9688e+04 5.9375e+08
4.3750e+04 7.9688e+04 5.6250e+08
4.6875e+04 7.9688e+04 5.3125e+08
5.0000e+04 7.9688e+04 5.0000e+08
5.3125e+04 7.9688e+04 4.6875e+08
5.6250e+04 7.9688e+04 4.3750e+08
5.9375e+04 7.9688e+04 4.0625e+08
6.2500e+04 7.9688e+04 3.7500e+08
6.5625e+04 7.9688e+04 3.4375e+08
6.8750e+04 7.9688e+04 3.1250e+08
7.1875e+04 7.9688e+04 2.8125e+08
7.5000e+04 7.9688e+04 2.5000e+08
7.8125e+04 7.9688e+04 2.1875e+08
8.1250e+04 7.9688e+04 1.8750e+08
8.4375e+04 7.9688e+04 1.5625e+08
8.7500e+04 7.9688e+04 1.2500e+08
9.0625e+04 7.9688e+04 9.3750e+07
9.3750e+04 7.9688e+04 6.2500e+07
9.6875e+04 7.9688e+04 3.1250e+07
1.0000e+05 7.9688e+04 9.7087e-06
0.0000e+00 8.0469e+04 1.0000e+09
3.1250e+03 8.0469e+04 9.6875e+08
6.2500e+03 8.0469e+04 9.3750e+08
9.3750e+03 8.0469e+04 9.0625e+08
1.2500e+04 8.0469e+04 8.7500e+08
1.5625e+04 8.0469e+04 8.4375e+08
1.8750e+04 8.0469e+04 8.1250e+08
2.1875e+04 8.0469e+04 7.8125e+08
2.5000e+04 8.0469e+04 7.5000e+08
2.8125e+04 8.0469e+04 7.1875e+08
3.1250e+04 8.0469e+04 6.8750e+08
3.4375e+04 8.0469e+04 6.5625e+08
3.7500e+04 8.0469e+04 6.2500e+08
4.0625e+04 8.0469e+04 5.9375e+08
4.3750e+04 8.0469e+04 5.6250e+08
4.6875e+04 8.0469e+04 5.3125e+08
5.0000e+04 8.0469e+04 5.0000e+08
5.3125e+04 8.0469e+04 4.6875e+08
5.6250e+04 8.0469e+04 4.3750e+08
5.9375e+04 8.0469e+04 4.0625e+08
6.2500e+04 8.0469e+04 3.7500e+08
6.5625e+04 8.0469e+04 3.4375e+08
6.8750e+04 8.0469e+04 3.1250e+08
7.1875e+04 8.0469e+04 2.8125e+08
7.5000e+04 8.0469e+04 2.5000e+08
7.8125e+04 8.0469e+04 2.1875e+08
8.1250e+04 8.0469e+04 1.8750e+08
8.4375e+04 8.0469e+04 1.5625e+08
8.7500e+04 8.0469e+04 1.2500e+08
9.0625e+04 8.0469e+04 9.3750e+07
9.3750e+04 8.0469e+04 6.2500e+07
9.6875e+04 8.0469e+04 3.1250e+07
1.0000e+05 8.0469e+04 4.3495e-06
0.0000e+00 8.1250e+04 1.0000e+09
3.1250e+03 8.1250e+04 9.6875e+08
6.2500e+03 8.1250e+04 9.3750e+08
9.3750e+03 8.1250e+04 9.0625e+08
1.2500e+04 8.1250e+04 8.7500e+08
1.5625e+04 8.1250e+04 8.4375e+08
1.8750e+04 8.1250e+04 8.1250e+08
2.1875e+04 8.1250e+04 7.8125e+08
2.5000e+04 8.1250e+04 7.5000e+08
2.8125e+04 8.1250e+04 7.1875e+08
3.1250e+04 8.1250e+04 6.8750e+08
3.4375e+04 8.1250e+04 6.5625e+08
3.7500e+04 8.1250e+04 6.2500e+08
4.0625e+04 8.1250e+04 5.9375e+08
4.3750e+04 8.1250e+04 5.6250e+08
4.6875e+04 8.1250e+04 5.3125e+08
5.0000e+04 8.1250e+04 5.0000e+08
5.3125e+04 8.1250e+04 4.6875e+08
5.6250e+04 8.1250e+04 4.3750e+08
5.9375e+04 8.1250e+04 4.0625e+08
6.2500e+04 8.1250e+04 3.7500e+08
6.5625e+04 8.1250e+04 3.4375e+08
6.8750e+04 8.1250e+04 3.1250e+08
7.1875e+04 8.1250e+04 2.8125e+08
7.5000e+04 8.1250e+04 2.5000e+08
7.8125e+04 8.1250e+04 2.1875e+08
8.1250e+04 8.1250e+04 1.8750e+08
8.4375e+04 8.1250e+04 1.5625e+08
8.7500e+04 8.1250e+04 1.2500e+08
9.0625e+04 8.1250e+04 9.3750e+07
9.3750e+04 8.1250e+04 6.2500e+07
9.6875e+04 8.1250e+04 3.1250e+07
1.0000e+05 8.1250e+04 -1.0097e-06
0.0000e+00 8.2031e+04 1.0000e+09
3.1250e+03 8.2031e+04 9.6875e+08
6.2500e+03 8.2031e+04 9.3750e+08
9.3750e+03 8.2031e+04 9.0625e+08
1.2500e+04 8.2031e+04 8.7500e+08
1.5625e+04 8.2031e+04 8.4375e+08
1.8750e+04 8.2031e+04 8.1250e+08
2.1875e+04 8.2031e+04 7.8125e+08
2.5000e+04 8.2031e+04 7.5000e+08
2.8125e+04 8.2031e+04 7.1875e+08
3.1250e+04 8.2031e+04 6.8750e+08
3.4375e+04 8.2031e+04 6.5625e+08
3.7500e+04 8.2031e+04 6.2500e+08
4.0625e+04 8.2031e+04 5.9375e+08
4.3750e+04 8.2031e+04 5.6250e+08
4.6875e+04 8.2031e+04 5.3125e+08
5.0000e+04 8.2031e+04 5.0000e+08
5.3125e+04 8.2031e+04 4.6875e+08
5.6250e+04 8.2031e+04 4.3750e+08
5.9375e+04 8.2031e+04 4.0625e+08
6.2500e+04 8.2031e+04 3.7500e+08
6.5625e+04 8.2031e+04 3.4375e+08
6.8750e+04 8.2031e+04 3.1250e+08
7.1875e+04 8.2031e+04 2.8125e+08
7.5000e+04 8.2031e+04 2.5000e+08
7.8125e+04 8.2031e+04 2.1875e+08
8.1250e+04 8.2031e+04 1.8750e+08
8.4375e+04 8.2031e+04 1.5625e+08
8.7500e+04 8.2031e+04 1.2500e+08
9.0625e+04 8.2031e+04 9.3750e+07
9.3750e+04 8.2031e+04 6.2500e+07
9.6875e+04 8.2031e+04 3.1250e+07
1.0000e+05 8.2031e+04 1.2079e-06
0.0000e+00 8.2812e+04 1.0000e+09
3.1250e+03 8.2812e+04 9.6875e+08
6.2500e+03 8.2812e+04 9.3750e+08
9.3750e+03 8.2812e+04 9.0625e+08
1.2500e+04 8.2812e+04 8.7500e+08
1.5625e+04 8.2812e+04 8.4375e+08
1.8750e+04 8.2812e+04 8.1250e+08
2.1875e+04 8.2812e+04 7.8125e+08
2.5000e+04 8.2812e+04 7.5000e+08
2.8125e+04 8.2812e+04 7.1875e+08
3.1250e+04 8.2812e+04 6.8750e+08
3.4375e+04 8.2812e+04 6.5625e+08
3.7500e+04 8.2812e+04 6.2500e+08
4.0625e+04 8.2812e+04 5.9375e+08
4.3750e+04 8.2812e+04 5.6250e+08
4.6875e+04 8.2812e+04 5.3125e+08
5.0000e+04 8.2812e+04 5.0000e+08
5.3125e+04 8.2812e+04 4.6875e+08
5.6250e+04 8.2812e+04 4.3750e+08
5.9375e+04 8.2812e+04 4.0625e+08
6.2500e+04 8.2812e+04 3.7500e+08
6.5625e+04 8.2812e+04 3.4375e+08
6.8750e+04 8.2812e+04 3.1250e+08
7.1875e+04 8.2812e+04 2.8125e+08
7.5000e+04 8.2812e+04 2.5000e+08
7.8125e+04 8.2812e+04 2.1875e+08
8.1250e+04 8.2812e+04 1.8750e+08
8.4375e+04 8.2812e+04 1.5625e+08
8.7500e+04 8.2812e+04 1.2500e+08
9.0625e+04 8.2812e+04 9.3750e+07
9.3750e+04 8.2812e+04 6.2500e+07
9.6875e+04 8.2812e+04 3.1250e+07
1.0000e+05 8.2812e+04 3.4255e-06
0.0000e+00 8.3594e+04 1.0000e+09
3.1250e+03 8.3594e+04 9.6875e+08
6.2500e+03 8.3594e+04 9.3750e+08
9.3750e+03 8.3594e+04 9.0625e+08
1.2500e+04 8.3594e+04 8.7500e+08
1.5625e+04 8.3594e+04 8.4375e+08
1.8750e+04 8.3594e+04 8.1250e+08
2.1875e+04 8.3594e+04 7.8125e+08
2.5000e+04 8.3594e+04 7.5000e+08
2.8125e+04 8.3594e+04 7.1875e+08
3.1250e+04 8.3594e+04 6.8750e+08
3.4375e+04 8.3594e+04 6.5625e+08
3.7500e+04 8.3594e+04 6.2500e+08
4.0625e+04 8.3594e+04 5.9375e+08
4.3750e+04 8.3594e+04 5.6250e+08
4.6875e+04 8.3594e+04 5.3125e+08
5.0000e+04 8.3594e+04 5.0000e+08
5.3125e+04 8.3594e+04 4.6875e+08
5.6250e+04 8.3594e+04 4.3750e+08
5.9375e+04 8.3594e+04 4.0625e+08
6.2500e+04 8.3594e+04 3.7500e+08
6.5625e+04 8.3594e+04 3.4375e+08
6.8750e+04 8.3594e+04 3.1250e+08
7.1875e+04 8.3594e+04 2.8125e+08
7.5000e+04 8.3594e+04 2.5000e+08
7.8125e+04 8.3594e+04 2.1875e+08
8.1250e+04 8.3594e+04 1.8750e+08
8.4375e+04 8.3594e+04 1.5625e+08
8.7500e+04 8.3594e+04 1.2500e+08
9.0625e+04 8.3594e+04 9.3750e+07
9.3750e+04 8.3594e+04 6.2500e+07
9.6875e+04 8.3594e+04 3.1250e+07
1.0000e+05 8.3594e+04 4.3583e-06
0.0000e+00 8.4375e+04 1.0000e+09
3.1250e+03 8.4375e+04 9.6875e+08
6.2500e+03 8.4375e+04 9.3750e+08
9.3750e+03 8.4375e+04 9.0625e+08
1.2500e+04 8.4375e+04 8.7500e+08
1.5625e+04 8.4375e+04 8.4375e+08
1.8750e+04 8.4375e+04 8.1250e+08
2.1875e+04 8.4375e+04 7.8125e+08
2.5000e+04 8.4375e+04 7.5000e+08
2.8125e+04 8.4375e+04 7.1875e+08
3.1250e+04 8.4375e+04 6.8750e+08
3.4375e+04 8.4375e+04 6.5625e+08
3.7500e+04 8.4375e+04 6.2500e+08
4.0625e+04 8.4375e+04 5.9375e+08
4.3750e+04 8.4375e+04 5.6250e+08
4.6875e+04 8.4375e+04 5.3125e+08
5.0000e+04 8.4375e+04 5.0000e+08
5.3125e+04 8.4375e+04 4.6875e+08
5.6250e+04 8.4375e+04 4.3750e+08
5.9375e+04 8.4375e+04 4.0625e+08
6.2500e+04 8.4375e+04 3.7500e+08
6.5625e+04 8.4375e+04 3.4375e+08
6.8750e+04 8.4375e+04 3.1250e+08
7.1875e+04 8.4375e+04 2.8125e+08
7.5000e+04 8.4375e+04 2.5000e+08
7.8125e+04 8.4375e+04 2.1875e+08
8.1250e+04 8.4375e+04 1.8750e+08
8.4375e+04 8.4375e+04 1.5625e+08
8.7500e+04 8.4375e+04 1.2500e+08
9.0625e+04 8.4375e+04 9.3750e+07
9.3750e+04 8.4375e+04 6.2500e+07
9.6875e+04 8.4375e+04 3.1250e+07
1.0000e+05 8.4375e+04 5.2910e-06
0.0000e+00 8.5156e+04 1.0000e+09
3.1250e+03 8.5156e+04 9.6875e+08
6.2500e+03 8.5156e+04 9.3750e+08
9.3750e+03 8.5156e+04 9.0625e+08
1.2500e+04 8.5156e+04 8.7500e+08
1.5625e+04 8.5156e+04 8.4375e+08
1.8750e+04 8.5156e+04 8.1250e+08
2.1875e+04 8.5156e+04 7.8125e+08
2.5000e+04 8.5156e+04 7.5000e+08
2.8125e+04 8.5156e+04 7.1875e+08
3.1250e+04 8.5156e+04 6.8750e+08
3.4375e+04 8.5156e+04 6.5625e+08
3.7500e+04 8.5156e+04 6.2500e+08
4.0625e+04 8.5156e+04 5.9375e+08
4.3750e+04 8.5156e+04 5.6250e+08
4.6875e+04 8.5156e+04 5.3125e+08
5.0000e+04 8.5156e+04 5.0000e+08
5.3125e+04 8.5156e+04 4.6875e+08
5.6250e+04 8.5156e+04 4.3750e+08
5.9375e+04 8.5156e+04 4.0625e+08
6.2500e+04 8.5156e+04 3.7500e+08
6.5625e+04 8.5156e+04 3.4375e+08
6.8750e+04 8.5156e+04 3.1250e+08
7.1875e+04 8.5156e+04 2.8125e+08
7.5000e+04 8.5156e+04 2.5000e+08
7.8125e+04 8.5156e+04 2.1875e+08
8.1250e+04 8.5156e+04 1.8750e+08
8.4375e+04 8.5156e+04 1.5625e+08
8.7500e+04 8.5156e+04 1.2500e+08
9.0625e+04 8.5156e+04 9.3750e+07
9.3750e+04 8.5156e+04 6.2500e+07
9.6875e+04 8.5156e+04 3.1250e+07
1.0000e+05 8.5156e+04 3.7209e-06
0.0000e+00 8.5938e+04 1.0000e+09
3.1250e+03 8.5938e+04 9.6875e+08
6.2500e+03 8.5938e+04 9.3750e+08
9.3750e+03 8.5938e+04 9.0625e+08
1.2500e+04 8.5938e+04 8.7500e+08
1.5625e+04 8.5938e+04 8.4375e+08
1.8750e+04 8.5938e+04 8.1250e+08
2.1875e+04 8.5938e+04 7.8125e+08
2.5000e+04 8.5938e+04 7.5000e+08
2.8125e+04 8.5938e+04 7.1875e+08
3.1250e+04 8.5938e+04 6.8750e+08
3.4375e+04 8.5938e+04 6.5625e+08
3.7500e+04 8.5938e+04 6.2500e+08
4.0625e+04 8.5938e+04 5.9375e+08
4.3750e+04 8.5938e+04 5.6250e+08
4.6875e+04 8.5938e+04 5.3125e+08
5.0000e+04 8.5938e+04 5.0000e+08
5.3125e+04 8.5938e+04 4.6875e+08
5.6250e+04 8.5938e+04 4.3750e+08
5.9375e+04 8.5938e+04 4.0625e+08
6.2500e+04 8.5938e+04 3.7500e+08
6.5625e+04 8.5938e+04 3.4375e+08
6.8750e+04 8.5938e+04 3.1250e+08
7.1875e+04 8.5938e+04 2.8125e+08
7.5000e+04 8.5938e+04 2.5000e+08
7.8125e+04 8.5938e+04 2.1875e+08
8.1250e+04 8.5938e+04 1.8750e+08
8.4375e+04 8.5938e+04 1.5625e+08
8.7500e+04 8.5938e+04 1.2500e+08
9.0625e+04 8.5938e+04 9.3750e+07
9.3750e+04 8.5938e+04 6.2500e+07
9.6875e+04 8.5938e+04 3.1250e+07
1.0000e+05 8.5938e+04 2.1508e-06
0.0000e+00 8.6719e+04 1.0000e+09
3.1250e+03 8.6719e+04 9.6875e+08
6.2500e+03 8.6719e+04 9.3750e+08
9.3750e+03 8.6719e+04 9.0625e+08
1.2500e+04 8.6719e+04 8.7500e+08
1.5625e+04 8.6719e+04 8.4375e+08
1.8750e+04 8.6719e+04 8.1250e+08
2.1875e+04 8.6719e+04 7.8125e+08
2.5000e+04 8.6719e+04 7.5000e+08
2.8125e+04 8.6719e+04 7.1875e+08
3.1250e+04 8.6719e+04 6.8750e+08
3.4375e+04 8.6719e+04 6.5625e+08
3.7500e+04 8.6719e+04 6.2500e+08
4.0625e+04 8.6719e+04 5.9375e+08
4.3750e+04 8.6719e+04 5.6250e+08
4.6875e+04 8.6719e+04 5.3125e+08
5.0000e+04 8.6719e+04 5.0000e+08
5.3125e+04 8.6719e+04 4.6875e+08
5.6250e+04 8.6719e+04 4.3750e+08
5.9375e+04 8.6719e+04 4.0625e+08
6.2500e+04 8.6719e+04 3.7500e+08
6.5625e+04 8.6719e+04 3.4375e+08
6.8750e+04 8.6719e+04 3.1250e+08
7.1875e+04 8.6719e+04 2.8125e+08
7.5000e+04 8.6719e+04 2.5000e+08
7.8125e+04 8.6719e+04 2.1875e+08
8.1250e+04 8.6719e+04 1.8750e+08
8.4375e+04 8.6719e+04 1.5625e+08
8.7500e+04 8.6719e+04 1.2500e+08
9.0625e+04 8.6719e+04 9.3750e+07
9.3750e+04 8.6719e+04 6.2500e+07
9.6875e+04 8.6719e+04 3.1250e+07
1.0000e+05 8.6719e+04 3.3202e-06
0.0000e+00 8.7500e+04 1.0000e+09
3.1250e+03 8.7500e+04 9.6875e+08
6.2500e+03 8.7500e+04 9.3750e+08
9.3750e+03 8.7500e+04 9.0625e+08
1.2500e+04 8.7500e+04 8.7500e+08
1.5625e+04 8.7500e+04 8.4375e+08
1.8750e+04 8.7500e+04 8.1250e+08
2.1875e+04 8.7500e+04 7.8125e+08
2.5000e+04 8.7500e+04 7.5000e+08
2.8125e+04 8.7500e+04 7.1875e+08
3.1250e+04 8.7500e+04 6.8750e+08
3.4375e+04 8.7500e+04 6.5625e+08
3.7500e+04 8.7500e+04 6.2500e+08
4.0625e+04 8.7500e+04 5.9375e+08
4.3750e+04 8.7500e+04 5.6250e+08
4.6875e+04 8.7500e+04 5.3125e+08
5.0000e+04 8.7500e+04 5.0000e+08
5.3125e+04 8.7500e+04 4.6875e+08
5.6250e+04 8.7500e+04 4.3750e+08
5.9375e+04 8.7500e+04 4.0625e+08
6.2500e+04 8.7500e+04 3.7500e+08
6.5625e+04 8.7500e+04 3.4375e+08
6.8750e+04 8.7500e+04 3.1250e+08
7.1875e+04 8.7500e+04 2.8125e+08
7.5000e+04 8.7500e+04 2.5000e+08
7.8125e+04 8.7500e+04 2.1875e+08
8.1250e+04 8.7500e+04 1.8750e+08
8.4375e+04 8.7500e+04 1.5625e+08
8.7500e+04 8.7500e+04 1.2500e+08
9.0625e+04 8.7500e+04 9.3750e+07
9.3750e+04 8.7500e+04 6.2500e+07
9.6875e+04 8.7500e+04 3.1250e+07
1.0000e+05 8.7500e+04 4.4896e-06
0.0000e+00 8.8281e+04 1.0000e+09
3.1250e+03 8.8281e+04 9.6875e+08
6.2500e+03 8.8281e+04 9.3750e+08
9.3750e+03 8.8281e+04 9.0625e+08
1.2500e+04 8.8281e+04 8.7500e+08
1.5625e+04 8.8281e+04 8.4375e+08
1.8750e+04 8.8281e+04 8.1250e+08
2.1875e+04 8.8281e+04 7.8125e+08
2.5000e+04 8.8281e+04 7.5000e+08
2.8125e+04 8.8281e+04 7.1875e+08
3.1250e+04 8.8281e+04 6.8750e+08
3.4375e+04 8.8281e+04 6.5625e+08
3.7500e+04 8.8281e+04 6.2500e+08
4.0625e+04 8.8281e+04 5.9375e+08
4.3750e+04 8.8281e+04 5.6250e+08
4.6875e+04 8.8281e+04 5.3125e+08
5.0000e+04 8.8281e+04 5.0000e+08
5.3125e+04 8.8281e+04 4.6875e+08
5.6250e+04 8.8281e+04 4.3750e+08
5.9375e+04 8.8281e+04 4.0625e+08
6.2500e+04 8.8281e+04 3.7500e+08
6.5625e+04 8.8281e+04 3.4375e+08
6.8750e+04 8.8281e+04 3.1250e+08
7.1875e+04 8.8281e+04 2.8125e+08
7.5000e+04 8.8281e+04 2.5000e+08
7.8125e+04 8.8281e+04 2.1875e+08
8.1250e+04 8.8281e+04 1.8750e+08
8.4375e+04 8.8281e+04 1.5625e+08
8.7500e+04 8.8281e+04 1.2500e+08
9.0625e+04 8.8281e+04 9.3750e+07
9.3750e+04 8.8281e+04 6.2500e+07
9.6875e+04 8.8281e+04 3.1250e+07
1.0000e+05 8.8281e+04 3.3631e-06
0.0000e+00 8.9062e+04 1.0000e+09
3.1250e+03 8.9062e+04 9.6875e+08
6.2500e+03 8.9062e+04 9.3750e+08
9.3750e+03 8.9062e+04 9.0625e+08
1.2500e+04 8.9062e+04 8.7500e+08
1.5625e+04 8.9062e+04 8.4375e+08
1.8750e+04 8.9062e+04 8.1250e+08
2.1875e+04 8.9062e+04 7.8125e+08
2.5000e+04 8.9062e+04 7.5000e+08
2.8125e+04 8.9062e+04 7.1875e+08
3.1250e+04 8.9062e+04 6.8750e+08
3.4375e+04 8.9062e+04 6.5625e+08
3.7500e+04 8.9062e+04 6.2500e+08
4.0625e+04 8.9062e+04 5.9375e+08
4.3750e+04 8.9062e+04 5.6250e+08
4.6875e+04 8.9062e+04 5.3125e+08
5.0000e+04 8.9062e+04 5.0000e+08
5.3125e+04 8.9062e+04 4.6875e+08
5.6250e+04 8.9062e+04 4.3750e+08
5.9375e+04 8.9062e+04 4.0625e+08
6.2500e+04 8.9062e+04 3.7500e+08
6.5625e+04 8.9062e+04 3.4375e+08
6.8750e+04 8.9062e+04 3.1250e+08
7.1875e+04 8.9062e+04 2.8125e+08
7.5000e+04 8.9062e+04 2.5000e+08
7.8125e+04 8.9062e+04 2.1875e+08
8.1250e+04 8.9062e+04 1.8750e+08
8.4375e+04 8.9062e+04 1.5625e+08
8.7500e+04 8.9062e+04 1.2500e+08
9.0625e+04 8.9062e+04 9.3750e+07
9.3750e+04 8.9062e+04 6.2500e+07
9.6875e+04 8.9062e+04 3.1250e+07
1.0000e+05 8.9062e+04 2.2366e-06
0.0000e+00 8.9844e+04 1.0000e+09
3.1250e+03 8.9844e+04 9.6875e+08
6.2500e+03 8.9844e+04 9.3750e+08
9.3750e+03 8.9844e+04 9.0625e+08
1.2500e+04 8.9844e+04 8.7500e+08
1.5625e+04 8.9844e+04 8.4375e+08
1.8750e+04 8.9844e+04 8.1250e+08
2.1875e+04 8.9844e+04 7.8125e+08
2.5000e+04 8.9844e+04 7.5000e+08
2.8125e+04 8.9844e+04 7.1875e+08
3.1250e+04 8.9844e+04 6.8750e+08
3.4375e+04 8.9844e+04 6.5625e+08
3.7500e+04 8.9844e+04 6.2500e+08
4.0625e+04 8.9844e+04 5.9375e+08
4.3750e+04 8.9844e+04 5.6250e+08
4.6875e+04 8.9844e+04 5.3125e+08
5.0000e+04 8.9844e+04 5.0000e+08
5.3125e+04 8.9844e+04 4.6875e+08
5.6250e+04 8.9844e+04 4.3750e+08
5.9375e+04 8.9844e+04 4.0625e+08
6.2500e+04 8.9844e+04 3.7500e+08
6.5625e+04 8.9844e+04 3.4375e+08
6.8750e+04 8.9844e+04 3.1250e+08
7.1875e+04 8.9844e+04 2.8125e+08
7.5000e+04 8.9844e+04 2.5000e+08
7.8125e+04 8.9844e+04 2.1875e+08
8.1250e+04 8.9844e+04 1.8750e+08
8.4375e+04 8.9844e+04 1.5625e+08
8.7500e+04 8.9844e+04 1.2500e+08
9.0625e+04 8.9844e+04 9.3750e+07
9.3750e+04 8.9844e+04 6.2500e+07
9.6875e+04 8.9844e+04 3.1250e+07
1.0000e+05 8.9844e+04 1.2975e-06
0.0000e+00 9.0625e+04 1.0000e+09
3.1250e+03 9.0625e+04 9.6875e+08
6.2500e+03 9.0625e+04 9.3750e+08
9.3750e+03 9.0625e+04 9.0625e+08
1.2500e+04 9.0625e+04 8.7500e+08
1.5625e+04 9.0625e+04 8.4375e+08
1.8750e+04 9.0625e+04 8.1250e+08
2.1875e+04 9.0625e+04 7.8125e+08
2.5000e+04 9.0625e+04 7.5000e+08
2.8125e+04 9.0625e+04 7.1875e+08
3.1250e+04 9.0625e+04 6.8750e+08
3.4375e+04 9.0625e+04 6.5625e+08
3.7500e+04 9.0625e+04 6.2500e+08
4.0625e+04 9.0625e+04 5.9375e+08
4.3750e+04 9.0625e+04 5.6250e+08
4.6875e+04 9.0625e+04 5.3125e+08
5.0000e+04 9.0625e+04 5.0000e+08
5.3125e+04 9.0625e+04 4.6875e+08
5.6250e+04 9.0625e+04 4.3750e+08
5.9375e+04 9.0625e+04 4.0625e+08
6.2500e+04 9.0625e+04 3.7500e+08
6.5625e+04 9.0625e+04 3.4375e+08
6.8750e+04 9.0625e+04 3.1250e+08
7.1875e+04 9.0625e+04 2.8125e+08
7.5000e+04 9.0625e+04 2.5000e+08
7.8125e+04 9.0625e+04 2.1875e+08
8.1250e+04 9.0625e+04 1.8750e+08
8.4375e+04 9.0625e+04 1.5625e+08
8.7500e+04 9.0625e+04 1.2500e+08
9.0625e+04 9.0625e+04 9.3750e+07
9.3750e+04 9.0625e+04 6.2500e+07
9.6875e+04 9.0625e+04 3.1250e+07
1.0000e+05 9.0625e+04 3.5846e-07
0.0000e+00 9.1406e+04 1.0000e+09
3.1250e+03 9.1406e+04 9.6875e+08
6.2500e+03 9.1406e+04 9.3750e+08
9.3750e+03 9.1406e+04 9.0625e+08
1.2500e+04 9.1406e+04 8.7500e+08
1.5625e+04 9.1406e+04 8.4375e+08
1.8750e+04 9.1406e+04 8.1250e+08
2.1875e+04 9.1406e+04 7.8125e+08
2.5000e+04 9.1406e+04 7.5000e+08
2.8125e+04 9.1406e+04 7.1875e+08
3.1250e+04 9.1406e+04 6.8750e+08
3.4375e+04 9.1406e+04 6.5625e+08
3.7500e+04 9.1406e+04 6.2500e+08
4.0625e+04 9.1406e+04 5.9375e+08
4.3750e+04 9.1406e+04 5.6250e+08
4.6875e+04 9.1406e+04 5.3125e+08
5.0000e+04 9.1406e+04 5.0000e+08
5.3125e+04 9.1406e+04 4.6875e+08
5.6250e+04 9.1406e+04 4.3750e+08
5.9375e+04 9.1406e+04 4.0625e+08
6.2500e+04 9.1406e+04 3.7500e+08
6.5625e+04 9.1406e+04 3.4375e+08
6.8750e+04 9.1406e+04 3.1250e+08
7.1875e+04 9.1406e+04 2.8125e+08
7.5000e+04 9.1406e+04 2.5000e+08
7.8125e+04 9.1406e+04 2.1875e+08
8.1250e+04 9.1406e+04 1.8750e+08
8.4375e+04 9.1406e+04 1.5625e+08
8.7500e+04 9.1406e+04 1.2500e+08
9.0625e+04 9.1406e+04 9.3750e+07
9.3750e+04 9.1406e+04 6.2500e+07
9.6875e+04 9.1406e+04 3.1250e+07
1.0000e+05 9.1406e+04 -8.7721e-08
0.0000e+00 9.2188e+04 1.0000e+09
3.1250e+03 9.2188e+04 9.6875e+08
6.2500e+03 9.2188e+04 9.3750e+08
9.3750e+03 9.2188e+04 9.0625e+08
1.2500e+04 9.2188e+04 8.7500e+08
1.5625e+04 9.2188e+04 8.4375e+08
1.8750e+04 9.2188e+04 8.1250e+08
2.1875e+04 9.2188e+04 7.8125e+08
2.5000e+04 9.2188e+04 7.5000e+08
2.8125e+04 9.2188e+04 7.1875e+08
3.1250e+04 9.2188e+04 6.8750e+08
3.4375e+04 9.2188e+04 6.5625e+08
3.7500e+04 9.2188e+04 6.2500e+08
4.0625e+04 9.2188e+04 5.9375e+08
4.3750e+04 9.2188e+04 5.6250e+08
4.6875e+04 9.2188e+04 5.3125e+08
5.0000e+04 9.2188e+04 5.0000e+08
5.3125e+04 9.2188e+04 4.6875e+08
5.6250e+04 9.2188e+04 4.3750e+08
5.9375e+04 9.2188e+04 4.0625e+08
6.2500e+04 9.2188e+04 3.7500e+08
6.5625e+04 9.2188e+04 3.4375e+08
6.8750e+04 9.2188e+04 3.1250e+08
7.1875e+04 9.2188e+04 2.8125e+08
7.5000e+04 9.2188e+04 2.5000e+08
7.8125e+04 9.2188e+04 2.1875e+08
8.1250e+04 9.2188e+04 1.8750e+08
8.4375e+04 9.2188e+04 1.5625e+08
8.7500e+04 9.2188e+04 1.2500e+08
9.0625e+04 9.2188e+04 9.3750e+07
9.3750e+04 9.2188e+04 6.2500e+07
9.6875e+04 9.2188e+04 3.1250e+07
1.0000e+05 9.2188e+04 -5.3390e-07
0.0000e+00 9.2969e+04 1.0000e+09
3.1250e+03 9.2969e+04 9.6875e+08
6.2500e+03 9.2969e+04 9.3750e+08
9.3750e+03 9.2969e+04 9.0625e+08
1.2500e+04 9.2969e+04 8.7500e+08
1.5625e+04 9.2969e+04 8.4375e+08
1.8750e+04 9.2969e+04 8.1250e+08
2.1875e+04 9.2969e+04 7.8125e+08
2.5000e+04 9.2969e+04 7.5000e+08
2.8125e+04 9.2969e+04 7.1875e+08
3.1250e+04 9.2969e+04 6.8750e+08
3.4375e+04 9.2969e+04 6.5625e+08
3.7500e+04 9.2969e+04 6.2500e+08
4.0625e+04 9.2969e+04 5.9375e+08
4.3750e+04 9.2969e+04 5.6250e+08
4.6875e+04 9.2969e+04 5.3125e+08
5.0000e+04 9.2969e+04 5.0000e+08
5.3125e+04 9.2969e+04 4.6875e+08
5.6250e+04 9.2969e+04 4.3750e+08
5.9375e+04 9.2969e+04 4.0625e+08
6.2500e+04 9.2969e+04 3.7500e+08
6.5625e+04 9.2969e+04 3.4375e+08
6.8750e+04 9.2969e+04 3.1250e+08
7.1875e+04 9.2969e+04 2.8125e+08
7.5000e+04 9.2969e+04 2.5000e+08
7.8125e+04 9.2969e+04 2.1875e+08
8.1250e+04 9.2969e+04 1.8750e+08
8.4375e+04 9.2969e+04 1.5625e+08
8.7500e+04 9.2969e+04 1.2500e+08
9.0625e+04 9.2969e+04 9.3750e+07
9.3750e+04 9.2969e+04 6.2500e+07
9.6875e+04 9.2969e+04 3.1250e+07
1.0000e+05 9.2969e+04 -1.6598e-06
0.0000e+00 9.3750e+04 1.0000e+09
3.1250e+03 9.3750e+04 9.6875e+08
6.2500e+03 9.3750e+04 9.3750e+08
9.3750e+03 9.3750e+04 9.0625e+08
1.2500e+04 9.3750e+04 8.7500e+08
1.5625e+04 9.3750e+04 8.4375e+08
1.8750e+04 9.3750e+04 8.1250e+08
2.1875e+04 9.3750e+04 7.8125e+08
2.5000e+04 9.3750e+04 7.5000e+08
2.8125e+04 9.3750e+04 7.1875e+08
3.1250e+04 9.3750e+04 6.8750e+08
3.4375e+04 9.3750e+04 6.5625e+08
3.7500e+04 9.3750e+04 6.2500e+08
4.0625e+04 9.3750e+04 5.9375e+08
4.3750e+04 9.3750e+04 5.6250e+08
4.6875e+04 9.3750e+04 5.3125e+08
5.0000e+04 9.3750e+04 5.0000e+08
5.3125e+04 9.3750e+04 4.6875e+08
5.6250e+04 9.3750e+04 4.3750e+08
5.9375e+04 9.3750e+04 4.0625e+08
6.2500e+04 9.3750e+04 3.7500e+08
6.5625e+04 9.3750e+04 3.4375e+08
6.8750e+04 9.3750e+04 3.1250e+08
7.1875e+04 9.3750e+04 2.8125e+08
7.5000e+04 9.3750e+04 2.5000e+08
7.8125e+04 9.3750e+04 2.1875e+08
8.1250e+04 9.3750e+04 1.8750e+08
8.4375e+04 9.3750e+04 1.5625e+08
8.7500e+04 9.3750e+04 1.2500e+08
9.0625e+04 9.3750e+04 9.3750e+07
9.3750e+04 9.3750e+04 6.2500e+07
9.6875e+04 9.3750e+04 3.1250e+07
1.0000e+05 9.3750e+04 -2.7856e-06
0.0000e+00 9.4531e+04 1.0000e+09
3.1250e+03 9.4531e+04 9.6875e+08
6.2500e+03 9.4531e+04 9.3750e+08
9.3750e+03 9.4531e+04 9.0625e+08
1.2500e+04 9.4531e+04 8.7500e+08
1.5625e+04 9.4531e+04 8.4375e+08
1.8750e+04 9.4531e+04 8.1250e+08
2.1875e+04 9.4531e+04 7.8125e+08
2.5000e+04 9.4531e+04 7.5000e+08
2.8125e+04 9.4531e+04 7.1875e+08
3.1250e+04 9.4531e+04 6.8750e+08
3.4375e+04 9.4531e+04 6.5625e+08
3.7500e+04 9.4531e+04 6.2500e+08
4.0625e+04 9.4531e+04 5.9375e+08
4.3750e+04 9.4531e+04 5.6250e+08
4.6875e+04 9.4531e+04 5.3125e+08
5.0000e+04 9.4531e+04 5.0000e+08
5.3125e+04 9.4531e+04 4.6875e+08
5.6250e+04 9.4531e+04 4.3750e+08
5.9375e+04 9.4531e+04 4.0625e+08
6.2500e+04 9.4531e+04 3.7500e+08
6.5625e+04 9.4531e+04 3.4375e+08
6.8750e+04 9.4531e+04 3.1250e+08
7.1875e+04 9.4531e+04 2.8125e+08
7.5000e+04 9.4531e+04 2.5000e+08
7.8125e+04 9.4531e+04 2.1875e+08
8.1250e+04 9.4531e+04 1.8750e+08
8.4375e+04 9.4531e+04 1.5625e+08
8.7500e+04 9.4531e+04 1.2500e+08
9.0625e+04 9.4531e+04 9.3750e+07
9.3750e+04 9.4531e+04 6.2500e+07
9.6875e+04 9.4531e+04 3.1250e+07
1.0000e+05 9.4531e+04 -1.8302e-07
0.0000e+00 9.5312e+04 1.0000e+09
3.1250e+03 9.5312e+04 9.6875e+08
6.2500e+03 9.5312e+04 9.3750e+08
9.3750e+03 9.5312e+04 9.0625e+08
1.2500e+04 9.5312e+04 8.7500e+08
1.5625e+04 9.5312e+04 8.4375e+08
1.8750e+04 9.5312e+04 8.1250e+08
2.1875e+04 9.5312e+04 7.8125e+08
2.5000e+04 9.5312e+04 7.5000e+08
2.8125e+04 9.5312e+04 7.1875e+08
3.1250e+04 9.5312e+04 6.8750e+08
3.4375e+04 9.5312e+04 6.5625e+08
3.7500e+04 9.5312e+04 6.2500e+08
4.0625e+04 9.5312e+04 5.9375e+08
4.3750e+04 9.5312e+04 5.6250e+08
4.6875e+04 9.5312e+04 5.3125e+08
5.0000e+04 9.5312e+04 5.0000e+08
5.3125e+04 9.5312e+04 4.6875e+08
5.6250e+04 9.5312e+04 4.3750e+08
5.9375e+04 9.5312e+04 4.0625e+08
6.2500e+04 9.5312e+04 3.7500e+08
6.5625e+04 9.5312e+04 3.4375e+08
6.8750e+04 9.5312e+04 3.1250e+08
7.1875e+04 9.5312e+04 2.8125e+08
7.5000e+04 9.5312e+04 2.5000e+08
7.8125e+04 9.5312e+04 2.1875e+08
8.1250e+04 9.5312e+04 1.8750e+08
8.4375e+04 9.5312e+04 1.5625e+08
8.7500e+04 9.5312e+04 1.2500e+08
9.0625e+04 9.5312e+04 9.3750e+07
9.3750e+04 9.5312e+04 6.2500e+07
9.6875e+04 9.5312e+04 3.1250e+07
1.0000e+05 9.5312e+04 2.4196e-06
0.0000e+00 9.6094e+04 1.0000e+09
3.1250e+03 9.6094e+04 9.6875e+08
6.2500e+03 9.6094e+04 9.3750e+08
9.3750e+03 9.6094e+04 9.0625e+08
1.2500e+04 9.6094e+04 8.7500e+08
1.5625e+04 9.6094e+04 8.4375e+08
1.8750e+04 9.6094e+04 8.1250e+08
2.1875e+04 9.6094e+04 7.8125e+08
2.5000e+04 9.6094e+04 7.5000e+08
2.8125e+04 9.6094e+04 7.1875e+08
3.1250e+04 9.6094e+04 6.8750e+08
3.4375e+04 9.6094e+04 6.5625e+08
3.7500e+04 9.6094e+04 6.2500e+08
4.0625e+04 9.6094e+04 5.9375e+08
4.3750e+04 9.6094e+04 5.6250e+08
4.6875e+04 9.6094e+04 5.3125e+08
5.0000e+04 9.6094e+04 5.0000e+08
5.3125e+04 9.6094e+04 4.6875e+08
5.6250e+04 9.6094e+04 4.3750e+08
5.9375e+04 9.6094e+04 4.0625e+08
6.2500e+04 9.6094e+04 3.7500e+08
6.5625e+04 9.6094e+04 3.4375e+08
6.8750e+04 9.6094e+04 3.1250e+08
7.1875e+04 9.6094e+04 2.8125e+08
7.5000e+04 9.6094e+04 2.5000e+08
7.8125e+04 9.6094e+04 2.1875e+08
8.1250e+04 9.6094e+04 1.8750e+08
8.4375e+04 9.6094e+04 1.5625e+08
8.7500e+04 9.6094e+04 1.2500e+08
9.0625e+04 9.6094e+04 9.3750e+07
9.3750e+04 9.6094e+04 6.2500e+07
9.6875e+04 9.6094e+04 3.1250e+07
1.0000e+05 9.6094e+04 -2.1059e-06
0.0000e+00 9.6875e+04 1.0000e+09
3.1250e+03 9.6875e+04 9.6875e+08
6.2500e+03 9.6875e+04 9.3750e+08
9.3750e+03 9.6875e+04 9.0625e+08
1.2500e+04 9.6875e+04 8.7500e+08
1.5625e+04 9.6875e+04 8.4375e+08
1.8750e+04 9.6875e+04 8.1250e+08
2.1875e+04 9.6875e+04 7.8125e+08
2.5000e+04 9.6875e+04 7.5000e+08
2.8125e+04 9.6875e+04 7.1875e+08
3.1250e+04 9.6875e+04 6.8750e+08
3.4375e+04 9.6875e+04 6.5625e+08
3.7500e+04 9.6875e+04 6.2500e+08
4.0625e+04 9.6875e+04 5.9375e+08
4.3750e+04 9.6875e+04 5.6250e+08
4.6875e+04 9.6875e+04 5.3125e+08
5.0000e+04 9.6875e+04 5.0000e+08
5.3125e+04 9.6875e+04 4.6875e+08
5.6250e+04 9.6875e+04 4.3750e+08
5.9375e+04 9.6875e+04 4.0625e+08
6.2500e+04 9.6875e+04 3.7500e+08
6.5625e+04 9.6875e+04 3.4375e+08
6.8750e+04 9.6875e+04 3.1250e+08
7.1875e+04 9.6875e+04 2.8125e+08
7.5000e+04 9.6875e+04 2.5000e+08
7.8125e+04 9.6875e+04 2.1875e+08
8.1250e+04 9.6875e+04 1.8750e+08
8.4375e+04 9.6875e+04 1.5625e+08
8.7500e+04 9.6875e+04 1.2500e+08
9.0625e+04 9.6875e+04 9.3750e+07
9.3750e+04 9.6875e+04 6.2500e+07
9.6875e+04 9.6875e+04 3.1250e+07
1.0000e+05 9.6875e+04 -6.6315e-06
0.0000e+00 9.7656e+04 1.0000e+09
3.1250e+03 9.7656e+04 9.6875e+08
6.2500e+03 9.7656e+04 9.3750e+08
9.3750e+03 9.7656e+04 9.0625e+08
1.2500e+04 9.7656e+04 8.7500e+08
1.5625e+04 9.7656e+04 8.4375e+08
1.8750e+04 9.7656e+04 8.1250e+08
2.1875e+04 9.7656e+04 7.8125e+08
2.5000e+04 9.7656e+04 7.5000e+08
2.8125e+04 9.7656e+04 7.1875e+08
3.1250e+04 9.7656e+04 6.8750e+08
3.4375e+04 9.7656e+04 6.5625e+08
3.7500e+04 9.7656e+04 6.2500e+08
4.0625e+04 9.7656e+04 5.9375e+08
4.3750e+04 9.7656e+04 5.6250e+08
4.6875e+04 9.7656e+04 5.3125e+08
5.0000e+04 9.7656e+04 5.0000e+08
5.3125e+04 9.7656e+04 4.6875e+08
5.6250e+04 9.7656e+04 4.3750e+08
5.9375e+04 9.7656e+04 4.0625e+08
6.2500e+04 9.7656e+04 3.7500e+08
6.5625e+04 9.7656e+04 3.4375e+08
6.8750e+04 9.7656e+04 3.1250e+08
7.1875e+04 9.7656e+04 2.8125e+08
7.5000e+04 9.7656e+04 2.5000e+08
7.8125e+04 9.7656e+04 2.1875e+08
8.1250e+04 9.7656e+04 1.8750e+08
8.4375e+04 9.7656e+04 1.5625e+08
8.7500e+04 9.7656e+04 1.2500e+08
9.0625e+04 9.7656e+04 9.3750e+07
9.3750e+04 9.7656e+04 6.2500e+07
9.6875e+04 9.7656e+04 3.1250e+07
1.0000e+05 9.7656e+04 -2.0460e-06
0.0000e+00 9.8438e+04 1.0000e+09
3.1250e+03 9.8438e+04 9.6875e+08
6.2500e+03 9.8438e+04 9.3750e+08
9.3750e+03 9.8438e+04 9.0625e+08
1.2500e+04 9.8438e+04 8.7500e+08
1.5625e+04 9.8438e+04 8.4375e+08
1.8750e+04 9.8438e+04 8.1250e+08
2.1875e+04 9.8438e+04 7.8125e+08
2.5000e+04 9.8438e+04 7.5000e+08
2.8125e+04 9.8438e+04 7.1875e+08
3.1250e+04 9.8438e+04 6.8750e+08
3.4375e+04 9.8438e+04 6.5625e+08
3.7500e+04 9.8438e+04 6.2500e+08
4.0625e+04 9.8438e+04 5.9375e+08
4.3750e+04 9.8438e+04 5.6250e+08
4.6875e+04 9.8438e+04 5.3125e+08
5.0000e+04 9.8438e+04 5.0000e+08
5.3125e+04 9.8438e+04 4.6875e+08
5.6250e+04 9.8438e+04 4.3750e+08
5.9375e+04 9.8438e+04 4.0625e+08
6.2500e+04 9.8438e+04 3.7500e+08
6.5625e+04 9.8438e+04 3.4375e+08
6.8750e+04 9.8438e+04 3.1250e+08
7.1875e+04 9.8438e+04 2.8125e+08
7.5000e+04 9.8438e+04 2.5000e+08
7.8125e+04 9.8438e+04 2.1875e+08
8.1250e+04 9.8438e+04 1.8750e+08
8.4375e+04 9.8438e+04 1.5625e+08
8.7500e+04 9.8438e+04 1.2500e+08
9.0625e+04 9.8438e+04 9.3750e+07
9.3750e+04 9.8438e+04 6.2500e+07
9.6875e+04 9.8438e+04 3.1250e+07
1.0000e+05 9.8438e+04 2.5395e-06
0.0000e+00 9.9219e+04 1.0000e+09
3.1250e+03 9.9219e+04 9.6875e+08
6.2500e+03 9.9219e+04 9.3750e+08
9.3750e+03 9.9219e+04 9.0625e+08
1.2500e+04 9.9219e+04 8.7500e+08
1.5625e+04 9.9219e+04 8.4375e+08
1.8750e+04 9.9219e+04 8.1250e+08
2.1875e+04 9.9219e+04 7.8125e+08
2.5000e+04 9.9219e+04 7.5000e+08
2.8125e+04 9.9219e+04 7.1875e+08
3.1250e+04 9.9219e+04 6.8750e+08
3.4375e+04 9.9219e+04 6.5625e+08
3.7500e+04 9.9219e+04 6.2500e+08
4.0625e+04 9.9219e+04 5.9375e+08
4.3750e+04 9.9219e+04 5.6250e+08
4.6875e+04 9.9219e+04 5.3125e+08
5.0000e+04 9.9219e+04 5.0000e+08
5.3125e+04 9.9219e+04 4.6875e+08
5.6250e+04 9.9219e+04 4.3750e+08
5.9375e+04 9.9219e+04 4.0625e+08
6.2500e+04 9.9219e+04 3.7500e+08
6.5625e+04 9.9219e+04 3.4375e+08
6.8750e+04 9.9219e+04 3.1250e+08
7.1875e+04 9.9219e+04 2.8125e+08
7.5000e+04 9.9219e+04 2.5000e+08
7.8125e+04 9.9219e+04 2.1875e+08
8.1250e+04 9.9219e+04 1.8750e+08
8.4375e+04 9.9219e+04 1.5625e+08
8.7500e+04 9.9219e+04 1.2500e+08
9.0625e+04 9.9219e+04 9.3750e+07
9.3750e+04 9.9219e+04 6.2500e+07
9.6875e+04 9.9219e+04 3.1250e+07
1.0000e+05 9.9219e+04 -1.9740e-06
0.0000e+00 1.0000e+05 1.0000e+09
3.1250e+03 1.0000e+05 9.6875e+08
6.2500e+03 1.0000e+05 9.3750e+08
9.3750e+03 1.0000e+05 9.0625e+08
1.2500e+04 1.0000e+05 8.7500e+08
1.5625e+04 1.0000e+05 8.4375e+08
1.8750e+04 1.0000e+05 8.1250e+08
2.1875e+04 1.0000e+05 7.8125e+08
2.5000e+04 1.0000e+05 7.5000e+08
2.8125e+04 1.0000e+05 7.1875e+08
3.1250e+04 1.0000e+05 6.8750e+08
3.4375e+04 1.0000e+05 6.5625e+08
3.7500e+04 1.0000e+05 6.2500e+08
4.0625e+04 1.0000e+05 5.9375e+08
4.3750e+04 1.0000e+05 5.6250e+08
4.6875e+04 1.0000e+05 5.3125e+08
5.0000e+04 1.0000e+05 5.0000e+08
5.3125e+04 1.0000e+05 4.6875e+08
5.6250e+04 1.0000e+05 4.3750e+08
5.9375e+04 1.0000e+05 4.0625e+08
6.2500e+04 1.0000e+05 3.7500e+08
6.5625e+04 1.0000e+05 3.4375e+08
6.8750e+04 1.0000e+05 3.1250e+08
7.1875e+04 1.0000e+05 2.8125e+08
7.5000e+04 1.0000e+05 2.5000e+08
7.8125e+04 1.0000e+05 2.1875e+08
8.1250e+04 1.0000e+05 1.8750e+08
8.4375e+04 1.0000e+05 1.5625e+08
8.7500e+04 1.0000e+05 1.2500e+08
9.0625e+04 1.0000e+05 9.3750e+07
9.3750e+04 1.0000e+05 6.2500e+07
9.6875e+04 1.0000e+05 3.1250e+07
1.0000e+05 1.0000e+05 -6.4876e-06
