# # x,y,u,v
0.0000e+00 0.0000e+00 0.0000e+00 0.0000e+00
3.1250e+03 0.0000e+00 0.0000e+00 0.0000e+00
6.2500e+03 0.0000e+00 0.0000e+00 0.0000e+00
9.3750e+03 0.0000e+00 0.0000e+00 0.0000e+00
1.2500e+04 0.0000e+00 0.0000e+00 0.0000e+00
1.5625e+04 0.0000e+00 0.0000e+00 0.0000e+00
1.8750e+04 0.0000e+00 0.0000e+00 0.0000e+00
2.1875e+04 0.0000e+00 0.0000e+00 0.0000e+00
2.5000e+04 0.0000e+00 0.0000e+00 0.0000e+00
2.8125e+04 0.0000e+00 0.0000e+00 0.0000e+00
3.1250e+04 0.0000e+00 0.0000e+00 0.0000e+00
3.4375e+04 0.0000e+00 0.0000e+00 0.0000e+00
3.7500e+04 0.0000e+00 0.0000e+00 0.0000e+00
4.0625e+04 0.0000e+00 0.0000e+00 0.0000e+00
4.3750e+04 0.0000e+00 0.0000e+00 0.0000e+00
4.6875e+04 0.0000e+00 0.0000e+00 0.0000e+00
5.0000e+04 0.0000e+00 0.0000e+00 0.0000e+00
5.3125e+04 0.0000e+00 0.0000e+00 0.0000e+00
5.6250e+04 0.0000e+00 0.0000e+00 0.0000e+00
5.9375e+04 0.0000e+00 0.0000e+00 0.0000e+00
6.2500e+04 0.0000e+00 0.0000e+00 0.0000e+00
6.5625e+04 0.0000e+00 0.0000e+00 0.0000e+00
6.8750e+04 0.0000e+00 0.0000e+00 0.0000e+00
7.1875e+04 0.0000e+00 0.0000e+00 0.0000e+00
7.5000e+04 0.0000e+00 0.0000e+00 0.0000e+00
7.8125e+04 0.0000e+00 0.0000e+00 0.0000e+00
8.1250e+04 0.0000e+00 0.0000e+00 0.0000e+00
8.4375e+04 0.0000e+00 0.0000e+00 0.0000e+00
8.7500e+04 0.0000e+00 0.0000e+00 0.0000e+00
9.0625e+04 0.0000e+00 0.0000e+00 0.0000e+00
9.3750e+04 0.0000e+00 0.0000e+00 0.0000e+00
9.6875e+04 0.0000e+00 0.0000e+00 0.0000e+00
1.0000e+05 0.0000e+00 0.0000e+00 0.0000e+00
0.0000e+00 7.8125e+02 2.4695e-13 0.0000e+00
3.1250e+03 7.8125e+02 2.4695e-13 -2.1457e-28
6.2500e+03 7.8125e+02 2.4695e-13 -1.2117e-27
9.3750e+03 7.8125e+02 2.4695e-13 9.0277e-28
1.2500e+04 7.8125e+02 2.4695e-13 -1.9248e-28
1.5625e+04 7.8125e+02 2.4695e-13 -7.7079e-28
1.8750e+04 7.8125e+02 2.4695e-13 3.9128e-28
2.1875e+04 7.8125e+02 2.4695e-13 3.0719e-28
2.5000e+04 7.8125e+02 2.4695e-13 1.2306e-28
2.8125e+04 7.8125e+02 2.4695e-13 3.7876e-28
3.1250e+04 7.8125e+02 2.4695e-13 -5.3011e-28
3.4375e+04 7.8125e+02 2.4695e-13 -4.9423e-28
3.7500e+04 7.8125e+02 2.4695e-13 7.8255e-28
4.0625e+04 7.8125e+02 2.4695e-13 9.4369e-29
4.3750e+04 7.8125e+02 2.4695e-13 1.4831e-28
4.6875e+04 7.8125e+02 2.4695e-13 -1.1695e-27
5.0000e+04 7.8125e+02 2.4695e-13 1.0665e-27
5.3125e+04 7.8125e+02 2.4695e-13 -5.6696e-28
5.6250e+04 7.8125e+02 2.4695e-13 1.4831e-28
5.9375e+04 7.8125e+02 2.4695e-13 -6.3322e-28
6.2500e+04 7.8125e+02 2.4695e-13 -1.2622e-27
6.5625e+04 7.8125e+02 2.4695e-13 1.1655e-27
6.8750e+04 7.8125e+02 2.4695e-13 -1.1106e-27
7.1875e+04 7.8125e+02 2.4695e-13 -8.3935e-28
7.5000e+04 7.8125e+02 2.4695e-13 6.8988e-29
7.8125e+04 7.8125e+02 2.4695e-13 3.3203e-29
8.1250e+04 7.8125e+02 2.4695e-13 1.7986e-28
8.4375e+04 7.8125e+02 2.4695e-13 4.0250e-29
8.7500e+04 7.8125e+02 2.4695e-13 2.6506e-28
9.0625e+04 7.8125e+02 2.4695e-13 5.4333e-29
9.3750e+04 7.8125e+02 2.4695e-13 7.5731e-29
9.6875e+04 7.8125e+02 2.4695e-13 2.1028e-28
1.0000e+05 7.8125e+02 2.4695e-13 0.0000e+00
0.0000e+00 1.5625e+03 4.8779e-13 0.0000e+00
3.1250e+03 1.5625e+03 4.8779e-13 5.6798e-29
6.2500e+03 1.5625e+03 4.8779e-13 -3.3321e-27
9.3750e+03 1.5625e+03 4.8779e-13 2.0826e-27
1.2500e+04 1.5625e+03 4.8779e-13 -3.4710e-28
1.5625e+04 1.5625e+03 4.8779e-13 -1.0602e-27
1.8750e+04 1.5625e+03 4.8779e-13 1.5588e-27
2.1875e+04 1.5625e+03 4.8779e-13 1.3316e-27
2.5000e+04 1.5625e+03 4.8779e-13 1.2811e-27
2.8125e+04 1.5625e+03 4.8779e-13 1.5777e-27
3.1250e+04 1.5625e+03 4.8779e-13 -1.2054e-27
3.4375e+04 1.5625e+03 4.8779e-13 -5.3011e-28
3.7500e+04 1.5625e+03 4.8779e-13 1.5020e-27
4.0625e+04 1.5625e+03 4.8779e-13 4.1021e-28
4.3750e+04 1.5625e+03 4.8779e-13 -8.7090e-28
4.6875e+04 1.5625e+03 4.8779e-13 -2.6411e-27
5.0000e+04 1.5625e+03 4.8779e-13 1.4326e-27
5.3125e+04 1.5625e+03 4.8779e-13 -1.2653e-27
5.6250e+04 1.5625e+03 4.8779e-13 -1.8302e-28
5.9375e+04 1.5625e+03 4.8779e-13 -1.9311e-27
6.2500e+04 1.5625e+03 4.8779e-13 -3.1933e-27
6.5625e+04 1.5625e+03 4.8779e-13 1.5146e-27
6.8750e+04 1.5625e+03 4.8779e-13 -3.1554e-27
7.1875e+04 1.5625e+03 4.8779e-13 -1.9493e-27
7.5000e+04 1.5625e+03 4.8779e-13 -2.2088e-29
7.8125e+04 1.5625e+03 4.8779e-13 1.2306e-28
8.1250e+04 1.5625e+03 4.8779e-13 5.0487e-28
8.4375e+04 1.5625e+03 4.8779e-13 3.3763e-28
8.7500e+04 1.5625e+03 4.8779e-13 8.8037e-28
9.0625e+04 1.5625e+03 4.8779e-13 2.6506e-28
9.3750e+04 1.5625e+03 4.8779e-13 2.5875e-28
9.6875e+04 1.5625e+03 4.8779e-13 7.3206e-28
1.0000e+05 1.5625e+03 4.8779e-13 0.0000e+00
0.0000e+00 2.3438e+03 7.2253e-13 0.0000e+00
3.1250e+03 2.3438e+03 7.2253e-13 1.0097e-28
6.2500e+03 2.3438e+03 7.2253e-13 -6.3424e-27
9.3750e+03 2.3438e+03 7.2253e-13 3.1825e-27
1.2500e+04 2.3438e+03 7.2253e-13 -6.6895e-28
1.5625e+04 2.3438e+03 7.2253e-13 -7.3050e-28
1.8750e+04 2.3438e+03 7.2253e-13 1.9311e-27
2.1875e+04 2.3438e+03 7.2253e-13 1.9628e-27
2.5000e+04 2.3438e+03 7.2253e-13 2.8273e-27
2.8125e+04 2.3438e+03 7.2253e-13 2.5893e-27
3.1250e+04 2.3438e+03 7.2253e-13 -1.9690e-27
3.4375e+04 2.3438e+03 7.2253e-13 -1.3029e-27
3.7500e+04 2.3438e+03 7.2253e-13 1.7544e-27
4.0625e+04 2.3438e+03 7.2253e-13 1.6427e-28
4.3750e+04 2.3438e+03 7.2253e-13 -2.1078e-27
4.6875e+04 2.3438e+03 7.2253e-13 -4.8107e-27
5.0000e+04 2.3438e+03 7.2253e-13 1.8806e-27
5.3125e+04 2.3438e+03 7.2253e-13 -3.1462e-27
5.6250e+04 2.3438e+03 7.2253e-13 -1.1991e-27
5.9375e+04 2.3438e+03 7.2253e-13 -4.5519e-27
6.2500e+04 2.3438e+03 7.2253e-13 -5.7303e-27
6.5625e+04 2.3438e+03 7.2253e-13 1.6705e-27
6.8750e+04 2.3438e+03 7.2253e-13 -5.5232e-27
7.1875e+04 2.3438e+03 7.2253e-13 -3.0998e-27
7.5000e+04 2.3438e+03 7.2253e-13 -1.6461e-29
7.8125e+04 2.3438e+03 7.2253e-13 1.6952e-28
8.1250e+04 2.3438e+03 7.2253e-13 8.5828e-28
8.4375e+04 2.3438e+03 7.2253e-13 8.6803e-28
8.7500e+04 2.3438e+03 7.2253e-13 1.7513e-27
9.0625e+04 2.3438e+03 7.2253e-13 4.8449e-28
9.3750e+04 2.3438e+03 7.2253e-13 8.0779e-28
9.6875e+04 2.3438e+03 7.2253e-13 1.4225e-27
1.0000e+05 2.3438e+03 7.2253e-13 0.0000e+00
0.0000e+00 3.1250e+03 9.5117e-13 0.0000e+00
3.1250e+03 3.1250e+03 9.5117e-13 -1.3632e-27
6.2500e+03 3.1250e+03 9.5117e-13 -9.6935e-27
9.3750e+03 3.1250e+03 9.5117e-13 5.5283e-27
1.2500e+04 3.1250e+03 9.5117e-13 -1.2117e-27
1.5625e+04 3.1250e+03 9.5117e-13 -8.2042e-28
1.8750e+04 3.1250e+03 9.5117e-13 1.1360e-27
2.1875e+04 3.1250e+03 9.5117e-13 2.6758e-27
2.5000e+04 3.1250e+03 9.5117e-13 4.5438e-27
2.8125e+04 3.1250e+03 9.5117e-13 4.0768e-27
3.1250e+04 3.1250e+03 9.5117e-13 -3.0292e-27
3.4375e+04 3.1250e+03 9.5117e-13 -1.9690e-27
3.7500e+04 3.1250e+03 9.5117e-13 1.6156e-27
4.0625e+04 3.1250e+03 9.5117e-13 1.8554e-27
4.3750e+04 3.1250e+03 9.5117e-13 -2.8273e-27
4.6875e+04 3.1250e+03 9.5117e-13 -6.9167e-27
5.0000e+04 3.1250e+03 9.5117e-13 3.1050e-27
5.3125e+04 3.1250e+03 9.5117e-13 -6.0521e-27
5.6250e+04 3.1250e+03 9.5117e-13 -4.1399e-27
5.9375e+04 3.1250e+03 9.5117e-13 -7.4847e-27
6.2500e+04 3.1250e+03 9.5117e-13 -9.6430e-27
6.5625e+04 3.1250e+03 9.5117e-13 2.3035e-27
6.8750e+04 3.1250e+03 9.5117e-13 -8.7406e-27
7.1875e+04 3.1250e+03 9.5117e-13 -4.3604e-27
7.5000e+04 3.1250e+03 9.5117e-13 -2.5244e-28
7.8125e+04 3.1250e+03 9.5117e-13 -5.0487e-29
8.1250e+04 3.1250e+03 9.5117e-13 1.8175e-27
8.4375e+04 3.1250e+03 9.5117e-13 1.7481e-27
8.7500e+04 3.1250e+03 9.5117e-13 3.0040e-27
9.0625e+04 3.1250e+03 9.5117e-13 8.5828e-28
9.3750e+04 3.1250e+03 9.5117e-13 1.5185e-27
9.6875e+04 3.1250e+03 9.5117e-13 2.3161e-27
1.0000e+05 3.1250e+03 9.5117e-13 0.0000e+00
0.0000e+00 3.9062e+03 1.1737e-12 0.0000e+00
3.1250e+03 3.9062e+03 1.1737e-12 -2.1306e-27
6.2500e+03 3.9062e+03 1.1737e-12 -1.0896e-26
9.3750e+03 3.9062e+03 1.1737e-12 5.8641e-27
1.2500e+04 3.9062e+03 1.1737e-12 3.0292e-28
1.5625e+04 3.9062e+03 1.1737e-12 -1.1455e-27
1.8750e+04 3.9062e+03 1.1737e-12 2.9787e-27
2.1875e+04 3.9062e+03 1.1737e-12 5.6625e-27
2.5000e+04 3.9062e+03 1.1737e-12 5.9575e-27
2.8125e+04 3.9062e+03 1.1737e-12 9.6702e-27
3.1250e+04 3.9062e+03 1.1737e-12 -1.5146e-27
3.4375e+04 3.9062e+03 1.1737e-12 -3.1338e-27
3.7500e+04 3.9062e+03 1.1737e-12 3.0292e-28
4.0625e+04 3.9062e+03 1.1737e-12 2.9434e-27
4.3750e+04 3.9062e+03 1.1737e-12 -2.9787e-27
4.6875e+04 3.9062e+03 1.1737e-12 -1.3023e-26
5.0000e+04 3.9062e+03 1.1737e-12 1.7544e-27
5.3125e+04 3.9062e+03 1.1737e-12 -3.4007e-27
5.6250e+04 3.9062e+03 1.1737e-12 -9.6935e-27
5.9375e+04 3.9062e+03 1.1737e-12 -1.0546e-26
6.2500e+04 3.9062e+03 1.1737e-12 -1.4136e-26
6.5625e+04 3.9062e+03 1.1737e-12 1.6990e-27
6.8750e+04 3.9062e+03 1.1737e-12 -1.0834e-26
7.1875e+04 3.9062e+03 1.1737e-12 -5.6498e-27
7.5000e+04 3.9062e+03 1.1737e-12 -1.5675e-28
7.8125e+04 3.9062e+03 1.1737e-12 -6.8989e-28
8.1250e+04 3.9062e+03 1.1737e-12 3.0103e-27
8.4375e+04 3.9062e+03 1.1737e-12 2.9519e-27
8.7500e+04 3.9062e+03 1.1737e-12 4.7142e-27
9.0625e+04 3.9062e+03 1.1737e-12 1.0314e-27
9.3750e+04 3.9062e+03 1.1737e-12 2.1708e-27
9.6875e+04 3.9062e+03 1.1737e-12 3.3483e-27
1.0000e+05 3.9062e+03 1.1737e-12 0.0000e+00
0.0000e+00 4.6875e+03 1.3901e-12 0.0000e+00
3.1250e+03 4.6875e+03 1.3901e-12 -3.5846e-27
6.2500e+03 4.6875e+03 1.3901e-12 -1.2521e-26
9.3750e+03 4.6875e+03 1.3901e-12 3.2312e-27
1.2500e+04 4.6875e+03 1.3901e-12 -3.1554e-28
1.5625e+04 4.6875e+03 1.3901e-12 2.4234e-27
1.8750e+04 4.6875e+03 1.3901e-12 7.1329e-27
2.1875e+04 4.6875e+03 1.3901e-12 8.0779e-27
2.5000e+04 4.6875e+03 1.3901e-12 4.5438e-27
2.8125e+04 4.6875e+03 1.3901e-12 1.6156e-26
3.1250e+04 4.6875e+03 1.3901e-12 3.5593e-27
3.4375e+04 4.6875e+03 1.3901e-12 0.0000e+00
3.7500e+04 4.6875e+03 1.3901e-12 -1.9942e-27
4.0625e+04 4.6875e+03 1.3901e-12 0.0000e+00
4.3750e+04 4.6875e+03 1.3901e-12 -8.8352e-28
4.6875e+04 4.6875e+03 1.3901e-12 -1.7771e-26
5.0000e+04 4.6875e+03 1.3901e-12 -1.5903e-27
5.3125e+04 4.6875e+03 1.3901e-12 -6.7653e-27
5.6250e+04 4.6875e+03 1.3901e-12 -1.4250e-26
5.9375e+04 4.6875e+03 1.3901e-12 -1.3732e-26
6.2500e+04 4.6875e+03 1.3901e-12 -1.4742e-26
6.5625e+04 4.6875e+03 1.3901e-12 -4.4429e-27
6.8750e+04 4.6875e+03 1.3901e-12 -1.2246e-26
7.1875e+04 4.6875e+03 1.3901e-12 -6.9132e-27
7.5000e+04 4.6875e+03 1.3901e-12 3.1554e-28
7.8125e+04 4.6875e+03 1.3901e-12 -1.6156e-27
8.1250e+04 4.6875e+03 1.3901e-12 4.4429e-27
8.4375e+04 4.6875e+03 1.3901e-12 3.5341e-27
8.7500e+04 4.6875e+03 1.3901e-12 6.4623e-27
9.0625e+04 4.6875e+03 1.3901e-12 2.1709e-27
9.3750e+04 4.6875e+03 1.3901e-12 2.8147e-27
9.6875e+04 4.6875e+03 1.3901e-12 4.1747e-27
1.0000e+05 4.6875e+03 1.3901e-12 0.0000e+00
0.0000e+00 5.4688e+03 1.6005e-12 0.0000e+00
3.1250e+03 5.4688e+03 1.6005e-12 -9.5399e-27
6.2500e+03 5.4688e+03 1.6005e-12 -1.9387e-26
9.3750e+03 5.4688e+03 1.6005e-12 7.2004e-27
1.2500e+04 5.4688e+03 1.6005e-12 2.5244e-28
1.5625e+04 5.4688e+03 1.6005e-12 -5.9172e-27
1.8750e+04 5.4688e+03 1.6005e-12 1.2533e-26
2.1875e+04 5.4688e+03 1.6005e-12 1.3642e-26
2.5000e+04 5.4688e+03 1.6005e-12 4.7458e-27
2.8125e+04 5.4688e+03 1.6005e-12 8.5352e-27
3.1250e+04 5.4688e+03 1.6005e-12 1.1663e-26
3.4375e+04 5.4688e+03 1.6005e-12 -3.8705e-27
3.7500e+04 5.4688e+03 1.6005e-12 -2.8967e-27
4.0625e+04 5.4688e+03 1.6005e-12 8.2554e-28
4.3750e+04 5.4688e+03 1.6005e-12 9.0877e-28
4.6875e+04 5.4688e+03 1.6005e-12 -1.8471e-26
5.0000e+04 5.4688e+03 1.6005e-12 -7.2701e-27
5.3125e+04 5.4688e+03 1.6005e-12 -8.4943e-27
5.6250e+04 5.4688e+03 1.6005e-12 -1.8892e-26
5.9375e+04 5.4688e+03 1.6005e-12 -1.5146e-26
6.2500e+04 5.4688e+03 1.6005e-12 -1.5146e-26
6.5625e+04 5.4688e+03 1.6005e-12 -9.5975e-27
6.8750e+04 5.4688e+03 1.6005e-12 -1.3183e-26
7.1875e+04 5.4688e+03 1.6005e-12 -8.0464e-27
7.5000e+04 5.4688e+03 1.6005e-12 5.7540e-28
7.8125e+04 5.4688e+03 1.6005e-12 8.8352e-29
8.1250e+04 5.4688e+03 1.6005e-12 4.5677e-27
8.4375e+04 5.4688e+03 1.6005e-12 5.0175e-27
8.7500e+04 5.4688e+03 1.6005e-12 7.8697e-27
9.0625e+04 5.4688e+03 1.6005e-12 3.4331e-27
9.3750e+04 5.4688e+03 1.6005e-12 3.5381e-27
9.6875e+04 5.4688e+03 1.6005e-12 5.1398e-27
1.0000e+05 5.4688e+03 1.6005e-12 0.0000e+00
0.0000e+00 6.2500e+03 1.8047e-12 0.0000e+00
3.1250e+03 6.2500e+03 1.8047e-12 -8.1789e-27
6.2500e+03 6.2500e+03 1.8047e-12 -1.9387e-26
9.3750e+03 6.2500e+03 1.8047e-12 -1.6156e-27
1.2500e+04 6.2500e+03 1.8047e-12 2.4234e-27
1.5625e+04 6.2500e+03 1.8047e-12 -1.1309e-26
1.8750e+04 6.2500e+03 1.8047e-12 1.6307e-26
2.1875e+04 6.2500e+03 1.8047e-12 2.1003e-26
2.5000e+04 6.2500e+03 1.8047e-12 5.9575e-27
2.8125e+04 6.2500e+03 1.8047e-12 9.0877e-27
3.1250e+04 6.2500e+03 1.8047e-12 1.3430e-26
3.4375e+04 6.2500e+03 1.8047e-12 -2.3224e-27
3.7500e+04 6.2500e+03 1.8047e-12 -3.0292e-27
4.0625e+04 6.2500e+03 1.8047e-12 -4.0390e-28
4.3750e+04 6.2500e+03 1.8047e-12 -1.2874e-27
4.6875e+04 6.2500e+03 1.8047e-12 -1.7923e-26
5.0000e+04 6.2500e+03 1.8047e-12 -1.3152e-26
5.3125e+04 6.2500e+03 1.8047e-12 -8.0779e-27
5.6250e+04 6.2500e+03 1.8047e-12 -2.2214e-26
5.9375e+04 6.2500e+03 1.8047e-12 -1.9892e-26
6.2500e+04 6.2500e+03 1.8047e-12 -1.6711e-26
6.5625e+04 6.2500e+03 1.8047e-12 -1.4338e-26
6.8750e+04 6.2500e+03 1.8047e-12 -1.4868e-26
7.1875e+04 6.2500e+03 1.8047e-12 -8.9997e-27
7.5000e+04 6.2500e+03 1.8047e-12 -1.7670e-28
7.8125e+04 6.2500e+03 1.8047e-12 2.5244e-27
8.1250e+04 6.2500e+03 1.8047e-12 5.3516e-27
8.4375e+04 6.2500e+03 1.8047e-12 5.8565e-27
8.7500e+04 6.2500e+03 1.8047e-12 1.0400e-26
9.0625e+04 6.2500e+03 1.8047e-12 5.2507e-27
9.3750e+04 6.2500e+03 1.8047e-12 4.0390e-27
9.6875e+04 6.2500e+03 1.8047e-12 5.2002e-27
1.0000e+05 6.2500e+03 1.8047e-12 0.0000e+00
0.0000e+00 7.0312e+03 2.0028e-12 0.0000e+00
3.1250e+03 7.0312e+03 2.0028e-12 -1.3078e-26
6.2500e+03 7.0312e+03 2.0028e-12 -2.4234e-26
9.3750e+03 7.0312e+03 2.0028e-12 3.4948e-27
1.2500e+04 7.0312e+03 2.0028e-12 2.3666e-27
1.5625e+04 7.0312e+03 2.0028e-12 4.8795e-28
1.8750e+04 7.0312e+03 2.0028e-12 1.8074e-26
2.1875e+04 7.0312e+03 2.0028e-12 2.2532e-26
2.5000e+04 7.0312e+03 2.0028e-12 1.0198e-26
2.8125e+04 7.0312e+03 2.0028e-12 1.0905e-26
3.1250e+04 7.0312e+03 2.0028e-12 1.2167e-26
3.4375e+04 7.0312e+03 2.0028e-12 2.7277e-28
3.7500e+04 7.0312e+03 2.0028e-12 -3.6603e-27
4.0625e+04 7.0312e+03 2.0028e-12 -1.4136e-27
4.3750e+04 7.0312e+03 2.0028e-12 -4.5438e-27
4.6875e+04 7.0312e+03 2.0028e-12 -1.9791e-26
5.0000e+04 7.0312e+03 2.0028e-12 -1.7570e-26
5.3125e+04 7.0312e+03 2.0028e-12 -1.7014e-26
5.6250e+04 7.0312e+03 2.0028e-12 -2.5269e-26
5.9375e+04 7.0312e+03 2.0028e-12 -2.4436e-26
6.2500e+04 7.0312e+03 2.0028e-12 -1.9185e-26
6.5625e+04 7.0312e+03 2.0028e-12 -1.8020e-26
6.8750e+04 7.0312e+03 2.0028e-12 -1.6598e-26
7.1875e+04 7.0312e+03 2.0028e-12 -1.0015e-26
7.5000e+04 7.0312e+03 2.0028e-12 -1.3228e-27
7.8125e+04 7.0312e+03 2.0028e-12 3.6778e-27
8.1250e+04 7.0312e+03 2.0028e-12 6.5696e-27
8.4375e+04 7.0312e+03 2.0028e-12 5.9267e-27
8.7500e+04 7.0312e+03 2.0028e-12 1.2893e-26
9.0625e+04 7.0312e+03 2.0028e-12 5.7352e-27
9.3750e+04 7.0312e+03 2.0028e-12 6.2604e-27
9.6875e+04 7.0312e+03 2.0028e-12 6.5182e-27
1.0000e+05 7.0312e+03 2.0028e-12 0.0000e+00
0.0000e+00 7.8125e+03 2.1948e-12 0.0000e+00
3.1250e+03 7.8125e+03 2.1948e-12 -1.4540e-26
6.2500e+03 7.8125e+03 2.1948e-12 -1.3732e-26
9.3750e+03 7.8125e+03 2.1948e-12 -6.8662e-27
1.2500e+04 7.8125e+03 2.1948e-12 1.2117e-27
1.5625e+04 7.8125e+03 2.1948e-12 5.6546e-27
1.8750e+04 7.8125e+03 2.1948e-12 2.2719e-26
2.1875e+04 7.8125e+03 2.1948e-12 2.2719e-26
2.5000e+04 7.8125e+03 2.1948e-12 1.4944e-26
2.8125e+04 7.8125e+03 2.1948e-12 1.2420e-26
3.1250e+04 7.8125e+03 2.1948e-12 1.1309e-26
3.4375e+04 7.8125e+03 2.1948e-12 8.0779e-28
3.7500e+04 7.8125e+03 2.1948e-12 -3.4331e-27
4.0625e+04 7.8125e+03 2.1948e-12 -1.6156e-27
4.3750e+04 7.8125e+03 2.1948e-12 -6.7400e-27
4.6875e+04 7.8125e+03 2.1948e-12 -2.1508e-26
5.0000e+04 7.8125e+03 2.1948e-12 -2.0498e-26
5.3125e+04 7.8125e+03 2.1948e-12 -2.2012e-26
5.6250e+04 7.8125e+03 2.1948e-12 -2.8576e-26
5.9375e+04 7.8125e+03 2.1948e-12 -2.8172e-26
6.2500e+04 7.8125e+03 2.1948e-12 -2.3022e-26
6.5625e+04 7.8125e+03 2.1948e-12 -2.0801e-26
6.8750e+04 7.8125e+03 2.1948e-12 -1.9488e-26
7.1875e+04 7.8125e+03 2.1948e-12 -1.1151e-26
7.5000e+04 7.8125e+03 2.1948e-12 -2.2845e-27
7.8125e+04 7.8125e+03 2.1948e-12 4.4429e-27
8.1250e+04 7.8125e+03 2.1948e-12 7.6740e-27
8.4375e+04 7.8125e+03 2.1948e-12 8.0779e-27
8.7500e+04 7.8125e+03 2.1948e-12 1.5443e-26
9.0625e+04 7.8125e+03 2.1948e-12 7.5478e-27
9.3750e+04 7.8125e+03 2.1948e-12 8.2799e-27
9.6875e+04 7.8125e+03 2.1948e-12 7.6236e-27
1.0000e+05 7.8125e+03 2.1948e-12 0.0000e+00
0.0000e+00 8.5938e+03 2.3807e-12 0.0000e+00
3.1250e+03 8.5938e+03 2.3807e-12 -1.5986e-26
6.2500e+03 8.5938e+03 2.3807e-12 -9.8955e-27
9.3750e+03 8.5938e+03 2.3807e-12 -7.8102e-27
1.2500e+04 8.5938e+03 2.3807e-12 2.6001e-27
1.5625e+04 8.5938e+03 2.3807e-12 9.4636e-27
1.8750e+04 8.5938e+03 2.3807e-12 2.6758e-26
2.1875e+04 8.5938e+03 2.3807e-12 2.4639e-26
2.5000e+04 8.5938e+03 2.3807e-12 1.7822e-26
2.8125e+04 8.5938e+03 2.3807e-12 1.4136e-26
3.1250e+04 8.5938e+03 2.3807e-12 1.0855e-26
3.4375e+04 8.5938e+03 2.3807e-12 -7.8664e-28
3.7500e+04 8.5938e+03 2.3807e-12 -3.1302e-27
4.0625e+04 8.5938e+03 2.3807e-12 -2.0195e-27
4.3750e+04 8.5938e+03 2.3807e-12 -6.9167e-27
4.6875e+04 8.5938e+03 2.3807e-12 -2.3224e-26
5.0000e+04 8.5938e+03 2.3807e-12 -2.2972e-26
5.3125e+04 8.5938e+03 2.3807e-12 -2.4092e-26
5.6250e+04 8.5938e+03 2.3807e-12 -2.9914e-26
5.9375e+04 8.5938e+03 2.3807e-12 -3.2110e-26
6.2500e+04 8.5938e+03 2.3807e-12 -2.7414e-26
6.5625e+04 8.5938e+03 2.3807e-12 -2.5621e-26
6.8750e+04 8.5938e+03 2.3807e-12 -2.1911e-26
7.1875e+04 8.5938e+03 2.3807e-12 -1.2249e-26
7.5000e+04 8.5938e+03 2.3807e-12 -3.1050e-27
7.8125e+04 8.5938e+03 2.3807e-12 6.3754e-27
8.1250e+04 8.5938e+03 2.3807e-12 9.2265e-27
8.4375e+04 8.5938e+03 2.3807e-12 9.6135e-27
8.7500e+04 8.5938e+03 2.3807e-12 1.7677e-26
9.0625e+04 8.5938e+03 2.3807e-12 9.1233e-27
9.3750e+04 8.5938e+03 2.3807e-12 1.0072e-26
9.6875e+04 8.5938e+03 2.3807e-12 8.6802e-27
1.0000e+05 8.5938e+03 2.3807e-12 0.0000e+00
0.0000e+00 9.3750e+03 2.5605e-12 0.0000e+00
3.1250e+03 9.3750e+03 2.5605e-12 -1.3127e-26
6.2500e+03 9.3750e+03 2.5605e-12 -6.4623e-27
9.3750e+03 9.3750e+03 2.5605e-12 -8.8857e-27
1.2500e+04 9.3750e+03 2.5605e-12 6.4623e-27
1.5625e+04 9.3750e+03 2.5605e-12 1.7166e-26
1.8750e+04 9.3750e+03 2.5605e-12 3.1706e-26
2.1875e+04 9.3750e+03 2.5605e-12 2.6657e-26
2.5000e+04 9.3750e+03 2.5605e-12 1.8832e-26
2.8125e+04 9.3750e+03 2.5605e-12 1.4742e-26
3.1250e+04 9.3750e+03 2.5605e-12 1.0552e-26
3.4375e+04 9.3750e+03 2.5605e-12 -1.6156e-27
3.7500e+04 9.3750e+03 2.5605e-12 -4.0895e-27
4.0625e+04 9.3750e+03 2.5605e-12 -2.6253e-27
4.3750e+04 9.3750e+03 2.5605e-12 -6.2651e-27
4.6875e+04 9.3750e+03 2.5605e-12 -2.5849e-26
5.0000e+04 9.3750e+03 2.5605e-12 -2.6594e-26
5.3125e+04 9.3750e+03 2.5605e-12 -2.9484e-26
5.6250e+04 9.3750e+03 2.5605e-12 -3.1655e-26
5.9375e+04 9.3750e+03 2.5605e-12 -3.6351e-26
6.2500e+04 9.3750e+03 2.5605e-12 -3.0975e-26
6.5625e+04 9.3750e+03 2.5605e-12 -3.0292e-26
6.8750e+04 9.3750e+03 2.5605e-12 -2.3527e-26
7.1875e+04 9.3750e+03 2.5605e-12 -1.3632e-26
7.5000e+04 9.3750e+03 2.5605e-12 -3.1302e-27
7.8125e+04 9.3750e+03 2.5605e-12 6.4623e-27
8.1250e+04 9.3750e+03 2.5605e-12 1.1196e-26
8.4375e+04 9.3750e+03 2.5605e-12 1.3404e-26
8.7500e+04 9.3750e+03 2.5605e-12 1.9450e-26
9.0625e+04 9.3750e+03 2.5605e-12 1.2268e-26
9.3750e+04 9.3750e+03 2.5605e-12 1.2117e-26
9.6875e+04 9.3750e+03 2.5605e-12 1.0133e-26
1.0000e+05 9.3750e+03 2.5605e-12 0.0000e+00
0.0000e+00 1.0156e+04 2.7343e-12 0.0000e+00
3.1250e+03 1.0156e+04 2.7343e-12 -1.3165e-26
6.2500e+03 1.0156e+04 2.7343e-12 -3.0292e-27
9.3750e+03 1.0156e+04 2.7343e-12 -1.3732e-26
1.2500e+04 1.0156e+04 2.7343e-12 1.1309e-26
1.5625e+04 1.0156e+04 2.7343e-12 2.1238e-26
1.8750e+04 1.0156e+04 2.7343e-12 3.6073e-26
2.1875e+04 1.0156e+04 2.7343e-12 3.1006e-26
2.5000e+04 1.0156e+04 2.7343e-12 1.9034e-26
2.8125e+04 1.0156e+04 2.7343e-12 1.5994e-26
3.1250e+04 1.0156e+04 2.7343e-12 1.0299e-26
3.4375e+04 1.0156e+04 2.7343e-12 -3.6584e-27
3.7500e+04 1.0156e+04 2.7343e-12 -5.2507e-27
4.0625e+04 1.0156e+04 2.7343e-12 -2.7444e-27
4.3750e+04 1.0156e+04 2.7343e-12 -8.2546e-27
4.6875e+04 1.0156e+04 2.7343e-12 -3.0266e-26
5.0000e+04 1.0156e+04 2.7343e-12 -2.8374e-26
5.3125e+04 1.0156e+04 2.7343e-12 -3.2759e-26
5.6250e+04 1.0156e+04 2.7343e-12 -3.4218e-26
5.9375e+04 1.0156e+04 2.7343e-12 -3.9777e-26
6.2500e+04 1.0156e+04 2.7343e-12 -3.5404e-26
6.5625e+04 1.0156e+04 2.7343e-12 -3.0857e-26
6.8750e+04 1.0156e+04 2.7343e-12 -2.6178e-26
7.1875e+04 1.0156e+04 2.7343e-12 -1.2420e-26
7.5000e+04 1.0156e+04 2.7343e-12 -3.6919e-27
7.8125e+04 1.0156e+04 2.7343e-12 6.0334e-27
8.1250e+04 1.0156e+04 2.7343e-12 1.2653e-26
8.4375e+04 1.0156e+04 2.7343e-12 1.6318e-26
8.7500e+04 1.0156e+04 2.7343e-12 2.1157e-26
9.0625e+04 1.0156e+04 2.7343e-12 1.6762e-26
9.3750e+04 1.0156e+04 2.7343e-12 1.4465e-26
9.6875e+04 1.0156e+04 2.7343e-12 1.1067e-26
1.0000e+05 1.0156e+04 2.7343e-12 0.0000e+00
0.0000e+00 1.0938e+04 2.9019e-12 0.0000e+00
3.1250e+03 1.0938e+04 2.9019e-12 -9.4411e-27
6.2500e+03 1.0938e+04 2.9019e-12 -8.2799e-27
9.3750e+03 1.0938e+04 2.9019e-12 -2.1003e-26
1.2500e+04 1.0938e+04 2.9019e-12 1.2925e-26
1.5625e+04 1.0938e+04 2.9019e-12 2.5244e-26
1.8750e+04 1.0938e+04 2.9019e-12 3.9481e-26
2.1875e+04 1.0938e+04 2.9019e-12 3.3927e-26
2.5000e+04 1.0938e+04 2.9019e-12 2.1003e-26
2.8125e+04 1.0938e+04 2.9019e-12 1.6698e-26
3.1250e+04 1.0938e+04 2.9019e-12 1.0703e-26
3.4375e+04 1.0938e+04 2.9019e-12 -3.3321e-27
3.7500e+04 1.0938e+04 2.9019e-12 -5.4526e-27
4.0625e+04 1.0938e+04 2.9019e-12 -3.2713e-27
4.3750e+04 1.0938e+04 2.9019e-12 -9.8955e-27
4.6875e+04 1.0938e+04 2.9019e-12 -3.0999e-26
5.0000e+04 1.0938e+04 2.9019e-12 -3.1655e-26
5.3125e+04 1.0938e+04 2.9019e-12 -3.5543e-26
5.6250e+04 1.0938e+04 2.9019e-12 -3.7865e-26
5.9375e+04 1.0938e+04 2.9019e-12 -4.5857e-26
6.2500e+04 1.0938e+04 2.9019e-12 -3.8875e-26
6.5625e+04 1.0938e+04 2.9019e-12 -3.4937e-26
6.8750e+04 1.0938e+04 2.9019e-12 -2.9383e-26
7.1875e+04 1.0938e+04 2.9019e-12 -1.2723e-26
7.5000e+04 1.0938e+04 2.9019e-12 -4.2409e-27
7.8125e+04 1.0938e+04 2.9019e-12 7.5478e-27
8.1250e+04 1.0938e+04 2.9019e-12 1.3632e-26
8.4375e+04 1.0938e+04 2.9019e-12 1.9387e-26
8.7500e+04 1.0938e+04 2.9019e-12 2.3224e-26
9.0625e+04 1.0938e+04 2.9019e-12 1.9059e-26
9.3750e+04 1.0938e+04 2.9019e-12 1.6762e-26
9.6875e+04 1.0938e+04 2.9019e-12 1.1332e-26
1.0000e+05 1.0938e+04 2.9019e-12 0.0000e+00
0.0000e+00 1.1719e+04 3.0634e-12 0.0000e+00
3.1250e+03 1.1719e+04 3.0634e-12 -1.0476e-26
6.2500e+03 1.1719e+04 3.0634e-12 -1.2117e-26
9.3750e+03 1.1719e+04 3.0634e-12 -1.3732e-26
1.2500e+04 1.1719e+04 3.0634e-12 1.4540e-26
1.5625e+04 1.1719e+04 3.0634e-12 3.2312e-26
1.8750e+04 1.1719e+04 3.0634e-12 4.1450e-26
2.1875e+04 1.1719e+04 3.0634e-12 3.7562e-26
2.5000e+04 1.1719e+04 3.0634e-12 2.2946e-26
2.8125e+04 1.1719e+04 3.0634e-12 1.6964e-26
3.1250e+04 1.1719e+04 3.0634e-12 1.0829e-26
3.4375e+04 1.1719e+04 3.0634e-12 -6.8959e-27
3.7500e+04 1.1719e+04 3.0634e-12 -4.4239e-27
4.0625e+04 1.1719e+04 3.0634e-12 -6.4623e-27
4.3750e+04 1.1719e+04 3.0634e-12 -1.0501e-26
4.6875e+04 1.1719e+04 3.0634e-12 -3.3120e-26
5.0000e+04 1.1719e+04 3.0634e-12 -3.4285e-26
5.3125e+04 1.1719e+04 3.0634e-12 -4.0065e-26
5.6250e+04 1.1719e+04 3.0634e-12 -4.2681e-26
5.9375e+04 1.1719e+04 3.0634e-12 -4.8872e-26
6.2500e+04 1.1719e+04 3.0634e-12 -4.1778e-26
6.5625e+04 1.1719e+04 3.0634e-12 -3.8219e-26
6.8750e+04 1.1719e+04 3.0634e-12 -3.1344e-26
7.1875e+04 1.1719e+04 3.0634e-12 -1.4944e-26
7.5000e+04 1.1719e+04 3.0634e-12 -3.3511e-27
7.8125e+04 1.1719e+04 3.0634e-12 8.6838e-27
8.1250e+04 1.1719e+04 3.0634e-12 1.6370e-26
8.4375e+04 1.1719e+04 3.0634e-12 2.0681e-26
8.7500e+04 1.1719e+04 3.0634e-12 2.6086e-26
9.0625e+04 1.1719e+04 3.0634e-12 2.1558e-26
9.3750e+04 1.1719e+04 3.0634e-12 1.8403e-26
9.6875e+04 1.1719e+04 3.0634e-12 1.1936e-26
1.0000e+05 1.1719e+04 3.0634e-12 0.0000e+00
0.0000e+00 1.2500e+04 3.2188e-12 0.0000e+00
3.1250e+03 1.2500e+04 3.2188e-12 -1.0653e-26
6.2500e+03 1.2500e+04 3.2188e-12 -1.2319e-26
9.3750e+03 1.2500e+04 3.2188e-12 -2.0397e-26
1.2500e+04 1.2500e+04 3.2188e-12 8.0779e-27
1.5625e+04 1.2500e+04 3.2188e-12 4.1197e-26
1.8750e+04 1.2500e+04 3.2188e-12 4.1803e-26
2.1875e+04 1.2500e+04 3.2188e-12 4.0440e-26
2.5000e+04 1.2500e+04 3.2188e-12 2.3426e-26
2.8125e+04 1.2500e+04 3.2188e-12 1.6913e-26
3.1250e+04 1.2500e+04 3.2188e-12 8.8857e-27
3.4375e+04 1.2500e+04 3.2188e-12 -6.2604e-27
3.7500e+04 1.2500e+04 3.2188e-12 -5.6546e-27
4.0625e+04 1.2500e+04 3.2188e-12 -9.0877e-27
4.3750e+04 1.2500e+04 3.2188e-12 -1.5348e-26
4.6875e+04 1.2500e+04 3.2188e-12 -3.3321e-26
5.0000e+04 1.2500e+04 3.2188e-12 -3.9481e-26
5.3125e+04 1.2500e+04 3.2188e-12 -4.0996e-26
5.6250e+04 1.2500e+04 3.2188e-12 -4.7458e-26
5.9375e+04 1.2500e+04 3.2188e-12 -5.2398e-26
6.2500e+04 1.2500e+04 3.2188e-12 -4.4631e-26
6.5625e+04 1.2500e+04 3.2188e-12 -4.1298e-26
6.8750e+04 1.2500e+04 3.2188e-12 -3.3120e-26
7.1875e+04 1.2500e+04 3.2188e-12 -1.4742e-26
7.5000e+04 1.2500e+04 3.2188e-12 -2.9283e-27
7.8125e+04 1.2500e+04 3.2188e-12 9.6178e-27
8.1250e+04 1.2500e+04 3.2188e-12 1.9589e-26
8.4375e+04 1.2500e+04 3.2188e-12 2.3426e-26
8.7500e+04 1.2500e+04 3.2188e-12 2.8980e-26
9.0625e+04 1.2500e+04 3.2188e-12 2.4259e-26
9.3750e+04 1.2500e+04 3.2188e-12 1.9791e-26
9.6875e+04 1.2500e+04 3.2188e-12 1.3601e-26
1.0000e+05 1.2500e+04 3.2188e-12 0.0000e+00
0.0000e+00 1.3281e+04 3.3680e-12 0.0000e+00
3.1250e+03 1.3281e+04 3.3680e-12 -6.6391e-27
6.2500e+03 1.3281e+04 3.3680e-12 -1.1915e-26
9.3750e+03 1.3281e+04 3.3680e-12 -1.9387e-26
1.2500e+04 1.3281e+04 3.3680e-12 1.1309e-26
1.5625e+04 1.3281e+04 3.3680e-12 4.9275e-26
1.8750e+04 1.3281e+04 3.3680e-12 4.4833e-26
2.1875e+04 1.3281e+04 3.3680e-12 4.4227e-26
2.5000e+04 1.3281e+04 3.3680e-12 2.3648e-26
2.8125e+04 1.3281e+04 3.3680e-12 1.6257e-26
3.1250e+04 1.3281e+04 3.3680e-12 5.9410e-27
3.4375e+04 1.3281e+04 3.3680e-12 -7.9770e-27
3.7500e+04 1.3281e+04 3.3680e-12 -7.4721e-27
4.0625e+04 1.3281e+04 3.3680e-12 -1.1604e-26
4.3750e+04 1.3281e+04 3.3680e-12 -1.7973e-26
4.6875e+04 1.3281e+04 3.3680e-12 -3.4937e-26
5.0000e+04 1.3281e+04 3.3680e-12 -4.1601e-26
5.3125e+04 1.3281e+04 3.3680e-12 -4.6650e-26
5.6250e+04 1.3281e+04 3.3680e-12 -5.0487e-26
5.9375e+04 1.3281e+04 3.3680e-12 -5.4728e-26
6.2500e+04 1.3281e+04 3.3680e-12 -4.7660e-26
6.5625e+04 1.3281e+04 3.3680e-12 -4.5489e-26
6.8750e+04 1.3281e+04 3.3680e-12 -3.3120e-26
7.1875e+04 1.3281e+04 3.3680e-12 -1.7166e-26
7.5000e+04 1.3281e+04 3.3680e-12 8.3417e-28
7.8125e+04 1.3281e+04 3.3680e-12 1.0905e-26
8.1250e+04 1.3281e+04 3.3680e-12 2.1135e-26
8.4375e+04 1.3281e+04 3.3680e-12 2.4422e-26
8.7500e+04 1.3281e+04 3.3680e-12 3.2905e-26
9.0625e+04 1.3281e+04 3.3680e-12 2.7162e-26
9.3750e+04 1.3281e+04 3.3680e-12 2.3376e-26
9.6875e+04 1.3281e+04 3.3680e-12 1.3606e-26
1.0000e+05 1.3281e+04 3.3680e-12 0.0000e+00
0.0000e+00 1.4062e+04 3.5112e-12 0.0000e+00
3.1250e+03 1.4062e+04 3.5112e-12 -6.9672e-27
6.2500e+03 1.4062e+04 3.5112e-12 -1.2622e-26
9.3750e+03 1.4062e+04 3.5112e-12 -1.5045e-26
1.2500e+04 1.4062e+04 3.5112e-12 1.9791e-26
1.5625e+04 1.4062e+04 3.5112e-12 5.6142e-26
1.8750e+04 1.4062e+04 3.5112e-12 5.0184e-26
2.1875e+04 1.4062e+04 3.5112e-12 4.7660e-26
2.5000e+04 1.4062e+04 3.5112e-12 2.6657e-26
2.8125e+04 1.4062e+04 3.5112e-12 1.5348e-26
3.1250e+04 1.4062e+04 3.5112e-12 4.1904e-27
3.4375e+04 1.4062e+04 3.5112e-12 -9.5925e-27
3.7500e+04 1.4062e+04 3.5112e-12 -9.1887e-27
4.0625e+04 1.4062e+04 3.5112e-12 -1.1208e-26
4.3750e+04 1.4062e+04 3.5112e-12 -2.1810e-26
4.6875e+04 1.4062e+04 3.5112e-12 -3.7259e-26
5.0000e+04 1.4062e+04 3.5112e-12 -4.0895e-26
5.3125e+04 1.4062e+04 3.5112e-12 -5.1699e-26
5.6250e+04 1.4062e+04 3.5112e-12 -5.2406e-26
5.9375e+04 1.4062e+04 3.5112e-12 -5.7353e-26
6.2500e+04 1.4062e+04 3.5112e-12 -5.0487e-26
6.5625e+04 1.4062e+04 3.5112e-12 -4.9275e-26
6.8750e+04 1.4062e+04 3.5112e-12 -3.4331e-26
7.1875e+04 1.4062e+04 3.5112e-12 -1.8377e-26
7.5000e+04 1.4062e+04 3.5112e-12 4.0390e-28
7.8125e+04 1.4062e+04 3.5112e-12 1.3026e-26
8.1250e+04 1.4062e+04 3.5112e-12 2.1306e-26
8.4375e+04 1.4062e+04 3.5112e-12 2.9484e-26
8.7500e+04 1.4062e+04 3.5112e-12 3.5341e-26
9.0625e+04 1.4062e+04 3.5112e-12 2.8828e-26
9.3750e+04 1.4062e+04 3.5112e-12 2.5042e-26
9.6875e+04 1.4062e+04 3.5112e-12 1.3905e-26
1.0000e+05 1.4062e+04 3.5112e-12 0.0000e+00
0.0000e+00 1.4844e+04 3.6483e-12 0.0000e+00
3.1250e+03 1.4844e+04 3.6483e-12 -5.4526e-27
6.2500e+03 1.4844e+04 3.6483e-12 -1.5550e-26
9.3750e+03 1.4844e+04 3.6483e-12 -7.4500e-27
1.2500e+04 1.4844e+04 3.6483e-12 2.3372e-26
1.5625e+04 1.4844e+04 3.6483e-12 5.0487e-26
1.8750e+04 1.4844e+04 3.6483e-12 5.3516e-26
2.1875e+04 1.4844e+04 3.6483e-12 4.9023e-26
2.5000e+04 1.4844e+04 3.6483e-12 2.6344e-26
2.8125e+04 1.4844e+04 3.6483e-12 1.5853e-26
3.1250e+04 1.4844e+04 3.6483e-12 5.5228e-28
3.4375e+04 1.4844e+04 3.6483e-12 -1.1183e-26
3.7500e+04 1.4844e+04 3.6483e-12 -1.2778e-26
4.0625e+04 1.4844e+04 3.6483e-12 -1.3934e-26
4.3750e+04 1.4844e+04 3.6483e-12 -2.5849e-26
4.6875e+04 1.4844e+04 3.6483e-12 -3.5947e-26
5.0000e+04 1.4844e+04 3.6483e-12 -4.2813e-26
5.3125e+04 1.4844e+04 3.6483e-12 -5.5334e-26
5.6250e+04 1.4844e+04 3.6483e-12 -5.6912e-26
5.9375e+04 1.4844e+04 3.6483e-12 -5.6445e-26
6.2500e+04 1.4844e+04 3.6483e-12 -5.4652e-26
6.5625e+04 1.4844e+04 3.6483e-12 -4.8064e-26
6.8750e+04 1.4844e+04 3.6483e-12 -3.6676e-26
7.1875e+04 1.4844e+04 3.6483e-12 -1.9034e-26
7.5000e+04 1.4844e+04 3.6483e-12 1.2343e-27
7.8125e+04 1.4844e+04 3.6483e-12 1.4944e-26
8.1250e+04 1.4844e+04 3.6483e-12 2.2984e-26
8.4375e+04 1.4844e+04 3.6483e-12 3.4205e-26
8.7500e+04 1.4844e+04 3.6483e-12 3.7026e-26
9.0625e+04 1.4844e+04 3.6483e-12 3.2059e-26
9.3750e+04 1.4844e+04 3.6483e-12 2.3451e-26
9.6875e+04 1.4844e+04 3.6483e-12 1.3342e-26
1.0000e+05 1.4844e+04 3.6483e-12 0.0000e+00
0.0000e+00 1.5625e+04 3.7793e-12 0.0000e+00
3.1250e+03 1.5625e+04 3.7793e-12 -4.8468e-27
6.2500e+03 1.5625e+04 3.7793e-12 -1.4540e-26
9.3750e+03 1.5625e+04 3.7793e-12 -6.8662e-27
1.2500e+04 1.5625e+04 3.7793e-12 2.8273e-26
1.5625e+04 1.5625e+04 3.7793e-12 5.4930e-26
1.8750e+04 1.5625e+04 3.7793e-12 5.7151e-26
2.1875e+04 1.5625e+04 3.7793e-12 5.1901e-26
2.5000e+04 1.5625e+04 3.7793e-12 2.7667e-26
2.8125e+04 1.5625e+04 3.7793e-12 1.4540e-26
3.1250e+04 1.5625e+04 3.7793e-12 -1.8175e-27
3.4375e+04 1.5625e+04 3.7793e-12 -1.1309e-26
3.7500e+04 1.5625e+04 3.7793e-12 -1.6156e-26
4.0625e+04 1.5625e+04 3.7793e-12 -1.5020e-26
4.3750e+04 1.5625e+04 3.7793e-12 -3.1504e-26
4.6875e+04 1.5625e+04 3.7793e-12 -3.8307e-26
5.0000e+04 1.5625e+04 3.7793e-12 -4.5552e-26
5.3125e+04 1.5625e+04 3.7793e-12 -5.8565e-26
5.6250e+04 1.5625e+04 3.7793e-12 -5.9777e-26
5.9375e+04 1.5625e+04 3.7793e-12 -5.6546e-26
6.2500e+04 1.5625e+04 3.7793e-12 -5.9474e-26
6.5625e+04 1.5625e+04 3.7793e-12 -4.8064e-26
6.8750e+04 1.5625e+04 3.7793e-12 -4.0087e-26
7.1875e+04 1.5625e+04 3.7793e-12 -1.9892e-26
7.5000e+04 1.5625e+04 3.7793e-12 5.3516e-27
7.8125e+04 1.5625e+04 3.7793e-12 1.7771e-26
8.1250e+04 1.5625e+04 3.7793e-12 2.6657e-26
8.4375e+04 1.5625e+04 3.7793e-12 3.6351e-26
8.7500e+04 1.5625e+04 3.7793e-12 3.9986e-26
9.0625e+04 1.5625e+04 3.7793e-12 3.4508e-26
9.3750e+04 1.5625e+04 3.7793e-12 2.3426e-26
9.6875e+04 1.5625e+04 3.7793e-12 1.5865e-26
1.0000e+05 1.5625e+04 3.7793e-12 0.0000e+00
0.0000e+00 1.6406e+04 3.9042e-12 0.0000e+00
3.1250e+03 1.6406e+04 3.9042e-12 -4.6448e-27
6.2500e+03 1.6406e+04 3.9042e-12 -1.0501e-26
9.3750e+03 1.6406e+04 3.9042e-12 -1.5348e-26
1.2500e+04 1.6406e+04 3.9042e-12 3.2312e-26
1.5625e+04 1.6406e+04 3.9042e-12 5.7151e-26
1.8750e+04 1.6406e+04 3.9042e-12 6.0181e-26
2.1875e+04 1.6406e+04 3.9042e-12 5.7573e-26
2.5000e+04 1.6406e+04 3.9042e-12 2.7061e-26
2.8125e+04 1.6406e+04 3.9042e-12 1.4761e-26
3.1250e+04 1.6406e+04 3.9042e-12 -4.2409e-27
3.4375e+04 1.6406e+04 3.9042e-12 -1.4881e-26
3.7500e+04 1.6406e+04 3.9042e-12 -1.2723e-26
4.0625e+04 1.6406e+04 3.9042e-12 -1.8478e-26
4.3750e+04 1.6406e+04 3.9042e-12 -3.3826e-26
4.6875e+04 1.6406e+04 3.9042e-12 -3.8875e-26
5.0000e+04 1.6406e+04 3.9042e-12 -4.7660e-26
5.3125e+04 1.6406e+04 3.9042e-12 -6.0803e-26
5.6250e+04 1.6406e+04 3.9042e-12 -6.2402e-26
5.9375e+04 1.6406e+04 3.9042e-12 -6.0136e-26
6.2500e+04 1.6406e+04 3.9042e-12 -5.7960e-26
6.5625e+04 1.6406e+04 3.9042e-12 -4.7407e-26
6.8750e+04 1.6406e+04 3.9042e-12 -4.0996e-26
7.1875e+04 1.6406e+04 3.9042e-12 -1.7771e-26
7.5000e+04 1.6406e+04 3.9042e-12 6.2099e-27
7.8125e+04 1.6406e+04 3.9042e-12 2.3022e-26
8.1250e+04 1.6406e+04 3.9042e-12 2.9686e-26
8.4375e+04 1.6406e+04 3.9042e-12 4.0047e-26
8.7500e+04 1.6406e+04 3.9042e-12 4.2662e-26
9.0625e+04 1.6406e+04 3.9042e-12 3.7562e-26
9.3750e+04 1.6406e+04 3.9042e-12 2.2517e-26
9.6875e+04 1.6406e+04 3.9042e-12 1.5938e-26
1.0000e+05 1.6406e+04 3.9042e-12 0.0000e+00
0.0000e+00 1.7188e+04 4.0229e-12 0.0000e+00
3.1250e+03 1.7188e+04 4.0229e-12 -9.0877e-28
6.2500e+03 1.7188e+04 4.0229e-12 -5.6546e-27
9.3750e+03 1.7188e+04 4.0229e-12 -6.2604e-27
1.2500e+04 1.7188e+04 4.0229e-12 3.7966e-26
1.5625e+04 1.7188e+04 4.0229e-12 6.0585e-26
1.8750e+04 1.7188e+04 4.0229e-12 6.5229e-26
2.1875e+04 1.7188e+04 4.0229e-12 5.8018e-26
2.5000e+04 1.7188e+04 4.0229e-12 3.1302e-26
2.8125e+04 1.7188e+04 4.0229e-12 1.1505e-26
3.1250e+04 1.7188e+04 4.0229e-12 -3.8370e-27
3.4375e+04 1.7188e+04 4.0229e-12 -1.5214e-26
3.7500e+04 1.7188e+04 4.0229e-12 -1.3934e-26
4.0625e+04 1.7188e+04 4.0229e-12 -2.2068e-26
4.3750e+04 1.7188e+04 4.0229e-12 -3.5139e-26
4.6875e+04 1.7188e+04 4.0229e-12 -4.0794e-26
5.0000e+04 1.7188e+04 4.0229e-12 -4.8266e-26
5.3125e+04 1.7188e+04 4.0229e-12 -6.6018e-26
5.6250e+04 1.7188e+04 4.0229e-12 -6.3109e-26
5.9375e+04 1.7188e+04 4.0229e-12 -6.3134e-26
6.2500e+04 1.7188e+04 4.0229e-12 -5.6747e-26
6.5625e+04 1.7188e+04 4.0229e-12 -4.9405e-26
6.8750e+04 1.7188e+04 4.0229e-12 -4.0491e-26
7.1875e+04 1.7188e+04 4.0229e-12 -1.7464e-26
7.5000e+04 1.7188e+04 4.0229e-12 6.6643e-27
7.8125e+04 1.7188e+04 4.0229e-12 2.5849e-26
8.1250e+04 1.7188e+04 4.0229e-12 3.5543e-26
8.4375e+04 1.7188e+04 4.0229e-12 3.8446e-26
8.7500e+04 1.7188e+04 4.0229e-12 4.4227e-26
9.0625e+04 1.7188e+04 4.0229e-12 3.7790e-26
9.3750e+04 1.7188e+04 4.0229e-12 2.1044e-26
9.6875e+04 1.7188e+04 4.0229e-12 1.6964e-26
1.0000e+05 1.7188e+04 4.0229e-12 0.0000e+00
0.0000e+00 1.7969e+04 4.1356e-12 0.0000e+00
3.1250e+03 1.7969e+04 4.1356e-12 2.1709e-27
6.2500e+03 1.7969e+04 4.1356e-12 2.4234e-27
9.3750e+03 1.7969e+04 4.1356e-12 -4.0390e-27
1.2500e+04 1.7969e+04 4.1356e-12 4.3621e-26
1.5625e+04 1.7969e+04 4.1356e-12 6.0383e-26
1.8750e+04 1.7969e+04 4.1356e-12 6.9066e-26
2.1875e+04 1.7969e+04 4.1356e-12 5.9373e-26
2.5000e+04 1.7969e+04 4.1356e-12 3.5139e-26
2.8125e+04 1.7969e+04 4.1356e-12 1.2521e-26
3.1250e+04 1.7969e+04 4.1356e-12 -3.0292e-27
3.4375e+04 1.7969e+04 4.1356e-12 -1.5550e-26
3.7500e+04 1.7969e+04 4.1356e-12 -1.6964e-26
4.0625e+04 1.7969e+04 4.1356e-12 -2.4638e-26
4.3750e+04 1.7969e+04 4.1356e-12 -3.7360e-26
4.6875e+04 1.7969e+04 4.1356e-12 -4.3621e-26
5.0000e+04 1.7969e+04 4.1356e-12 -5.0664e-26
5.3125e+04 1.7969e+04 4.1356e-12 -6.6845e-26
5.6250e+04 1.7969e+04 4.1356e-12 -6.5507e-26
5.9375e+04 1.7969e+04 4.1356e-12 -6.5229e-26
6.2500e+04 1.7969e+04 4.1356e-12 -6.0484e-26
6.5625e+04 1.7969e+04 4.1356e-12 -4.9881e-26
6.8750e+04 1.7969e+04 4.1356e-12 -4.0087e-26
7.1875e+04 1.7969e+04 4.1356e-12 -1.6358e-26
7.5000e+04 1.7969e+04 4.1356e-12 6.1847e-27
7.8125e+04 1.7969e+04 4.1356e-12 3.4277e-26
8.1250e+04 1.7969e+04 4.1356e-12 3.6086e-26
8.4375e+04 1.7969e+04 4.1356e-12 4.2611e-26
8.7500e+04 1.7969e+04 4.1356e-12 4.3318e-26
9.0625e+04 1.7969e+04 4.1356e-12 4.0541e-26
9.3750e+04 1.7969e+04 4.1356e-12 2.0548e-26
9.6875e+04 1.7969e+04 4.1356e-12 1.5551e-26
1.0000e+05 1.7969e+04 4.1356e-12 0.0000e+00
0.0000e+00 1.8750e+04 4.2422e-12 0.0000e+00
3.1250e+03 1.8750e+04 4.2422e-12 5.6546e-27
6.2500e+03 1.8750e+04 4.2422e-12 1.0157e-26
9.3750e+03 1.8750e+04 4.2422e-12 -4.0895e-27
1.2500e+04 1.8750e+04 4.2422e-12 4.6852e-26
1.5625e+04 1.8750e+04 4.2422e-12 6.2465e-26
1.8750e+04 1.8750e+04 4.2422e-12 6.9123e-26
2.1875e+04 1.8750e+04 4.2422e-12 5.9320e-26
2.5000e+04 1.8750e+04 4.2422e-12 3.9380e-26
2.8125e+04 1.8750e+04 4.2422e-12 1.4614e-26
3.1250e+04 1.8750e+04 4.2422e-12 -3.2312e-27
3.4375e+04 1.8750e+04 4.2422e-12 -1.5916e-26
3.7500e+04 1.8750e+04 4.2422e-12 -2.1205e-26
4.0625e+04 1.8750e+04 4.2422e-12 -2.6374e-26
4.3750e+04 1.8750e+04 4.2422e-12 -3.9784e-26
4.6875e+04 1.8750e+04 4.2422e-12 -4.5913e-26
5.0000e+04 1.8750e+04 4.2422e-12 -5.3213e-26
5.3125e+04 1.8750e+04 4.2422e-12 -6.7549e-26
5.6250e+04 1.8750e+04 4.2422e-12 -6.9975e-26
5.9375e+04 1.8750e+04 4.2422e-12 -6.6814e-26
6.2500e+04 1.8750e+04 4.2422e-12 -5.9474e-26
6.5625e+04 1.8750e+04 4.2422e-12 -5.0260e-26
6.8750e+04 1.8750e+04 4.2422e-12 -3.9329e-26
7.1875e+04 1.8750e+04 4.2422e-12 -1.5474e-26
7.5000e+04 1.8750e+04 4.2422e-12 5.9070e-27
7.8125e+04 1.8750e+04 4.2422e-12 3.0278e-26
8.1250e+04 1.8750e+04 4.2422e-12 4.3141e-26
8.4375e+04 1.8750e+04 4.2422e-12 4.6268e-26
8.7500e+04 1.8750e+04 4.2422e-12 4.1197e-26
9.0625e+04 1.8750e+04 4.2422e-12 4.6827e-26
9.3750e+04 1.8750e+04 4.2422e-12 2.3426e-26
9.6875e+04 1.8750e+04 4.2422e-12 1.7771e-26
1.0000e+05 1.8750e+04 4.2422e-12 0.0000e+00
0.0000e+00 1.9531e+04 4.3427e-12 0.0000e+00
3.1250e+03 1.9531e+04 4.3427e-12 2.2214e-27
6.2500e+03 1.9531e+04 4.3427e-12 1.5512e-26
9.3750e+03 1.9531e+04 4.3427e-12 -2.4234e-27
1.2500e+04 1.9531e+04 4.3427e-12 4.6044e-26
1.5625e+04 1.9531e+04 4.3427e-12 6.2604e-26
1.8750e+04 1.9531e+04 4.3427e-12 6.7893e-26
2.1875e+04 1.9531e+04 4.3427e-12 6.0786e-26
2.5000e+04 1.9531e+04 4.3427e-12 4.2485e-26
2.8125e+04 1.9531e+04 4.3427e-12 1.6762e-26
3.1250e+04 1.9531e+04 4.3427e-12 -2.4108e-27
3.4375e+04 1.9531e+04 4.3427e-12 -1.7166e-26
3.7500e+04 1.9531e+04 4.3427e-12 -2.3994e-26
4.0625e+04 1.9531e+04 4.3427e-12 -2.9989e-26
4.3750e+04 1.9531e+04 4.3427e-12 -4.0825e-26
4.6875e+04 1.9531e+04 4.3427e-12 -4.7054e-26
5.0000e+04 1.9531e+04 4.3427e-12 -5.5952e-26
5.3125e+04 1.9531e+04 4.3427e-12 -6.9874e-26
5.6250e+04 1.9531e+04 4.3427e-12 -7.2922e-26
5.9375e+04 1.9531e+04 4.3427e-12 -6.8057e-26
6.2500e+04 1.9531e+04 4.3427e-12 -5.8767e-26
6.5625e+04 1.9531e+04 4.3427e-12 -5.0083e-26
6.8750e+04 1.9531e+04 4.3427e-12 -3.7834e-26
7.1875e+04 1.9531e+04 4.3427e-12 -1.4439e-26
7.5000e+04 1.9531e+04 4.3427e-12 7.1092e-27
7.8125e+04 1.9531e+04 4.3427e-12 3.2905e-26
8.1250e+04 1.9531e+04 4.3427e-12 4.9490e-26
8.4375e+04 1.9531e+04 4.3427e-12 4.9578e-26
8.7500e+04 1.9531e+04 4.3427e-12 4.3354e-26
9.0625e+04 1.9531e+04 4.3427e-12 4.2750e-26
9.3750e+04 1.9531e+04 4.3427e-12 3.0519e-26
9.6875e+04 1.9531e+04 4.3427e-12 1.5428e-26
1.0000e+05 1.9531e+04 4.3427e-12 0.0000e+00
0.0000e+00 2.0312e+04 4.4370e-12 0.0000e+00
3.1250e+03 2.0312e+04 4.4370e-12 1.0097e-28
6.2500e+03 2.0312e+04 4.4370e-12 1.5348e-26
9.3750e+03 2.0312e+04 4.4370e-12 3.7992e-27
1.2500e+04 2.0312e+04 4.4370e-12 4.6044e-26
1.5625e+04 2.0312e+04 4.4370e-12 6.4570e-26
1.8750e+04 2.0312e+04 4.4370e-12 6.8259e-26
2.1875e+04 2.0312e+04 4.4370e-12 6.3588e-26
2.5000e+04 2.0312e+04 4.4370e-12 4.4934e-26
2.8125e+04 2.0312e+04 4.4370e-12 2.0854e-26
3.1250e+04 2.0312e+04 4.4370e-12 -2.5244e-27
3.4375e+04 2.0312e+04 4.4370e-12 -1.7305e-26
3.7500e+04 2.0312e+04 4.4370e-12 -2.6758e-26
4.0625e+04 2.0312e+04 4.4370e-12 -3.1738e-26
4.3750e+04 2.0312e+04 4.4370e-12 -4.1702e-26
4.6875e+04 2.0312e+04 4.4370e-12 -4.8487e-26
5.0000e+04 2.0312e+04 4.4370e-12 -5.9575e-26
5.3125e+04 2.0312e+04 4.4370e-12 -7.1459e-26
5.6250e+04 2.0312e+04 4.4370e-12 -7.4115e-26
5.9375e+04 2.0312e+04 4.4370e-12 -6.9088e-26
6.2500e+04 2.0312e+04 4.4370e-12 -5.8767e-26
6.5625e+04 2.0312e+04 4.4370e-12 -4.9442e-26
6.8750e+04 2.0312e+04 4.4370e-12 -3.6553e-26
7.1875e+04 2.0312e+04 4.4370e-12 -1.2208e-26
7.5000e+04 2.0312e+04 4.4370e-12 8.9362e-27
7.8125e+04 2.0312e+04 4.4370e-12 3.5194e-26
8.1250e+04 2.0312e+04 4.4370e-12 5.2683e-26
8.4375e+04 2.0312e+04 4.4370e-12 5.2956e-26
8.7500e+04 2.0312e+04 4.4370e-12 4.7407e-26
9.0625e+04 2.0312e+04 4.4370e-12 4.0718e-26
9.3750e+04 2.0312e+04 4.4370e-12 3.3523e-26
9.6875e+04 2.0312e+04 4.4370e-12 1.9387e-26
1.0000e+05 2.0312e+04 4.4370e-12 0.0000e+00
0.0000e+00 2.1094e+04 4.5253e-12 0.0000e+00
3.1250e+03 2.1094e+04 4.5253e-12 2.0195e-28
6.2500e+03 2.1094e+04 4.5253e-12 1.2483e-26
9.3750e+03 2.1094e+04 4.5253e-12 1.8579e-26
1.2500e+04 2.1094e+04 4.5253e-12 4.6044e-26
1.5625e+04 2.1094e+04 4.5253e-12 6.5027e-26
1.8750e+04 2.1094e+04 4.5253e-12 6.9811e-26
2.1875e+04 2.1094e+04 4.5253e-12 6.4220e-26
2.5000e+04 2.1094e+04 4.5253e-12 4.7950e-26
2.8125e+04 2.1094e+04 4.5253e-12 2.3224e-26
3.1250e+04 2.1094e+04 4.5253e-12 -2.3729e-27
3.4375e+04 2.1094e+04 4.5253e-12 -1.8175e-26
3.7500e+04 2.1094e+04 4.5253e-12 -2.9743e-26
4.0625e+04 2.1094e+04 4.5253e-12 -3.4028e-26
4.3750e+04 2.1094e+04 4.5253e-12 -4.1425e-26
4.6875e+04 2.1094e+04 4.5253e-12 -5.0083e-26
5.0000e+04 2.1094e+04 4.5253e-12 -6.2112e-26
5.3125e+04 2.1094e+04 4.5253e-12 -7.2701e-26
5.6250e+04 2.1094e+04 4.5253e-12 -7.4689e-26
5.9375e+04 2.1094e+04 4.5253e-12 -6.9571e-26
6.2500e+04 2.1094e+04 4.5253e-12 -5.9316e-26
6.5625e+04 2.1094e+04 4.5253e-12 -4.9427e-26
6.8750e+04 2.1094e+04 4.5253e-12 -3.5414e-26
7.1875e+04 2.1094e+04 4.5253e-12 -1.0804e-26
7.5000e+04 2.1094e+04 4.5253e-12 1.1978e-26
7.8125e+04 2.1094e+04 4.5253e-12 3.7259e-26
8.1250e+04 2.1094e+04 4.5253e-12 5.5288e-26
8.4375e+04 2.1094e+04 4.5253e-12 5.6243e-26
8.7500e+04 2.1094e+04 4.5253e-12 5.0640e-26
9.0625e+04 2.1094e+04 4.5253e-12 4.0705e-26
9.3750e+04 2.1094e+04 4.5253e-12 3.4205e-26
9.6875e+04 2.1094e+04 4.5253e-12 2.4156e-26
1.0000e+05 2.1094e+04 4.5253e-12 0.0000e+00
0.0000e+00 2.1875e+04 4.6074e-12 0.0000e+00
3.1250e+03 2.1875e+04 4.6074e-12 -1.2622e-27
6.2500e+03 2.1875e+04 4.6074e-12 1.7484e-26
9.3750e+03 2.1875e+04 4.6074e-12 2.6405e-26
1.2500e+04 2.1875e+04 4.6074e-12 4.7256e-26
1.5625e+04 2.1875e+04 4.6074e-12 6.4390e-26
1.8750e+04 2.1875e+04 4.6074e-12 7.1894e-26
2.1875e+04 2.1875e+04 4.6074e-12 6.6057e-26
2.5000e+04 2.1875e+04 4.6074e-12 5.0891e-26
2.8125e+04 2.1875e+04 4.6074e-12 2.5363e-26
3.1250e+04 2.1875e+04 4.6074e-12 -1.5146e-27
3.4375e+04 2.1875e+04 4.6074e-12 -1.8534e-26
3.7500e+04 2.1875e+04 4.6074e-12 -3.1706e-26
4.0625e+04 2.1875e+04 4.6074e-12 -3.7009e-26
4.3750e+04 2.1875e+04 4.6074e-12 -4.2510e-26
4.6875e+04 2.1875e+04 4.6074e-12 -5.1739e-26
5.0000e+04 2.1875e+04 4.6074e-12 -6.4119e-26
5.3125e+04 2.1875e+04 4.6074e-12 -7.3441e-26
5.6250e+04 2.1875e+04 4.6074e-12 -7.5327e-26
5.9375e+04 2.1875e+04 4.6074e-12 -6.9591e-26
6.2500e+04 2.1875e+04 4.6074e-12 -5.9878e-26
6.5625e+04 2.1875e+04 4.6074e-12 -4.8878e-26
6.8750e+04 2.1875e+04 4.6074e-12 -3.3877e-26
7.1875e+04 2.1875e+04 4.6074e-12 -7.9526e-27
7.5000e+04 2.1875e+04 4.6074e-12 1.4591e-26
7.8125e+04 2.1875e+04 4.6074e-12 3.9368e-26
8.1250e+04 2.1875e+04 4.6074e-12 5.7126e-26
8.4375e+04 2.1875e+04 4.6074e-12 5.8530e-26
8.7500e+04 2.1875e+04 4.6074e-12 5.2153e-26
9.0625e+04 2.1875e+04 4.6074e-12 4.3697e-26
9.3750e+04 2.1875e+04 4.6074e-12 3.5947e-26
9.6875e+04 2.1875e+04 4.6074e-12 2.2618e-26
1.0000e+05 2.1875e+04 4.6074e-12 0.0000e+00
0.0000e+00 2.2656e+04 4.6835e-12 0.0000e+00
3.1250e+03 2.2656e+04 4.6835e-12 1.0097e-28
6.2500e+03 2.2656e+04 4.6835e-12 2.4209e-26
9.3750e+03 2.2656e+04 4.6835e-12 3.2312e-26
1.2500e+04 2.2656e+04 4.6835e-12 4.8872e-26
1.5625e+04 2.2656e+04 4.6835e-12 6.5633e-26
1.8750e+04 2.2656e+04 4.6835e-12 7.2499e-26
2.1875e+04 2.2656e+04 4.6835e-12 6.7855e-26
2.5000e+04 2.2656e+04 4.6835e-12 5.3617e-26
2.8125e+04 2.2656e+04 4.6835e-12 2.7263e-26
3.1250e+04 2.2656e+04 4.6835e-12 5.6798e-28
3.4375e+04 2.2656e+04 4.6835e-12 -1.8579e-26
3.7500e+04 2.2656e+04 4.6835e-12 -3.2236e-26
4.0625e+04 2.2656e+04 4.6835e-12 -3.8471e-26
4.3750e+04 2.2656e+04 4.6835e-12 -4.2996e-26
4.6875e+04 2.2656e+04 4.6835e-12 -5.2910e-26
5.0000e+04 2.2656e+04 4.6835e-12 -6.4649e-26
5.3125e+04 2.2656e+04 4.6835e-12 -7.3004e-26
5.6250e+04 2.2656e+04 4.6835e-12 -7.4197e-26
5.9375e+04 2.2656e+04 4.6835e-12 -6.9773e-26
6.2500e+04 2.2656e+04 4.6835e-12 -6.0626e-26
6.5625e+04 2.2656e+04 4.6835e-12 -4.8670e-26
6.8750e+04 2.2656e+04 4.6835e-12 -3.1589e-26
7.1875e+04 2.2656e+04 4.6835e-12 -5.3516e-27
7.5000e+04 2.2656e+04 4.6835e-12 1.6853e-26
7.8125e+04 2.2656e+04 4.6835e-12 4.1103e-26
8.1250e+04 2.2656e+04 4.6835e-12 5.9105e-26
8.4375e+04 2.2656e+04 4.6835e-12 6.1039e-26
8.7500e+04 2.2656e+04 4.6835e-12 5.4756e-26
9.0625e+04 2.2656e+04 4.6835e-12 4.6019e-26
9.3750e+04 2.2656e+04 4.6835e-12 3.9355e-26
9.6875e+04 2.2656e+04 4.6835e-12 2.4373e-26
1.0000e+05 2.2656e+04 4.6835e-12 0.0000e+00
0.0000e+00 2.3438e+04 4.7534e-12 0.0000e+00
3.1250e+03 2.3438e+04 4.7534e-12 2.8273e-27
6.2500e+03 2.3438e+04 4.7534e-12 2.6376e-26
9.3750e+03 2.3438e+04 4.7534e-12 3.4735e-26
1.2500e+04 2.3438e+04 4.7534e-12 5.1699e-26
1.5625e+04 2.3438e+04 4.7534e-12 6.6286e-26
1.8750e+04 2.3438e+04 4.7534e-12 7.2903e-26
2.1875e+04 2.3438e+04 4.7534e-12 6.9454e-26
2.5000e+04 2.3438e+04 4.7534e-12 5.5435e-26
2.8125e+04 2.3438e+04 4.7534e-12 2.7798e-26
3.1250e+04 2.3438e+04 4.7534e-12 3.3321e-27
3.4375e+04 2.3438e+04 4.7534e-12 -1.7978e-26
3.7500e+04 2.3438e+04 4.7534e-12 -3.2413e-26
4.0625e+04 2.3438e+04 4.7534e-12 -3.8517e-26
4.3750e+04 2.3438e+04 4.7534e-12 -4.4025e-26
4.6875e+04 2.3438e+04 4.7534e-12 -5.5427e-26
5.0000e+04 2.3438e+04 4.7534e-12 -6.5734e-26
5.3125e+04 2.3438e+04 4.7534e-12 -7.2984e-26
5.6250e+04 2.3438e+04 4.7534e-12 -7.1591e-26
5.9375e+04 2.3438e+04 4.7534e-12 -6.8682e-26
6.2500e+04 2.3438e+04 4.7534e-12 -6.1594e-26
6.5625e+04 2.3438e+04 4.7534e-12 -4.8458e-26
6.8750e+04 2.3438e+04 4.7534e-12 -2.8323e-26
7.1875e+04 2.3438e+04 4.7534e-12 -1.8438e-27
7.5000e+04 2.3438e+04 4.7534e-12 1.8024e-26
7.8125e+04 2.3438e+04 4.7534e-12 4.2805e-26
8.1250e+04 2.3438e+04 4.7534e-12 6.1544e-26
8.4375e+04 2.3438e+04 4.7534e-12 6.2582e-26
8.7500e+04 2.3438e+04 4.7534e-12 5.7606e-26
9.0625e+04 2.3438e+04 4.7534e-12 4.7837e-26
9.3750e+04 2.3438e+04 4.7534e-12 4.4709e-26
9.6875e+04 2.3438e+04 4.7534e-12 2.5042e-26
1.0000e+05 2.3438e+04 4.7534e-12 0.0000e+00
0.0000e+00 2.4219e+04 4.8173e-12 0.0000e+00
3.1250e+03 2.4219e+04 4.8173e-12 3.5846e-27
6.2500e+03 2.4219e+04 4.8173e-12 2.5117e-26
9.3750e+03 2.4219e+04 4.8173e-12 3.9582e-26
1.2500e+04 2.4219e+04 4.8173e-12 5.7353e-26
1.5625e+04 2.4219e+04 4.8173e-12 6.9470e-26
1.8750e+04 2.4219e+04 4.8173e-12 7.1641e-26
2.1875e+04 2.4219e+04 4.8173e-12 6.8763e-26
2.5000e+04 2.4219e+04 4.8173e-12 5.6672e-26
2.8125e+04 2.4219e+04 4.8173e-12 2.9787e-26
3.1250e+04 2.4219e+04 4.8173e-12 5.1686e-27
3.4375e+04 2.4219e+04 4.8173e-12 -1.5954e-26
3.7500e+04 2.4219e+04 4.8173e-12 -3.1630e-26
4.0625e+04 2.4219e+04 4.8173e-12 -3.8370e-26
4.3750e+04 2.4219e+04 4.8173e-12 -4.4441e-26
4.6875e+04 2.4219e+04 4.8173e-12 -5.7454e-26
5.0000e+04 2.4219e+04 4.8173e-12 -6.6927e-26
5.3125e+04 2.4219e+04 4.8173e-12 -7.2298e-26
5.6250e+04 2.4219e+04 4.8173e-12 -6.6987e-26
5.9375e+04 2.4219e+04 4.8173e-12 -6.7501e-26
6.2500e+04 2.4219e+04 4.8173e-12 -6.3106e-26
6.5625e+04 2.4219e+04 4.8173e-12 -4.7508e-26
6.8750e+04 2.4219e+04 4.8173e-12 -2.3874e-26
7.1875e+04 2.4219e+04 4.8173e-12 6.0585e-28
7.5000e+04 2.4219e+04 4.8173e-12 1.9018e-26
7.8125e+04 2.4219e+04 4.8173e-12 4.4227e-26
8.1250e+04 2.4219e+04 4.8173e-12 6.2907e-26
8.4375e+04 2.4219e+04 4.8173e-12 6.5229e-26
8.7500e+04 2.4219e+04 4.8173e-12 5.8046e-26
9.0625e+04 2.4219e+04 4.8173e-12 5.5624e-26
9.3750e+04 2.4219e+04 4.8173e-12 4.5287e-26
9.6875e+04 2.4219e+04 4.8173e-12 2.4234e-26
1.0000e+05 2.4219e+04 4.8173e-12 0.0000e+00
0.0000e+00 2.5000e+04 4.8750e-12 0.0000e+00
3.1250e+03 2.5000e+04 4.8750e-12 9.5925e-27
6.2500e+03 2.5000e+04 4.8750e-12 2.5042e-26
9.3750e+03 2.5000e+04 4.8750e-12 4.3621e-26
1.2500e+04 2.5000e+04 4.8750e-12 6.1392e-26
1.5625e+04 2.5000e+04 4.8750e-12 7.2743e-26
1.8750e+04 2.5000e+04 4.8750e-12 7.0278e-26
2.1875e+04 2.5000e+04 4.8750e-12 6.8501e-26
2.5000e+04 2.5000e+04 4.8750e-12 5.8010e-26
2.8125e+04 2.5000e+04 4.8750e-12 3.0953e-26
3.1250e+04 2.5000e+04 4.8750e-12 4.7458e-27
3.4375e+04 2.5000e+04 4.8750e-12 -1.5060e-26
3.7500e+04 2.5000e+04 4.8750e-12 -3.1024e-26
4.0625e+04 2.5000e+04 4.8750e-12 -3.8543e-26
4.3750e+04 2.5000e+04 4.8750e-12 -4.3217e-26
4.6875e+04 2.5000e+04 4.8750e-12 -5.8628e-26
5.0000e+04 2.5000e+04 4.8750e-12 -6.7678e-26
5.3125e+04 2.5000e+04 4.8750e-12 -7.0855e-26
5.6250e+04 2.5000e+04 4.8750e-12 -6.3134e-26
5.9375e+04 2.5000e+04 4.8750e-12 -6.4733e-26
6.2500e+04 2.5000e+04 4.8750e-12 -6.4128e-26
6.5625e+04 2.5000e+04 4.8750e-12 -4.5384e-26
6.8750e+04 2.5000e+04 4.8750e-12 -1.9059e-26
7.1875e+04 2.5000e+04 4.8750e-12 3.4130e-27
7.5000e+04 2.5000e+04 4.8750e-12 1.9438e-26
7.8125e+04 2.5000e+04 4.8750e-12 4.4714e-26
8.1250e+04 2.5000e+04 4.8750e-12 6.3765e-26
8.4375e+04 2.5000e+04 4.8750e-12 6.7188e-26
8.7500e+04 2.5000e+04 4.8750e-12 5.8969e-26
9.0625e+04 2.5000e+04 4.8750e-12 5.9600e-26
9.3750e+04 2.5000e+04 4.8750e-12 4.3905e-26
9.6875e+04 2.5000e+04 4.8750e-12 2.0397e-26
1.0000e+05 2.5000e+04 4.8750e-12 0.0000e+00
0.0000e+00 2.5781e+04 4.9266e-12 0.0000e+00
3.1250e+03 2.5781e+04 4.9266e-12 1.4446e-26
6.2500e+03 2.5781e+04 4.9266e-12 2.7137e-26
9.3750e+03 2.5781e+04 4.9266e-12 5.4122e-26
1.2500e+04 2.5781e+04 4.9266e-12 6.4220e-26
1.5625e+04 2.5781e+04 4.9266e-12 7.3307e-26
1.8750e+04 2.5781e+04 4.9266e-12 7.0196e-26
2.1875e+04 2.5781e+04 4.9266e-12 7.0480e-26
2.5000e+04 2.5781e+04 4.9266e-12 5.9307e-26
2.8125e+04 2.5781e+04 4.9266e-12 3.2211e-26
3.1250e+04 2.5781e+04 4.9266e-12 4.6038e-27
3.4375e+04 2.5781e+04 4.9266e-12 -1.4338e-26
3.7500e+04 2.5781e+04 4.9266e-12 -2.9955e-26
4.0625e+04 2.5781e+04 4.9266e-12 -3.8875e-26
4.3750e+04 2.5781e+04 4.9266e-12 -4.2220e-26
4.6875e+04 2.5781e+04 4.9266e-12 -5.7757e-26
5.0000e+04 2.5781e+04 4.9266e-12 -6.8050e-26
5.3125e+04 2.5781e+04 4.9266e-12 -6.9369e-26
5.6250e+04 2.5781e+04 4.9266e-12 -6.1190e-26
5.9375e+04 2.5781e+04 4.9266e-12 -6.1291e-26
6.2500e+04 2.5781e+04 4.9266e-12 -6.3147e-26
6.5625e+04 2.5781e+04 4.9266e-12 -4.1601e-26
6.8750e+04 2.5781e+04 4.9266e-12 -1.4667e-26
7.1875e+04 2.5781e+04 4.9266e-12 5.1497e-27
7.5000e+04 2.5781e+04 4.9266e-12 2.0583e-26
7.8125e+04 2.5781e+04 4.9266e-12 4.4631e-26
8.1250e+04 2.5781e+04 4.9266e-12 6.4813e-26
8.4375e+04 2.5781e+04 4.9266e-12 6.8662e-26
8.7500e+04 2.5781e+04 4.9266e-12 5.8489e-26
9.0625e+04 2.5781e+04 4.9266e-12 6.6492e-26
9.3750e+04 2.5781e+04 4.9266e-12 3.9544e-26
9.6875e+04 2.5781e+04 4.9266e-12 2.0195e-26
1.0000e+05 2.5781e+04 4.9266e-12 0.0000e+00
0.0000e+00 2.6562e+04 4.9722e-12 0.0000e+00
3.1250e+03 2.6562e+04 4.9722e-12 1.9286e-26
6.2500e+03 2.6562e+04 4.9722e-12 3.2110e-26
9.3750e+03 2.6562e+04 4.9722e-12 5.0083e-26
1.2500e+04 2.6562e+04 4.9722e-12 6.2604e-26
1.5625e+04 2.6562e+04 4.9722e-12 7.2150e-26
1.8750e+04 2.6562e+04 4.9722e-12 7.1490e-26
2.1875e+04 2.6562e+04 4.9722e-12 7.2598e-26
2.5000e+04 2.6562e+04 4.9722e-12 6.0711e-26
2.8125e+04 2.6562e+04 4.9722e-12 3.3238e-26
3.1250e+04 2.6562e+04 4.9722e-12 4.5438e-27
3.4375e+04 2.6562e+04 4.9722e-12 -1.3156e-26
3.7500e+04 2.6562e+04 4.9722e-12 -2.8525e-26
4.0625e+04 2.6562e+04 4.9722e-12 -3.7605e-26
4.3750e+04 2.6562e+04 4.9722e-12 -4.1627e-26
4.6875e+04 2.6562e+04 4.9722e-12 -5.6477e-26
5.0000e+04 2.6562e+04 4.9722e-12 -6.6618e-26
5.3125e+04 2.6562e+04 4.9722e-12 -6.9389e-26
5.6250e+04 2.6562e+04 4.9722e-12 -6.1922e-26
5.9375e+04 2.6562e+04 4.9722e-12 -5.8285e-26
6.2500e+04 2.6562e+04 4.9722e-12 -5.8540e-26
6.5625e+04 2.6562e+04 4.9722e-12 -3.6979e-26
6.8750e+04 2.6562e+04 4.9722e-12 -1.0274e-26
7.1875e+04 2.6562e+04 4.9722e-12 7.5787e-27
7.5000e+04 2.6562e+04 4.9722e-12 2.2265e-26
7.8125e+04 2.6562e+04 4.9722e-12 4.5683e-26
8.1250e+04 2.6562e+04 4.9722e-12 6.5128e-26
8.4375e+04 2.6562e+04 4.9722e-12 6.9294e-26
8.7500e+04 2.6562e+04 4.9722e-12 5.7757e-26
9.0625e+04 2.6562e+04 4.9722e-12 7.2714e-26
9.3750e+04 2.6562e+04 4.9722e-12 3.8582e-26
9.6875e+04 2.6562e+04 4.9722e-12 2.5244e-26
1.0000e+05 2.6562e+04 4.9722e-12 0.0000e+00
0.0000e+00 2.7344e+04 5.0116e-12 0.0000e+00
3.1250e+03 2.7344e+04 5.0116e-12 2.2921e-26
6.2500e+03 2.7344e+04 5.0116e-12 4.0869e-26
9.3750e+03 2.7344e+04 5.0116e-12 5.3314e-26
1.2500e+04 2.7344e+04 5.0116e-12 6.2200e-26
1.5625e+04 2.7344e+04 5.0116e-12 7.2096e-26
1.8750e+04 2.7344e+04 5.0116e-12 7.3206e-26
2.1875e+04 2.7344e+04 5.0116e-12 7.5630e-26
2.5000e+04 2.7344e+04 5.0116e-12 6.2566e-26
2.8125e+04 2.7344e+04 5.0116e-12 3.5139e-26
3.1250e+04 2.7344e+04 5.0116e-12 5.0519e-27
3.4375e+04 2.7344e+04 5.0116e-12 -1.1410e-26
3.7500e+04 2.7344e+04 5.0116e-12 -2.7042e-26
4.0625e+04 2.7344e+04 5.0116e-12 -3.6048e-26
4.3750e+04 2.7344e+04 5.0116e-12 -4.0052e-26
4.6875e+04 2.7344e+04 5.0116e-12 -5.5435e-26
5.0000e+04 2.7344e+04 5.0116e-12 -6.5087e-26
5.3125e+04 2.7344e+04 5.0116e-12 -7.0278e-26
5.6250e+04 2.7344e+04 5.0116e-12 -6.3159e-26
5.9375e+04 2.7344e+04 5.0116e-12 -5.4829e-26
6.2500e+04 2.7344e+04 5.0116e-12 -5.0995e-26
6.5625e+04 2.7344e+04 5.0116e-12 -3.2918e-26
6.8750e+04 2.7344e+04 5.0116e-12 -6.9104e-27
7.1875e+04 2.7344e+04 5.0116e-12 1.1410e-26
7.5000e+04 2.7344e+04 5.0116e-12 2.4344e-26
7.8125e+04 2.7344e+04 5.0116e-12 4.7458e-26
8.1250e+04 2.7344e+04 5.0116e-12 6.4131e-26
8.4375e+04 2.7344e+04 5.0116e-12 6.9066e-26
8.7500e+04 2.7344e+04 5.0116e-12 5.9625e-26
9.0625e+04 2.7344e+04 5.0116e-12 5.9499e-26
9.3750e+04 2.7344e+04 5.0116e-12 4.0554e-26
9.6875e+04 2.7344e+04 5.0116e-12 2.4234e-26
1.0000e+05 2.7344e+04 5.0116e-12 0.0000e+00
0.0000e+00 2.8125e+04 5.0449e-12 0.0000e+00
3.1250e+03 2.8125e+04 5.0449e-12 2.7566e-26
6.2500e+03 2.8125e+04 5.0449e-12 4.8064e-26
9.3750e+03 2.8125e+04 5.0449e-12 5.0024e-26
1.2500e+04 2.8125e+04 5.0449e-12 6.8662e-26
1.5625e+04 2.8125e+04 5.0449e-12 7.3024e-26
1.8750e+04 2.8125e+04 5.0449e-12 7.5024e-26
2.1875e+04 2.8125e+04 5.0449e-12 7.8565e-26
2.5000e+04 2.8125e+04 5.0449e-12 6.6138e-26
2.8125e+04 2.8125e+04 5.0449e-12 3.6306e-26
3.1250e+04 2.8125e+04 5.0449e-12 4.6953e-27
3.4375e+04 2.8125e+04 5.0449e-12 -1.0807e-26
3.7500e+04 2.8125e+04 5.0449e-12 -2.5244e-26
4.0625e+04 2.8125e+04 5.0449e-12 -3.5195e-26
4.3750e+04 2.8125e+04 5.0449e-12 -3.7310e-26
4.6875e+04 2.8125e+04 5.0449e-12 -5.4141e-26
5.0000e+04 2.8125e+04 5.0449e-12 -6.5229e-26
5.3125e+04 2.8125e+04 5.0449e-12 -6.9693e-26
5.6250e+04 2.8125e+04 5.0449e-12 -6.2705e-26
5.9375e+04 2.8125e+04 5.0449e-12 -5.0233e-26
6.2500e+04 2.8125e+04 5.0449e-12 -4.1904e-26
6.5625e+04 2.8125e+04 5.0449e-12 -3.0125e-26
6.8750e+04 2.8125e+04 5.0449e-12 -5.6041e-27
7.1875e+04 2.8125e+04 5.0449e-12 1.3689e-26
7.5000e+04 2.8125e+04 5.0449e-12 2.7566e-26
7.8125e+04 2.8125e+04 5.0449e-12 4.9197e-26
8.1250e+04 2.8125e+04 5.0449e-12 6.2049e-26
8.4375e+04 2.8125e+04 5.0449e-12 6.8503e-26
8.7500e+04 2.8125e+04 5.0449e-12 6.3008e-26
9.0625e+04 2.8125e+04 5.0449e-12 5.9007e-26
9.3750e+04 2.8125e+04 5.0449e-12 4.0276e-26
9.6875e+04 2.8125e+04 5.0449e-12 2.6253e-26
1.0000e+05 2.8125e+04 5.0449e-12 0.0000e+00
0.0000e+00 2.8906e+04 5.0721e-12 0.0000e+00
3.1250e+03 2.8906e+04 5.0721e-12 2.9686e-26
6.2500e+03 2.8906e+04 5.0721e-12 4.5853e-26
9.3750e+03 2.8906e+04 5.0721e-12 5.7050e-26
1.2500e+04 2.8906e+04 5.0721e-12 7.1313e-26
1.5625e+04 2.8906e+04 5.0721e-12 7.3610e-26
1.8750e+04 2.8906e+04 5.0721e-12 7.7043e-26
2.1875e+04 2.8906e+04 5.0721e-12 8.3405e-26
2.5000e+04 2.8906e+04 5.0721e-12 7.1288e-26
2.8125e+04 2.8906e+04 5.0721e-12 3.7966e-26
3.1250e+04 2.8906e+04 5.0721e-12 3.6603e-27
3.4375e+04 2.8906e+04 5.0721e-12 -1.0299e-26
3.7500e+04 2.8906e+04 5.0721e-12 -2.3880e-26
4.0625e+04 2.8906e+04 5.0721e-12 -3.3422e-26
4.3750e+04 2.8906e+04 5.0721e-12 -3.5341e-26
4.6875e+04 2.8906e+04 5.0721e-12 -5.2810e-26
5.0000e+04 2.8906e+04 5.0721e-12 -6.4876e-26
5.3125e+04 2.8906e+04 5.0721e-12 -6.8561e-26
5.6250e+04 2.8906e+04 5.0721e-12 -5.9979e-26
5.9375e+04 2.8906e+04 5.0721e-12 -4.3722e-26
6.2500e+04 2.8906e+04 5.0721e-12 -3.3624e-26
6.5625e+04 2.8906e+04 5.0721e-12 -2.8374e-26
6.8750e+04 2.8906e+04 5.0721e-12 -4.8468e-27
7.1875e+04 2.8906e+04 5.0721e-12 1.5550e-26
7.5000e+04 2.8906e+04 5.0721e-12 3.0646e-26
7.8125e+04 2.8906e+04 5.0721e-12 5.0891e-26
8.1250e+04 2.8906e+04 5.0721e-12 6.0282e-26
8.4375e+04 2.8906e+04 5.0721e-12 6.7148e-26
8.7500e+04 2.8906e+04 5.0721e-12 6.3412e-26
9.0625e+04 2.8906e+04 5.0721e-12 5.7353e-26
9.3750e+04 2.8906e+04 5.0721e-12 4.0295e-26
9.6875e+04 2.8906e+04 5.0721e-12 2.4436e-26
1.0000e+05 2.8906e+04 5.0721e-12 0.0000e+00
0.0000e+00 2.9688e+04 5.0933e-12 0.0000e+00
3.1250e+03 2.9688e+04 5.0933e-12 3.2308e-26
6.2500e+03 2.9688e+04 5.0933e-12 4.6650e-26
9.3750e+03 2.9688e+04 5.0933e-12 6.2402e-26
1.2500e+04 2.9688e+04 5.0933e-12 7.2550e-26
1.5625e+04 2.9688e+04 5.0933e-12 7.4899e-26
1.8750e+04 2.9688e+04 5.0933e-12 8.1436e-26
2.1875e+04 2.9688e+04 5.0933e-12 8.9752e-26
2.5000e+04 2.9688e+04 5.0933e-12 7.7700e-26
2.8125e+04 2.9688e+04 5.0933e-12 3.8853e-26
3.1250e+04 2.9688e+04 5.0933e-12 2.6758e-27
3.4375e+04 2.9688e+04 5.0933e-12 -1.0498e-26
3.7500e+04 2.9688e+04 5.0933e-12 -2.3880e-26
4.0625e+04 2.9688e+04 5.0933e-12 -3.1414e-26
4.3750e+04 2.9688e+04 5.0933e-12 -3.3422e-26
4.6875e+04 2.9688e+04 5.0933e-12 -5.2355e-26
5.0000e+04 2.9688e+04 5.0933e-12 -6.3159e-26
5.3125e+04 2.9688e+04 5.0933e-12 -6.6402e-26
5.6250e+04 2.9688e+04 5.0933e-12 -5.5788e-26
5.9375e+04 2.9688e+04 5.0933e-12 -3.6944e-26
6.2500e+04 2.9688e+04 5.0933e-12 -2.6910e-26
6.5625e+04 2.9688e+04 5.0933e-12 -2.6328e-26
6.8750e+04 2.9688e+04 5.0933e-12 -3.2817e-27
7.1875e+04 2.9688e+04 5.0933e-12 1.7115e-26
7.5000e+04 2.9688e+04 5.0933e-12 3.3372e-26
7.8125e+04 2.9688e+04 5.0933e-12 5.2503e-26
8.1250e+04 2.9688e+04 5.0933e-12 6.0332e-26
8.4375e+04 2.9688e+04 5.0933e-12 6.5229e-26
8.7500e+04 2.9688e+04 5.0933e-12 6.0887e-26
9.0625e+04 2.9688e+04 5.0933e-12 5.6243e-26
9.3750e+04 2.9688e+04 5.0933e-12 4.2131e-26
9.6875e+04 2.9688e+04 5.0933e-12 3.3221e-26
1.0000e+05 2.9688e+04 5.0933e-12 0.0000e+00
0.0000e+00 3.0469e+04 5.1090e-12 0.0000e+00
3.1250e+03 3.0469e+04 5.1090e-12 3.5947e-26
6.2500e+03 3.0469e+04 5.1090e-12 5.1093e-26
9.3750e+03 3.0469e+04 5.1090e-12 6.7855e-26
1.2500e+04 3.0469e+04 5.1090e-12 7.3156e-26
1.5625e+04 3.0469e+04 5.1090e-12 7.5731e-26
1.8750e+04 3.0469e+04 5.1090e-12 8.4844e-26
2.1875e+04 3.0469e+04 5.1090e-12 9.6935e-26
2.5000e+04 3.0469e+04 5.1090e-12 8.3329e-26
2.8125e+04 3.0469e+04 5.1090e-12 3.9784e-26
3.1250e+04 3.0469e+04 5.1090e-12 1.5146e-27
3.4375e+04 3.0469e+04 5.1090e-12 -1.0299e-26
3.7500e+04 3.0469e+04 5.1090e-12 -2.4335e-26
4.0625e+04 3.0469e+04 5.1090e-12 -3.0090e-26
4.3750e+04 3.0469e+04 5.1090e-12 -3.1731e-26
4.6875e+04 3.0469e+04 5.1090e-12 -5.2507e-26
5.0000e+04 3.0469e+04 5.1090e-12 -6.1418e-26
5.3125e+04 3.0469e+04 5.1090e-12 -6.3816e-26
5.6250e+04 3.0469e+04 5.1090e-12 -5.1068e-26
5.9375e+04 3.0469e+04 5.1090e-12 -3.0292e-26
6.2500e+04 3.0469e+04 5.1090e-12 -2.1583e-26
6.5625e+04 3.0469e+04 5.1090e-12 -2.4840e-26
6.8750e+04 3.0469e+04 5.1090e-12 -1.4894e-27
7.1875e+04 3.0469e+04 5.1090e-12 1.7166e-26
7.5000e+04 3.0469e+04 5.1090e-12 3.5492e-26
7.8125e+04 3.0469e+04 5.1090e-12 5.2910e-26
8.1250e+04 3.0469e+04 5.1090e-12 6.1064e-26
8.4375e+04 3.0469e+04 5.1090e-12 6.3008e-26
8.7500e+04 3.0469e+04 5.1090e-12 5.7606e-26
9.0625e+04 3.0469e+04 5.1090e-12 5.5953e-26
9.3750e+04 3.0469e+04 5.1090e-12 4.7357e-26
9.6875e+04 3.0469e+04 5.1090e-12 2.5294e-26
1.0000e+05 3.0469e+04 5.1090e-12 0.0000e+00
0.0000e+00 3.1250e+04 5.1239e-12 0.0000e+00
3.1250e+03 3.1250e+04 5.1239e-12 3.5819e-26
6.2500e+03 3.1250e+04 5.1239e-12 5.4425e-26
9.3750e+03 3.1250e+04 5.1239e-12 7.1089e-26
1.2500e+04 3.1250e+04 5.1239e-12 7.5907e-26
1.5625e+04 3.1250e+04 5.1239e-12 7.6970e-26
1.8750e+04 3.1250e+04 5.1239e-12 8.6838e-26
2.1875e+04 3.1250e+04 5.1239e-12 1.0475e-25
2.5000e+04 3.1250e+04 5.1239e-12 8.9211e-26
2.8125e+04 3.1250e+04 5.1239e-12 4.1108e-26
3.1250e+04 3.1250e+04 5.1239e-12 6.5633e-28
3.4375e+04 3.1250e+04 5.1239e-12 -1.0342e-26
3.7500e+04 3.1250e+04 5.1239e-12 -2.3779e-26
4.0625e+04 3.1250e+04 5.1239e-12 -2.9847e-26
4.3750e+04 3.1250e+04 5.1239e-12 -2.9737e-26
4.6875e+04 3.1250e+04 5.1239e-12 -5.4126e-26
5.0000e+04 3.1250e+04 5.1239e-12 -5.8464e-26
5.3125e+04 3.1250e+04 5.1239e-12 -6.0558e-26
5.6250e+04 3.1250e+04 5.1239e-12 -4.4984e-26
5.9375e+04 3.1250e+04 5.1239e-12 -2.1987e-26
6.2500e+04 3.1250e+04 5.1239e-12 -1.5348e-26
6.5625e+04 3.1250e+04 5.1239e-12 -2.3657e-26
6.8750e+04 3.1250e+04 5.1239e-12 6.9420e-28
7.1875e+04 3.1250e+04 5.1239e-12 1.7368e-26
7.5000e+04 3.1250e+04 5.1239e-12 3.7032e-26
7.8125e+04 3.1250e+04 5.1239e-12 5.3365e-26
8.1250e+04 3.1250e+04 5.1239e-12 6.1443e-26
8.4375e+04 3.1250e+04 5.1239e-12 6.0661e-26
8.7500e+04 3.1250e+04 5.1239e-12 5.4274e-26
9.0625e+04 3.1250e+04 5.1239e-12 5.6647e-26
9.3750e+04 3.1250e+04 5.1239e-12 5.2002e-26
9.6875e+04 3.1250e+04 5.1239e-12 2.7137e-26
1.0000e+05 3.1250e+04 5.1239e-12 0.0000e+00
0.0000e+00 3.2031e+04 5.1383e-12 0.0000e+00
3.1250e+03 3.2031e+04 5.1383e-12 3.7562e-26
6.2500e+03 3.2031e+04 5.1383e-12 5.6546e-26
9.3750e+03 3.2031e+04 5.1383e-12 7.5529e-26
1.2500e+04 3.2031e+04 5.1383e-12 7.7170e-26
1.5625e+04 3.2031e+04 5.1383e-12 7.7750e-26
1.8750e+04 3.2031e+04 5.1383e-12 8.7444e-26
2.1875e+04 3.2031e+04 5.1383e-12 1.1349e-25
2.5000e+04 3.2031e+04 5.1383e-12 9.3679e-26
2.8125e+04 3.2031e+04 5.1383e-12 4.1197e-26
3.1250e+04 3.2031e+04 5.1383e-12 -1.7670e-27
3.4375e+04 3.2031e+04 5.1383e-12 -9.0877e-27
3.7500e+04 3.2031e+04 5.1383e-12 -2.2744e-26
4.0625e+04 3.2031e+04 5.1383e-12 -2.9888e-26
4.3750e+04 3.2031e+04 5.1383e-12 -2.6178e-26
4.6875e+04 3.2031e+04 5.1383e-12 -5.6142e-26
5.0000e+04 3.2031e+04 5.1383e-12 -5.2734e-26
5.3125e+04 3.2031e+04 5.1383e-12 -5.5940e-26
5.6250e+04 3.2031e+04 5.1383e-12 -4.1652e-26
5.9375e+04 3.2031e+04 5.1383e-12 -1.1511e-26
6.2500e+04 3.2031e+04 5.1383e-12 -1.7771e-26
6.5625e+04 3.2031e+04 5.1383e-12 -1.5348e-26
6.8750e+04 3.2031e+04 5.1383e-12 1.0960e-26
7.1875e+04 3.2031e+04 5.1383e-12 1.6156e-26
7.5000e+04 3.2031e+04 5.1383e-12 3.8093e-26
7.8125e+04 3.2031e+04 5.1383e-12 5.3920e-26
8.1250e+04 3.2031e+04 5.1383e-12 6.1443e-26
8.4375e+04 3.2031e+04 5.1383e-12 5.9651e-26
8.7500e+04 3.2031e+04 5.1383e-12 5.0033e-26
9.0625e+04 3.2031e+04 5.1383e-12 5.6846e-26
9.3750e+04 3.2031e+04 5.1383e-12 5.4980e-26
9.6875e+04 3.2031e+04 5.1383e-12 3.1151e-26
1.0000e+05 3.2031e+04 5.1383e-12 0.0000e+00
0.0000e+00 3.2812e+04 5.1520e-12 0.0000e+00
3.1250e+03 3.2812e+04 5.1520e-12 4.3621e-26
6.2500e+03 3.2812e+04 5.1520e-12 5.4425e-26
9.3750e+03 3.2812e+04 5.1520e-12 7.5794e-26
1.2500e+04 3.2812e+04 5.1520e-12 7.5327e-26
1.5625e+04 3.2812e+04 5.1520e-12 7.8356e-26
1.8750e+04 3.2812e+04 5.1520e-12 8.8049e-26
2.1875e+04 3.2812e+04 5.1520e-12 1.2278e-25
2.5000e+04 3.2812e+04 5.1520e-12 9.5724e-26
2.8125e+04 3.2812e+04 5.1520e-12 3.8774e-26
3.1250e+04 3.2812e+04 5.1520e-12 -6.0585e-27
3.4375e+04 3.2812e+04 5.1520e-12 -7.6740e-27
3.7500e+04 3.2812e+04 5.1520e-12 -2.1407e-26
4.0625e+04 3.2812e+04 5.1520e-12 -2.9888e-26
4.3750e+04 3.2812e+04 5.1520e-12 -1.8983e-26
4.6875e+04 3.2812e+04 5.1520e-12 -5.7656e-26
5.0000e+04 3.2812e+04 5.1520e-12 -4.1601e-26
5.3125e+04 3.2812e+04 5.1520e-12 -5.1937e-26
5.6250e+04 3.2812e+04 5.1520e-12 -4.0390e-26
5.9375e+04 3.2812e+04 5.1520e-12 -4.8468e-27
6.2500e+04 3.2812e+04 5.1520e-12 -1.7771e-26
6.5625e+04 3.2812e+04 5.1520e-12 -1.7771e-26
6.8750e+04 3.2812e+04 5.1520e-12 1.2521e-26
7.1875e+04 3.2812e+04 5.1520e-12 2.4638e-26
7.5000e+04 3.2812e+04 5.1520e-12 4.0390e-26
7.8125e+04 3.2812e+04 5.1520e-12 5.4930e-26
8.1250e+04 3.2812e+04 5.1520e-12 6.2506e-26
8.4375e+04 3.2812e+04 5.1520e-12 5.8161e-26
8.7500e+04 3.2812e+04 5.1520e-12 4.3967e-26
9.0625e+04 3.2812e+04 5.1520e-12 5.5738e-26
9.3750e+04 3.2812e+04 5.1520e-12 5.3265e-26
9.6875e+04 3.2812e+04 5.1520e-12 3.6962e-26
1.0000e+05 3.2812e+04 5.1520e-12 0.0000e+00
0.0000e+00 3.3594e+04 5.1651e-12 0.0000e+00
3.1250e+03 3.3594e+04 5.1651e-12 4.7155e-26
6.2500e+03 3.3594e+04 5.1651e-12 6.1291e-26
9.3750e+03 3.3594e+04 5.1651e-12 7.6740e-26
1.2500e+04 3.3594e+04 5.1651e-12 7.3711e-26
1.5625e+04 3.3594e+04 5.1651e-12 7.4404e-26
1.8750e+04 3.3594e+04 5.1651e-12 9.2896e-26
2.1875e+04 3.3594e+04 5.1651e-12 1.3188e-25
2.5000e+04 3.3594e+04 5.1651e-12 8.8857e-26
2.8125e+04 3.3594e+04 5.1651e-12 4.0976e-26
3.1250e+04 3.3594e+04 5.1651e-12 -1.8175e-27
3.4375e+04 3.3594e+04 5.1651e-12 -8.8376e-27
3.7500e+04 3.3594e+04 5.1651e-12 -1.3430e-26
4.0625e+04 3.3594e+04 5.1651e-12 -3.0118e-26
4.3750e+04 3.3594e+04 5.1651e-12 -2.2416e-26
4.6875e+04 3.3594e+04 5.1651e-12 -6.2193e-26
5.0000e+04 3.3594e+04 5.1651e-12 -4.1096e-26
5.3125e+04 3.3594e+04 5.1651e-12 -4.6044e-26
5.6250e+04 3.3594e+04 5.1651e-12 -3.4331e-26
5.9375e+04 3.3594e+04 5.1651e-12 4.2807e-27
6.2500e+04 3.3594e+04 5.1651e-12 -1.7368e-26
6.5625e+04 3.3594e+04 5.1651e-12 -1.4413e-26
6.8750e+04 3.3594e+04 5.1651e-12 6.8662e-27
7.1875e+04 3.3594e+04 5.1651e-12 2.4624e-26
7.5000e+04 3.3594e+04 5.1651e-12 4.0592e-26
7.8125e+04 3.3594e+04 5.1651e-12 5.3664e-26
8.1250e+04 3.3594e+04 5.1651e-12 6.9470e-26
8.4375e+04 3.3594e+04 5.1651e-12 5.5911e-26
8.7500e+04 3.3594e+04 5.1651e-12 4.4429e-26
9.0625e+04 3.3594e+04 5.1651e-12 5.2507e-26
9.3750e+04 3.3594e+04 5.1651e-12 5.5940e-26
9.6875e+04 3.3594e+04 5.1651e-12 4.0592e-26
1.0000e+05 3.3594e+04 5.1651e-12 0.0000e+00
0.0000e+00 3.4375e+04 5.1777e-12 0.0000e+00
3.1250e+03 3.4375e+04 5.1777e-12 5.4122e-26
6.2500e+03 3.4375e+04 5.1777e-12 5.4122e-26
9.3750e+03 3.4375e+04 5.1777e-12 7.8760e-26
1.2500e+04 3.4375e+04 5.1777e-12 6.7451e-26
1.5625e+04 3.4375e+04 5.1777e-12 8.6434e-26
1.8750e+04 3.4375e+04 5.1777e-12 8.6434e-26
2.1875e+04 3.4375e+04 5.1777e-12 1.6398e-25
2.5000e+04 3.4375e+04 5.1777e-12 8.3203e-26
2.8125e+04 3.4375e+04 5.1777e-12 3.1100e-26
3.1250e+04 3.4375e+04 5.1777e-12 8.0779e-27
3.4375e+04 3.4375e+04 5.1777e-12 -1.1713e-26
3.7500e+04 3.4375e+04 5.1777e-12 -9.6935e-27
4.0625e+04 3.4375e+04 5.1777e-12 -3.1908e-26
4.3750e+04 3.4375e+04 5.1777e-12 -2.3022e-26
4.6875e+04 3.4375e+04 5.1777e-12 -6.2604e-26
5.0000e+04 3.4375e+04 5.1777e-12 -3.3120e-26
5.3125e+04 3.4375e+04 5.1777e-12 -4.4025e-26
5.6250e+04 3.4375e+04 5.1777e-12 -2.9888e-26
5.9375e+04 3.4375e+04 5.1777e-12 1.0905e-26
6.2500e+04 3.4375e+04 5.1777e-12 -9.0877e-27
6.5625e+04 3.4375e+04 5.1777e-12 -3.3608e-28
6.8750e+04 3.4375e+04 5.1777e-12 1.5348e-26
7.1875e+04 3.4375e+04 5.1777e-12 1.8983e-26
7.5000e+04 3.4375e+04 5.1777e-12 3.6755e-26
7.8125e+04 3.4375e+04 5.1777e-12 4.5236e-26
8.1250e+04 3.4375e+04 5.1777e-12 7.7952e-26
8.4375e+04 3.4375e+04 5.1777e-12 5.2507e-26
8.7500e+04 3.4375e+04 5.1777e-12 4.8354e-26
9.0625e+04 3.4375e+04 5.1777e-12 4.9519e-26
9.3750e+04 3.4375e+04 5.1777e-12 5.5536e-26
9.6875e+04 3.4375e+04 5.1777e-12 3.9986e-26
1.0000e+05 3.4375e+04 5.1777e-12 0.0000e+00
0.0000e+00 3.5156e+04 5.1896e-12 0.0000e+00
3.1250e+03 3.5156e+04 5.1896e-12 4.0924e-26
6.2500e+03 3.5156e+04 5.1896e-12 4.5703e-26
9.3750e+03 3.5156e+04 5.1896e-12 6.9369e-26
1.2500e+04 3.5156e+04 5.1896e-12 6.4523e-26
1.5625e+04 3.5156e+04 5.1896e-12 9.0738e-26
1.8750e+04 3.5156e+04 5.1896e-12 9.1685e-26
2.1875e+04 3.5156e+04 5.1896e-12 1.4414e-25
2.5000e+04 3.5156e+04 5.1896e-12 9.7743e-26
2.8125e+04 3.5156e+04 5.1896e-12 3.0926e-26
3.1250e+04 3.5156e+04 5.1896e-12 9.2896e-27
3.4375e+04 3.5156e+04 5.1896e-12 -1.3732e-26
3.7500e+04 3.5156e+04 5.1896e-12 -1.7771e-26
4.0625e+04 3.5156e+04 5.1896e-12 -2.4234e-27
4.3750e+04 3.5156e+04 5.1896e-12 -2.9888e-26
4.6875e+04 3.5156e+04 5.1896e-12 -5.4627e-26
5.0000e+04 3.5156e+04 5.1896e-12 -2.7061e-26
5.3125e+04 3.5156e+04 5.1896e-12 -3.2716e-26
5.6250e+04 3.5156e+04 5.1896e-12 -1.7570e-26
5.9375e+04 3.5156e+04 5.1896e-12 1.4591e-26
6.2500e+04 3.5156e+04 5.1896e-12 1.2521e-26
6.5625e+04 3.5156e+04 5.1896e-12 -1.0097e-27
6.8750e+04 3.5156e+04 5.1896e-12 3.4432e-26
7.1875e+04 3.5156e+04 5.1896e-12 1.6466e-26
7.5000e+04 3.5156e+04 5.1896e-12 3.7159e-26
7.8125e+04 3.5156e+04 5.1896e-12 5.4122e-26
8.1250e+04 3.5156e+04 5.1896e-12 7.6639e-26
8.4375e+04 3.5156e+04 5.1896e-12 5.0517e-26
8.7500e+04 3.5156e+04 5.1896e-12 5.2507e-26
9.0625e+04 3.5156e+04 5.1896e-12 4.6650e-26
9.3750e+04 3.5156e+04 5.1896e-12 5.5738e-26
9.6875e+04 3.5156e+04 5.1896e-12 4.1500e-26
1.0000e+05 3.5156e+04 5.1896e-12 0.0000e+00
0.0000e+00 3.5938e+04 5.2009e-12 0.0000e+00
3.1250e+03 3.5938e+04 5.2009e-12 3.7159e-26
6.2500e+03 3.5938e+04 5.2009e-12 5.1699e-26
9.3750e+03 3.5938e+04 5.2009e-12 6.8057e-26
1.2500e+04 3.5938e+04 5.2009e-12 6.1796e-26
1.5625e+04 3.5938e+04 5.2009e-12 8.9665e-26
1.8750e+04 3.5938e+04 5.2009e-12 9.3704e-26
2.1875e+04 3.5938e+04 5.2009e-12 1.4217e-25
2.5000e+04 3.5938e+04 5.2009e-12 1.1148e-25
2.8125e+04 3.5938e+04 5.2009e-12 2.5849e-26
3.1250e+04 3.5938e+04 5.2009e-12 1.5348e-26
3.4375e+04 3.5938e+04 5.2009e-12 -1.6800e-26
3.7500e+04 3.5938e+04 5.2009e-12 -1.0097e-26
4.0625e+04 3.5938e+04 5.2009e-12 4.9219e-27
4.3750e+04 3.5938e+04 5.2009e-12 -3.7562e-26
4.6875e+04 3.5938e+04 5.2009e-12 -4.2005e-26
5.0000e+04 3.5938e+04 5.2009e-12 -1.4944e-26
5.3125e+04 3.5938e+04 5.2009e-12 -3.2025e-26
5.6250e+04 3.5938e+04 5.2009e-12 -1.6055e-26
5.9375e+04 3.5938e+04 5.2009e-12 1.8401e-26
6.2500e+04 3.5938e+04 5.2009e-12 2.2214e-26
6.5625e+04 3.5938e+04 5.2009e-12 9.2896e-27
6.8750e+04 3.5938e+04 5.2009e-12 3.1756e-26
7.1875e+04 3.5938e+04 5.2009e-12 2.1810e-26
7.5000e+04 3.5938e+04 5.2009e-12 3.9178e-26
7.8125e+04 3.5938e+04 5.2009e-12 6.1392e-26
8.1250e+04 3.5938e+04 5.2009e-12 7.9151e-26
8.4375e+04 3.5938e+04 5.2009e-12 5.0083e-26
8.7500e+04 3.5938e+04 5.2009e-12 5.4930e-26
9.0625e+04 3.5938e+04 5.2009e-12 3.4245e-26
9.3750e+04 3.5938e+04 5.2009e-12 6.8662e-26
9.6875e+04 3.5938e+04 5.2009e-12 3.7411e-26
1.0000e+05 3.5938e+04 5.2009e-12 0.0000e+00
0.0000e+00 3.6719e+04 5.2115e-12 0.0000e+00
3.1250e+03 3.6719e+04 5.2115e-12 3.8774e-26
6.2500e+03 3.6719e+04 5.2115e-12 5.3050e-26
9.3750e+03 3.6719e+04 5.2115e-12 6.1796e-26
1.2500e+04 3.6719e+04 5.2115e-12 6.1392e-26
1.5625e+04 3.6719e+04 5.2115e-12 1.0410e-25
1.8750e+04 3.6719e+04 5.2115e-12 9.7743e-26
2.1875e+04 3.6719e+04 5.2115e-12 1.5106e-25
2.5000e+04 3.6719e+04 5.2115e-12 1.1026e-25
2.8125e+04 3.6719e+04 5.2115e-12 4.5236e-26
3.1250e+04 3.6719e+04 5.2115e-12 1.0097e-26
3.4375e+04 3.6719e+04 5.2115e-12 -1.1562e-26
3.7500e+04 3.6719e+04 5.2115e-12 -1.0097e-26
4.0625e+04 3.6719e+04 5.2115e-12 5.5536e-28
4.3750e+04 3.6719e+04 5.2115e-12 -3.4533e-26
4.6875e+04 3.6719e+04 5.2115e-12 -3.5644e-26
5.0000e+04 3.6719e+04 5.2115e-12 -2.3426e-26
5.3125e+04 3.6719e+04 5.2115e-12 -2.1810e-26
5.6250e+04 3.6719e+04 5.2115e-12 -2.8273e-26
5.9375e+04 3.6719e+04 5.2115e-12 2.6354e-26
6.2500e+04 3.6719e+04 5.2115e-12 1.7771e-26
6.5625e+04 3.6719e+04 5.2115e-12 1.7368e-26
6.8750e+04 3.6719e+04 5.2115e-12 3.5947e-26
7.1875e+04 3.6719e+04 5.2115e-12 2.2113e-26
7.5000e+04 3.6719e+04 5.2115e-12 3.2009e-26
7.8125e+04 3.6719e+04 5.2115e-12 5.9777e-26
8.1250e+04 3.6719e+04 5.2115e-12 7.9164e-26
8.4375e+04 3.6719e+04 5.2115e-12 5.4122e-26
8.7500e+04 3.6719e+04 5.2115e-12 4.2813e-26
9.0625e+04 3.6719e+04 5.2115e-12 3.5543e-26
9.3750e+04 3.6719e+04 5.2115e-12 6.9066e-26
9.6875e+04 3.6719e+04 5.2115e-12 3.7159e-26
1.0000e+05 3.6719e+04 5.2115e-12 0.0000e+00
0.0000e+00 3.7500e+04 5.2216e-12 0.0000e+00
3.1250e+03 3.7500e+04 5.2216e-12 4.0390e-26
6.2500e+03 3.7500e+04 5.2216e-12 5.1295e-26
9.3750e+03 3.7500e+04 5.2216e-12 6.1796e-26
1.2500e+04 3.7500e+04 5.2216e-12 5.0285e-26
1.5625e+04 3.7500e+04 5.2216e-12 1.1208e-25
1.8750e+04 3.7500e+04 5.2216e-12 9.7339e-26
2.1875e+04 3.7500e+04 5.2216e-12 1.5469e-25
2.5000e+04 3.7500e+04 5.2216e-12 1.0986e-25
2.8125e+04 3.7500e+04 5.2216e-12 4.6044e-26
3.1250e+04 3.7500e+04 5.2216e-12 4.7768e-27
3.4375e+04 3.7500e+04 5.2216e-12 -1.2117e-26
3.7500e+04 3.7500e+04 5.2216e-12 -1.1309e-26
4.0625e+04 3.7500e+04 5.2216e-12 4.8468e-27
4.3750e+04 3.7500e+04 5.2216e-12 -2.6102e-26
4.6875e+04 3.7500e+04 5.2216e-12 -2.4638e-26
5.0000e+04 3.7500e+04 5.2216e-12 -3.1908e-26
5.3125e+04 3.7500e+04 5.2216e-12 -1.2521e-26
5.6250e+04 3.7500e+04 5.2216e-12 -2.3830e-26
5.9375e+04 3.7500e+04 5.2216e-12 3.5139e-26
6.2500e+04 3.7500e+04 5.2216e-12 1.1536e-26
6.5625e+04 3.7500e+04 5.2216e-12 1.9387e-26
6.8750e+04 3.7500e+04 5.2216e-12 3.0620e-26
7.1875e+04 3.7500e+04 5.2216e-12 2.2416e-26
7.5000e+04 3.7500e+04 5.2216e-12 3.1100e-26
7.8125e+04 3.7500e+04 5.2216e-12 5.8161e-26
8.1250e+04 3.7500e+04 5.2216e-12 7.5125e-26
8.4375e+04 3.7500e+04 5.2216e-12 6.1796e-26
8.7500e+04 3.7500e+04 5.2216e-12 5.3920e-26
9.0625e+04 3.7500e+04 5.2216e-12 2.3179e-26
9.3750e+04 3.7500e+04 5.2216e-12 8.3329e-26
9.6875e+04 3.7500e+04 5.2216e-12 3.0595e-26
1.0000e+05 3.7500e+04 5.2216e-12 0.0000e+00
0.0000e+00 3.8281e+04 5.2311e-12 0.0000e+00
3.1250e+03 3.8281e+04 5.2311e-12 3.3724e-26
6.2500e+03 3.8281e+04 5.2311e-12 6.6397e-26
9.3750e+03 3.8281e+04 5.2311e-12 4.5236e-26
1.2500e+04 3.8281e+04 5.2311e-12 5.0891e-26
1.5625e+04 3.8281e+04 5.2311e-12 1.0582e-25
1.8750e+04 3.8281e+04 5.2311e-12 1.0178e-25
2.1875e+04 3.8281e+04 5.2311e-12 1.4379e-25
2.5000e+04 3.8281e+04 5.2311e-12 1.0017e-25
2.8125e+04 3.8281e+04 5.2311e-12 6.7855e-26
3.1250e+04 3.8281e+04 5.2311e-12 2.4234e-27
3.4375e+04 3.8281e+04 5.2311e-12 -4.8468e-27
3.7500e+04 3.8281e+04 5.2311e-12 -1.7771e-26
4.0625e+04 3.8281e+04 5.2311e-12 2.0195e-27
4.3750e+04 3.8281e+04 5.2311e-12 -1.5638e-26
4.6875e+04 3.8281e+04 5.2311e-12 -3.4634e-26
5.0000e+04 3.8281e+04 5.2311e-12 -2.2618e-26
5.3125e+04 3.8281e+04 5.2311e-12 -1.9084e-26
5.6250e+04 3.8281e+04 5.2311e-12 4.0390e-27
5.9375e+04 3.8281e+04 5.2311e-12 2.9484e-26
6.2500e+04 3.8281e+04 5.2311e-12 1.3732e-26
6.5625e+04 3.8281e+04 5.2311e-12 7.0682e-27
6.8750e+04 3.8281e+04 5.2311e-12 3.3069e-26
7.1875e+04 3.8281e+04 5.2311e-12 2.5445e-26
7.5000e+04 3.8281e+04 5.2311e-12 2.9484e-26
7.8125e+04 3.8281e+04 5.2311e-12 5.5334e-26
8.1250e+04 3.8281e+04 5.2311e-12 5.8161e-26
8.4375e+04 3.8281e+04 5.2311e-12 6.8313e-26
8.7500e+04 3.8281e+04 5.2311e-12 5.8767e-26
9.0625e+04 3.8281e+04 5.2311e-12 3.7966e-26
9.3750e+04 3.8281e+04 5.2311e-12 5.9878e-26
9.6875e+04 3.8281e+04 5.2311e-12 3.3927e-26
1.0000e+05 3.8281e+04 5.2311e-12 0.0000e+00
0.0000e+00 3.9062e+04 5.2399e-12 0.0000e+00
3.1250e+03 3.9062e+04 5.2399e-12 2.3830e-26
6.2500e+03 3.9062e+04 5.2399e-12 6.2200e-26
9.3750e+03 3.9062e+04 5.2399e-12 4.1197e-26
1.2500e+04 3.9062e+04 5.2399e-12 4.8468e-26
1.5625e+04 3.9062e+04 5.2399e-12 1.0723e-25
1.8750e+04 3.9062e+04 5.2399e-12 7.9972e-26
2.1875e+04 3.9062e+04 5.2399e-12 1.5227e-25
2.5000e+04 3.9062e+04 5.2399e-12 9.6935e-26
2.8125e+04 3.9062e+04 5.2399e-12 7.7144e-26
3.1250e+04 3.9062e+04 5.2399e-12 -1.8472e-27
3.4375e+04 3.9062e+04 5.2399e-12 7.2701e-27
3.7500e+04 3.9062e+04 5.2399e-12 -2.1407e-26
4.0625e+04 3.9062e+04 5.2399e-12 8.5828e-27
4.3750e+04 3.9062e+04 5.2399e-12 -1.1713e-26
4.6875e+04 3.9062e+04 5.2399e-12 -3.0040e-26
5.0000e+04 3.9062e+04 5.2399e-12 -2.2618e-26
5.3125e+04 3.9062e+04 5.2399e-12 -8.9223e-27
5.6250e+04 3.9062e+04 5.2399e-12 1.2270e-26
5.9375e+04 3.9062e+04 5.2399e-12 2.9283e-26
6.2500e+04 3.9062e+04 5.2399e-12 1.4136e-26
6.5625e+04 3.9062e+04 5.2399e-12 1.7166e-26
6.8750e+04 3.9062e+04 5.2399e-12 2.7818e-26
7.1875e+04 3.9062e+04 5.2399e-12 1.9387e-26
7.5000e+04 3.9062e+04 5.2399e-12 2.6422e-26
7.8125e+04 3.9062e+04 5.2399e-12 5.4879e-26
8.1250e+04 3.9062e+04 5.2399e-12 6.0332e-26
8.4375e+04 3.9062e+04 5.2399e-12 6.8461e-26
8.7500e+04 3.9062e+04 5.2399e-12 5.5334e-26
9.0625e+04 3.9062e+04 5.2399e-12 3.8616e-26
9.3750e+04 3.9062e+04 5.2399e-12 5.5964e-26
9.6875e+04 3.9062e+04 5.2399e-12 3.7562e-26
1.0000e+05 3.9062e+04 5.2399e-12 0.0000e+00
0.0000e+00 3.9844e+04 5.2482e-12 0.0000e+00
3.1250e+03 3.9844e+04 5.2482e-12 2.5698e-26
6.2500e+03 3.9844e+04 5.2482e-12 4.6852e-26
9.3750e+03 3.9844e+04 5.2482e-12 3.8774e-26
1.2500e+04 3.9844e+04 5.2482e-12 4.2611e-26
1.5625e+04 3.9844e+04 5.2482e-12 8.4414e-26
1.8750e+04 3.9844e+04 5.2482e-12 9.1905e-26
2.1875e+04 3.9844e+04 5.2482e-12 1.3187e-25
2.5000e+04 3.9844e+04 5.2482e-12 9.8955e-26
2.8125e+04 3.9844e+04 5.2482e-12 3.5947e-26
3.1250e+04 3.9844e+04 5.2482e-12 1.2117e-26
3.4375e+04 3.9844e+04 5.2482e-12 -1.3934e-26
3.7500e+04 3.9844e+04 5.2482e-12 -1.1309e-26
4.0625e+04 3.9844e+04 5.2482e-12 6.4623e-27
4.3750e+04 3.9844e+04 5.2482e-12 -6.8662e-27
4.6875e+04 3.9844e+04 5.2482e-12 -1.3531e-26
5.0000e+04 3.9844e+04 5.2482e-12 -1.1309e-26
5.3125e+04 3.9844e+04 5.2482e-12 -5.6546e-27
5.6250e+04 3.9844e+04 5.2482e-12 2.4638e-26
5.9375e+04 3.9844e+04 5.2482e-12 3.9986e-26
6.2500e+04 3.9844e+04 5.2482e-12 2.5849e-26
6.5625e+04 3.9844e+04 5.2482e-12 1.7771e-26
6.8750e+04 3.9844e+04 5.2482e-12 3.0393e-26
7.1875e+04 3.9844e+04 5.2482e-12 2.0018e-26
7.5000e+04 3.9844e+04 5.2482e-12 2.2618e-26
7.8125e+04 3.9844e+04 5.2482e-12 5.0487e-26
8.1250e+04 3.9844e+04 5.2482e-12 6.4220e-26
8.4375e+04 3.9844e+04 5.2482e-12 6.5027e-26
8.7500e+04 3.9844e+04 5.2482e-12 7.1894e-26
9.0625e+04 3.9844e+04 5.2482e-12 4.1197e-26
9.3750e+04 3.9844e+04 5.2482e-12 5.0083e-26
9.6875e+04 3.9844e+04 5.2482e-12 3.1857e-26
1.0000e+05 3.9844e+04 5.2482e-12 0.0000e+00
0.0000e+00 4.0625e+04 5.2558e-12 0.0000e+00
3.1250e+03 4.0625e+04 5.2558e-12 2.1003e-26
6.2500e+03 4.0625e+04 5.2558e-12 4.0390e-26
9.3750e+03 4.0625e+04 5.2558e-12 3.4331e-26
1.2500e+04 4.0625e+04 5.2558e-12 3.5543e-26
1.5625e+04 4.0625e+04 5.2558e-12 8.9261e-26
1.8750e+04 4.0625e+04 5.2558e-12 8.8049e-26
2.1875e+04 4.0625e+04 5.2558e-12 1.2925e-25
2.5000e+04 4.0625e+04 5.2558e-12 9.8753e-26
2.8125e+04 4.0625e+04 5.2558e-12 3.7764e-26
3.1250e+04 4.0625e+04 5.2558e-12 1.2117e-26
3.4375e+04 4.0625e+04 5.2558e-12 -1.2117e-26
3.7500e+04 4.0625e+04 5.2558e-12 0.0000e+00
4.0625e+04 4.0625e+04 5.2558e-12 1.7368e-26
4.3750e+04 4.0625e+04 5.2558e-12 -4.8972e-27
4.6875e+04 4.0625e+04 5.2558e-12 -7.2701e-27
5.0000e+04 4.0625e+04 5.2558e-12 -8.8857e-27
5.3125e+04 4.0625e+04 5.2558e-12 7.2701e-27
5.6250e+04 4.0625e+04 5.2558e-12 3.1201e-26
5.9375e+04 4.0625e+04 5.2558e-12 3.9582e-26
6.2500e+04 4.0625e+04 5.2558e-12 3.3120e-26
6.5625e+04 4.0625e+04 5.2558e-12 2.3022e-26
6.8750e+04 4.0625e+04 5.2558e-12 2.9484e-26
7.1875e+04 4.0625e+04 5.2558e-12 1.6484e-26
7.5000e+04 4.0625e+04 5.2558e-12 2.4111e-26
7.8125e+04 4.0625e+04 5.2558e-12 5.4122e-26
8.1250e+04 4.0625e+04 5.2558e-12 6.9400e-26
8.4375e+04 4.0625e+04 5.2558e-12 6.3816e-26
8.7500e+04 4.0625e+04 5.2558e-12 6.9672e-26
9.0625e+04 4.0625e+04 5.2558e-12 3.9493e-26
9.3750e+04 4.0625e+04 5.2558e-12 4.4242e-26
9.6875e+04 4.0625e+04 5.2558e-12 3.0595e-26
1.0000e+05 4.0625e+04 5.2558e-12 0.0000e+00
0.0000e+00 4.1406e+04 5.2628e-12 0.0000e+00
3.1250e+03 4.1406e+04 5.2628e-12 2.0877e-26
6.2500e+03 4.1406e+04 5.2628e-12 4.0390e-26
9.3750e+03 4.1406e+04 5.2628e-12 1.6156e-26
1.2500e+04 4.1406e+04 5.2628e-12 2.9484e-26
1.5625e+04 4.1406e+04 5.2628e-12 7.6135e-26
1.8750e+04 4.1406e+04 5.2628e-12 8.2395e-26
2.1875e+04 4.1406e+04 5.2628e-12 1.0413e-25
2.5000e+04 4.1406e+04 5.2628e-12 9.9359e-26
2.8125e+04 4.1406e+04 5.2628e-12 3.2312e-26
3.1250e+04 4.1406e+04 5.2628e-12 1.6560e-26
3.4375e+04 4.1406e+04 5.2628e-12 -1.2824e-26
3.7500e+04 4.1406e+04 5.2628e-12 6.4623e-27
4.0625e+04 4.1406e+04 5.2628e-12 1.8781e-26
4.3750e+04 4.1406e+04 5.2628e-12 2.8273e-27
4.6875e+04 4.1406e+04 5.2628e-12 -6.8662e-27
5.0000e+04 4.1406e+04 5.2628e-12 2.0195e-27
5.3125e+04 4.1406e+04 5.2628e-12 1.8049e-26
5.6250e+04 4.1406e+04 5.2628e-12 3.3927e-26
5.9375e+04 4.1406e+04 5.2628e-12 4.1197e-26
6.2500e+04 4.1406e+04 5.2628e-12 3.9279e-26
6.5625e+04 4.1406e+04 5.2628e-12 2.8449e-26
6.8750e+04 4.1406e+04 5.2628e-12 2.2618e-26
7.1875e+04 4.1406e+04 5.2628e-12 2.3878e-26
7.5000e+04 4.1406e+04 5.2628e-12 2.1003e-26
7.8125e+04 4.1406e+04 5.2628e-12 5.5081e-26
8.1250e+04 4.1406e+04 5.2628e-12 5.5334e-26
8.4375e+04 4.1406e+04 5.2628e-12 6.7451e-26
8.7500e+04 4.1406e+04 5.2628e-12 6.7436e-26
9.0625e+04 4.1406e+04 5.2628e-12 4.9275e-26
9.3750e+04 4.1406e+04 5.2628e-12 3.8370e-26
9.6875e+04 4.1406e+04 5.2628e-12 3.0292e-26
1.0000e+05 4.1406e+04 5.2628e-12 0.0000e+00
0.0000e+00 4.2188e+04 5.2692e-12 0.0000e+00
3.1250e+03 4.2188e+04 5.2692e-12 2.9888e-26
6.2500e+03 4.2188e+04 5.2692e-12 3.9582e-26
9.3750e+03 4.2188e+04 5.2692e-12 -8.0779e-28
1.2500e+04 4.2188e+04 5.2692e-12 2.9081e-26
1.5625e+04 4.2188e+04 5.2692e-12 7.1086e-26
1.8750e+04 4.2188e+04 5.2692e-12 7.5267e-26
2.1875e+04 4.2188e+04 5.2692e-12 8.8251e-26
2.5000e+04 4.2188e+04 5.2692e-12 1.0501e-25
2.8125e+04 4.2188e+04 5.2692e-12 3.9905e-26
3.1250e+04 4.2188e+04 5.2692e-12 1.6408e-26
3.4375e+04 4.2188e+04 5.2692e-12 -1.0501e-26
3.7500e+04 4.2188e+04 5.2692e-12 1.4540e-26
4.0625e+04 4.2188e+04 5.2692e-12 2.3715e-26
4.3750e+04 4.2188e+04 5.2692e-12 8.2799e-27
4.6875e+04 4.2188e+04 5.2692e-12 -9.2896e-27
5.0000e+04 4.2188e+04 5.2692e-12 8.0779e-27
5.3125e+04 4.2188e+04 5.2692e-12 2.8716e-26
5.6250e+04 4.2188e+04 5.2692e-12 4.2813e-26
5.9375e+04 4.2188e+04 5.2692e-12 3.9986e-26
6.2500e+04 4.2188e+04 5.2692e-12 3.8935e-26
6.5625e+04 4.2188e+04 5.2692e-12 3.4331e-26
6.8750e+04 4.2188e+04 5.2692e-12 2.5950e-26
7.1875e+04 4.2188e+04 5.2692e-12 1.9387e-26
7.5000e+04 4.2188e+04 5.2692e-12 1.4540e-26
7.8125e+04 4.2188e+04 5.2692e-12 5.2910e-26
8.1250e+04 4.2188e+04 5.2692e-12 4.7660e-26
8.4375e+04 4.2188e+04 5.2692e-12 6.7855e-26
8.7500e+04 4.2188e+04 5.2692e-12 6.4018e-26
9.0625e+04 4.2188e+04 5.2692e-12 4.7196e-26
9.3750e+04 4.2188e+04 5.2692e-12 4.1565e-26
9.6875e+04 4.2188e+04 5.2692e-12 2.9081e-26
1.0000e+05 4.2188e+04 5.2692e-12 0.0000e+00
0.0000e+00 4.2969e+04 5.2750e-12 0.0000e+00
3.1250e+03 4.2969e+04 5.2750e-12 2.9150e-26
6.2500e+03 4.2969e+04 5.2750e-12 2.7465e-26
9.3750e+03 4.2969e+04 5.2750e-12 -5.6546e-27
1.2500e+04 4.2969e+04 5.2750e-12 2.7213e-26
1.5625e+04 4.2969e+04 5.2750e-12 6.3210e-26
1.8750e+04 4.2969e+04 5.2750e-12 6.1493e-26
2.1875e+04 4.2969e+04 5.2750e-12 9.9359e-26
2.5000e+04 4.2969e+04 5.2750e-12 9.9964e-26
2.8125e+04 4.2969e+04 5.2750e-12 5.0083e-26
3.1250e+04 4.2969e+04 5.2750e-12 1.8377e-26
3.4375e+04 4.2969e+04 5.2750e-12 -1.0855e-26
3.7500e+04 4.2969e+04 5.2750e-12 2.1154e-26
4.0625e+04 4.2969e+04 5.2750e-12 2.7389e-26
4.3750e+04 4.2969e+04 5.2750e-12 1.6560e-26
4.6875e+04 4.2969e+04 5.2750e-12 -7.8255e-27
5.0000e+04 4.2969e+04 5.2750e-12 1.7771e-26
5.3125e+04 4.2969e+04 5.2750e-12 3.5543e-26
5.6250e+04 4.2969e+04 5.2750e-12 4.8468e-26
5.9375e+04 4.2969e+04 5.2750e-12 4.6852e-26
6.2500e+04 4.2969e+04 5.2750e-12 4.2005e-26
6.5625e+04 4.2969e+04 5.2750e-12 2.6960e-26
6.8750e+04 4.2969e+04 5.2750e-12 3.2665e-26
7.1875e+04 4.2969e+04 5.2750e-12 1.4331e-26
7.5000e+04 4.2969e+04 5.2750e-12 8.0779e-27
7.8125e+04 4.2969e+04 5.2750e-12 4.5135e-26
8.1250e+04 4.2969e+04 5.2750e-12 5.0891e-26
8.4375e+04 4.2969e+04 5.2750e-12 5.0891e-26
8.7500e+04 4.2969e+04 5.2750e-12 6.1533e-26
9.0625e+04 4.2969e+04 5.2750e-12 3.8774e-26
9.3750e+04 4.2969e+04 5.2750e-12 4.3621e-26
9.6875e+04 4.2969e+04 5.2750e-12 2.7061e-26
1.0000e+05 4.2969e+04 5.2750e-12 0.0000e+00
0.0000e+00 4.3750e+04 5.2802e-12 0.0000e+00
3.1250e+03 4.3750e+04 5.2802e-12 3.3927e-26
6.2500e+03 4.3750e+04 5.2802e-12 1.9387e-26
9.3750e+03 4.3750e+04 5.2802e-12 -6.4623e-27
1.2500e+04 4.3750e+04 5.2802e-12 2.6253e-26
1.5625e+04 4.3750e+04 5.2802e-12 5.0689e-26
1.8750e+04 4.3750e+04 5.2802e-12 5.2507e-26
2.1875e+04 4.3750e+04 5.2802e-12 9.6531e-26
2.5000e+04 4.3750e+04 5.2802e-12 9.7743e-26
2.8125e+04 4.3750e+04 5.2802e-12 5.3314e-26
3.1250e+04 4.3750e+04 5.2802e-12 2.7768e-26
3.4375e+04 4.3750e+04 5.2802e-12 -1.0703e-26
3.7500e+04 4.3750e+04 5.2802e-12 2.5849e-26
4.0625e+04 4.3750e+04 5.2802e-12 3.1908e-26
4.3750e+04 4.3750e+04 5.2802e-12 1.9185e-26
4.6875e+04 4.3750e+04 5.2802e-12 -8.8857e-27
5.0000e+04 4.3750e+04 5.2802e-12 2.1810e-26
5.3125e+04 4.3750e+04 5.2802e-12 4.1197e-26
5.6250e+04 4.3750e+04 5.2802e-12 5.6949e-26
5.9375e+04 4.3750e+04 5.2802e-12 4.6044e-26
6.2500e+04 4.3750e+04 5.2802e-12 5.3049e-26
6.5625e+04 4.3750e+04 5.2802e-12 3.5139e-26
6.8750e+04 4.3750e+04 5.2802e-12 4.6852e-26
7.1875e+04 4.3750e+04 5.2802e-12 1.0501e-26
7.5000e+04 4.3750e+04 5.2802e-12 2.0094e-26
7.8125e+04 4.3750e+04 5.2802e-12 4.3823e-26
8.1250e+04 4.3750e+04 5.2802e-12 5.6142e-26
8.4375e+04 4.3750e+04 5.2802e-12 3.9986e-26
8.7500e+04 4.3750e+04 5.2802e-12 6.5684e-26
9.0625e+04 4.3750e+04 5.2802e-12 2.8755e-26
9.3750e+04 4.3750e+04 5.2802e-12 3.5107e-26
9.6875e+04 4.3750e+04 5.2802e-12 2.7465e-26
1.0000e+05 4.3750e+04 5.2802e-12 0.0000e+00
0.0000e+00 4.4531e+04 5.2848e-12 0.0000e+00
3.1250e+03 4.4531e+04 5.2848e-12 3.0718e-26
6.2500e+03 4.4531e+04 5.2848e-12 1.0097e-26
9.3750e+03 4.4531e+04 5.2848e-12 2.7263e-27
1.2500e+04 4.4531e+04 5.2848e-12 2.7162e-26
1.5625e+04 4.4531e+04 5.2848e-12 3.6401e-26
1.8750e+04 4.4531e+04 5.2848e-12 4.5236e-26
2.1875e+04 4.4531e+04 5.2848e-12 9.0069e-26
2.5000e+04 4.4531e+04 5.2848e-12 9.0170e-26
2.8125e+04 4.4531e+04 5.2848e-12 6.2806e-26
3.1250e+04 4.4531e+04 5.2848e-12 3.2312e-26
3.4375e+04 4.4531e+04 5.2848e-12 3.2312e-27
3.7500e+04 4.4531e+04 5.2848e-12 5.6546e-27
4.0625e+04 4.4531e+04 5.2848e-12 3.2690e-26
4.3750e+04 4.4531e+04 5.2848e-12 1.6358e-26
4.6875e+04 4.4531e+04 5.2848e-12 1.6156e-27
5.0000e+04 4.4531e+04 5.2848e-12 3.0696e-26
5.3125e+04 4.4531e+04 5.2848e-12 5.5738e-26
5.6250e+04 4.4531e+04 5.2848e-12 6.1190e-26
5.9375e+04 4.4531e+04 5.2848e-12 6.7855e-26
6.2500e+04 4.4531e+04 5.2848e-12 5.9979e-26
6.5625e+04 4.4531e+04 5.2848e-12 4.5236e-26
6.8750e+04 4.4531e+04 5.2848e-12 5.0083e-26
7.1875e+04 4.4531e+04 5.2848e-12 4.1197e-26
7.5000e+04 4.4531e+04 5.2848e-12 2.8121e-26
7.8125e+04 4.4531e+04 5.2848e-12 6.5633e-26
8.1250e+04 4.4531e+04 5.2848e-12 6.1493e-26
8.4375e+04 4.4531e+04 5.2848e-12 5.2305e-26
8.7500e+04 4.4531e+04 5.2848e-12 6.7874e-26
9.0625e+04 4.4531e+04 5.2848e-12 3.9582e-26
9.3750e+04 4.4531e+04 5.2848e-12 4.0390e-26
9.6875e+04 4.4531e+04 5.2848e-12 2.3022e-26
1.0000e+05 4.4531e+04 5.2848e-12 0.0000e+00
0.0000e+00 4.5312e+04 5.2887e-12 0.0000e+00
3.1250e+03 4.5312e+04 5.2887e-12 2.8273e-26
6.2500e+03 4.5312e+04 5.2887e-12 8.0779e-27
9.3750e+03 4.5312e+04 5.2887e-12 -3.6351e-27
1.2500e+04 4.5312e+04 5.2887e-12 2.6657e-26
1.5625e+04 4.5312e+04 5.2887e-12 2.3830e-26
1.8750e+04 4.5312e+04 5.2887e-12 3.5543e-26
2.1875e+04 4.5312e+04 5.2887e-12 8.6916e-26
2.5000e+04 4.5312e+04 5.2887e-12 8.5982e-26
2.8125e+04 4.5312e+04 5.2887e-12 6.9167e-26
3.1250e+04 4.5312e+04 5.2887e-12 3.3927e-26
3.4375e+04 4.5312e+04 5.2887e-12 1.2521e-26
3.7500e+04 4.5312e+04 5.2887e-12 8.0779e-27
4.0625e+04 4.5312e+04 5.2887e-12 3.2391e-26
4.3750e+04 4.5312e+04 5.2887e-12 1.6635e-26
4.6875e+04 4.5312e+04 5.2887e-12 1.2117e-26
5.0000e+04 4.5312e+04 5.2887e-12 3.0017e-26
5.3125e+04 4.5312e+04 5.2887e-12 5.7757e-26
5.6250e+04 4.5312e+04 5.2887e-12 6.6239e-26
5.9375e+04 4.5312e+04 5.2887e-12 7.1557e-26
6.2500e+04 4.5312e+04 5.2887e-12 6.3816e-26
6.5625e+04 4.5312e+04 5.2887e-12 4.7104e-26
6.8750e+04 4.5312e+04 5.2887e-12 5.0632e-26
7.1875e+04 4.5312e+04 5.2887e-12 4.5640e-26
7.5000e+04 4.5312e+04 5.2887e-12 2.9081e-26
7.8125e+04 4.5312e+04 5.2887e-12 6.3734e-26
8.1250e+04 4.5312e+04 5.2887e-12 6.2604e-26
8.4375e+04 4.5312e+04 5.2887e-12 5.0588e-26
8.7500e+04 4.5312e+04 5.2887e-12 6.8360e-26
9.0625e+04 4.5312e+04 5.2887e-12 3.5981e-26
9.3750e+04 4.5312e+04 5.2887e-12 4.3621e-26
9.6875e+04 4.5312e+04 5.2887e-12 2.0772e-26
1.0000e+05 4.5312e+04 5.2887e-12 0.0000e+00
0.0000e+00 4.6094e+04 5.2921e-12 0.0000e+00
3.1250e+03 4.6094e+04 5.2921e-12 2.6932e-26
6.2500e+03 4.6094e+04 5.2921e-12 2.4234e-27
9.3750e+03 4.6094e+04 5.2921e-12 -1.9791e-26
1.2500e+04 4.6094e+04 5.2921e-12 1.5348e-26
1.5625e+04 4.6094e+04 5.2921e-12 2.1003e-26
1.8750e+04 4.6094e+04 5.2921e-12 2.9888e-26
2.1875e+04 4.6094e+04 5.2921e-12 8.6434e-26
2.5000e+04 4.6094e+04 5.2921e-12 7.8356e-26
2.8125e+04 4.6094e+04 5.2921e-12 8.3203e-26
3.1250e+04 4.6094e+04 5.2921e-12 3.7562e-26
3.4375e+04 4.6094e+04 5.2921e-12 2.1407e-26
3.7500e+04 4.6094e+04 5.2921e-12 3.2312e-27
4.0625e+04 4.6094e+04 5.2921e-12 3.5341e-26
4.3750e+04 4.6094e+04 5.2921e-12 2.1810e-26
4.6875e+04 4.6094e+04 5.2921e-12 2.9283e-27
5.0000e+04 4.6094e+04 5.2921e-12 3.1706e-26
5.3125e+04 4.6094e+04 5.2921e-12 5.2910e-26
5.6250e+04 4.6094e+04 5.2921e-12 7.2701e-26
5.9375e+04 4.6094e+04 5.2921e-12 7.7548e-26
6.2500e+04 4.6094e+04 5.2921e-12 5.9777e-26
6.5625e+04 4.6094e+04 5.2921e-12 6.1645e-26
6.8750e+04 4.6094e+04 5.2921e-12 4.6802e-26
7.1875e+04 4.6094e+04 5.2921e-12 5.2103e-26
7.5000e+04 4.6094e+04 5.2921e-12 2.7465e-26
7.8125e+04 4.6094e+04 5.2921e-12 6.1392e-26
8.1250e+04 4.6094e+04 5.2921e-12 5.7151e-26
8.4375e+04 4.6094e+04 5.2921e-12 5.6445e-26
8.7500e+04 4.6094e+04 5.2921e-12 6.4220e-26
9.0625e+04 4.6094e+04 5.2921e-12 5.3718e-26
9.3750e+04 4.6094e+04 5.2921e-12 3.9582e-26
9.6875e+04 4.6094e+04 5.2921e-12 2.1003e-26
1.0000e+05 4.6094e+04 5.2921e-12 0.0000e+00
0.0000e+00 4.6875e+04 5.2948e-12 0.0000e+00
3.1250e+03 4.6875e+04 5.2948e-12 2.8071e-26
6.2500e+03 4.6875e+04 5.2948e-12 1.6156e-27
9.3750e+03 4.6875e+04 5.2948e-12 -2.5236e-26
1.2500e+04 4.6875e+04 5.2948e-12 4.0390e-27
1.5625e+04 4.6875e+04 5.2948e-12 9.6935e-27
1.8750e+04 4.6875e+04 5.2948e-12 3.0696e-26
2.1875e+04 4.6875e+04 5.2948e-12 8.6434e-26
2.5000e+04 4.6875e+04 5.2948e-12 7.1894e-26
2.8125e+04 4.6875e+04 5.2948e-12 8.7747e-26
3.1250e+04 4.6875e+04 5.2948e-12 4.0188e-26
3.4375e+04 4.6875e+04 5.2948e-12 3.2716e-26
3.7500e+04 4.6875e+04 5.2948e-12 -1.5651e-27
4.0625e+04 4.6875e+04 5.2948e-12 3.2716e-26
4.3750e+04 4.6875e+04 5.2948e-12 1.6610e-26
4.6875e+04 4.6875e+04 5.2948e-12 9.6935e-27
5.0000e+04 4.6875e+04 5.2948e-12 2.5042e-26
5.3125e+04 4.6875e+04 5.2948e-12 4.8064e-26
5.6250e+04 4.6875e+04 5.2948e-12 7.1894e-26
5.9375e+04 4.6875e+04 5.2948e-12 8.9261e-26
6.2500e+04 4.6875e+04 5.2948e-12 5.8161e-26
6.5625e+04 4.6875e+04 5.2948e-12 6.9066e-26
6.8750e+04 4.6875e+04 5.2948e-12 4.8468e-26
7.1875e+04 4.6875e+04 5.2948e-12 6.0585e-26
7.5000e+04 4.6875e+04 5.2948e-12 3.1504e-26
7.8125e+04 4.6875e+04 5.2948e-12 6.3008e-26
8.1250e+04 4.6875e+04 5.2948e-12 5.4678e-26
8.4375e+04 4.6875e+04 5.2948e-12 5.4930e-26
8.7500e+04 4.6875e+04 5.2948e-12 5.7185e-26
9.0625e+04 4.6875e+04 5.2948e-12 5.3808e-26
9.3750e+04 4.6875e+04 5.2948e-12 3.5874e-26
9.6875e+04 4.6875e+04 5.2948e-12 1.9113e-26
1.0000e+05 4.6875e+04 5.2948e-12 0.0000e+00
0.0000e+00 4.7656e+04 5.2970e-12 0.0000e+00
3.1250e+03 4.7656e+04 5.2970e-12 2.5568e-26
6.2500e+03 4.7656e+04 5.2970e-12 -5.6546e-27
9.3750e+03 4.7656e+04 5.2970e-12 -2.3426e-26
1.2500e+04 4.7656e+04 5.2970e-12 -2.4234e-27
1.5625e+04 4.7656e+04 5.2970e-12 9.8197e-27
1.8750e+04 4.7656e+04 5.2970e-12 2.8273e-26
2.1875e+04 4.7656e+04 5.2970e-12 6.9874e-26
2.5000e+04 4.7656e+04 5.2970e-12 8.5626e-26
2.8125e+04 4.7656e+04 5.2970e-12 7.7548e-26
3.1250e+04 4.7656e+04 5.2970e-12 6.0332e-26
3.4375e+04 4.7656e+04 5.2970e-12 2.4032e-26
3.7500e+04 4.7656e+04 5.2970e-12 1.2925e-26
4.0625e+04 4.7656e+04 5.2970e-12 2.4234e-26
4.3750e+04 4.7656e+04 5.2970e-12 1.6863e-26
4.6875e+04 4.7656e+04 5.2970e-12 1.4244e-26
5.0000e+04 4.7656e+04 5.2970e-12 2.3830e-26
5.3125e+04 4.7656e+04 5.2970e-12 5.2910e-26
5.6250e+04 4.7656e+04 5.2970e-12 7.1086e-26
5.9375e+04 4.7656e+04 5.2970e-12 9.3704e-26
6.2500e+04 4.7656e+04 5.2970e-12 8.0969e-26
6.5625e+04 4.7656e+04 5.2970e-12 5.6747e-26
6.8750e+04 4.7656e+04 5.2970e-12 5.3011e-26
7.1875e+04 4.7656e+04 5.2970e-12 5.0487e-26
7.5000e+04 4.7656e+04 5.2970e-12 4.2005e-26
7.8125e+04 4.7656e+04 5.2970e-12 4.9275e-26
8.1250e+04 4.7656e+04 5.2970e-12 5.2305e-26
8.4375e+04 4.7656e+04 5.2970e-12 5.4021e-26
8.7500e+04 4.7656e+04 5.2970e-12 4.9528e-26
9.0625e+04 4.7656e+04 5.2970e-12 5.5738e-26
9.3750e+04 4.7656e+04 5.2970e-12 2.5849e-26
9.6875e+04 4.7656e+04 5.2970e-12 1.4843e-26
1.0000e+05 4.7656e+04 5.2970e-12 0.0000e+00
0.0000e+00 4.8438e+04 5.2985e-12 0.0000e+00
3.1250e+03 4.8438e+04 5.2985e-12 2.1003e-26
6.2500e+03 4.8438e+04 5.2985e-12 -1.3329e-26
9.3750e+03 4.8438e+04 5.2985e-12 -2.7465e-26
1.2500e+04 4.8438e+04 5.2985e-12 -1.5146e-26
1.5625e+04 4.8438e+04 5.2985e-12 3.2312e-27
1.8750e+04 4.8438e+04 5.2985e-12 3.0292e-26
2.1875e+04 4.8438e+04 5.2985e-12 6.5431e-26
2.5000e+04 4.8438e+04 5.2985e-12 7.2701e-26
2.8125e+04 4.8438e+04 5.2985e-12 7.4317e-26
3.1250e+04 4.8438e+04 5.2985e-12 6.4013e-26
3.4375e+04 4.8438e+04 5.2985e-12 2.8677e-26
3.7500e+04 4.8438e+04 5.2985e-12 1.5348e-26
4.0625e+04 4.8438e+04 5.2985e-12 1.9589e-26
4.3750e+04 4.8438e+04 5.2985e-12 2.2618e-26
4.6875e+04 4.8438e+04 5.2985e-12 2.0186e-26
5.0000e+04 4.8438e+04 5.2985e-12 2.8494e-26
5.3125e+04 4.8438e+04 5.2985e-12 4.7660e-26
5.6250e+04 4.8438e+04 5.2985e-12 6.9317e-26
5.9375e+04 4.8438e+04 5.2985e-12 1.0097e-25
6.2500e+04 4.8438e+04 5.2985e-12 8.2269e-26
6.5625e+04 4.8438e+04 5.2985e-12 6.1086e-26
6.8750e+04 4.8438e+04 5.2985e-12 5.4122e-26
7.1875e+04 4.8438e+04 5.2985e-12 5.6546e-26
7.5000e+04 4.8438e+04 5.2985e-12 3.8976e-26
7.8125e+04 4.8438e+04 5.2985e-12 4.5438e-26
8.1250e+04 4.8438e+04 5.2985e-12 5.3314e-26
8.4375e+04 4.8438e+04 5.2985e-12 5.5070e-26
8.7500e+04 4.8438e+04 5.2985e-12 4.5135e-26
9.0625e+04 4.8438e+04 5.2985e-12 5.2758e-26
9.3750e+04 4.8438e+04 5.2985e-12 2.9415e-26
9.6875e+04 4.8438e+04 5.2985e-12 1.0730e-26
1.0000e+05 4.8438e+04 5.2985e-12 0.0000e+00
0.0000e+00 4.9219e+04 5.2994e-12 0.0000e+00
3.1250e+03 4.9219e+04 5.2994e-12 1.1849e-26
6.2500e+03 4.9219e+04 5.2994e-12 -1.9387e-26
9.3750e+03 4.9219e+04 5.2994e-12 -3.3120e-26
1.2500e+04 4.9219e+04 5.2994e-12 -2.2416e-26
1.5625e+04 4.9219e+04 5.2994e-12 -1.0703e-26
1.8750e+04 4.9219e+04 5.2994e-12 2.8677e-26
2.1875e+04 4.9219e+04 5.2994e-12 6.5027e-26
2.5000e+04 4.9219e+04 5.2994e-12 6.4623e-26
2.8125e+04 4.9219e+04 5.2994e-12 6.4623e-26
3.1250e+04 4.9219e+04 5.2994e-12 6.5027e-26
3.4375e+04 4.9219e+04 5.2994e-12 3.5543e-26
3.7500e+04 4.9219e+04 5.2994e-12 2.4234e-26
4.0625e+04 4.9219e+04 5.2994e-12 2.2618e-26
4.3750e+04 4.9219e+04 5.2994e-12 3.1504e-26
4.6875e+04 4.9219e+04 5.2994e-12 2.7869e-26
5.0000e+04 4.9219e+04 5.2994e-12 3.5543e-26
5.3125e+04 4.9219e+04 5.2994e-12 3.1302e-26
5.6250e+04 4.9219e+04 5.2994e-12 6.9470e-26
5.9375e+04 4.9219e+04 5.2994e-12 1.0481e-25
6.2500e+04 4.9219e+04 5.2994e-12 8.3985e-26
6.5625e+04 4.9219e+04 5.2994e-12 6.4295e-26
6.8750e+04 4.9219e+04 5.2994e-12 5.5561e-26
7.1875e+04 4.9219e+04 5.2994e-12 5.5990e-26
7.5000e+04 4.9219e+04 5.2994e-12 3.8774e-26
7.8125e+04 4.9219e+04 5.2994e-12 4.7256e-26
8.1250e+04 4.9219e+04 5.2994e-12 5.4122e-26
8.4375e+04 4.9219e+04 5.2994e-12 5.6949e-26
8.7500e+04 4.9219e+04 5.2994e-12 3.9502e-26
9.0625e+04 4.9219e+04 5.2994e-12 3.8774e-26
9.3750e+04 4.9219e+04 5.2994e-12 2.2618e-26
9.6875e+04 4.9219e+04 5.2994e-12 7.0682e-27
1.0000e+05 4.9219e+04 5.2994e-12 0.0000e+00
0.0000e+00 5.0000e+04 5.2997e-12 0.0000e+00
3.1250e+03 5.0000e+04 5.2997e-12 3.4331e-27
6.2500e+03 5.0000e+04 5.2997e-12 -2.0599e-26
9.3750e+03 5.0000e+04 5.2997e-12 -3.9784e-26
1.2500e+04 5.0000e+04 5.2997e-12 -2.7465e-26
1.5625e+04 5.0000e+04 5.2997e-12 -1.8579e-26
1.8750e+04 5.0000e+04 5.2997e-12 2.8273e-26
2.1875e+04 5.0000e+04 5.2997e-12 6.9438e-26
2.5000e+04 5.0000e+04 5.2997e-12 6.0988e-26
2.8125e+04 5.0000e+04 5.2997e-12 6.3210e-26
3.1250e+04 5.0000e+04 5.2997e-12 7.3105e-26
3.4375e+04 5.0000e+04 5.2997e-12 3.9077e-26
3.7500e+04 5.0000e+04 5.2997e-12 3.1504e-26
4.0625e+04 5.0000e+04 5.2997e-12 1.9387e-26
4.3750e+04 5.0000e+04 5.2997e-12 3.6578e-26
4.6875e+04 5.0000e+04 5.2997e-12 3.3523e-26
5.0000e+04 5.0000e+04 5.2997e-12 4.2005e-26
5.3125e+04 5.0000e+04 5.2997e-12 2.9081e-26
5.6250e+04 5.0000e+04 5.2997e-12 7.0278e-26
5.9375e+04 5.0000e+04 5.2997e-12 1.0845e-25
6.2500e+04 5.0000e+04 5.2997e-12 8.9665e-26
6.5625e+04 5.0000e+04 5.2997e-12 6.6845e-26
6.8750e+04 5.0000e+04 5.2997e-12 6.4674e-26
7.1875e+04 5.0000e+04 5.2997e-12 5.4173e-26
7.5000e+04 5.0000e+04 5.2997e-12 4.2056e-26
7.8125e+04 5.0000e+04 5.2997e-12 4.7660e-26
8.1250e+04 5.0000e+04 5.2997e-12 4.9275e-26
8.4375e+04 5.0000e+04 5.2997e-12 5.8161e-26
8.7500e+04 5.0000e+04 5.2997e-12 3.4988e-26
9.0625e+04 5.0000e+04 5.2997e-12 3.6759e-26
9.3750e+04 5.0000e+04 5.2997e-12 2.1743e-26
9.6875e+04 5.0000e+04 5.2997e-12 5.6546e-27
1.0000e+05 5.0000e+04 5.2997e-12 0.0000e+00
0.0000e+00 5.0781e+04 5.2994e-12 0.0000e+00
3.1250e+03 5.0781e+04 5.2994e-12 3.3033e-27
6.2500e+03 5.0781e+04 5.2994e-12 -2.2618e-26
9.3750e+03 5.0781e+04 5.2994e-12 -3.7159e-26
1.2500e+04 5.0781e+04 5.2994e-12 -3.2312e-26
1.5625e+04 5.0781e+04 5.2994e-12 -2.5244e-26
1.8750e+04 5.0781e+04 5.2994e-12 2.3275e-26
2.1875e+04 5.0781e+04 5.2994e-12 7.0783e-26
2.5000e+04 5.0781e+04 5.2994e-12 5.3314e-26
2.8125e+04 5.0781e+04 5.2994e-12 5.4930e-26
3.1250e+04 5.0781e+04 5.2994e-12 7.3875e-26
3.4375e+04 5.0781e+04 5.2994e-12 4.9275e-26
3.7500e+04 5.0781e+04 5.2994e-12 3.0696e-26
4.0625e+04 5.0781e+04 5.2994e-12 2.7465e-26
4.3750e+04 5.0781e+04 5.2994e-12 4.2359e-26
4.6875e+04 5.0781e+04 5.2994e-12 4.2813e-26
5.0000e+04 5.0781e+04 5.2994e-12 4.5236e-26
5.3125e+04 5.0781e+04 5.2994e-12 3.8623e-26
5.6250e+04 5.0781e+04 5.2994e-12 7.1315e-26
5.9375e+04 5.0781e+04 5.2994e-12 1.0784e-25
6.2500e+04 5.0781e+04 5.2994e-12 9.3704e-26
6.5625e+04 5.0781e+04 5.2994e-12 7.8356e-26
6.8750e+04 5.0781e+04 5.2994e-12 6.9470e-26
7.1875e+04 5.0781e+04 5.2994e-12 6.2200e-26
7.5000e+04 5.0781e+04 5.2994e-12 4.2819e-26
7.8125e+04 5.0781e+04 5.2994e-12 4.9073e-26
8.1250e+04 5.0781e+04 5.2994e-12 4.5236e-26
8.4375e+04 5.0781e+04 5.2994e-12 5.9373e-26
8.7500e+04 5.0781e+04 5.2994e-12 3.3168e-26
9.0625e+04 5.0781e+04 5.2994e-12 2.9888e-26
9.3750e+04 5.0781e+04 5.2994e-12 2.0094e-26
9.6875e+04 5.0781e+04 5.2994e-12 3.6351e-27
1.0000e+05 5.0781e+04 5.2994e-12 0.0000e+00
0.0000e+00 5.1562e+04 5.2985e-12 0.0000e+00
3.1250e+03 5.1562e+04 5.2985e-12 -5.6546e-27
6.2500e+03 5.1562e+04 5.2985e-12 -2.1810e-26
9.3750e+03 5.1562e+04 5.2985e-12 -4.1197e-26
1.2500e+04 5.1562e+04 5.2985e-12 -2.9081e-26
1.5625e+04 5.1562e+04 5.2985e-12 -3.6553e-26
1.8750e+04 5.1562e+04 5.2985e-12 2.6320e-26
2.1875e+04 5.1562e+04 5.2985e-12 6.8864e-26
2.5000e+04 5.1562e+04 5.2985e-12 6.2200e-26
2.8125e+04 5.1562e+04 5.2985e-12 5.2588e-26
3.1250e+04 5.1562e+04 5.2985e-12 6.9470e-26
3.4375e+04 5.1562e+04 5.2985e-12 5.4122e-26
3.7500e+04 5.1562e+04 5.2985e-12 3.2880e-26
4.0625e+04 5.1562e+04 5.2985e-12 2.4436e-26
4.3750e+04 5.1562e+04 5.2985e-12 4.7580e-26
4.6875e+04 5.1562e+04 5.2985e-12 4.7256e-26
5.0000e+04 5.1562e+04 5.2985e-12 4.4681e-26
5.3125e+04 5.1562e+04 5.2985e-12 4.7396e-26
5.6250e+04 5.1562e+04 5.2985e-12 6.7550e-26
5.9375e+04 5.1562e+04 5.2985e-12 1.0668e-25
6.2500e+04 5.1562e+04 5.2985e-12 9.5433e-26
6.5625e+04 5.1562e+04 5.2985e-12 8.5626e-26
6.8750e+04 5.1562e+04 5.2985e-12 6.7905e-26
7.1875e+04 5.1562e+04 5.2985e-12 6.3127e-26
7.5000e+04 5.1562e+04 5.2985e-12 4.2005e-26
7.8125e+04 5.1562e+04 5.2985e-12 4.9275e-26
8.1250e+04 5.1562e+04 5.2985e-12 4.5236e-26
8.4375e+04 5.1562e+04 5.2985e-12 6.3008e-26
8.7500e+04 5.1562e+04 5.2985e-12 2.7364e-26
9.0625e+04 5.1562e+04 5.2985e-12 2.9992e-26
9.3750e+04 5.1562e+04 5.2985e-12 1.9638e-26
9.6875e+04 5.1562e+04 5.2985e-12 2.4234e-27
1.0000e+05 5.1562e+04 5.2985e-12 0.0000e+00
0.0000e+00 5.2344e+04 5.2970e-12 0.0000e+00
3.1250e+03 5.2344e+04 5.2970e-12 -7.9062e-27
6.2500e+03 5.2344e+04 5.2970e-12 -2.4234e-26
9.3750e+03 5.2344e+04 5.2970e-12 -4.4429e-26
1.2500e+04 5.2344e+04 5.2970e-12 -3.3549e-26
1.5625e+04 5.2344e+04 5.2970e-12 -2.6051e-26
1.8750e+04 5.2344e+04 5.2970e-12 2.1003e-26
2.1875e+04 5.2344e+04 5.2970e-12 7.4721e-26
2.5000e+04 5.2344e+04 5.2970e-12 6.6239e-26
2.8125e+04 5.2344e+04 5.2970e-12 5.1497e-26
3.1250e+04 5.2344e+04 5.2970e-12 5.8565e-26
3.4375e+04 5.2344e+04 5.2970e-12 6.4119e-26
3.7500e+04 5.2344e+04 5.2970e-12 3.7159e-26
4.0625e+04 5.2344e+04 5.2970e-12 2.9484e-26
4.3750e+04 5.2344e+04 5.2970e-12 5.2507e-26
4.6875e+04 5.2344e+04 5.2970e-12 5.3971e-26
5.0000e+04 5.2344e+04 5.2970e-12 4.8872e-26
5.3125e+04 5.2344e+04 5.2970e-12 5.1610e-26
5.6250e+04 5.2344e+04 5.2970e-12 7.0631e-26
5.9375e+04 5.2344e+04 5.2970e-12 1.0380e-25
6.2500e+04 5.2344e+04 5.2970e-12 9.9763e-26
6.5625e+04 5.2344e+04 5.2970e-12 9.1053e-26
6.8750e+04 5.2344e+04 5.2970e-12 6.5431e-26
7.1875e+04 5.2344e+04 5.2970e-12 6.1493e-26
7.5000e+04 5.2344e+04 5.2970e-12 4.1904e-26
7.8125e+04 5.2344e+04 5.2970e-12 4.2308e-26
8.1250e+04 5.2344e+04 5.2970e-12 4.0794e-26
8.4375e+04 5.2344e+04 5.2970e-12 5.7757e-26
8.7500e+04 5.2344e+04 5.2970e-12 2.6666e-26
9.0625e+04 5.2344e+04 5.2970e-12 1.6156e-26
9.3750e+04 5.2344e+04 5.2970e-12 2.5042e-26
9.6875e+04 5.2344e+04 5.2970e-12 8.0779e-28
1.0000e+05 5.2344e+04 5.2970e-12 0.0000e+00
0.0000e+00 5.3125e+04 5.2948e-12 0.0000e+00
3.1250e+03 5.3125e+04 5.2948e-12 -6.2604e-27
6.2500e+03 5.3125e+04 5.2948e-12 -2.4234e-26
9.3750e+03 5.3125e+04 5.2948e-12 -5.4122e-26
1.2500e+04 5.3125e+04 5.2948e-12 -3.5543e-26
1.5625e+04 5.3125e+04 5.2948e-12 -2.1608e-26
1.8750e+04 5.3125e+04 5.2948e-12 1.5705e-26
2.1875e+04 5.3125e+04 5.2948e-12 7.3509e-26
2.5000e+04 5.3125e+04 5.2948e-12 7.4317e-26
2.8125e+04 5.3125e+04 5.2948e-12 5.0689e-26
3.1250e+04 5.3125e+04 5.2948e-12 5.9221e-26
3.4375e+04 5.3125e+04 5.2948e-12 7.0278e-26
3.7500e+04 5.3125e+04 5.2948e-12 4.5236e-26
4.0625e+04 5.3125e+04 5.2948e-12 3.2110e-26
4.3750e+04 5.3125e+04 5.2948e-12 5.2002e-26
4.6875e+04 5.3125e+04 5.2948e-12 5.6142e-26
5.0000e+04 5.3125e+04 5.2948e-12 5.0613e-26
5.3125e+04 5.3125e+04 5.2948e-12 5.3617e-26
5.6250e+04 5.3125e+04 5.2948e-12 7.4569e-26
5.9375e+04 5.3125e+04 5.2948e-12 1.0087e-25
6.2500e+04 5.3125e+04 5.2948e-12 9.9359e-26
6.5625e+04 5.3125e+04 5.2948e-12 9.6127e-26
6.8750e+04 5.3125e+04 5.2948e-12 6.6239e-26
7.1875e+04 5.3125e+04 5.2948e-12 6.4825e-26
7.5000e+04 5.3125e+04 5.2948e-12 4.1601e-26
7.8125e+04 5.3125e+04 5.2948e-12 4.7054e-26
8.1250e+04 5.3125e+04 5.2948e-12 4.0238e-26
8.4375e+04 5.3125e+04 5.2948e-12 6.3412e-26
8.7500e+04 5.3125e+04 5.2948e-12 2.6354e-26
9.0625e+04 5.3125e+04 5.2948e-12 1.2763e-26
9.3750e+04 5.3125e+04 5.2948e-12 1.5928e-26
9.6875e+04 5.3125e+04 5.2948e-12 2.8273e-27
1.0000e+05 5.3125e+04 5.2948e-12 0.0000e+00
0.0000e+00 5.3906e+04 5.2921e-12 0.0000e+00
3.1250e+03 5.3906e+04 5.2921e-12 -1.4463e-26
6.2500e+03 5.3906e+04 5.2921e-12 -2.5849e-26
9.3750e+03 5.3906e+04 5.2921e-12 -5.8969e-26
1.2500e+04 5.3906e+04 5.2921e-12 -3.6549e-26
1.5625e+04 5.3906e+04 5.2921e-12 -1.6746e-26
1.8750e+04 5.3906e+04 5.2921e-12 2.4234e-27
2.1875e+04 5.3906e+04 5.2921e-12 8.1183e-26
2.5000e+04 5.3906e+04 5.2921e-12 6.1392e-26
2.8125e+04 5.3906e+04 5.2921e-12 5.4728e-26
3.1250e+04 5.3906e+04 5.2921e-12 6.3210e-26
3.4375e+04 5.3906e+04 5.2921e-12 7.2247e-26
3.7500e+04 5.3906e+04 5.2921e-12 6.1190e-26
4.0625e+04 5.3906e+04 5.2921e-12 3.0696e-26
4.3750e+04 5.3906e+04 5.2921e-12 4.9073e-26
4.6875e+04 5.3906e+04 5.2921e-12 5.7959e-26
5.0000e+04 5.3906e+04 5.2921e-12 5.2709e-26
5.3125e+04 5.3906e+04 5.2921e-12 5.0891e-26
5.6250e+04 5.3906e+04 5.2921e-12 7.7144e-26
5.9375e+04 5.3906e+04 5.2921e-12 1.0085e-25
6.2500e+04 5.3906e+04 5.2921e-12 1.0097e-25
6.5625e+04 5.3906e+04 5.2921e-12 9.9359e-26
6.8750e+04 5.3906e+04 5.2921e-12 7.4759e-26
7.1875e+04 5.3906e+04 5.2921e-12 5.8464e-26
7.5000e+04 5.3906e+04 5.2921e-12 4.0390e-26
7.8125e+04 5.3906e+04 5.2921e-12 4.2005e-26
8.1250e+04 5.3906e+04 5.2921e-12 4.0390e-26
8.4375e+04 5.3906e+04 5.2921e-12 5.0790e-26
8.7500e+04 5.3906e+04 5.2921e-12 2.3634e-26
9.0625e+04 5.3906e+04 5.2921e-12 1.6156e-26
9.3750e+04 5.3906e+04 5.2921e-12 1.5348e-26
9.6875e+04 5.3906e+04 5.2921e-12 1.8175e-27
1.0000e+05 5.3906e+04 5.2921e-12 0.0000e+00
0.0000e+00 5.4688e+04 5.2887e-12 0.0000e+00
3.1250e+03 5.4688e+04 5.2887e-12 -2.1608e-26
6.2500e+03 5.4688e+04 5.2887e-12 -3.4331e-26
9.3750e+03 5.4688e+04 5.2887e-12 -6.1392e-26
1.2500e+04 5.4688e+04 5.2887e-12 -3.7600e-26
1.5625e+04 5.4688e+04 5.2887e-12 -1.4067e-26
1.8750e+04 5.4688e+04 5.2887e-12 1.2943e-27
2.1875e+04 5.4688e+04 5.2887e-12 7.6236e-26
2.5000e+04 5.4688e+04 5.2887e-12 6.0837e-26
2.8125e+04 5.4688e+04 5.2887e-12 5.3377e-26
3.1250e+04 5.4688e+04 5.2887e-12 7.2230e-26
3.4375e+04 5.4688e+04 5.2887e-12 7.1439e-26
3.7500e+04 5.4688e+04 5.2887e-12 7.0334e-26
4.0625e+04 5.4688e+04 5.2887e-12 3.4533e-26
4.3750e+04 5.4688e+04 5.2887e-12 5.4829e-26
4.6875e+04 5.4688e+04 5.2887e-12 6.3903e-26
5.0000e+04 5.4688e+04 5.2887e-12 5.4906e-26
5.3125e+04 5.4688e+04 5.2887e-12 4.9679e-26
5.6250e+04 5.4688e+04 5.2887e-12 8.5316e-26
5.9375e+04 5.4688e+04 5.2887e-12 9.7743e-26
6.2500e+04 5.4688e+04 5.2887e-12 1.0542e-25
6.5625e+04 5.4688e+04 5.2887e-12 9.4815e-26
6.8750e+04 5.4688e+04 5.2887e-12 7.8760e-26
7.1875e+04 5.4688e+04 5.2887e-12 5.6318e-26
7.5000e+04 5.4688e+04 5.2887e-12 3.7966e-26
7.8125e+04 5.4688e+04 5.2887e-12 4.4909e-26
8.1250e+04 5.4688e+04 5.2887e-12 4.2005e-26
8.4375e+04 5.4688e+04 5.2887e-12 4.9679e-26
8.7500e+04 5.4688e+04 5.2887e-12 1.6509e-26
9.0625e+04 5.4688e+04 5.2887e-12 1.4297e-26
9.3750e+04 5.4688e+04 5.2887e-12 9.3226e-27
9.6875e+04 5.4688e+04 5.2887e-12 -1.1612e-27
1.0000e+05 5.4688e+04 5.2887e-12 0.0000e+00
0.0000e+00 5.5469e+04 5.2848e-12 0.0000e+00
3.1250e+03 5.5469e+04 5.2848e-12 -1.4861e-26
6.2500e+03 5.5469e+04 5.2848e-12 -3.3927e-26
9.3750e+03 5.5469e+04 5.2848e-12 -6.6239e-26
1.2500e+04 5.5469e+04 5.2848e-12 -3.3422e-26
1.5625e+04 5.5469e+04 5.2848e-12 -2.3934e-26
1.8750e+04 5.5469e+04 5.2848e-12 1.3732e-26
2.1875e+04 5.5469e+04 5.2848e-12 5.5334e-26
2.5000e+04 5.5469e+04 5.2848e-12 6.1796e-26
2.8125e+04 5.5469e+04 5.2848e-12 5.2709e-26
3.1250e+04 5.5469e+04 5.2848e-12 6.8259e-26
3.4375e+04 5.5469e+04 5.2848e-12 7.9972e-26
3.7500e+04 5.5469e+04 5.2848e-12 7.1086e-26
4.0625e+04 5.5469e+04 5.2848e-12 4.6044e-26
4.3750e+04 5.5469e+04 5.2848e-12 6.0988e-26
4.6875e+04 5.5469e+04 5.2848e-12 7.0076e-26
5.0000e+04 5.5469e+04 5.2848e-12 5.6546e-26
5.3125e+04 5.5469e+04 5.2848e-12 4.8771e-26
5.6250e+04 5.5469e+04 5.2848e-12 8.6838e-26
5.9375e+04 5.5469e+04 5.2848e-12 1.0320e-25
6.2500e+04 5.5469e+04 5.2848e-12 1.0269e-25
6.5625e+04 5.5469e+04 5.2848e-12 9.7642e-26
6.8750e+04 5.5469e+04 5.2848e-12 7.2701e-26
7.1875e+04 5.5469e+04 5.2848e-12 4.8064e-26
7.5000e+04 5.5469e+04 5.2848e-12 4.4429e-26
7.8125e+04 5.5469e+04 5.2848e-12 3.6654e-26
8.1250e+04 5.5469e+04 5.2848e-12 4.5236e-26
8.4375e+04 5.5469e+04 5.2848e-12 2.5244e-26
8.7500e+04 5.5469e+04 5.2848e-12 1.3519e-26
9.0625e+04 5.5469e+04 5.2848e-12 8.0779e-27
9.3750e+04 5.5469e+04 5.2848e-12 9.2896e-27
9.6875e+04 5.5469e+04 5.2848e-12 2.0195e-28
1.0000e+05 5.5469e+04 5.2848e-12 0.0000e+00
0.0000e+00 5.6250e+04 5.2802e-12 0.0000e+00
3.1250e+03 5.6250e+04 5.2802e-12 -2.1810e-26
6.2500e+03 5.6250e+04 5.2802e-12 -2.9484e-26
9.3750e+03 5.6250e+04 5.2802e-12 -7.3105e-26
1.2500e+04 5.6250e+04 5.2802e-12 -3.1504e-26
1.5625e+04 5.6250e+04 5.2802e-12 -2.1810e-26
1.8750e+04 5.6250e+04 5.2802e-12 1.5348e-26
2.1875e+04 5.6250e+04 5.2802e-12 5.0386e-26
2.5000e+04 5.6250e+04 5.2802e-12 6.7855e-26
2.8125e+04 5.6250e+04 5.2802e-12 5.4324e-26
3.1250e+04 5.6250e+04 5.2802e-12 6.3816e-26
3.4375e+04 5.6250e+04 5.2802e-12 8.5222e-26
3.7500e+04 5.6250e+04 5.2802e-12 6.8662e-26
4.0625e+04 5.6250e+04 5.2802e-12 4.9073e-26
4.3750e+04 5.6250e+04 5.2802e-12 6.6239e-26
4.6875e+04 5.6250e+04 5.2802e-12 7.4923e-26
5.0000e+04 5.6250e+04 5.2802e-12 5.6546e-26
5.3125e+04 5.6250e+04 5.2802e-12 4.6044e-26
5.6250e+04 5.6250e+04 5.2802e-12 9.0473e-26
5.9375e+04 5.6250e+04 5.2802e-12 1.0421e-25
6.2500e+04 5.6250e+04 5.2802e-12 1.0663e-25
6.5625e+04 5.6250e+04 5.2802e-12 9.3764e-26
6.8750e+04 5.6250e+04 5.2802e-12 8.1991e-26
7.1875e+04 5.6250e+04 5.2802e-12 4.6852e-26
7.5000e+04 5.6250e+04 5.2802e-12 5.3718e-26
7.8125e+04 5.6250e+04 5.2802e-12 3.6679e-26
8.1250e+04 5.6250e+04 5.2802e-12 3.9809e-26
8.4375e+04 5.6250e+04 5.2802e-12 2.2618e-26
8.7500e+04 5.6250e+04 5.2802e-12 1.0703e-26
9.0625e+04 5.6250e+04 5.2802e-12 9.5742e-27
9.3750e+04 5.6250e+04 5.2802e-12 2.4884e-27
9.6875e+04 5.6250e+04 5.2802e-12 0.0000e+00
1.0000e+05 5.6250e+04 5.2802e-12 0.0000e+00
0.0000e+00 5.7031e+04 5.2750e-12 0.0000e+00
3.1250e+03 5.7031e+04 5.2750e-12 -2.2106e-26
6.2500e+03 5.7031e+04 5.2750e-12 -3.8774e-26
9.3750e+03 5.7031e+04 5.2750e-12 -6.2200e-26
1.2500e+04 5.7031e+04 5.2750e-12 -2.9283e-26
1.5625e+04 5.7031e+04 5.2750e-12 2.2719e-28
1.8750e+04 5.7031e+04 5.2750e-12 2.3426e-26
2.1875e+04 5.7031e+04 5.2750e-12 4.2409e-26
2.5000e+04 5.7031e+04 5.2750e-12 6.4623e-26
2.8125e+04 5.7031e+04 5.2750e-12 6.1998e-26
3.1250e+04 5.7031e+04 5.2750e-12 6.8688e-26
3.4375e+04 5.7031e+04 5.2750e-12 8.2799e-26
3.7500e+04 5.7031e+04 5.2750e-12 6.9470e-26
4.0625e+04 5.7031e+04 5.2750e-12 5.7353e-26
4.3750e+04 5.7031e+04 5.2750e-12 6.5987e-26
4.6875e+04 5.7031e+04 5.2750e-12 7.9568e-26
5.0000e+04 5.7031e+04 5.2750e-12 5.4930e-26
5.3125e+04 5.7031e+04 5.2750e-12 5.0083e-26
5.6250e+04 5.7031e+04 5.2750e-12 8.9463e-26
5.9375e+04 5.7031e+04 5.2750e-12 9.2088e-26
6.2500e+04 5.7031e+04 5.2750e-12 1.0582e-25
6.5625e+04 5.7031e+04 5.2750e-12 1.0421e-25
6.8750e+04 5.7031e+04 5.2750e-12 8.0375e-26
7.1875e+04 5.7031e+04 5.2750e-12 6.2503e-26
7.5000e+04 5.7031e+04 5.2750e-12 4.6044e-26
7.8125e+04 5.7031e+04 5.2750e-12 4.1197e-26
8.1250e+04 5.7031e+04 5.2750e-12 3.6149e-26
8.4375e+04 5.7031e+04 5.2750e-12 8.4818e-27
8.7500e+04 5.7031e+04 5.2750e-12 1.2322e-26
9.0625e+04 5.7031e+04 5.2750e-12 -1.2117e-27
9.3750e+04 5.7031e+04 5.2750e-12 -3.2312e-27
9.6875e+04 5.7031e+04 5.2750e-12 -8.0779e-28
1.0000e+05 5.7031e+04 5.2750e-12 0.0000e+00
0.0000e+00 5.7812e+04 5.2692e-12 0.0000e+00
3.1250e+03 5.7812e+04 5.2692e-12 -2.6657e-26
6.2500e+03 5.7812e+04 5.2692e-12 -3.9784e-26
9.3750e+03 5.7812e+04 5.2692e-12 -7.1490e-26
1.2500e+04 5.7812e+04 5.2692e-12 -2.5495e-26
1.5625e+04 5.7812e+04 5.2692e-12 -6.7148e-27
1.8750e+04 5.7812e+04 5.2692e-12 2.7977e-26
2.1875e+04 5.7812e+04 5.2692e-12 3.6199e-26
2.5000e+04 5.7812e+04 5.2692e-12 6.0887e-26
2.8125e+04 5.7812e+04 5.2692e-12 6.6239e-26
3.1250e+04 5.7812e+04 5.2692e-12 6.9430e-26
3.4375e+04 5.7812e+04 5.2692e-12 8.5222e-26
3.7500e+04 5.7812e+04 5.2692e-12 6.7855e-26
4.0625e+04 5.7812e+04 5.2692e-12 6.8366e-26
4.3750e+04 5.7812e+04 5.2692e-12 6.3008e-26
4.6875e+04 5.7812e+04 5.2692e-12 9.0675e-26
5.0000e+04 5.7812e+04 5.2692e-12 4.7856e-26
5.3125e+04 5.7812e+04 5.2692e-12 5.7353e-26
5.6250e+04 5.7812e+04 5.2692e-12 8.7242e-26
5.9375e+04 5.7812e+04 5.2692e-12 8.5626e-26
6.2500e+04 5.7812e+04 5.2692e-12 1.1148e-25
6.5625e+04 5.7812e+04 5.2692e-12 1.0097e-25
6.8750e+04 5.7812e+04 5.2692e-12 8.4414e-26
7.1875e+04 5.7812e+04 5.2692e-12 6.2541e-26
7.5000e+04 5.7812e+04 5.2692e-12 5.8609e-26
7.8125e+04 5.7812e+04 5.2692e-12 3.7009e-26
8.1250e+04 5.7812e+04 5.2692e-12 4.0390e-26
8.4375e+04 5.7812e+04 5.2692e-12 4.0390e-27
8.7500e+04 5.7812e+04 5.2692e-12 1.9791e-26
9.0625e+04 5.7812e+04 5.2692e-12 -6.2900e-27
9.3750e+04 5.7812e+04 5.2692e-12 -1.9801e-27
9.6875e+04 5.7812e+04 5.2692e-12 -1.7103e-27
1.0000e+05 5.7812e+04 5.2692e-12 0.0000e+00
0.0000e+00 5.8594e+04 5.2628e-12 0.0000e+00
3.1250e+03 5.8594e+04 5.2628e-12 -2.4248e-26
6.2500e+03 5.8594e+04 5.2628e-12 -4.8468e-26
9.3750e+03 5.8594e+04 5.2628e-12 -6.9470e-26
1.2500e+04 5.8594e+04 5.2628e-12 -2.8677e-26
1.5625e+04 5.8594e+04 5.2628e-12 -4.4618e-27
1.8750e+04 5.8594e+04 5.2628e-12 3.2312e-26
2.1875e+04 5.8594e+04 5.2628e-12 2.7465e-26
2.5000e+04 5.8594e+04 5.2628e-12 5.9171e-26
2.8125e+04 5.8594e+04 5.2628e-12 6.7249e-26
3.1250e+04 5.8594e+04 5.2628e-12 6.5431e-26
3.4375e+04 5.8594e+04 5.2628e-12 8.1284e-26
3.7500e+04 5.8594e+04 5.2628e-12 7.5125e-26
4.0625e+04 5.8594e+04 5.2628e-12 6.8662e-26
4.3750e+04 5.8594e+04 5.2628e-12 6.3412e-26
4.6875e+04 5.8594e+04 5.2628e-12 8.5929e-26
5.0000e+04 5.8594e+04 5.2628e-12 4.7332e-26
5.3125e+04 5.8594e+04 5.2628e-12 5.7555e-26
5.6250e+04 5.8594e+04 5.2628e-12 9.5925e-26
5.9375e+04 5.8594e+04 5.2628e-12 8.6232e-26
6.2500e+04 5.8594e+04 5.2628e-12 1.0971e-25
6.5625e+04 5.8594e+04 5.2628e-12 1.0309e-25
6.8750e+04 5.8594e+04 5.2628e-12 8.6838e-26
7.1875e+04 5.8594e+04 5.2628e-12 6.7148e-26
7.5000e+04 5.8594e+04 5.2628e-12 6.1847e-26
7.8125e+04 5.8594e+04 5.2628e-12 3.9885e-26
8.1250e+04 5.8594e+04 5.2628e-12 4.1399e-26
8.4375e+04 5.8594e+04 5.2628e-12 2.2820e-26
8.7500e+04 5.8594e+04 5.2628e-12 2.1372e-26
9.0625e+04 5.8594e+04 5.2628e-12 -6.0585e-27
9.3750e+04 5.8594e+04 5.2628e-12 -4.0390e-27
9.6875e+04 5.8594e+04 5.2628e-12 8.0779e-28
1.0000e+05 5.8594e+04 5.2628e-12 0.0000e+00
0.0000e+00 5.9375e+04 5.2558e-12 0.0000e+00
3.1250e+03 5.9375e+04 5.2558e-12 -2.5546e-26
6.2500e+03 5.9375e+04 5.2558e-12 -4.8872e-26
9.3750e+03 5.9375e+04 5.2558e-12 -6.7855e-26
1.2500e+04 5.9375e+04 5.2558e-12 -2.7465e-26
1.5625e+04 5.9375e+04 5.2558e-12 -6.4623e-27
1.8750e+04 5.9375e+04 5.2558e-12 2.5849e-26
2.1875e+04 5.9375e+04 5.2558e-12 1.3934e-26
2.5000e+04 5.9375e+04 5.2558e-12 6.1392e-26
2.8125e+04 5.9375e+04 5.2558e-12 6.3614e-26
3.1250e+04 5.9375e+04 5.2558e-12 5.9171e-26
3.4375e+04 5.9375e+04 5.2558e-12 8.2799e-26
3.7500e+04 5.9375e+04 5.2558e-12 7.3307e-26
4.0625e+04 5.9375e+04 5.2558e-12 7.5529e-26
4.3750e+04 5.9375e+04 5.2558e-12 6.5128e-26
4.6875e+04 5.9375e+04 5.2558e-12 9.0473e-26
5.0000e+04 5.9375e+04 5.2558e-12 4.1368e-26
5.3125e+04 5.9375e+04 5.2558e-12 6.5835e-26
5.6250e+04 5.9375e+04 5.2558e-12 9.6127e-26
5.9375e+04 5.9375e+04 5.2558e-12 8.3203e-26
6.2500e+04 5.9375e+04 5.2558e-12 1.1148e-25
6.5625e+04 5.9375e+04 5.2558e-12 9.7238e-26
6.8750e+04 5.9375e+04 5.2558e-12 1.0097e-25
7.1875e+04 5.9375e+04 5.2558e-12 6.6037e-26
7.5000e+04 5.9375e+04 5.2558e-12 6.2200e-26
7.8125e+04 5.9375e+04 5.2558e-12 3.3624e-26
8.1250e+04 5.9375e+04 5.2558e-12 4.8064e-26
8.4375e+04 5.9375e+04 5.2558e-12 2.1608e-26
8.7500e+04 5.9375e+04 5.2558e-12 2.0397e-26
9.0625e+04 5.9375e+04 5.2558e-12 -2.2522e-26
9.3750e+04 5.9375e+04 5.2558e-12 -5.6727e-27
9.6875e+04 5.9375e+04 5.2558e-12 8.0779e-28
1.0000e+05 5.9375e+04 5.2558e-12 0.0000e+00
0.0000e+00 6.0156e+04 5.2482e-12 0.0000e+00
3.1250e+03 6.0156e+04 5.2482e-12 -2.9817e-26
6.2500e+03 6.0156e+04 5.2482e-12 -5.3314e-26
9.3750e+03 6.0156e+04 5.2482e-12 -6.3008e-26
1.2500e+04 6.0156e+04 5.2482e-12 -2.9081e-26
1.5625e+04 6.0156e+04 5.2482e-12 4.5738e-27
1.8750e+04 6.0156e+04 5.2482e-12 2.7162e-26
2.1875e+04 6.0156e+04 5.2482e-12 1.9987e-26
2.5000e+04 6.0156e+04 5.2482e-12 7.7548e-26
2.8125e+04 6.0156e+04 5.2482e-12 5.8161e-26
3.1250e+04 6.0156e+04 5.2482e-12 7.8457e-26
3.4375e+04 6.0156e+04 5.2482e-12 7.6336e-26
3.7500e+04 6.0156e+04 5.2482e-12 9.2088e-26
4.0625e+04 6.0156e+04 5.2482e-12 5.4122e-26
4.3750e+04 6.0156e+04 5.2482e-12 7.2903e-26
4.6875e+04 6.0156e+04 5.2482e-12 9.5774e-26
5.0000e+04 6.0156e+04 5.2482e-12 7.4216e-26
5.3125e+04 6.0156e+04 5.2482e-12 7.3913e-26
5.6250e+04 6.0156e+04 5.2482e-12 8.7242e-26
5.9375e+04 6.0156e+04 5.2482e-12 9.5320e-26
6.2500e+04 6.0156e+04 5.2482e-12 1.1067e-25
6.5625e+04 6.0156e+04 5.2482e-12 1.1360e-25
6.8750e+04 6.0156e+04 5.2482e-12 1.0723e-25
7.1875e+04 6.0156e+04 5.2482e-12 8.4011e-26
7.5000e+04 6.0156e+04 5.2482e-12 6.0585e-26
7.8125e+04 6.0156e+04 5.2482e-12 4.7660e-26
8.1250e+04 6.0156e+04 5.2482e-12 4.4631e-26
8.4375e+04 6.0156e+04 5.2482e-12 2.8778e-26
8.7500e+04 6.0156e+04 5.2482e-12 1.3919e-26
9.0625e+04 6.0156e+04 5.2482e-12 -1.7368e-26
9.3750e+04 6.0156e+04 5.2482e-12 -1.0804e-26
9.6875e+04 6.0156e+04 5.2482e-12 2.0195e-27
1.0000e+05 6.0156e+04 5.2482e-12 0.0000e+00
0.0000e+00 6.0938e+04 5.2399e-12 0.0000e+00
3.1250e+03 6.0938e+04 5.2399e-12 -2.9888e-26
6.2500e+03 6.0938e+04 5.2399e-12 -5.8161e-26
9.3750e+03 6.0938e+04 5.2399e-12 -5.8161e-26
1.2500e+04 6.0938e+04 5.2399e-12 -2.5849e-26
1.5625e+04 6.0938e+04 5.2399e-12 -4.0390e-27
1.8750e+04 6.0938e+04 5.2399e-12 1.8579e-26
2.1875e+04 6.0938e+04 5.2399e-12 1.7570e-26
2.5000e+04 6.0938e+04 5.2399e-12 7.0682e-26
2.8125e+04 6.0938e+04 5.2399e-12 6.8259e-26
3.1250e+04 6.0938e+04 5.2399e-12 7.8703e-26
3.4375e+04 6.0938e+04 5.2399e-12 7.7144e-26
3.7500e+04 6.0938e+04 5.2399e-12 8.6434e-26
4.0625e+04 6.0938e+04 5.2399e-12 5.0891e-26
4.3750e+04 6.0938e+04 5.2399e-12 7.8760e-26
4.6875e+04 6.0938e+04 5.2399e-12 9.9283e-26
5.0000e+04 6.0938e+04 5.2399e-12 8.5333e-26
5.3125e+04 6.0938e+04 5.2399e-12 7.9164e-26
5.6250e+04 6.0938e+04 5.2399e-12 8.8049e-26
5.9375e+04 6.0938e+04 5.2399e-12 9.6935e-26
6.2500e+04 6.0938e+04 5.2399e-12 1.1046e-25
6.5625e+04 6.0938e+04 5.2399e-12 1.1198e-25
6.8750e+04 6.0938e+04 5.2399e-12 1.0865e-25
7.1875e+04 6.0938e+04 5.2399e-12 8.8453e-26
7.5000e+04 6.0938e+04 5.2399e-12 5.8565e-26
7.8125e+04 6.0938e+04 5.2399e-12 4.7660e-26
8.1250e+04 6.0938e+04 5.2399e-12 3.9086e-26
8.4375e+04 6.0938e+04 5.2399e-12 3.0090e-26
8.7500e+04 6.0938e+04 5.2399e-12 1.2925e-26
9.0625e+04 6.0938e+04 5.2399e-12 -2.3712e-26
9.3750e+04 6.0938e+04 5.2399e-12 -1.7717e-26
9.6875e+04 6.0938e+04 5.2399e-12 2.0195e-27
1.0000e+05 6.0938e+04 5.2399e-12 0.0000e+00
0.0000e+00 6.1719e+04 5.2311e-12 0.0000e+00
3.1250e+03 6.1719e+04 5.2311e-12 -3.7948e-26
6.2500e+03 6.1719e+04 5.2311e-12 -6.1392e-26
9.3750e+03 6.1719e+04 5.2311e-12 -5.4930e-26
1.2500e+04 6.1719e+04 5.2311e-12 -2.6253e-26
1.5625e+04 6.1719e+04 5.2311e-12 -8.0779e-27
1.8750e+04 6.1719e+04 5.2311e-12 8.8857e-27
2.1875e+04 6.1719e+04 5.2311e-12 2.2618e-26
2.5000e+04 6.1719e+04 5.2311e-12 7.2701e-26
2.8125e+04 6.1719e+04 5.2311e-12 7.7548e-26
3.1250e+04 6.1719e+04 5.2311e-12 7.9164e-26
3.4375e+04 6.1719e+04 5.2311e-12 8.1991e-26
3.7500e+04 6.1719e+04 5.2311e-12 7.9164e-26
4.0625e+04 6.1719e+04 5.2311e-12 6.2995e-26
4.3750e+04 6.1719e+04 5.2311e-12 8.1183e-26
4.6875e+04 6.1719e+04 5.2311e-12 1.0219e-25
5.0000e+04 6.1719e+04 5.2311e-12 8.5626e-26
5.3125e+04 6.1719e+04 5.2311e-12 8.2799e-26
5.6250e+04 6.1719e+04 5.2311e-12 8.8049e-26
5.9375e+04 6.1719e+04 5.2311e-12 9.3098e-26
6.2500e+04 6.1719e+04 5.2311e-12 1.1228e-25
6.5625e+04 6.1719e+04 5.2311e-12 1.0643e-25
6.8750e+04 6.1719e+04 5.2311e-12 1.0476e-25
7.1875e+04 6.1719e+04 5.2311e-12 8.2496e-26
7.5000e+04 6.1719e+04 5.2311e-12 6.1190e-26
7.8125e+04 6.1719e+04 5.2311e-12 4.6953e-26
8.1250e+04 6.1719e+04 5.2311e-12 3.3523e-26
8.4375e+04 6.1719e+04 5.2311e-12 2.3426e-26
8.7500e+04 6.1719e+04 5.2311e-12 -8.9867e-27
9.0625e+04 6.1719e+04 5.2311e-12 -2.8273e-26
9.3750e+04 6.1719e+04 5.2311e-12 -1.9286e-26
9.6875e+04 6.1719e+04 5.2311e-12 -2.0195e-28
1.0000e+05 6.1719e+04 5.2311e-12 0.0000e+00
0.0000e+00 6.2500e+04 5.2216e-12 0.0000e+00
3.1250e+03 6.2500e+04 5.2216e-12 -4.7660e-26
6.2500e+03 6.2500e+04 5.2216e-12 -6.4220e-26
9.3750e+03 6.2500e+04 5.2216e-12 -4.6044e-26
1.2500e+04 6.2500e+04 5.2216e-12 -2.7465e-26
1.5625e+04 6.2500e+04 5.2216e-12 -1.3127e-26
1.8750e+04 6.2500e+04 5.2216e-12 9.0877e-27
2.1875e+04 6.2500e+04 5.2216e-12 2.3426e-26
2.5000e+04 6.2500e+04 5.2216e-12 6.9470e-26
2.8125e+04 6.2500e+04 5.2216e-12 8.2143e-26
3.1250e+04 6.2500e+04 5.2216e-12 8.2395e-26
3.4375e+04 6.2500e+04 5.2216e-12 7.5630e-26
3.7500e+04 6.2500e+04 5.2216e-12 8.0375e-26
4.0625e+04 6.2500e+04 5.2216e-12 7.3509e-26
4.3750e+04 6.2500e+04 5.2216e-12 7.9164e-26
4.6875e+04 6.2500e+04 5.2216e-12 1.0299e-25
5.0000e+04 6.2500e+04 5.2216e-12 9.1508e-26
5.3125e+04 6.2500e+04 5.2216e-12 8.5626e-26
5.6250e+04 6.2500e+04 5.2216e-12 8.7040e-26
5.9375e+04 6.2500e+04 5.2216e-12 9.0271e-26
6.2500e+04 6.2500e+04 5.2216e-12 1.0986e-25
6.5625e+04 6.2500e+04 5.2216e-12 9.7137e-26
6.8750e+04 6.2500e+04 5.2216e-12 1.0380e-25
7.1875e+04 6.2500e+04 5.2216e-12 8.6232e-26
7.5000e+04 6.2500e+04 5.2216e-12 6.5431e-26
7.8125e+04 6.2500e+04 5.2216e-12 4.2611e-26
8.1250e+04 6.2500e+04 5.2216e-12 3.3927e-26
8.4375e+04 6.2500e+04 5.2216e-12 2.3426e-26
8.7500e+04 6.2500e+04 5.2216e-12 -1.1309e-26
9.0625e+04 6.2500e+04 5.2216e-12 -3.2208e-26
9.3750e+04 6.2500e+04 5.2216e-12 -2.5042e-26
9.6875e+04 6.2500e+04 5.2216e-12 -2.4234e-27
1.0000e+05 6.2500e+04 5.2216e-12 0.0000e+00
0.0000e+00 6.3281e+04 5.2115e-12 0.0000e+00
3.1250e+03 6.3281e+04 5.2115e-12 -4.7420e-26
6.2500e+03 6.3281e+04 5.2115e-12 -6.7047e-26
9.3750e+03 6.3281e+04 5.2115e-12 -3.9582e-26
1.2500e+04 6.3281e+04 5.2115e-12 -2.9939e-26
1.5625e+04 6.3281e+04 5.2115e-12 -1.9690e-26
1.8750e+04 6.3281e+04 5.2115e-12 4.8468e-27
2.1875e+04 6.3281e+04 5.2115e-12 3.7159e-26
2.5000e+04 6.3281e+04 5.2115e-12 7.0076e-26
2.8125e+04 6.3281e+04 5.2115e-12 8.9021e-26
3.1250e+04 6.3281e+04 5.2115e-12 9.2290e-26
3.4375e+04 6.3281e+04 5.2115e-12 6.9798e-26
3.7500e+04 6.3281e+04 5.2115e-12 8.4869e-26
4.0625e+04 6.3281e+04 5.2115e-12 7.6538e-26
4.3750e+04 6.3281e+04 5.2115e-12 8.5626e-26
4.6875e+04 6.3281e+04 5.2115e-12 1.0097e-25
5.0000e+04 6.3281e+04 5.2115e-12 9.7440e-26
5.3125e+04 6.3281e+04 5.2115e-12 8.1410e-26
5.6250e+04 6.3281e+04 5.2115e-12 8.4616e-26
5.9375e+04 6.3281e+04 5.2115e-12 9.1281e-26
6.2500e+04 6.3281e+04 5.2115e-12 1.0121e-25
6.5625e+04 6.3281e+04 5.2115e-12 1.0340e-25
6.8750e+04 6.3281e+04 5.2115e-12 1.0249e-25
7.1875e+04 6.3281e+04 5.2115e-12 9.8551e-26
7.5000e+04 6.3281e+04 5.2115e-12 6.7047e-26
7.8125e+04 6.3281e+04 5.2115e-12 4.4025e-26
8.1250e+04 6.3281e+04 5.2115e-12 3.7209e-26
8.4375e+04 6.3281e+04 5.2115e-12 3.0898e-26
8.7500e+04 6.3281e+04 5.2115e-12 -9.6935e-27
9.0625e+04 6.3281e+04 5.2115e-12 -3.4735e-26
9.3750e+04 6.3281e+04 5.2115e-12 -3.2312e-26
9.6875e+04 6.3281e+04 5.2115e-12 -8.9362e-27
1.0000e+05 6.3281e+04 5.2115e-12 0.0000e+00
0.0000e+00 6.4062e+04 5.2009e-12 0.0000e+00
3.1250e+03 6.4062e+04 5.2009e-12 -4.4429e-26
6.2500e+03 6.4062e+04 5.2009e-12 -7.0278e-26
9.3750e+03 6.4062e+04 5.2009e-12 -3.1908e-26
1.2500e+04 6.4062e+04 5.2009e-12 -4.0996e-26
1.5625e+04 6.4062e+04 5.2009e-12 -3.0999e-26
1.8750e+04 6.4062e+04 5.2009e-12 2.7798e-27
2.1875e+04 6.4062e+04 5.2009e-12 3.9986e-26
2.5000e+04 6.4062e+04 5.2009e-12 6.9028e-26
2.8125e+04 6.4062e+04 5.2009e-12 9.9359e-26
3.1250e+04 6.4062e+04 5.2009e-12 8.9261e-26
3.4375e+04 6.4062e+04 5.2009e-12 6.9066e-26
3.7500e+04 6.4062e+04 5.2009e-12 7.9119e-26
4.0625e+04 6.4062e+04 5.2009e-12 8.1991e-26
4.3750e+04 6.4062e+04 5.2009e-12 9.2088e-26
4.6875e+04 6.4062e+04 5.2009e-12 1.0113e-25
5.0000e+04 6.4062e+04 5.2009e-12 9.9460e-26
5.3125e+04 6.4062e+04 5.2009e-12 8.5011e-26
5.6250e+04 6.4062e+04 5.2009e-12 7.5125e-26
5.9375e+04 6.4062e+04 5.2009e-12 9.4815e-26
6.2500e+04 6.4062e+04 5.2009e-12 8.7040e-26
6.5625e+04 6.4062e+04 5.2009e-12 1.0582e-25
6.8750e+04 6.4062e+04 5.2009e-12 1.0017e-25
7.1875e+04 6.4062e+04 5.2009e-12 1.0307e-25
7.5000e+04 6.4062e+04 5.2009e-12 7.0682e-26
7.8125e+04 6.4062e+04 5.2009e-12 3.8370e-26
8.1250e+04 6.4062e+04 5.2009e-12 4.1980e-26
8.4375e+04 6.4062e+04 5.2009e-12 2.7013e-26
8.7500e+04 6.4062e+04 5.2009e-12 -9.4916e-27
9.0625e+04 6.4062e+04 5.2009e-12 -4.1193e-26
9.3750e+04 6.4062e+04 5.2009e-12 -3.1428e-26
9.6875e+04 6.4062e+04 5.2009e-12 -1.1309e-26
1.0000e+05 6.4062e+04 5.2009e-12 0.0000e+00
0.0000e+00 6.4844e+04 5.1896e-12 0.0000e+00
3.1250e+03 6.4844e+04 5.1896e-12 -4.5536e-26
6.2500e+03 6.4844e+04 5.1896e-12 -5.7757e-26
9.3750e+03 6.4844e+04 5.1896e-12 -3.4937e-26
1.2500e+04 6.4844e+04 5.1896e-12 -4.7660e-26
1.5625e+04 6.4844e+04 5.1896e-12 -5.4122e-26
1.8750e+04 6.4844e+04 5.1896e-12 -1.7166e-27
2.1875e+04 6.4844e+04 5.1896e-12 3.3826e-26
2.5000e+04 6.4844e+04 5.1896e-12 7.5933e-26
2.8125e+04 6.4844e+04 5.1896e-12 9.8349e-26
3.1250e+04 6.4844e+04 5.1896e-12 8.5626e-26
3.4375e+04 6.4844e+04 5.1896e-12 6.4220e-26
3.7500e+04 6.4844e+04 5.1896e-12 7.3610e-26
4.0625e+04 6.4844e+04 5.1896e-12 8.7242e-26
4.3750e+04 6.4844e+04 5.1896e-12 9.4512e-26
4.6875e+04 6.4844e+04 5.1896e-12 1.0764e-25
5.0000e+04 6.4844e+04 5.1896e-12 1.0077e-25
5.3125e+04 6.4844e+04 5.1896e-12 8.8302e-26
5.6250e+04 6.4844e+04 5.1896e-12 7.0177e-26
5.9375e+04 6.4844e+04 5.1896e-12 8.4212e-26
6.2500e+04 6.4844e+04 5.1896e-12 8.4970e-26
6.5625e+04 6.4844e+04 5.1896e-12 1.0562e-25
6.8750e+04 6.4844e+04 5.1896e-12 1.0380e-25
7.1875e+04 6.4844e+04 5.1896e-12 1.0309e-25
7.5000e+04 6.4844e+04 5.1896e-12 6.0585e-26
7.8125e+04 6.4844e+04 5.1896e-12 4.7660e-26
8.1250e+04 6.4844e+04 5.1896e-12 4.4580e-26
8.4375e+04 6.4844e+04 5.1896e-12 3.3978e-26
8.7500e+04 6.4844e+04 5.1896e-12 -1.2795e-26
9.0625e+04 6.4844e+04 5.1896e-12 -3.8370e-26
9.3750e+04 6.4844e+04 5.1896e-12 -3.4230e-26
9.6875e+04 6.4844e+04 5.1896e-12 -9.6935e-27
1.0000e+05 6.4844e+04 5.1896e-12 0.0000e+00
0.0000e+00 6.5625e+04 5.1777e-12 0.0000e+00
3.1250e+03 6.5625e+04 5.1777e-12 -4.2813e-26
6.2500e+03 6.5625e+04 5.1777e-12 -5.4930e-26
9.3750e+03 6.5625e+04 5.1777e-12 -4.0390e-26
1.2500e+04 6.5625e+04 5.1777e-12 -5.0891e-26
1.5625e+04 6.5625e+04 5.1777e-12 -6.5835e-26
1.8750e+04 6.5625e+04 5.1777e-12 -8.0779e-28
2.1875e+04 6.5625e+04 5.1777e-12 2.9888e-26
2.5000e+04 6.5625e+04 5.1777e-12 7.6942e-26
2.8125e+04 6.5625e+04 5.1777e-12 1.0340e-25
3.1250e+04 6.5625e+04 5.1777e-12 7.8356e-26
3.4375e+04 6.5625e+04 5.1777e-12 5.9272e-26
3.7500e+04 6.5625e+04 5.1777e-12 7.9972e-26
4.0625e+04 6.5625e+04 5.1777e-12 8.7729e-26
4.3750e+04 6.5625e+04 5.1777e-12 9.4411e-26
4.6875e+04 6.5625e+04 5.1777e-12 1.1400e-25
5.0000e+04 6.5625e+04 5.1777e-12 9.6127e-26
5.3125e+04 6.5625e+04 5.1777e-12 9.2492e-26
5.6250e+04 6.5625e+04 5.1777e-12 6.2200e-26
5.9375e+04 6.5625e+04 5.1777e-12 8.4818e-26
6.2500e+04 6.5625e+04 5.1777e-12 7.4923e-26
6.5625e+04 6.5625e+04 5.1777e-12 1.0764e-25
6.8750e+04 6.5625e+04 5.1777e-12 1.0582e-25
7.1875e+04 6.5625e+04 5.1777e-12 9.4108e-26
7.5000e+04 6.5625e+04 5.1777e-12 7.1894e-26
7.8125e+04 6.5625e+04 5.1777e-12 4.6044e-26
8.1250e+04 6.5625e+04 5.1777e-12 5.1421e-26
8.4375e+04 6.5625e+04 5.1777e-12 3.2009e-26
8.7500e+04 6.5625e+04 5.1777e-12 -9.5421e-27
9.0625e+04 6.5625e+04 5.1777e-12 -4.7049e-26
9.3750e+04 6.5625e+04 5.1777e-12 -3.2682e-26
9.6875e+04 6.5625e+04 5.1777e-12 -1.0501e-26
1.0000e+05 6.5625e+04 5.1777e-12 0.0000e+00
0.0000e+00 6.6406e+04 5.1651e-12 0.0000e+00
3.1250e+03 6.6406e+04 5.1651e-12 -4.2563e-26
6.2500e+03 6.6406e+04 5.1651e-12 -5.0083e-26
9.3750e+03 6.6406e+04 5.1651e-12 -3.6351e-26
1.2500e+04 6.6406e+04 5.1651e-12 -5.9272e-26
1.5625e+04 6.6406e+04 5.1651e-12 -6.1746e-26
1.8750e+04 6.6406e+04 5.1651e-12 -6.5128e-27
2.1875e+04 6.6406e+04 5.1651e-12 4.1601e-26
2.5000e+04 6.6406e+04 5.1651e-12 7.1894e-26
2.8125e+04 6.6406e+04 5.1651e-12 1.0064e-25
3.1250e+04 6.6406e+04 5.1651e-12 6.4220e-26
3.4375e+04 6.6406e+04 5.1651e-12 6.2604e-26
3.7500e+04 6.6406e+04 5.1651e-12 8.4011e-26
4.0625e+04 6.6406e+04 5.1651e-12 9.1281e-26
4.3750e+04 6.6406e+04 5.1651e-12 9.3603e-26
4.6875e+04 6.6406e+04 5.1651e-12 1.0717e-25
5.0000e+04 6.6406e+04 5.1651e-12 9.8595e-26
5.3125e+04 6.6406e+04 5.1651e-12 8.5222e-26
5.6250e+04 6.6406e+04 5.1651e-12 7.1086e-26
5.9375e+04 6.6406e+04 5.1651e-12 7.1894e-26
6.2500e+04 6.6406e+04 5.1651e-12 7.9164e-26
6.5625e+04 6.6406e+04 5.1651e-12 9.9788e-26
6.8750e+04 6.6406e+04 5.1651e-12 1.0582e-25
7.1875e+04 6.6406e+04 5.1651e-12 8.8655e-26
7.5000e+04 6.6406e+04 5.1651e-12 6.7855e-26
7.8125e+04 6.6406e+04 5.1651e-12 5.2103e-26
8.1250e+04 6.6406e+04 5.1651e-12 5.5536e-26
8.4375e+04 6.6406e+04 5.1651e-12 3.3826e-26
8.7500e+04 6.6406e+04 5.1651e-12 -1.0263e-26
9.0625e+04 6.6406e+04 5.1651e-12 -4.2813e-26
9.3750e+04 6.6406e+04 5.1651e-12 -3.6351e-26
9.6875e+04 6.6406e+04 5.1651e-12 -1.4338e-26
1.0000e+05 6.6406e+04 5.1651e-12 0.0000e+00
0.0000e+00 6.7188e+04 5.1520e-12 0.0000e+00
3.1250e+03 6.7188e+04 5.1520e-12 -3.7159e-26
6.2500e+03 6.7188e+04 5.1520e-12 -6.3412e-26
9.3750e+03 6.7188e+04 5.1520e-12 -4.8064e-26
1.2500e+04 6.7188e+04 5.1520e-12 -5.7757e-26
1.5625e+04 6.7188e+04 5.1520e-12 -7.1565e-26
1.8750e+04 6.7188e+04 5.1520e-12 -8.4234e-27
2.1875e+04 6.7188e+04 5.1520e-12 4.5034e-26
2.5000e+04 6.7188e+04 5.1520e-12 7.3913e-26
2.8125e+04 6.7188e+04 5.1520e-12 9.9960e-26
3.1250e+04 6.7188e+04 5.1520e-12 6.2512e-26
3.4375e+04 6.7188e+04 5.1520e-12 6.4623e-26
3.7500e+04 6.7188e+04 5.1520e-12 7.9173e-26
4.0625e+04 6.7188e+04 5.1520e-12 9.2290e-26
4.3750e+04 6.7188e+04 5.1520e-12 9.8349e-26
4.6875e+04 6.7188e+04 5.1520e-12 1.1027e-25
5.0000e+04 6.7188e+04 5.1520e-12 1.0099e-25
5.3125e+04 6.7188e+04 5.1520e-12 8.6434e-26
5.6250e+04 6.7188e+04 5.1520e-12 7.0840e-26
5.9375e+04 6.7188e+04 5.1520e-12 7.0530e-26
6.2500e+04 6.7188e+04 5.1520e-12 7.4721e-26
6.5625e+04 6.7188e+04 5.1520e-12 9.7339e-26
6.8750e+04 6.7188e+04 5.1520e-12 1.0602e-25
7.1875e+04 6.7188e+04 5.1520e-12 8.5222e-26
7.5000e+04 6.7188e+04 5.1520e-12 8.0779e-26
7.8125e+04 6.7188e+04 5.1520e-12 5.6212e-26
8.1250e+04 6.7188e+04 5.1520e-12 5.4930e-26
8.4375e+04 6.7188e+04 5.1520e-12 3.6553e-26
8.7500e+04 6.7188e+04 5.1520e-12 -9.0877e-27
9.0625e+04 6.7188e+04 5.1520e-12 -3.9861e-26
9.3750e+04 6.7188e+04 5.1520e-12 -4.0020e-26
9.6875e+04 6.7188e+04 5.1520e-12 -1.8302e-26
1.0000e+05 6.7188e+04 5.1520e-12 0.0000e+00
0.0000e+00 6.7969e+04 5.1383e-12 0.0000e+00
3.1250e+03 6.7969e+04 5.1383e-12 -4.3823e-26
6.2500e+03 6.7969e+04 5.1383e-12 -5.3314e-26
9.3750e+03 6.7969e+04 5.1383e-12 -5.7353e-26
1.2500e+04 6.7969e+04 5.1383e-12 -5.4122e-26
1.5625e+04 6.7969e+04 5.1383e-12 -7.2701e-26
1.8750e+04 6.7969e+04 5.1383e-12 -7.2701e-27
2.1875e+04 6.7969e+04 5.1383e-12 4.4025e-26
2.5000e+04 6.7969e+04 5.1383e-12 8.0375e-26
2.8125e+04 6.7969e+04 5.1383e-12 9.7137e-26
3.1250e+04 6.7969e+04 5.1383e-12 6.9268e-26
3.4375e+04 6.7969e+04 5.1383e-12 6.2604e-26
3.7500e+04 6.7969e+04 5.1383e-12 7.8356e-26
4.0625e+04 6.7969e+04 5.1383e-12 8.9059e-26
4.3750e+04 6.7969e+04 5.1383e-12 1.0441e-25
4.6875e+04 6.7969e+04 5.1383e-12 1.1269e-25
5.0000e+04 6.7969e+04 5.1383e-12 1.0643e-25
5.3125e+04 6.7969e+04 5.1383e-12 9.3704e-26
5.6250e+04 6.7969e+04 5.1383e-12 6.7905e-26
5.9375e+04 6.7969e+04 5.1383e-12 6.2402e-26
6.2500e+04 6.7969e+04 5.1383e-12 7.6336e-26
6.5625e+04 6.7969e+04 5.1383e-12 8.3771e-26
6.8750e+04 6.7969e+04 5.1383e-12 1.0744e-25
7.1875e+04 6.7969e+04 5.1383e-12 8.5626e-26
7.5000e+04 6.7969e+04 5.1383e-12 8.4818e-26
7.8125e+04 6.7969e+04 5.1383e-12 6.3210e-26
8.1250e+04 6.7969e+04 5.1383e-12 5.5738e-26
8.4375e+04 6.7969e+04 5.1383e-12 4.0390e-26
8.7500e+04 6.7969e+04 5.1383e-12 -8.6669e-27
9.0625e+04 6.7969e+04 5.1383e-12 -4.8965e-26
9.3750e+04 6.7969e+04 5.1383e-12 -3.9481e-26
9.6875e+04 6.7969e+04 5.1383e-12 -2.1205e-26
1.0000e+05 6.7969e+04 5.1383e-12 0.0000e+00
0.0000e+00 6.8750e+04 5.1239e-12 0.0000e+00
3.1250e+03 6.8750e+04 5.1239e-12 -4.3621e-26
6.2500e+03 6.8750e+04 5.1239e-12 -5.0891e-26
9.3750e+03 6.8750e+04 5.1239e-12 -6.2604e-26
1.2500e+04 6.8750e+04 5.1239e-12 -4.8468e-26
1.5625e+04 6.8750e+04 5.1239e-12 -8.5525e-26
1.8750e+04 6.8750e+04 5.1239e-12 2.4234e-27
2.1875e+04 6.8750e+04 5.1239e-12 3.5442e-26
2.5000e+04 6.8750e+04 5.1239e-12 8.8857e-26
2.8125e+04 6.8750e+04 5.1239e-12 9.6935e-26
3.1250e+04 6.8750e+04 5.1239e-12 7.1894e-26
3.4375e+04 6.8750e+04 5.1239e-12 5.8363e-26
3.7500e+04 6.8750e+04 5.1239e-12 8.4818e-26
4.0625e+04 6.8750e+04 5.1239e-12 9.9763e-26
4.3750e+04 6.8750e+04 5.1239e-12 1.0824e-25
4.6875e+04 6.8750e+04 5.1239e-12 1.1249e-25
5.0000e+04 6.8750e+04 5.1239e-12 1.0759e-25
5.3125e+04 6.8750e+04 5.1239e-12 9.5320e-26
5.6250e+04 6.8750e+04 5.1239e-12 6.7047e-26
5.9375e+04 6.8750e+04 5.1239e-12 5.8565e-26
6.2500e+04 6.8750e+04 5.1239e-12 6.8208e-26
6.5625e+04 6.8750e+04 5.1239e-12 7.3457e-26
6.8750e+04 6.8750e+04 5.1239e-12 1.0622e-25
7.1875e+04 6.8750e+04 5.1239e-12 9.3502e-26
7.5000e+04 6.8750e+04 5.1239e-12 8.5121e-26
7.8125e+04 6.8750e+04 5.1239e-12 6.6340e-26
8.1250e+04 6.8750e+04 5.1239e-12 5.0134e-26
8.4375e+04 6.8750e+04 5.1239e-12 4.7660e-26
8.7500e+04 6.8750e+04 5.1239e-12 -1.2167e-26
9.0625e+04 6.8750e+04 5.1239e-12 -5.0049e-26
9.3750e+04 6.8750e+04 5.1239e-12 -3.7701e-26
9.6875e+04 6.8750e+04 5.1239e-12 -2.1003e-26
1.0000e+05 6.8750e+04 5.1239e-12 0.0000e+00
0.0000e+00 6.9531e+04 5.1090e-12 0.0000e+00
3.1250e+03 6.9531e+04 5.1090e-12 -3.8591e-26
6.2500e+03 6.9531e+04 5.1090e-12 -5.1699e-26
9.3750e+03 6.9531e+04 5.1090e-12 -6.8662e-26
1.2500e+04 6.9531e+04 5.1090e-12 -5.1396e-26
1.5625e+04 6.9531e+04 5.1090e-12 -6.4952e-26
1.8750e+04 6.9531e+04 5.1090e-12 1.6156e-27
2.1875e+04 6.9531e+04 5.1090e-12 4.5236e-26
2.5000e+04 6.9531e+04 5.1090e-12 8.4011e-26
2.8125e+04 6.9531e+04 5.1090e-12 1.0703e-25
3.1250e+04 6.9531e+04 5.1090e-12 7.2070e-26
3.4375e+04 6.9531e+04 5.1090e-12 4.9073e-26
3.7500e+04 6.9531e+04 5.1090e-12 9.2088e-26
4.0625e+04 6.9531e+04 5.1090e-12 1.0824e-25
4.3750e+04 6.9531e+04 5.1090e-12 1.1178e-25
4.6875e+04 6.9531e+04 5.1090e-12 1.0097e-25
5.0000e+04 6.9531e+04 5.1090e-12 1.0915e-25
5.3125e+04 6.9531e+04 5.1090e-12 8.7646e-26
5.6250e+04 6.9531e+04 5.1090e-12 6.9470e-26
5.9375e+04 6.9531e+04 5.1090e-12 4.5236e-26
6.2500e+04 6.9531e+04 5.1090e-12 5.8212e-26
6.5625e+04 6.9531e+04 5.1090e-12 7.8154e-26
6.8750e+04 6.9531e+04 5.1090e-12 9.6026e-26
7.1875e+04 6.9531e+04 5.1090e-12 9.8147e-26
7.5000e+04 6.9531e+04 5.1090e-12 7.8356e-26
7.8125e+04 6.9531e+04 5.1090e-12 6.2200e-26
8.1250e+04 6.9531e+04 5.1090e-12 5.1093e-26
8.4375e+04 6.9531e+04 5.1090e-12 4.4833e-26
8.7500e+04 6.9531e+04 5.1090e-12 -1.4922e-26
9.0625e+04 6.9531e+04 5.1090e-12 -5.0487e-26
9.3750e+04 6.9531e+04 5.1090e-12 -3.6351e-26
9.6875e+04 6.9531e+04 5.1090e-12 -1.9488e-26
1.0000e+05 6.9531e+04 5.1090e-12 0.0000e+00
0.0000e+00 7.0312e+04 5.0933e-12 0.0000e+00
3.1250e+03 7.0312e+04 5.0933e-12 -3.6351e-26
6.2500e+03 7.0312e+04 5.0933e-12 -5.6949e-26
9.3750e+03 7.0312e+04 5.0933e-12 -7.6740e-26
1.2500e+04 7.0312e+04 5.0933e-12 -5.8737e-26
1.5625e+04 7.0312e+04 5.0933e-12 -6.3462e-26
1.8750e+04 7.0312e+04 5.0933e-12 -9.7505e-27
2.1875e+04 7.0312e+04 5.0933e-12 4.6827e-26
2.5000e+04 7.0312e+04 5.0933e-12 8.4515e-26
2.8125e+04 7.0312e+04 5.0933e-12 1.0334e-25
3.1250e+04 7.0312e+04 5.0933e-12 7.1398e-26
3.4375e+04 7.0312e+04 5.0933e-12 4.9275e-26
3.7500e+04 7.0312e+04 5.0933e-12 8.9564e-26
4.0625e+04 7.0312e+04 5.0933e-12 1.1208e-25
4.3750e+04 7.0312e+04 5.0933e-12 1.1471e-25
4.6875e+04 7.0312e+04 5.0933e-12 1.0041e-25
5.0000e+04 7.0312e+04 5.0933e-12 1.0635e-25
5.3125e+04 7.0312e+04 5.0933e-12 9.0877e-26
5.6250e+04 7.0312e+04 5.0933e-12 5.9257e-26
5.9375e+04 7.0312e+04 5.0933e-12 5.4223e-26
6.2500e+04 7.0312e+04 5.0933e-12 5.0184e-26
6.5625e+04 7.0312e+04 5.0933e-12 7.3490e-26
6.8750e+04 7.0312e+04 5.0933e-12 8.9651e-26
7.1875e+04 7.0312e+04 5.0933e-12 1.0157e-25
7.5000e+04 7.0312e+04 5.0933e-12 7.5650e-26
7.8125e+04 7.0312e+04 5.0933e-12 6.2340e-26
8.1250e+04 7.0312e+04 5.0933e-12 4.8974e-26
8.4375e+04 7.0312e+04 5.0933e-12 4.6650e-26
8.7500e+04 7.0312e+04 5.0933e-12 -1.5380e-26
9.0625e+04 7.0312e+04 5.0933e-12 -5.4444e-26
9.3750e+04 7.0312e+04 5.0933e-12 -3.9749e-26
9.6875e+04 7.0312e+04 5.0933e-12 -1.8106e-26
1.0000e+05 7.0312e+04 5.0933e-12 0.0000e+00
0.0000e+00 7.1094e+04 5.0721e-12 0.0000e+00
3.1250e+03 7.1094e+04 5.0721e-12 -3.4717e-26
6.2500e+03 7.1094e+04 5.0721e-12 -5.0891e-26
9.3750e+03 7.1094e+04 5.0721e-12 -7.9972e-26
1.2500e+04 7.1094e+04 5.0721e-12 -6.3816e-26
1.5625e+04 7.1094e+04 5.0721e-12 -5.7353e-26
1.8750e+04 7.1094e+04 5.0721e-12 -9.6935e-27
2.1875e+04 7.1094e+04 5.0721e-12 3.9986e-26
2.5000e+04 7.1094e+04 5.0721e-12 8.0779e-26
2.8125e+04 7.1094e+04 5.0721e-12 9.5850e-26
3.1250e+04 7.1094e+04 5.0721e-12 7.6412e-26
3.4375e+04 7.1094e+04 5.0721e-12 5.1699e-26
3.7500e+04 7.1094e+04 5.0721e-12 8.6081e-26
4.0625e+04 7.1094e+04 5.0721e-12 1.2069e-25
4.3750e+04 7.1094e+04 5.0721e-12 1.1579e-25
4.6875e+04 7.1094e+04 5.0721e-12 1.0101e-25
5.0000e+04 7.1094e+04 5.0721e-12 1.0572e-25
5.3125e+04 7.1094e+04 5.0721e-12 9.3098e-26
5.6250e+04 7.1094e+04 5.0721e-12 5.4652e-26
5.9375e+04 7.1094e+04 5.0721e-12 5.0083e-26
6.2500e+04 7.1094e+04 5.0721e-12 4.3848e-26
6.5625e+04 7.1094e+04 5.0721e-12 7.1136e-26
6.8750e+04 7.1094e+04 5.0721e-12 8.2622e-26
7.1875e+04 7.1094e+04 5.0721e-12 8.5740e-26
7.5000e+04 7.1094e+04 5.0721e-12 7.7927e-26
7.8125e+04 7.1094e+04 5.0721e-12 5.9171e-26
8.1250e+04 7.1094e+04 5.0721e-12 5.4122e-26
8.4375e+04 7.1094e+04 5.0721e-12 2.7970e-26
8.7500e+04 7.1094e+04 5.0721e-12 -1.5403e-26
9.0625e+04 7.1094e+04 5.0721e-12 -4.6448e-26
9.3750e+04 7.1094e+04 5.0721e-12 -4.0516e-26
9.6875e+04 7.1094e+04 5.0721e-12 -1.4944e-26
1.0000e+05 7.1094e+04 5.0721e-12 0.0000e+00
0.0000e+00 7.1875e+04 5.0449e-12 0.0000e+00
3.1250e+03 7.1875e+04 5.0449e-12 -3.2312e-26
6.2500e+03 7.1875e+04 5.0449e-12 -4.8468e-26
9.3750e+03 7.1875e+04 5.0449e-12 -8.7646e-26
1.2500e+04 7.1875e+04 5.0449e-12 -7.0278e-26
1.5625e+04 7.1875e+04 5.0449e-12 -5.4425e-26
1.8750e+04 7.1875e+04 5.0449e-12 -2.1407e-26
2.1875e+04 7.1875e+04 5.0449e-12 4.1197e-26
2.5000e+04 7.1875e+04 5.0449e-12 7.1086e-26
2.8125e+04 7.1875e+04 5.0449e-12 8.7242e-26
3.1250e+04 7.1875e+04 5.0449e-12 8.5222e-26
3.4375e+04 7.1875e+04 5.0449e-12 5.1699e-26
3.7500e+04 7.1875e+04 5.0449e-12 8.5449e-26
4.0625e+04 7.1875e+04 5.0449e-12 1.2682e-25
4.3750e+04 7.1875e+04 5.0449e-12 1.1690e-25
4.6875e+04 7.1875e+04 5.0449e-12 1.0279e-25
5.0000e+04 7.1875e+04 5.0449e-12 1.0322e-25
5.3125e+04 7.1875e+04 5.0449e-12 9.2391e-26
5.6250e+04 7.1875e+04 5.0449e-12 5.2507e-26
5.9375e+04 7.1875e+04 5.0449e-12 5.2507e-26
6.2500e+04 7.1875e+04 5.0449e-12 3.9304e-26
6.5625e+04 7.1875e+04 5.0449e-12 6.7855e-26
6.8750e+04 7.1875e+04 5.0449e-12 7.4166e-26
7.1875e+04 7.1875e+04 5.0449e-12 8.2395e-26
7.5000e+04 7.1875e+04 5.0449e-12 7.9776e-26
7.8125e+04 7.1875e+04 5.0449e-12 6.1392e-26
8.1250e+04 7.1875e+04 5.0449e-12 5.1279e-26
8.4375e+04 7.1875e+04 5.0449e-12 2.6051e-26
8.7500e+04 7.1875e+04 5.0449e-12 -1.7113e-26
9.0625e+04 7.1875e+04 5.0449e-12 -4.4848e-26
9.3750e+04 7.1875e+04 5.0449e-12 -4.3840e-26
9.6875e+04 7.1875e+04 5.0449e-12 -1.4540e-26
1.0000e+05 7.1875e+04 5.0449e-12 0.0000e+00
0.0000e+00 7.2656e+04 5.0116e-12 0.0000e+00
3.1250e+03 7.2656e+04 5.0116e-12 -2.7795e-26
6.2500e+03 7.2656e+04 5.0116e-12 -4.8981e-26
9.3750e+03 7.2656e+04 5.0116e-12 -8.3203e-26
1.2500e+04 7.2656e+04 5.0116e-12 -8.2193e-26
1.5625e+04 7.2656e+04 5.0116e-12 -3.1908e-26
1.8750e+04 7.2656e+04 5.0116e-12 -2.6657e-26
2.1875e+04 7.2656e+04 5.0116e-12 2.5849e-26
2.5000e+04 7.2656e+04 5.0116e-12 8.2799e-26
2.8125e+04 7.2656e+04 5.0116e-12 6.6239e-26
3.1250e+04 7.2656e+04 5.0116e-12 9.3704e-26
3.4375e+04 7.2656e+04 5.0116e-12 4.9809e-26
3.7500e+04 7.2656e+04 5.0116e-12 8.4818e-26
4.0625e+04 7.2656e+04 5.0116e-12 1.3539e-25
4.3750e+04 7.2656e+04 5.0116e-12 1.1875e-25
4.6875e+04 7.2656e+04 5.0116e-12 1.0516e-25
5.0000e+04 7.2656e+04 5.0116e-12 1.0259e-25
5.3125e+04 7.2656e+04 5.0116e-12 8.9283e-26
5.6250e+04 7.2656e+04 5.0116e-12 4.6044e-26
5.9375e+04 7.2656e+04 5.0116e-12 5.3711e-26
6.2500e+04 7.2656e+04 5.0116e-12 3.1100e-26
6.5625e+04 7.2656e+04 5.0116e-12 6.5096e-26
6.8750e+04 7.2656e+04 5.0116e-12 7.0278e-26
7.1875e+04 7.2656e+04 5.0116e-12 7.6762e-26
7.5000e+04 7.2656e+04 5.0116e-12 8.1991e-26
7.8125e+04 7.2656e+04 5.0116e-12 6.7718e-26
8.1250e+04 7.2656e+04 5.0116e-12 5.4122e-26
8.4375e+04 7.2656e+04 5.0116e-12 2.6860e-26
8.7500e+04 7.2656e+04 5.0116e-12 -1.1107e-26
9.0625e+04 7.2656e+04 5.0116e-12 -4.6044e-26
9.3750e+04 7.2656e+04 5.0116e-12 -3.9582e-26
9.6875e+04 7.2656e+04 5.0116e-12 -1.8175e-26
1.0000e+05 7.2656e+04 5.0116e-12 0.0000e+00
0.0000e+00 7.3438e+04 4.9722e-12 0.0000e+00
3.1250e+03 7.3438e+04 4.9722e-12 -3.7159e-26
6.2500e+03 7.3438e+04 4.9722e-12 -4.8468e-26
9.3750e+03 7.3438e+04 4.9722e-12 -8.4818e-26
1.2500e+04 7.3438e+04 4.9722e-12 -8.4553e-26
1.5625e+04 7.3438e+04 4.9722e-12 -2.1810e-26
1.8750e+04 7.3438e+04 4.9722e-12 -2.5950e-26
2.1875e+04 7.3438e+04 4.9722e-12 1.8579e-26
2.5000e+04 7.3438e+04 4.9722e-12 8.2395e-26
2.8125e+04 7.3438e+04 4.9722e-12 6.1392e-26
3.1250e+04 7.3438e+04 4.9722e-12 1.0865e-25
3.4375e+04 7.3438e+04 4.9722e-12 3.3927e-26
3.7500e+04 7.3438e+04 4.9722e-12 9.3199e-26
4.0625e+04 7.3438e+04 4.9722e-12 1.3490e-25
4.3750e+04 7.3438e+04 4.9722e-12 1.2278e-25
4.6875e+04 7.3438e+04 4.9722e-12 1.0259e-25
5.0000e+04 7.3438e+04 4.9722e-12 1.0017e-25
5.3125e+04 7.3438e+04 4.9722e-12 8.6232e-26
5.6250e+04 7.3438e+04 4.9722e-12 4.1601e-26
5.9375e+04 7.3438e+04 4.9722e-12 6.1392e-26
6.2500e+04 7.3438e+04 4.9722e-12 3.7966e-26
6.5625e+04 7.3438e+04 4.9722e-12 5.1699e-26
6.8750e+04 7.3438e+04 4.9722e-12 6.5431e-26
7.1875e+04 7.3438e+04 4.9722e-12 7.4317e-26
7.5000e+04 7.3438e+04 4.9722e-12 8.4212e-26
7.8125e+04 7.3438e+04 4.9722e-12 7.0480e-26
8.1250e+04 7.3438e+04 4.9722e-12 5.8161e-26
8.4375e+04 7.3438e+04 4.9722e-12 2.3022e-26
8.7500e+04 7.3438e+04 4.9722e-12 -9.6935e-27
9.0625e+04 7.3438e+04 4.9722e-12 -3.8740e-26
9.3750e+04 7.3438e+04 4.9722e-12 -4.5236e-26
9.6875e+04 7.3438e+04 4.9722e-12 -1.6156e-26
1.0000e+05 7.3438e+04 4.9722e-12 0.0000e+00
0.0000e+00 7.4219e+04 4.9266e-12 0.0000e+00
3.1250e+03 7.4219e+04 4.9266e-12 -3.0997e-26
6.2500e+03 7.4219e+04 4.9266e-12 -3.7832e-26
9.3750e+03 7.4219e+04 4.9266e-12 -9.6935e-26
1.2500e+04 7.4219e+04 4.9266e-12 -7.8356e-26
1.5625e+04 7.4219e+04 4.9266e-12 -2.9121e-26
1.8750e+04 7.4219e+04 4.9266e-12 -2.1608e-26
2.1875e+04 7.4219e+04 4.9266e-12 2.5245e-26
2.5000e+04 7.4219e+04 4.9266e-12 5.8161e-26
2.8125e+04 7.4219e+04 4.9266e-12 6.6086e-26
3.1250e+04 7.4219e+04 4.9266e-12 8.4011e-26
3.4375e+04 7.4219e+04 4.9266e-12 6.2200e-26
3.7500e+04 7.4219e+04 4.9266e-12 9.0473e-26
4.0625e+04 7.4219e+04 4.9266e-12 1.0905e-25
4.3750e+04 7.4219e+04 4.9266e-12 1.3288e-25
4.6875e+04 7.4219e+04 4.9266e-12 1.0512e-25
5.0000e+04 7.4219e+04 4.9266e-12 9.4916e-26
5.3125e+04 7.4219e+04 4.9266e-12 8.2799e-26
5.6250e+04 7.4219e+04 4.9266e-12 4.0390e-26
5.9375e+04 7.4219e+04 4.9266e-12 6.5310e-26
6.2500e+04 7.4219e+04 4.9266e-12 3.2312e-26
6.5625e+04 7.4219e+04 4.9266e-12 5.2207e-26
6.8750e+04 7.4219e+04 4.9266e-12 6.3008e-26
7.1875e+04 7.4219e+04 4.9266e-12 6.6108e-26
7.5000e+04 7.4219e+04 4.9266e-12 8.1587e-26
7.8125e+04 7.4219e+04 4.9266e-12 7.1458e-26
8.1250e+04 7.4219e+04 4.9266e-12 5.4122e-26
8.4375e+04 7.4219e+04 4.9266e-12 2.6173e-26
8.7500e+04 7.4219e+04 4.9266e-12 -6.2604e-27
9.0625e+04 7.4219e+04 4.9266e-12 -3.7966e-26
9.3750e+04 7.4219e+04 4.9266e-12 -4.4530e-26
9.6875e+04 7.4219e+04 4.9266e-12 -1.4439e-26
1.0000e+05 7.4219e+04 4.9266e-12 0.0000e+00
0.0000e+00 7.5000e+04 4.8750e-12 0.0000e+00
3.1250e+03 7.5000e+04 4.8750e-12 -3.0292e-26
6.2500e+03 7.5000e+04 4.8750e-12 -4.4580e-26
9.3750e+03 7.5000e+04 4.8750e-12 -9.3351e-26
1.2500e+04 7.5000e+04 4.8750e-12 -6.4623e-26
1.5625e+04 7.5000e+04 4.8750e-12 -4.1197e-26
1.8750e+04 7.5000e+04 4.8750e-12 -1.7771e-26
2.1875e+04 7.5000e+04 4.8750e-12 1.7570e-26
2.5000e+04 7.5000e+04 4.8750e-12 5.2658e-26
2.8125e+04 7.5000e+04 4.8750e-12 6.3008e-26
3.1250e+04 7.5000e+04 4.8750e-12 8.1183e-26
3.4375e+04 7.5000e+04 4.8750e-12 5.7959e-26
3.7500e+04 7.5000e+04 4.8750e-12 8.9665e-26
4.0625e+04 7.5000e+04 4.8750e-12 1.0824e-25
4.3750e+04 7.5000e+04 4.8750e-12 1.3086e-25
4.6875e+04 7.5000e+04 4.8750e-12 1.1062e-25
5.0000e+04 7.5000e+04 4.8750e-12 8.8958e-26
5.3125e+04 7.5000e+04 4.8750e-12 8.1335e-26
5.6250e+04 7.5000e+04 4.8750e-12 4.2005e-26
5.9375e+04 7.5000e+04 4.8750e-12 6.1796e-26
6.2500e+04 7.5000e+04 4.8750e-12 3.3120e-26
6.5625e+04 7.5000e+04 4.8750e-12 5.4627e-26
6.8750e+04 7.5000e+04 4.8750e-12 5.8969e-26
7.1875e+04 7.5000e+04 4.8750e-12 6.1998e-26
7.5000e+04 7.5000e+04 4.8750e-12 9.0069e-26
7.8125e+04 7.5000e+04 4.8750e-12 6.7855e-26
8.1250e+04 7.5000e+04 4.8750e-12 5.4488e-26
8.4375e+04 7.5000e+04 4.8750e-12 2.7263e-26
8.7500e+04 7.5000e+04 4.8750e-12 -7.0177e-27
9.0625e+04 7.5000e+04 4.8750e-12 -3.1565e-26
9.3750e+04 7.5000e+04 4.8750e-12 -4.4025e-26
9.6875e+04 7.5000e+04 4.8750e-12 -1.5348e-26
1.0000e+05 7.5000e+04 4.8750e-12 0.0000e+00
0.0000e+00 7.5781e+04 4.8173e-12 0.0000e+00
3.1250e+03 7.5781e+04 4.8173e-12 -3.1100e-26
6.2500e+03 7.5781e+04 4.8173e-12 -5.3314e-26
9.3750e+03 7.5781e+04 4.8173e-12 -9.6935e-26
1.2500e+04 7.5781e+04 4.8173e-12 -6.9672e-26
1.5625e+04 7.5781e+04 4.8173e-12 -3.9201e-26
1.8750e+04 7.5781e+04 4.8173e-12 -1.7771e-26
2.1875e+04 7.5781e+04 4.8173e-12 1.2925e-26
2.5000e+04 7.5781e+04 4.8173e-12 5.3314e-26
2.8125e+04 7.5781e+04 4.8173e-12 5.5215e-26
3.1250e+04 7.5781e+04 4.8173e-12 7.8457e-26
3.4375e+04 7.5781e+04 4.8173e-12 5.6546e-26
3.7500e+04 7.5781e+04 4.8173e-12 7.3913e-26
4.0625e+04 7.5781e+04 4.8173e-12 1.1318e-25
4.3750e+04 7.5781e+04 4.8173e-12 1.1511e-25
4.6875e+04 7.5781e+04 4.8173e-12 1.1794e-25
5.0000e+04 7.5781e+04 4.8173e-12 8.6939e-26
5.3125e+04 7.5781e+04 4.8173e-12 6.9214e-26
5.6250e+04 7.5781e+04 4.8173e-12 5.1295e-26
5.9375e+04 7.5781e+04 4.8173e-12 5.5781e-26
6.2500e+04 7.5781e+04 4.8173e-12 4.9275e-26
6.5625e+04 7.5781e+04 4.8173e-12 4.2350e-26
6.8750e+04 7.5781e+04 4.8173e-12 5.6546e-26
7.1875e+04 7.5781e+04 4.8173e-12 6.0310e-26
7.5000e+04 7.5781e+04 4.8173e-12 8.6434e-26
7.8125e+04 7.5781e+04 4.8173e-12 7.5125e-26
8.1250e+04 7.5781e+04 4.8173e-12 5.4930e-26
8.4375e+04 7.5781e+04 4.8173e-12 3.0761e-26
8.7500e+04 7.5781e+04 4.8173e-12 -7.8760e-27
9.0625e+04 7.5781e+04 4.8173e-12 -3.0646e-26
9.3750e+04 7.5781e+04 4.8173e-12 -4.4429e-26
9.6875e+04 7.5781e+04 4.8173e-12 -1.6560e-26
1.0000e+05 7.5781e+04 4.8173e-12 0.0000e+00
0.0000e+00 7.6562e+04 4.7534e-12 0.0000e+00
3.1250e+03 7.6562e+04 4.7534e-12 -3.1504e-26
6.2500e+03 7.6562e+04 4.7534e-12 -5.9373e-26
9.3750e+03 7.6562e+04 4.7534e-12 -9.1281e-26
1.2500e+04 7.6562e+04 4.7534e-12 -6.7148e-26
1.5625e+04 7.6562e+04 4.7534e-12 -3.0494e-26
1.8750e+04 7.6562e+04 4.7534e-12 -2.1810e-26
2.1875e+04 7.6562e+04 4.7534e-12 1.2925e-26
2.5000e+04 7.6562e+04 4.7534e-12 4.1500e-26
2.8125e+04 7.6562e+04 4.7534e-12 5.9867e-26
3.1250e+04 7.6562e+04 4.7534e-12 7.8356e-26
3.4375e+04 7.6562e+04 4.7534e-12 5.3314e-26
3.7500e+04 7.6562e+04 4.7534e-12 7.0076e-26
4.0625e+04 7.6562e+04 4.7534e-12 1.1148e-25
4.3750e+04 7.6562e+04 4.7534e-12 1.1269e-25
4.6875e+04 7.6562e+04 4.7534e-12 1.1289e-25
5.0000e+04 7.6562e+04 4.7534e-12 8.5525e-26
5.3125e+04 7.6562e+04 4.7534e-12 6.7047e-26
5.6250e+04 7.6562e+04 4.7534e-12 5.3314e-26
5.9375e+04 7.6562e+04 4.7534e-12 5.4526e-26
6.2500e+04 7.6562e+04 4.7534e-12 5.2204e-26
6.5625e+04 7.6562e+04 4.7534e-12 4.1197e-26
6.8750e+04 7.6562e+04 4.7534e-12 4.7584e-26
7.1875e+04 7.6562e+04 4.7534e-12 6.7855e-26
7.5000e+04 7.6562e+04 4.7534e-12 7.8003e-26
7.8125e+04 7.6562e+04 4.7534e-12 7.7144e-26
8.1250e+04 7.6562e+04 4.7534e-12 5.3125e-26
8.4375e+04 7.6562e+04 4.7534e-12 3.0292e-26
8.7500e+04 7.6562e+04 4.7534e-12 -9.0877e-27
9.0625e+04 7.6562e+04 4.7534e-12 -2.7013e-26
9.3750e+04 7.6562e+04 4.7534e-12 -3.9986e-26
9.6875e+04 7.6562e+04 4.7534e-12 -1.7771e-26
1.0000e+05 7.6562e+04 4.7534e-12 0.0000e+00
0.0000e+00 7.7344e+04 4.6835e-12 0.0000e+00
3.1250e+03 7.7344e+04 4.6835e-12 -3.2312e-26
6.2500e+03 7.7344e+04 4.6835e-12 -6.1392e-26
9.3750e+03 7.7344e+04 4.6835e-12 -9.0473e-26
1.2500e+04 7.7344e+04 4.6835e-12 -6.2806e-26
1.5625e+04 7.7344e+04 4.6835e-12 -4.1294e-26
1.8750e+04 7.7344e+04 4.6835e-12 -3.5543e-26
2.1875e+04 7.7344e+04 4.6835e-12 1.8710e-26
2.5000e+04 7.7344e+04 4.6835e-12 3.4533e-26
2.8125e+04 7.7344e+04 4.6835e-12 5.6395e-26
3.1250e+04 7.7344e+04 4.6835e-12 7.5933e-26
3.4375e+04 7.7344e+04 4.6835e-12 5.8497e-26
3.7500e+04 7.7344e+04 4.6835e-12 7.1793e-26
4.0625e+04 7.7344e+04 4.6835e-12 1.0235e-25
4.3750e+04 7.7344e+04 4.6835e-12 1.0986e-25
4.6875e+04 7.7344e+04 4.6835e-12 1.1196e-25
5.0000e+04 7.7344e+04 4.6835e-12 8.1688e-26
5.3125e+04 7.7344e+04 4.6835e-12 5.4066e-26
5.6250e+04 7.7344e+04 4.6835e-12 5.6546e-26
5.9375e+04 7.7344e+04 4.6835e-12 5.5333e-26
6.2500e+04 7.7344e+04 4.6835e-12 5.5132e-26
6.5625e+04 7.7344e+04 4.6835e-12 3.9761e-26
6.8750e+04 7.7344e+04 4.6835e-12 4.7862e-26
7.1875e+04 7.7344e+04 4.6835e-12 6.6130e-26
7.5000e+04 7.7344e+04 4.6835e-12 7.3509e-26
7.8125e+04 7.7344e+04 4.6835e-12 7.1086e-26
8.1250e+04 7.7344e+04 4.6835e-12 4.7609e-26
8.4375e+04 7.7344e+04 4.6835e-12 4.3159e-26
8.7500e+04 7.7344e+04 4.6835e-12 -8.4818e-27
9.0625e+04 7.7344e+04 4.6835e-12 -3.1009e-26
9.3750e+04 7.7344e+04 4.6835e-12 -3.4735e-26
9.6875e+04 7.7344e+04 4.6835e-12 -1.6926e-26
1.0000e+05 7.7344e+04 4.6835e-12 0.0000e+00
0.0000e+00 7.8125e+04 4.6074e-12 0.0000e+00
3.1250e+03 7.8125e+04 4.6074e-12 -3.1504e-26
6.2500e+03 7.8125e+04 4.6074e-12 -5.7151e-26
9.3750e+03 7.8125e+04 4.6074e-12 -9.0473e-26
1.2500e+04 7.8125e+04 4.6074e-12 -5.8060e-26
1.5625e+04 7.8125e+04 4.6074e-12 -4.1601e-26
1.8750e+04 7.8125e+04 4.6074e-12 -2.6253e-26
2.1875e+04 7.8125e+04 4.6074e-12 2.7768e-27
2.5000e+04 7.8125e+04 4.6074e-12 2.8159e-26
2.8125e+04 7.8125e+04 4.6074e-12 5.2103e-26
3.1250e+04 7.8125e+04 4.6074e-12 7.2449e-26
3.4375e+04 7.8125e+04 4.6074e-12 5.9070e-26
3.7500e+04 7.8125e+04 4.6074e-12 7.5503e-26
4.0625e+04 7.8125e+04 4.6074e-12 9.5320e-26
4.3750e+04 7.8125e+04 4.6074e-12 1.1137e-25
4.6875e+04 7.8125e+04 4.6074e-12 1.0633e-25
5.0000e+04 7.8125e+04 4.6074e-12 7.7359e-26
5.3125e+04 7.8125e+04 4.6074e-12 5.2507e-26
5.6250e+04 7.8125e+04 4.6074e-12 4.5438e-26
5.9375e+04 7.8125e+04 4.6074e-12 6.1998e-26
6.2500e+04 7.8125e+04 4.6074e-12 5.0563e-26
6.5625e+04 7.8125e+04 4.6074e-12 3.6755e-26
6.8750e+04 7.8125e+04 4.6074e-12 4.6852e-26
7.1875e+04 7.8125e+04 4.6074e-12 6.6643e-26
7.5000e+04 7.8125e+04 4.6074e-12 7.5529e-26
7.8125e+04 7.8125e+04 4.6074e-12 6.1317e-26
8.1250e+04 7.8125e+04 4.6074e-12 4.8064e-26
8.4375e+04 7.8125e+04 4.6074e-12 3.8774e-26
8.7500e+04 7.8125e+04 4.6074e-12 -7.0682e-28
9.0625e+04 7.8125e+04 4.6074e-12 -2.9409e-26
9.3750e+04 7.8125e+04 4.6074e-12 -2.8677e-26
9.6875e+04 7.8125e+04 4.6074e-12 -1.4540e-26
1.0000e+05 7.8125e+04 4.6074e-12 0.0000e+00
0.0000e+00 7.8906e+04 4.5253e-12 0.0000e+00
3.1250e+03 7.8906e+04 4.5253e-12 -3.1997e-26
6.2500e+03 7.8906e+04 4.5253e-12 -6.1392e-26
9.3750e+03 7.8906e+04 4.5253e-12 -8.0779e-26
1.2500e+04 7.8906e+04 4.5253e-12 -5.5889e-26
1.5625e+04 7.8906e+04 4.5253e-12 -4.7968e-26
1.8750e+04 7.8906e+04 4.5253e-12 -2.5799e-26
2.1875e+04 7.8906e+04 4.5253e-12 6.6397e-27
2.5000e+04 7.8906e+04 4.5253e-12 2.6102e-26
2.8125e+04 7.8906e+04 4.5253e-12 5.4087e-26
3.1250e+04 7.8906e+04 4.5253e-12 6.5835e-26
3.4375e+04 7.8906e+04 4.5253e-12 5.8636e-26
3.7500e+04 7.8906e+04 4.5253e-12 7.4317e-26
4.0625e+04 7.8906e+04 4.5253e-12 8.6733e-26
4.3750e+04 7.8906e+04 4.5253e-12 1.1228e-25
4.6875e+04 7.8906e+04 4.5253e-12 9.5976e-26
5.0000e+04 7.8906e+04 4.5253e-12 7.4822e-26
5.3125e+04 7.8906e+04 4.5253e-12 4.6567e-26
5.6250e+04 7.8906e+04 4.5253e-12 4.6297e-26
5.9375e+04 7.8906e+04 4.5253e-12 5.5788e-26
6.2500e+04 7.8906e+04 4.5253e-12 4.5943e-26
6.5625e+04 7.8906e+04 4.5253e-12 3.2850e-26
6.8750e+04 7.8906e+04 4.5253e-12 4.9679e-26
7.1875e+04 7.8906e+04 4.5253e-12 6.0401e-26
7.5000e+04 7.8906e+04 4.5253e-12 6.6239e-26
7.8125e+04 7.8906e+04 4.5253e-12 5.9777e-26
8.1250e+04 7.8906e+04 4.5253e-12 4.6448e-26
8.4375e+04 7.8906e+04 4.5253e-12 3.6982e-26
8.7500e+04 7.8906e+04 4.5253e-12 3.0292e-28
9.0625e+04 7.8906e+04 4.5253e-12 -2.3830e-26
9.3750e+04 7.8906e+04 4.5253e-12 -2.4950e-26
9.6875e+04 7.8906e+04 4.5253e-12 -8.7879e-27
1.0000e+05 7.8906e+04 4.5253e-12 0.0000e+00
0.0000e+00 7.9688e+04 4.4370e-12 0.0000e+00
3.1250e+03 7.9688e+04 4.4370e-12 -3.3927e-26
6.2500e+03 7.9688e+04 4.4370e-12 -6.8662e-26
9.3750e+03 7.9688e+04 4.4370e-12 -8.4011e-26
1.2500e+04 7.9688e+04 4.4370e-12 -5.5788e-26
1.5625e+04 7.9688e+04 4.4370e-12 -4.6650e-26
1.8750e+04 7.9688e+04 4.4370e-12 -2.2618e-26
2.1875e+04 7.9688e+04 4.4370e-12 3.9206e-27
2.5000e+04 7.9688e+04 4.4370e-12 2.7314e-26
2.8125e+04 7.9688e+04 4.4370e-12 4.9275e-26
3.1250e+04 7.9688e+04 4.4370e-12 5.9979e-26
3.4375e+04 7.9688e+04 4.4370e-12 6.0181e-26
3.7500e+04 7.9688e+04 4.4370e-12 6.9268e-26
4.0625e+04 7.9688e+04 4.4370e-12 8.8049e-26
4.3750e+04 7.9688e+04 4.4370e-12 1.0587e-25
4.6875e+04 7.9688e+04 4.4370e-12 9.0776e-26
5.0000e+04 7.9688e+04 4.4370e-12 7.0631e-26
5.3125e+04 7.9688e+04 4.4370e-12 4.4429e-26
5.6250e+04 7.9688e+04 4.4370e-12 4.5994e-26
5.9375e+04 7.9688e+04 4.4370e-12 5.2709e-26
6.2500e+04 7.9688e+04 4.4370e-12 4.0794e-26
6.5625e+04 7.9688e+04 4.4370e-12 3.0696e-26
6.8750e+04 7.9688e+04 4.4370e-12 4.7508e-26
7.1875e+04 7.9688e+04 4.4370e-12 5.8969e-26
7.5000e+04 7.9688e+04 4.4370e-12 6.2200e-26
7.8125e+04 7.9688e+04 4.4370e-12 5.8161e-26
8.1250e+04 7.9688e+04 4.4370e-12 4.3949e-26
8.4375e+04 7.9688e+04 4.4370e-12 3.4849e-26
8.7500e+04 7.9688e+04 4.4370e-12 1.5146e-27
9.0625e+04 7.9688e+04 4.4370e-12 -1.7746e-26
9.3750e+04 7.9688e+04 4.4370e-12 -2.2214e-26
9.6875e+04 7.9688e+04 4.4370e-12 -5.6546e-27
1.0000e+05 7.9688e+04 4.4370e-12 0.0000e+00
0.0000e+00 8.0469e+04 4.3427e-12 0.0000e+00
3.1250e+03 8.0469e+04 4.3427e-12 -3.3025e-26
6.2500e+03 8.0469e+04 4.3427e-12 -6.8965e-26
9.3750e+03 8.0469e+04 4.3427e-12 -8.1587e-26
1.2500e+04 8.0469e+04 4.3427e-12 -5.4829e-26
1.5625e+04 8.0469e+04 4.3427e-12 -4.8370e-26
1.8750e+04 8.0469e+04 4.3427e-12 -2.2921e-26
2.1875e+04 8.0469e+04 4.3427e-12 6.4065e-28
2.5000e+04 8.0469e+04 4.3427e-12 3.1933e-26
2.8125e+04 8.0469e+04 4.3427e-12 5.0485e-26
3.1250e+04 8.0469e+04 4.3427e-12 5.9827e-26
3.4375e+04 8.0469e+04 4.3427e-12 5.7555e-26
3.7500e+04 8.0469e+04 4.3427e-12 6.4623e-26
4.0625e+04 8.0469e+04 4.3427e-12 8.4302e-26
4.3750e+04 8.0469e+04 4.3427e-12 9.9813e-26
4.6875e+04 8.0469e+04 4.3427e-12 8.4818e-26
5.0000e+04 8.0469e+04 4.3427e-12 6.5356e-26
5.3125e+04 8.0469e+04 4.3427e-12 4.3475e-26
5.6250e+04 8.0469e+04 4.3427e-12 4.4984e-26
5.9375e+04 8.0469e+04 4.3427e-12 4.8872e-26
6.2500e+04 8.0469e+04 4.3427e-12 3.7827e-26
6.5625e+04 8.0469e+04 4.3427e-12 2.8841e-26
6.8750e+04 8.0469e+04 4.3427e-12 4.7862e-26
7.1875e+04 8.0469e+04 4.3427e-12 6.0096e-26
7.5000e+04 8.0469e+04 4.3427e-12 6.3598e-26
7.8125e+04 8.0469e+04 4.3427e-12 5.4753e-26
8.1250e+04 8.0469e+04 4.3427e-12 4.2611e-26
8.4375e+04 8.0469e+04 4.3427e-12 3.0949e-26
8.7500e+04 8.0469e+04 4.3427e-12 4.6448e-27
9.0625e+04 8.0469e+04 4.3427e-12 -1.5575e-26
9.3750e+04 8.0469e+04 4.3427e-12 -1.9763e-26
9.6875e+04 8.0469e+04 4.3427e-12 -4.5486e-27
1.0000e+05 8.0469e+04 4.3427e-12 0.0000e+00
0.0000e+00 8.1250e+04 4.2422e-12 0.0000e+00
3.1250e+03 8.1250e+04 4.2422e-12 -3.1908e-26
6.2500e+03 8.1250e+04 4.2422e-12 -6.7855e-26
9.3750e+03 8.1250e+04 4.2422e-12 -8.0981e-26
1.2500e+04 8.1250e+04 4.2422e-12 -5.4930e-26
1.5625e+04 8.1250e+04 4.2422e-12 -4.6044e-26
1.8750e+04 8.1250e+04 4.2422e-12 -1.8579e-26
2.1875e+04 8.1250e+04 4.2422e-12 -3.2312e-27
2.5000e+04 8.1250e+04 4.2422e-12 3.1504e-26
2.8125e+04 8.1250e+04 4.2422e-12 5.3314e-26
3.1250e+04 8.1250e+04 4.2422e-12 5.6142e-26
3.4375e+04 8.1250e+04 4.2422e-12 5.4324e-26
3.7500e+04 8.1250e+04 4.2422e-12 5.8161e-26
4.0625e+04 8.1250e+04 4.2422e-12 8.4414e-26
4.3750e+04 8.1250e+04 4.2422e-12 9.4512e-26
4.6875e+04 8.1250e+04 4.2422e-12 7.7246e-26
5.0000e+04 8.1250e+04 4.2422e-12 5.6949e-26
5.3125e+04 8.1250e+04 4.2422e-12 3.9582e-26
5.6250e+04 8.1250e+04 4.2422e-12 4.0390e-26
5.9375e+04 8.1250e+04 4.2422e-12 4.5438e-26
6.2500e+04 8.1250e+04 4.2422e-12 3.6351e-26
6.5625e+04 8.1250e+04 4.2422e-12 2.3022e-26
6.8750e+04 8.1250e+04 4.2422e-12 4.6852e-26
7.1875e+04 8.1250e+04 4.2422e-12 5.6546e-26
7.5000e+04 8.1250e+04 4.2422e-12 6.1291e-26
7.8125e+04 8.1250e+04 4.2422e-12 5.1497e-26
8.1250e+04 8.1250e+04 4.2422e-12 4.2207e-26
8.4375e+04 8.1250e+04 4.2422e-12 2.8601e-26
8.7500e+04 8.1250e+04 4.2422e-12 6.8662e-27
9.0625e+04 8.1250e+04 4.2422e-12 -1.4212e-26
9.3750e+04 8.1250e+04 4.2422e-12 -1.7330e-26
9.6875e+04 8.1250e+04 4.2422e-12 -5.6546e-27
1.0000e+05 8.1250e+04 4.2422e-12 0.0000e+00
0.0000e+00 8.2031e+04 4.1356e-12 0.0000e+00
3.1250e+03 8.2031e+04 4.1356e-12 -3.0343e-26
6.2500e+03 8.2031e+04 4.1356e-12 -5.8969e-26
9.3750e+03 8.2031e+04 4.1356e-12 -8.6838e-26
1.2500e+04 8.2031e+04 4.1356e-12 -5.4930e-26
1.5625e+04 8.2031e+04 4.1356e-12 -4.1609e-26
1.8750e+04 8.2031e+04 4.1356e-12 -1.7216e-26
2.1875e+04 8.2031e+04 4.1356e-12 -6.1331e-27
2.5000e+04 8.2031e+04 4.1356e-12 2.6998e-26
2.8125e+04 8.2031e+04 4.1356e-12 5.2132e-26
3.1250e+04 8.2031e+04 4.1356e-12 5.4577e-26
3.4375e+04 8.2031e+04 4.1356e-12 5.5082e-26
3.7500e+04 8.2031e+04 4.1356e-12 5.3377e-26
4.0625e+04 8.2031e+04 4.1356e-12 8.3666e-26
4.3750e+04 8.2031e+04 4.1356e-12 8.7280e-26
4.6875e+04 8.2031e+04 4.1356e-12 6.9975e-26
5.0000e+04 8.2031e+04 4.1356e-12 5.2149e-26
5.3125e+04 8.2031e+04 4.1356e-12 4.4025e-26
5.6250e+04 8.2031e+04 4.1356e-12 3.5005e-26
5.9375e+04 8.2031e+04 4.1356e-12 3.8176e-26
6.2500e+04 8.2031e+04 4.1356e-12 3.6070e-26
6.5625e+04 8.2031e+04 4.1356e-12 2.8172e-26
6.8750e+04 8.2031e+04 4.1356e-12 4.4501e-26
7.1875e+04 8.2031e+04 4.1356e-12 5.0790e-26
7.5000e+04 8.2031e+04 4.1356e-12 5.9310e-26
7.8125e+04 8.2031e+04 4.1356e-12 4.7862e-26
8.1250e+04 8.2031e+04 4.1356e-12 3.9862e-26
8.4375e+04 8.2031e+04 4.1356e-12 2.7717e-26
8.7500e+04 8.2031e+04 4.1356e-12 7.3206e-27
9.0625e+04 8.2031e+04 4.1356e-12 -1.0097e-26
9.3750e+04 8.2031e+04 4.1356e-12 -1.5550e-26
9.6875e+04 8.2031e+04 4.1356e-12 -6.3462e-27
1.0000e+05 8.2031e+04 4.1356e-12 0.0000e+00
0.0000e+00 8.2812e+04 4.0229e-12 0.0000e+00
3.1250e+03 8.2812e+04 4.0229e-12 -2.6329e-26
6.2500e+03 8.2812e+04 4.0229e-12 -6.2806e-26
9.3750e+03 8.2812e+04 4.0229e-12 -9.0498e-26
1.2500e+04 8.2812e+04 4.0229e-12 -5.5031e-26
1.5625e+04 8.2812e+04 4.0229e-12 -3.6908e-26
1.8750e+04 8.2812e+04 4.0229e-12 -1.5348e-26
2.1875e+04 8.2812e+04 4.0229e-12 -5.0487e-27
2.5000e+04 8.2812e+04 4.0229e-12 2.4032e-26
2.8125e+04 8.2812e+04 4.0229e-12 5.0891e-26
3.1250e+04 8.2812e+04 4.0229e-12 4.8468e-26
3.4375e+04 8.2812e+04 4.0229e-12 5.3706e-26
3.7500e+04 8.2812e+04 4.0229e-12 5.3819e-26
4.0625e+04 8.2812e+04 4.0229e-12 8.5222e-26
4.3750e+04 8.2812e+04 4.0229e-12 7.8356e-26
4.6875e+04 8.2812e+04 4.0229e-12 6.2465e-26
5.0000e+04 8.2812e+04 4.0229e-12 4.5236e-26
5.3125e+04 8.2812e+04 4.0229e-12 4.3621e-26
5.6250e+04 8.2812e+04 4.0229e-12 3.2362e-26
5.9375e+04 8.2812e+04 4.0229e-12 3.4180e-26
6.2500e+04 8.2812e+04 4.0229e-12 3.3523e-26
6.5625e+04 8.2812e+04 4.0229e-12 2.8273e-26
6.8750e+04 8.2812e+04 4.0229e-12 4.0694e-26
7.1875e+04 8.2812e+04 4.0229e-12 4.8152e-26
7.5000e+04 8.2812e+04 4.0229e-12 5.5050e-26
7.8125e+04 8.2812e+04 4.0229e-12 4.2005e-26
8.1250e+04 8.2812e+04 4.0229e-12 3.6654e-26
8.4375e+04 8.2812e+04 4.0229e-12 2.7465e-26
8.7500e+04 8.2812e+04 4.0229e-12 8.5071e-27
9.0625e+04 8.2812e+04 4.0229e-12 -5.9322e-27
9.3750e+04 8.2812e+04 4.0229e-12 -1.3934e-26
9.6875e+04 8.2812e+04 4.0229e-12 1.6156e-27
1.0000e+05 8.2812e+04 4.0229e-12 0.0000e+00
0.0000e+00 8.3594e+04 3.9042e-12 0.0000e+00
3.1250e+03 8.3594e+04 3.9042e-12 -2.2820e-26
6.2500e+03 8.3594e+04 3.9042e-12 -6.0130e-26
9.3750e+03 8.3594e+04 3.9042e-12 -8.3859e-26
1.2500e+04 8.3594e+04 3.9042e-12 -5.2330e-26
1.5625e+04 8.3594e+04 3.9042e-12 -4.0289e-26
1.8750e+04 8.3594e+04 3.9042e-12 -1.5550e-26
2.1875e+04 8.3594e+04 3.9042e-12 3.1527e-27
2.5000e+04 8.3594e+04 3.9042e-12 1.1713e-26
2.8125e+04 8.3594e+04 3.9042e-12 4.4833e-26
3.1250e+04 8.3594e+04 3.9042e-12 4.4964e-26
3.4375e+04 8.3594e+04 3.9042e-12 4.9679e-26
3.7500e+04 8.3594e+04 3.9042e-12 5.8193e-26
4.0625e+04 8.3594e+04 3.9042e-12 8.0779e-26
4.3750e+04 8.3594e+04 3.9042e-12 7.3508e-26
4.6875e+04 8.3594e+04 3.9042e-12 5.4829e-26
5.0000e+04 8.3594e+04 3.9042e-12 4.2207e-26
5.3125e+04 8.3594e+04 3.9042e-12 3.9582e-26
5.6250e+04 8.3594e+04 3.9042e-12 3.2514e-26
5.9375e+04 8.3594e+04 3.9042e-12 3.3725e-26
6.2500e+04 8.3594e+04 3.9042e-12 2.7357e-26
6.5625e+04 8.3594e+04 3.9042e-12 2.8071e-26
6.8750e+04 8.3594e+04 3.9042e-12 3.9017e-26
7.1875e+04 8.3594e+04 3.9042e-12 5.1396e-26
7.5000e+04 8.3594e+04 3.9042e-12 5.0878e-26
7.8125e+04 8.3594e+04 3.9042e-12 4.1426e-26
8.1250e+04 8.3594e+04 3.9042e-12 3.3189e-26
8.4375e+04 8.3594e+04 3.9042e-12 2.7878e-26
8.7500e+04 8.3594e+04 3.9042e-12 1.0602e-26
9.0625e+04 8.3594e+04 3.9042e-12 -4.8468e-27
9.3750e+04 8.3594e+04 3.9042e-12 -1.0703e-26
9.6875e+04 8.3594e+04 3.9042e-12 -4.9763e-27
1.0000e+05 8.3594e+04 3.9042e-12 0.0000e+00
0.0000e+00 8.4375e+04 3.7793e-12 0.0000e+00
3.1250e+03 8.4375e+04 3.7793e-12 -1.8983e-26
6.2500e+03 8.4375e+04 3.7793e-12 -6.0734e-26
9.3750e+03 8.4375e+04 3.7793e-12 -8.5222e-26
1.2500e+04 8.4375e+04 3.7793e-12 -5.2633e-26
1.5625e+04 8.4375e+04 3.7793e-12 -3.6830e-26
1.8750e+04 8.4375e+04 3.7793e-12 -1.4465e-26
2.1875e+04 8.4375e+04 3.7793e-12 4.4934e-27
2.5000e+04 8.4375e+04 3.7793e-12 1.0501e-26
2.8125e+04 8.4375e+04 3.7793e-12 4.1639e-26
3.1250e+04 8.4375e+04 3.7793e-12 4.5337e-26
3.4375e+04 8.4375e+04 3.7793e-12 4.4870e-26
3.7500e+04 8.4375e+04 3.7793e-12 5.8565e-26
4.0625e+04 8.4375e+04 3.7793e-12 7.6362e-26
4.3750e+04 8.4375e+04 3.7793e-12 6.7956e-26
4.6875e+04 8.4375e+04 3.7793e-12 4.9389e-26
5.0000e+04 8.4375e+04 3.7793e-12 3.9986e-26
5.3125e+04 8.4375e+04 3.7793e-12 3.4344e-26
5.6250e+04 8.4375e+04 3.7793e-12 3.1580e-26
5.9375e+04 8.4375e+04 3.7793e-12 3.0292e-26
6.2500e+04 8.4375e+04 3.7793e-12 2.4638e-26
6.5625e+04 8.4375e+04 3.7793e-12 2.7869e-26
6.8750e+04 8.4375e+04 3.7793e-12 3.5089e-26
7.1875e+04 8.4375e+04 3.7793e-12 5.0588e-26
7.5000e+04 8.4375e+04 3.7793e-12 4.5678e-26
7.8125e+04 8.4375e+04 3.7793e-12 3.8370e-26
8.1250e+04 8.4375e+04 3.7793e-12 3.1706e-26
8.4375e+04 8.4375e+04 3.7793e-12 2.9081e-26
8.7500e+04 8.4375e+04 3.7793e-12 1.1079e-26
9.0625e+04 8.4375e+04 3.7793e-12 -5.8060e-28
9.3750e+04 8.4375e+04 3.7793e-12 -8.2799e-27
9.6875e+04 8.4375e+04 3.7793e-12 -5.2507e-27
1.0000e+05 8.4375e+04 3.7793e-12 0.0000e+00
0.0000e+00 8.5156e+04 3.6483e-12 0.0000e+00
3.1250e+03 8.5156e+04 3.6483e-12 -1.4944e-26
6.2500e+03 8.5156e+04 3.6483e-12 -6.0499e-26
9.3750e+03 8.5156e+04 3.6483e-12 -8.9665e-26
1.2500e+04 8.5156e+04 3.6483e-12 -5.2961e-26
1.5625e+04 8.5156e+04 3.6483e-12 -3.4010e-26
1.8750e+04 8.5156e+04 3.6483e-12 -1.2918e-26
2.1875e+04 8.5156e+04 3.6483e-12 5.8565e-27
2.5000e+04 8.5156e+04 3.6483e-12 8.0779e-27
2.8125e+04 8.5156e+04 3.6483e-12 4.0188e-26
3.1250e+04 8.5156e+04 3.6483e-12 4.4631e-26
3.4375e+04 8.5156e+04 3.6483e-12 4.4429e-26
3.7500e+04 8.5156e+04 3.6483e-12 5.8969e-26
4.0625e+04 8.5156e+04 3.6483e-12 6.9066e-26
4.3750e+04 8.5156e+04 3.6483e-12 6.2200e-26
4.6875e+04 8.5156e+04 3.6483e-12 4.4833e-26
5.0000e+04 8.5156e+04 3.6483e-12 2.8677e-26
5.3125e+04 8.5156e+04 3.6483e-12 3.1706e-26
5.6250e+04 8.5156e+04 3.6483e-12 2.8273e-26
5.9375e+04 8.5156e+04 3.6483e-12 2.8475e-26
6.2500e+04 8.5156e+04 3.6483e-12 2.1104e-26
6.5625e+04 8.5156e+04 3.6483e-12 2.3628e-26
6.8750e+04 8.5156e+04 3.6483e-12 3.2817e-26
7.1875e+04 8.5156e+04 3.6483e-12 4.4820e-26
7.5000e+04 8.5156e+04 3.6483e-12 4.1601e-26
7.8125e+04 8.5156e+04 3.6483e-12 3.3397e-26
8.1250e+04 8.5156e+04 3.6483e-12 3.1289e-26
8.4375e+04 8.5156e+04 3.6483e-12 2.4073e-26
8.7500e+04 8.5156e+04 3.6483e-12 1.2016e-26
9.0625e+04 8.5156e+04 3.6483e-12 1.1360e-27
9.3750e+04 8.5156e+04 3.6483e-12 -7.0682e-27
9.6875e+04 8.5156e+04 3.6483e-12 -5.8072e-27
1.0000e+05 8.5156e+04 3.6483e-12 0.0000e+00
0.0000e+00 8.5938e+04 3.5112e-12 0.0000e+00
3.1250e+03 8.5938e+04 3.5112e-12 -9.2633e-27
6.2500e+03 8.5938e+04 3.5112e-12 -5.9562e-26
9.3750e+03 8.5938e+04 3.5112e-12 -9.1685e-26
1.2500e+04 8.5938e+04 3.5112e-12 -5.0613e-26
1.5625e+04 8.5938e+04 3.5112e-12 -3.1504e-26
1.8750e+04 8.5938e+04 3.5112e-12 -1.0501e-26
2.1875e+04 8.5938e+04 3.5112e-12 4.2662e-27
2.5000e+04 8.5938e+04 3.5112e-12 1.3732e-26
2.8125e+04 8.5938e+04 3.5112e-12 3.4861e-26
3.1250e+04 8.5938e+04 3.5112e-12 4.3621e-26
3.4375e+04 8.5938e+04 3.5112e-12 4.0996e-26
3.7500e+04 8.5938e+04 3.5112e-12 5.7858e-26
4.0625e+04 8.5938e+04 3.5112e-12 6.4623e-26
4.3750e+04 8.5938e+04 3.5112e-12 5.6747e-26
4.6875e+04 8.5938e+04 3.5112e-12 3.9077e-26
5.0000e+04 8.5938e+04 3.5112e-12 3.0999e-26
5.3125e+04 8.5938e+04 3.5112e-12 2.9535e-26
5.6250e+04 8.5938e+04 3.5112e-12 2.5849e-26
5.9375e+04 8.5938e+04 3.5112e-12 2.4688e-26
6.2500e+04 8.5938e+04 3.5112e-12 1.9589e-26
6.5625e+04 8.5938e+04 3.5112e-12 1.9999e-26
6.8750e+04 8.5938e+04 3.5112e-12 3.2413e-26
7.1875e+04 8.5938e+04 3.5112e-12 4.3015e-26
7.5000e+04 8.5938e+04 3.5112e-12 3.9254e-26
7.8125e+04 8.5938e+04 3.5112e-12 2.6657e-26
8.1250e+04 8.5938e+04 3.5112e-12 2.9686e-26
8.4375e+04 8.5938e+04 3.5112e-12 2.5042e-26
8.7500e+04 8.5938e+04 3.5112e-12 1.3122e-26
9.0625e+04 8.5938e+04 3.5112e-12 2.9283e-27
9.3750e+04 8.5938e+04 3.5112e-12 -5.0487e-27
9.6875e+04 8.5938e+04 3.5112e-12 -4.4429e-27
1.0000e+05 8.5938e+04 3.5112e-12 0.0000e+00
0.0000e+00 8.6719e+04 3.3680e-12 0.0000e+00
3.1250e+03 8.6719e+04 3.3680e-12 -3.2312e-27
6.2500e+03 8.6719e+04 3.3680e-12 -5.4930e-26
9.3750e+03 8.6719e+04 3.3680e-12 -9.5320e-26
1.2500e+04 8.6719e+04 3.3680e-12 -4.5236e-26
1.5625e+04 8.6719e+04 3.3680e-12 -2.9283e-26
1.8750e+04 8.6719e+04 3.3680e-12 -9.2896e-27
2.1875e+04 8.6719e+04 3.3680e-12 4.2409e-27
2.5000e+04 8.6719e+04 3.3680e-12 1.2925e-26
2.8125e+04 8.6719e+04 3.3680e-12 3.1504e-26
3.1250e+04 8.6719e+04 3.3680e-12 3.8168e-26
3.4375e+04 8.6719e+04 3.3680e-12 4.0390e-26
3.7500e+04 8.6719e+04 3.3680e-12 5.4122e-26
4.0625e+04 8.6719e+04 3.3680e-12 5.6546e-26
4.3750e+04 8.6719e+04 3.3680e-12 5.1396e-26
4.6875e+04 8.6719e+04 3.3680e-12 3.4533e-26
5.0000e+04 8.6719e+04 3.3680e-12 3.1100e-26
5.3125e+04 8.6719e+04 3.3680e-12 2.5849e-26
5.6250e+04 8.6719e+04 3.3680e-12 2.4032e-26
5.9375e+04 8.6719e+04 3.3680e-12 2.0599e-26
6.2500e+04 8.6719e+04 3.3680e-12 2.3426e-26
6.5625e+04 8.6719e+04 3.3680e-12 1.6560e-26
6.8750e+04 8.6719e+04 3.3680e-12 3.2110e-26
7.1875e+04 8.6719e+04 3.3680e-12 3.9683e-26
7.5000e+04 8.6719e+04 3.3680e-12 3.6957e-26
7.8125e+04 8.6719e+04 3.3680e-12 2.6758e-26
8.1250e+04 8.6719e+04 3.3680e-12 2.6250e-26
8.4375e+04 8.6719e+04 3.3680e-12 2.3180e-26
8.7500e+04 8.6719e+04 3.3680e-12 1.3934e-26
9.0625e+04 8.6719e+04 3.3680e-12 3.1807e-27
9.3750e+04 8.6719e+04 3.3680e-12 -3.5341e-27
9.6875e+04 8.6719e+04 3.3680e-12 -2.1281e-27
1.0000e+05 8.6719e+04 3.3680e-12 0.0000e+00
0.0000e+00 8.7500e+04 3.2188e-12 0.0000e+00
3.1250e+03 8.7500e+04 3.2188e-12 -2.0195e-27
6.2500e+03 8.7500e+04 3.2188e-12 -4.7458e-26
9.3750e+03 8.7500e+04 3.2188e-12 -1.0017e-25
1.2500e+04 8.7500e+04 3.2188e-12 -3.8370e-26
1.5625e+04 8.7500e+04 3.2188e-12 -2.7465e-26
1.8750e+04 8.7500e+04 3.2188e-12 -8.6838e-27
2.1875e+04 8.7500e+04 3.2188e-12 3.3321e-27
2.5000e+04 8.7500e+04 3.2188e-12 1.4136e-26
2.8125e+04 8.7500e+04 3.2188e-12 2.8475e-26
3.1250e+04 8.7500e+04 3.2188e-12 3.2047e-26
3.4375e+04 8.7500e+04 3.2188e-12 4.2207e-26
3.7500e+04 8.7500e+04 3.2188e-12 4.9376e-26
4.0625e+04 8.7500e+04 3.2188e-12 5.0083e-26
4.3750e+04 8.7500e+04 3.2188e-12 4.4763e-26
4.6875e+04 8.7500e+04 3.2188e-12 2.8980e-26
5.0000e+04 8.7500e+04 3.2188e-12 3.0747e-26
5.3125e+04 8.7500e+04 3.2188e-12 2.2214e-26
5.6250e+04 8.7500e+04 3.2188e-12 2.2871e-26
5.9375e+04 8.7500e+04 3.2188e-12 1.7267e-26
6.2500e+04 8.7500e+04 3.2188e-12 1.3732e-26
6.5625e+04 8.7500e+04 3.2188e-12 1.3127e-26
6.8750e+04 8.7500e+04 3.2188e-12 3.0595e-26
7.1875e+04 8.7500e+04 3.2188e-12 3.7304e-26
7.5000e+04 8.7500e+04 3.2188e-12 3.3978e-26
7.8125e+04 8.7500e+04 3.2188e-12 2.3224e-26
8.1250e+04 8.7500e+04 3.2188e-12 2.2643e-26
8.4375e+04 8.7500e+04 3.2188e-12 1.9791e-26
8.7500e+04 8.7500e+04 3.2188e-12 1.3290e-26
9.0625e+04 8.7500e+04 3.2188e-12 3.8623e-27
9.3750e+04 8.7500e+04 3.2188e-12 -2.5244e-27
9.6875e+04 8.7500e+04 3.2188e-12 -4.0390e-28
1.0000e+05 8.7500e+04 3.2188e-12 0.0000e+00
0.0000e+00 8.8281e+04 3.0634e-12 0.0000e+00
3.1250e+03 8.8281e+04 3.0634e-12 1.4894e-27
6.2500e+03 8.8281e+04 3.0634e-12 -3.7966e-26
9.3750e+03 8.8281e+04 3.0634e-12 -9.9384e-26
1.2500e+04 8.8281e+04 3.0634e-12 -3.2716e-26
1.5625e+04 8.8281e+04 3.0634e-12 -2.8689e-26
1.8750e+04 8.8281e+04 3.0634e-12 -5.5252e-27
2.1875e+04 8.8281e+04 3.0634e-12 4.5565e-27
2.5000e+04 8.8281e+04 3.0634e-12 1.5247e-26
2.8125e+04 8.8281e+04 3.0634e-12 2.4511e-26
3.1250e+04 8.8281e+04 3.0634e-12 3.0999e-26
3.4375e+04 8.8281e+04 3.0634e-12 4.0491e-26
3.7500e+04 8.8281e+04 3.0634e-12 4.7104e-26
4.0625e+04 8.8281e+04 3.0634e-12 4.4201e-26
4.3750e+04 8.8281e+04 3.0634e-12 3.9075e-26
4.6875e+04 8.8281e+04 3.0634e-12 2.5849e-26
5.0000e+04 8.8281e+04 3.0634e-12 2.8601e-26
5.3125e+04 8.8281e+04 3.0634e-12 1.9286e-26
5.6250e+04 8.8281e+04 3.0634e-12 2.1986e-26
5.9375e+04 8.8281e+04 3.0634e-12 1.4616e-26
6.2500e+04 8.8281e+04 3.0634e-12 1.1432e-26
6.5625e+04 8.8281e+04 3.0634e-12 8.5828e-27
6.8750e+04 8.8281e+04 3.0634e-12 3.1517e-26
7.1875e+04 8.8281e+04 3.0634e-12 3.4751e-26
7.5000e+04 8.8281e+04 3.0634e-12 3.0179e-26
7.8125e+04 8.8281e+04 3.0634e-12 2.1886e-26
8.1250e+04 8.8281e+04 3.0634e-12 1.8478e-26
8.4375e+04 8.8281e+04 3.0634e-12 1.6239e-26
8.7500e+04 8.8281e+04 3.0634e-12 1.1814e-26
9.0625e+04 8.8281e+04 3.0634e-12 3.7360e-27
9.3750e+04 8.8281e+04 3.0634e-12 -4.0390e-28
9.6875e+04 8.8281e+04 3.0634e-12 -8.0464e-29
1.0000e+05 8.8281e+04 3.0634e-12 0.0000e+00
0.0000e+00 8.9062e+04 2.9019e-12 0.0000e+00
3.1250e+03 8.9062e+04 2.9019e-12 6.8662e-27
6.2500e+03 8.9062e+04 2.9019e-12 -3.9430e-26
9.3750e+03 8.9062e+04 2.9019e-12 -8.4011e-26
1.2500e+04 8.9062e+04 2.9019e-12 -4.0743e-26
1.5625e+04 8.9062e+04 2.9019e-12 -2.6051e-26
1.8750e+04 8.9062e+04 2.9019e-12 -3.1302e-27
2.1875e+04 8.9062e+04 2.9019e-12 8.0779e-27
2.5000e+04 8.9062e+04 2.9019e-12 1.1511e-26
2.8125e+04 8.9062e+04 2.9019e-12 2.1608e-26
3.1250e+04 8.9062e+04 2.9019e-12 2.8677e-26
3.4375e+04 8.9062e+04 2.9019e-12 3.8572e-26
3.7500e+04 8.9062e+04 2.9019e-12 4.2510e-26
4.0625e+04 8.9062e+04 2.9019e-12 4.1601e-26
4.3750e+04 8.9062e+04 2.9019e-12 3.1706e-26
4.6875e+04 8.9062e+04 2.9019e-12 2.3022e-26
5.0000e+04 8.9062e+04 2.9019e-12 1.9589e-26
5.3125e+04 8.9062e+04 2.9019e-12 1.9791e-26
5.6250e+04 8.9062e+04 2.9019e-12 1.6762e-26
5.9375e+04 8.9062e+04 2.9019e-12 1.3290e-26
6.2500e+04 8.9062e+04 2.9019e-12 9.3149e-27
6.5625e+04 8.9062e+04 2.9019e-12 5.6546e-27
6.8750e+04 8.9062e+04 2.9019e-12 3.1504e-26
7.1875e+04 8.9062e+04 2.9019e-12 3.1908e-26
7.5000e+04 8.9062e+04 2.9019e-12 2.6897e-26
7.8125e+04 8.9062e+04 2.9019e-12 1.8011e-26
8.1250e+04 8.9062e+04 2.9019e-12 1.6030e-26
8.4375e+04 8.9062e+04 2.9019e-12 1.5752e-26
8.7500e+04 8.9062e+04 2.9019e-12 1.1027e-26
9.0625e+04 8.9062e+04 2.9019e-12 4.4176e-27
9.3750e+04 8.9062e+04 2.9019e-12 1.0097e-27
9.6875e+04 8.9062e+04 2.9019e-12 0.0000e+00
1.0000e+05 8.9062e+04 2.9019e-12 0.0000e+00
0.0000e+00 8.9844e+04 2.7343e-12 0.0000e+00
3.1250e+03 8.9844e+04 2.7343e-12 5.7072e-27
6.2500e+03 8.9844e+04 2.7343e-12 -4.3621e-26
9.3750e+03 8.9844e+04 2.7343e-12 -7.1894e-26
1.2500e+04 8.9844e+04 2.7343e-12 -4.5236e-26
1.5625e+04 8.9844e+04 2.7343e-12 -3.1504e-26
1.8750e+04 8.9844e+04 2.7343e-12 9.0877e-28
2.1875e+04 8.9844e+04 2.7343e-12 1.2287e-26
2.5000e+04 8.9844e+04 2.7343e-12 1.1498e-26
2.8125e+04 8.9844e+04 2.7343e-12 1.8226e-26
3.1250e+04 8.9844e+04 2.7343e-12 2.8071e-26
3.4375e+04 8.9844e+04 2.7343e-12 3.7323e-26
3.7500e+04 8.9844e+04 2.7343e-12 3.9052e-26
4.0625e+04 8.9844e+04 2.7343e-12 3.4104e-26
4.3750e+04 8.9844e+04 2.7343e-12 2.8273e-26
4.6875e+04 8.9844e+04 2.7343e-12 1.8781e-26
5.0000e+04 8.9844e+04 2.7343e-12 1.8718e-26
5.3125e+04 8.9844e+04 2.7343e-12 1.6736e-26
5.6250e+04 8.9844e+04 2.7343e-12 1.5853e-26
5.9375e+04 8.9844e+04 2.7343e-12 1.2193e-26
6.2500e+04 8.9844e+04 2.7343e-12 7.9202e-27
6.5625e+04 8.9844e+04 2.7343e-12 3.6856e-27
6.8750e+04 8.9844e+04 2.7343e-12 2.6279e-26
7.1875e+04 8.9844e+04 2.7343e-12 2.9150e-26
7.5000e+04 8.9844e+04 2.7343e-12 2.4789e-26
7.8125e+04 8.9844e+04 2.7343e-12 1.3329e-26
8.1250e+04 8.9844e+04 2.7343e-12 1.3327e-26
8.4375e+04 8.9844e+04 2.7343e-12 1.4773e-26
8.7500e+04 8.9844e+04 2.7343e-12 1.0476e-26
9.0625e+04 8.9844e+04 2.7343e-12 3.7487e-27
9.3750e+04 8.9844e+04 2.7343e-12 1.7166e-27
9.6875e+04 8.9844e+04 2.7343e-12 1.7828e-28
1.0000e+05 8.9844e+04 2.7343e-12 0.0000e+00
0.0000e+00 9.0625e+04 2.5605e-12 0.0000e+00
3.1250e+03 9.0625e+04 2.5605e-12 6.0585e-27
6.2500e+03 9.0625e+04 2.5605e-12 -4.5842e-26
9.3750e+03 9.0625e+04 2.5605e-12 -5.2507e-26
1.2500e+04 9.0625e+04 2.5605e-12 -4.4883e-26
1.5625e+04 9.0625e+04 2.5605e-12 -3.8976e-26
1.8750e+04 9.0625e+04 2.5605e-12 3.2312e-27
2.1875e+04 9.0625e+04 2.5605e-12 1.6358e-26
2.5000e+04 9.0625e+04 2.5605e-12 1.1233e-26
2.8125e+04 9.0625e+04 2.5605e-12 1.2319e-26
3.1250e+04 9.0625e+04 2.5605e-12 2.6657e-26
3.4375e+04 9.0625e+04 2.5605e-12 3.6149e-26
3.7500e+04 9.0625e+04 2.5605e-12 3.5227e-26
4.0625e+04 9.0625e+04 2.5605e-12 2.8071e-26
4.3750e+04 9.0625e+04 2.5605e-12 2.4436e-26
4.6875e+04 9.0625e+04 2.5605e-12 1.5449e-26
5.0000e+04 9.0625e+04 2.5605e-12 1.7450e-26
5.3125e+04 9.0625e+04 2.5605e-12 1.2218e-26
5.6250e+04 9.0625e+04 2.5605e-12 1.4944e-26
5.9375e+04 9.0625e+04 2.5605e-12 1.0703e-26
6.2500e+04 9.0625e+04 2.5605e-12 5.2570e-27
6.5625e+04 9.0625e+04 2.5605e-12 7.4721e-27
6.8750e+04 9.0625e+04 2.5605e-12 2.1306e-26
7.1875e+04 9.0625e+04 2.5605e-12 2.5345e-26
7.5000e+04 9.0625e+04 2.5605e-12 2.2277e-26
7.8125e+04 9.0625e+04 2.5605e-12 1.1511e-26
8.1250e+04 9.0625e+04 2.5605e-12 1.1587e-26
8.4375e+04 9.0625e+04 2.5605e-12 1.2521e-26
8.7500e+04 9.0625e+04 2.5605e-12 9.8324e-27
9.0625e+04 9.0625e+04 2.5605e-12 2.9283e-27
9.3750e+04 9.0625e+04 2.5605e-12 3.4331e-27
9.6875e+04 9.0625e+04 2.5605e-12 4.0390e-28
1.0000e+05 9.0625e+04 2.5605e-12 0.0000e+00
0.0000e+00 9.1406e+04 2.3807e-12 0.0000e+00
3.1250e+03 9.1406e+04 2.3807e-12 1.4892e-27
6.2500e+03 9.1406e+04 2.3807e-12 -4.2813e-26
9.3750e+03 9.1406e+04 2.3807e-12 -4.4429e-26
1.2500e+04 9.1406e+04 2.3807e-12 -3.9683e-26
1.5625e+04 9.1406e+04 2.3807e-12 -4.4176e-26
1.8750e+04 9.1406e+04 2.3807e-12 4.1399e-27
2.1875e+04 9.1406e+04 2.3807e-12 1.9728e-26
2.5000e+04 9.1406e+04 2.3807e-12 9.8702e-27
2.8125e+04 9.1406e+04 2.3807e-12 7.5226e-27
3.1250e+04 9.1406e+04 2.3807e-12 2.4032e-26
3.4375e+04 9.1406e+04 2.3807e-12 3.5455e-26
3.7500e+04 9.1406e+04 2.3807e-12 3.0355e-26
4.0625e+04 9.1406e+04 2.3807e-12 2.2088e-26
4.3750e+04 9.1406e+04 2.3807e-12 2.0902e-26
4.6875e+04 9.1406e+04 2.3807e-12 1.2262e-26
5.0000e+04 9.1406e+04 2.3807e-12 1.5664e-26
5.3125e+04 9.1406e+04 2.3807e-12 1.2218e-26
5.6250e+04 9.1406e+04 2.3807e-12 1.3379e-26
5.9375e+04 9.1406e+04 2.3807e-12 9.1129e-27
6.2500e+04 9.1406e+04 2.3807e-12 4.0705e-27
6.5625e+04 9.1406e+04 2.3807e-12 3.5341e-27
6.8750e+04 9.1406e+04 2.3807e-12 1.7191e-26
7.1875e+04 9.1406e+04 2.3807e-12 2.3186e-26
7.5000e+04 9.1406e+04 2.3807e-12 1.9236e-26
7.8125e+04 9.1406e+04 2.3807e-12 8.1789e-27
8.1250e+04 9.1406e+04 2.3807e-12 9.7539e-27
8.4375e+04 9.1406e+04 2.3807e-12 1.1586e-26
8.7500e+04 9.1406e+04 2.3807e-12 8.4566e-27
9.0625e+04 9.1406e+04 2.3807e-12 3.8938e-27
9.3750e+04 9.1406e+04 2.3807e-12 2.8273e-27
9.6875e+04 9.1406e+04 2.3807e-12 -9.4052e-28
1.0000e+05 9.1406e+04 2.3807e-12 0.0000e+00
0.0000e+00 9.2188e+04 2.1948e-12 0.0000e+00
3.1250e+03 9.2188e+04 2.1948e-12 4.0390e-28
6.2500e+03 9.2188e+04 2.1948e-12 -3.4533e-26
9.3750e+03 9.2188e+04 2.1948e-12 -4.0390e-26
1.2500e+04 9.2188e+04 2.1948e-12 -3.3359e-26
1.5625e+04 9.2188e+04 2.1948e-12 -5.4324e-26
1.8750e+04 9.2188e+04 2.1948e-12 5.4526e-27
2.1875e+04 9.2188e+04 2.1948e-12 2.2618e-26
2.5000e+04 9.2188e+04 2.1948e-12 1.0463e-26
2.8125e+04 9.2188e+04 2.1948e-12 3.2312e-27
3.1250e+04 9.2188e+04 2.1948e-12 2.2618e-26
3.4375e+04 9.2188e+04 2.1948e-12 3.5442e-26
3.7500e+04 9.2188e+04 2.1948e-12 2.4398e-26
4.0625e+04 9.2188e+04 2.1948e-12 1.5045e-26
4.3750e+04 9.2188e+04 2.1948e-12 1.8579e-26
4.6875e+04 9.2188e+04 2.1948e-12 8.2799e-27
5.0000e+04 9.2188e+04 2.1948e-12 1.5386e-26
5.3125e+04 9.2188e+04 2.1948e-12 1.0350e-26
5.6250e+04 9.2188e+04 2.1948e-12 1.0602e-26
5.9375e+04 9.2188e+04 2.1948e-12 7.6740e-27
6.2500e+04 9.2188e+04 2.1948e-12 3.7234e-27
6.5625e+04 9.2188e+04 2.1948e-12 2.5244e-27
6.8750e+04 9.2188e+04 2.1948e-12 1.4818e-26
7.1875e+04 9.2188e+04 2.1948e-12 2.1003e-26
7.5000e+04 9.2188e+04 2.1948e-12 1.6762e-26
7.8125e+04 9.2188e+04 2.1948e-12 6.6643e-27
8.1250e+04 9.2188e+04 2.1948e-12 8.5323e-27
8.4375e+04 9.2188e+04 2.1948e-12 9.0877e-27
8.7500e+04 9.2188e+04 2.1948e-12 7.7277e-27
9.0625e+04 9.2188e+04 2.1948e-12 4.1904e-27
9.3750e+04 9.2188e+04 2.1948e-12 2.3224e-27
9.6875e+04 9.2188e+04 2.1948e-12 -4.0390e-28
1.0000e+05 9.2188e+04 2.1948e-12 0.0000e+00
0.0000e+00 9.2969e+04 2.0028e-12 0.0000e+00
3.1250e+03 9.2969e+04 2.0028e-12 1.1490e-28
6.2500e+03 9.2969e+04 2.0028e-12 -2.7869e-26
9.3750e+03 9.2969e+04 2.0028e-12 -3.1554e-26
1.2500e+04 9.2969e+04 2.0028e-12 -2.9383e-26
1.5625e+04 9.2969e+04 2.0028e-12 -4.9200e-26
1.8750e+04 9.2969e+04 2.0028e-12 2.7263e-27
2.1875e+04 9.2969e+04 2.0028e-12 2.5143e-26
2.5000e+04 9.2969e+04 2.0028e-12 1.0463e-26
2.8125e+04 9.2969e+04 2.0028e-12 -2.4234e-27
3.1250e+04 9.2969e+04 2.0028e-12 2.1356e-26
3.4375e+04 9.2969e+04 2.0028e-12 3.5947e-26
3.7500e+04 9.2969e+04 2.0028e-12 1.8870e-26
4.0625e+04 9.2969e+04 2.0028e-12 1.1006e-26
4.3750e+04 9.2969e+04 2.0028e-12 1.4944e-26
4.6875e+04 9.2969e+04 2.0028e-12 4.3924e-27
5.0000e+04 9.2969e+04 2.0028e-12 1.4458e-26
5.3125e+04 9.2969e+04 2.0028e-12 7.8255e-27
5.6250e+04 9.2969e+04 2.0028e-12 1.0097e-26
5.9375e+04 9.2969e+04 2.0028e-12 5.8565e-27
6.2500e+04 9.2969e+04 2.0028e-12 4.9540e-27
6.5625e+04 9.2969e+04 2.0028e-12 1.7670e-28
6.8750e+04 9.2969e+04 2.0028e-12 1.3632e-26
7.1875e+04 9.2969e+04 2.0028e-12 2.0069e-26
7.5000e+04 9.2969e+04 2.0028e-12 1.3985e-26
7.8125e+04 9.2969e+04 2.0028e-12 4.6448e-27
8.1250e+04 9.2969e+04 2.0028e-12 7.3301e-27
8.4375e+04 9.2969e+04 2.0028e-12 7.3637e-27
8.7500e+04 9.2969e+04 2.0028e-12 6.9925e-27
9.0625e+04 9.2969e+04 2.0028e-12 3.2827e-27
9.3750e+04 9.2969e+04 2.0028e-12 1.7670e-27
9.6875e+04 9.2969e+04 2.0028e-12 -7.1589e-29
1.0000e+05 9.2969e+04 2.0028e-12 0.0000e+00
0.0000e+00 9.3750e+04 1.8047e-12 0.0000e+00
3.1250e+03 9.3750e+04 1.8047e-12 9.6935e-27
6.2500e+03 9.3750e+04 1.8047e-12 -1.8680e-26
9.3750e+03 9.3750e+04 1.8047e-12 -3.0696e-26
1.2500e+04 9.3750e+04 1.8047e-12 -2.3022e-26
1.5625e+04 9.3750e+04 1.8047e-12 -4.5236e-26
1.8750e+04 9.3750e+04 1.8047e-12 5.9070e-27
2.1875e+04 9.3750e+04 1.8047e-12 2.9484e-26
2.5000e+04 9.3750e+04 1.8047e-12 1.2016e-26
2.8125e+04 9.3750e+04 1.8047e-12 -1.2925e-26
3.1250e+04 9.3750e+04 1.8047e-12 1.9034e-26
3.4375e+04 9.3750e+04 1.8047e-12 2.3830e-26
3.7500e+04 9.3750e+04 1.8047e-12 1.7292e-26
4.0625e+04 9.3750e+04 1.8047e-12 1.7771e-26
4.3750e+04 9.3750e+04 1.8047e-12 1.1006e-26
4.6875e+04 9.3750e+04 1.8047e-12 -3.6351e-27
5.0000e+04 9.3750e+04 1.8047e-12 1.2597e-26
5.3125e+04 9.3750e+04 1.8047e-12 3.2312e-27
5.6250e+04 9.3750e+04 1.8047e-12 1.1461e-26
5.9375e+04 9.3750e+04 1.8047e-12 -1.8175e-27
6.2500e+04 9.3750e+04 1.8047e-12 8.1032e-27
6.5625e+04 9.3750e+04 1.8047e-12 8.0779e-28
6.8750e+04 9.3750e+04 1.8047e-12 1.4692e-26
7.1875e+04 9.3750e+04 1.8047e-12 1.0729e-26
7.5000e+04 9.3750e+04 1.8047e-12 1.2218e-26
7.8125e+04 9.3750e+04 1.8047e-12 1.0097e-27
8.1250e+04 9.3750e+04 1.8047e-12 6.3866e-27
8.4375e+04 9.3750e+04 1.8047e-12 5.7050e-27
8.7500e+04 9.3750e+04 1.8047e-12 6.0932e-27
9.0625e+04 9.3750e+04 1.8047e-12 4.3861e-27
9.3750e+04 9.3750e+04 1.8047e-12 1.0350e-27
9.6875e+04 9.3750e+04 1.8047e-12 3.2817e-28
1.0000e+05 9.3750e+04 1.8047e-12 0.0000e+00
0.0000e+00 9.4531e+04 1.6005e-12 0.0000e+00
3.1250e+03 9.4531e+04 1.6005e-12 6.6580e-27
6.2500e+03 9.4531e+04 1.6005e-12 -1.5045e-26
9.3750e+03 9.4531e+04 1.6005e-12 -2.3060e-26
1.2500e+04 9.4531e+04 1.6005e-12 -1.8983e-26
1.5625e+04 9.4531e+04 1.6005e-12 -4.5716e-26
1.8750e+04 9.4531e+04 1.6005e-12 1.0476e-26
2.1875e+04 9.4531e+04 1.6005e-12 1.6535e-26
2.5000e+04 9.4531e+04 1.6005e-12 8.3809e-27
2.8125e+04 9.4531e+04 1.6005e-12 4.0768e-27
3.1250e+04 9.4531e+04 1.6005e-12 1.2950e-26
3.4375e+04 9.4531e+04 1.6005e-12 1.6572e-26
3.7500e+04 9.4531e+04 1.6005e-12 1.9084e-26
4.0625e+04 9.4531e+04 1.6005e-12 9.5421e-27
4.3750e+04 9.4531e+04 1.6005e-12 9.2391e-27
4.6875e+04 9.4531e+04 1.6005e-12 -2.4739e-27
5.0000e+04 9.4531e+04 1.6005e-12 7.0682e-27
5.3125e+04 9.4531e+04 1.6005e-12 7.6236e-27
5.6250e+04 9.4531e+04 1.6005e-12 1.1196e-26
5.9375e+04 9.4531e+04 1.6005e-12 -1.0981e-27
6.2500e+04 9.4531e+04 1.6005e-12 6.4623e-27
6.5625e+04 9.4531e+04 1.6005e-12 -8.1789e-27
6.8750e+04 9.4531e+04 1.6005e-12 1.1259e-26
7.1875e+04 9.4531e+04 1.6005e-12 1.7153e-26
7.5000e+04 9.4531e+04 1.6005e-12 9.6178e-27
7.8125e+04 9.4531e+04 1.6005e-12 2.8273e-27
8.1250e+04 9.4531e+04 1.6005e-12 4.9987e-27
8.4375e+04 9.4531e+04 1.6005e-12 3.9776e-27
8.7500e+04 9.4531e+04 1.6005e-12 4.9320e-27
9.0625e+04 9.4531e+04 1.6005e-12 3.8101e-27
9.3750e+04 9.4531e+04 1.6005e-12 1.1107e-27
9.6875e+04 9.4531e+04 1.6005e-12 9.4663e-29
1.0000e+05 9.4531e+04 1.6005e-12 0.0000e+00
0.0000e+00 9.5312e+04 1.3901e-12 0.0000e+00
3.1250e+03 9.5312e+04 1.3901e-12 6.0585e-27
6.2500e+03 9.5312e+04 1.3901e-12 -1.2521e-26
9.3750e+03 9.5312e+04 1.3901e-12 -1.8377e-26
1.2500e+04 9.5312e+04 1.3901e-12 -1.3934e-26
1.5625e+04 9.5312e+04 1.3901e-12 -3.0898e-26
1.8750e+04 9.5312e+04 1.3901e-12 1.0097e-26
2.1875e+04 9.5312e+04 1.3901e-12 1.2925e-26
2.5000e+04 9.5312e+04 1.3901e-12 8.5828e-27
2.8125e+04 9.5312e+04 1.3901e-12 -1.6156e-27
3.1250e+04 9.5312e+04 1.3901e-12 7.9770e-27
3.4375e+04 9.5312e+04 1.3901e-12 2.4234e-26
3.7500e+04 9.5312e+04 1.3901e-12 1.5146e-26
4.0625e+04 9.5312e+04 1.3901e-12 3.6351e-27
4.3750e+04 9.5312e+04 1.3901e-12 5.7555e-27
4.6875e+04 9.5312e+04 1.3901e-12 7.6740e-27
5.0000e+04 9.5312e+04 1.3901e-12 5.9575e-27
5.3125e+04 9.5312e+04 1.3901e-12 -9.0877e-27
5.6250e+04 9.5312e+04 1.3901e-12 1.1208e-26
5.9375e+04 9.5312e+04 1.3901e-12 1.0097e-26
6.2500e+04 9.5312e+04 1.3901e-12 8.2673e-27
6.5625e+04 9.5312e+04 1.3901e-12 -3.8370e-27
6.8750e+04 9.5312e+04 1.3901e-12 9.7945e-27
7.1875e+04 9.5312e+04 1.3901e-12 2.3022e-26
7.5000e+04 9.5312e+04 1.3901e-12 7.2575e-27
7.8125e+04 9.5312e+04 1.3901e-12 3.9553e-27
8.1250e+04 9.5312e+04 1.3901e-12 3.2501e-27
8.4375e+04 9.5312e+04 1.3901e-12 2.3224e-27
8.7500e+04 9.5312e+04 1.3901e-12 4.3545e-27
9.0625e+04 9.5312e+04 1.3901e-12 2.7768e-27
9.3750e+04 9.5312e+04 1.3901e-12 9.7522e-28
9.6875e+04 9.5312e+04 1.3901e-12 1.0097e-28
1.0000e+05 9.5312e+04 1.3901e-12 0.0000e+00
0.0000e+00 9.6094e+04 1.1737e-12 0.0000e+00
3.1250e+03 9.6094e+04 1.1737e-12 4.6148e-27
6.2500e+03 9.6094e+04 1.1737e-12 -5.2507e-27
9.3750e+03 9.6094e+04 1.1737e-12 -1.3329e-26
1.2500e+04 9.6094e+04 1.1737e-12 -8.6333e-27
1.5625e+04 9.6094e+04 1.1737e-12 -2.7515e-26
1.8750e+04 9.6094e+04 1.1737e-12 5.6546e-27
2.1875e+04 9.6094e+04 1.1737e-12 1.2798e-26
2.5000e+04 9.6094e+04 1.1737e-12 6.6643e-27
2.8125e+04 9.6094e+04 1.1737e-12 2.2845e-27
3.1250e+04 9.6094e+04 1.1737e-12 5.7050e-27
3.4375e+04 9.6094e+04 1.1737e-12 1.6244e-26
3.7500e+04 9.6094e+04 1.1737e-12 1.0766e-26
4.0625e+04 9.6094e+04 1.1737e-12 1.8806e-27
4.3750e+04 9.6094e+04 1.1737e-12 3.0292e-27
4.6875e+04 9.6094e+04 1.1737e-12 7.3333e-27
5.0000e+04 9.6094e+04 1.1737e-12 2.3477e-27
5.3125e+04 9.6094e+04 1.1737e-12 -5.5914e-27
5.6250e+04 9.6094e+04 1.1737e-12 9.3654e-27
5.9375e+04 9.6094e+04 1.1737e-12 3.2690e-27
6.2500e+04 9.6094e+04 1.1737e-12 8.5576e-27
6.5625e+04 9.6094e+04 1.1737e-12 -1.2167e-26
6.8750e+04 9.6094e+04 1.1737e-12 9.0624e-27
7.1875e+04 9.6094e+04 1.1737e-12 1.2218e-26
7.5000e+04 9.6094e+04 1.1737e-12 6.1507e-27
7.8125e+04 9.6094e+04 1.1737e-12 2.6979e-27
8.1250e+04 9.6094e+04 1.1737e-12 2.0881e-27
8.4375e+04 9.6094e+04 1.1737e-12 1.5377e-27
8.7500e+04 9.6094e+04 1.1737e-12 3.5657e-27
9.0625e+04 9.6094e+04 1.1737e-12 1.6963e-27
9.3750e+04 9.6094e+04 1.1737e-12 9.3285e-28
9.6875e+04 9.6094e+04 1.1737e-12 3.5499e-30
1.0000e+05 9.6094e+04 1.1737e-12 0.0000e+00
0.0000e+00 9.6875e+04 9.5117e-13 0.0000e+00
3.1250e+03 9.6875e+04 9.5117e-13 1.5146e-27
6.2500e+03 9.6875e+04 9.5117e-13 -5.6766e-27
9.3750e+03 9.6875e+04 9.5117e-13 -7.1187e-27
1.2500e+04 9.6875e+04 9.5117e-13 -6.5823e-27
1.5625e+04 9.6875e+04 9.5117e-13 -1.8453e-26
1.8750e+04 9.6875e+04 9.5117e-13 2.6758e-27
2.1875e+04 9.6875e+04 9.5117e-13 9.0624e-27
2.5000e+04 9.6875e+04 9.5117e-13 5.1497e-27
2.8125e+04 9.6875e+04 9.5117e-13 -4.0390e-28
3.1250e+04 9.6875e+04 9.5117e-13 3.6856e-27
3.4375e+04 9.6875e+04 9.5117e-13 7.8003e-27
3.7500e+04 9.6875e+04 9.5117e-13 8.9867e-27
4.0625e+04 9.6875e+04 9.5117e-13 -4.2914e-28
4.3750e+04 9.6875e+04 9.5117e-13 3.1807e-27
4.6875e+04 9.6875e+04 9.5117e-13 4.6701e-27
5.0000e+04 9.6875e+04 9.5117e-13 -7.0682e-28
5.3125e+04 9.6875e+04 9.5117e-13 -3.3321e-27
5.6250e+04 9.6875e+04 9.5117e-13 5.3958e-27
5.9375e+04 9.6875e+04 9.5117e-13 4.2662e-27
6.2500e+04 9.6875e+04 9.5117e-13 5.0235e-27
6.5625e+04 9.6875e+04 9.5117e-13 -7.5731e-27
6.8750e+04 9.6875e+04 9.5117e-13 5.6546e-27
7.1875e+04 9.6875e+04 9.5117e-13 8.7721e-27
7.5000e+04 9.6875e+04 9.5117e-13 4.9225e-27
7.8125e+04 9.6875e+04 9.5117e-13 1.6980e-27
8.1250e+04 9.6875e+04 9.5117e-13 1.2306e-27
8.4375e+04 9.6875e+04 9.5117e-13 1.3127e-27
8.7500e+04 9.6875e+04 9.5117e-13 2.4123e-27
9.0625e+04 9.6875e+04 9.5117e-13 1.4136e-27
9.3750e+04 9.6875e+04 9.5117e-13 7.4165e-28
9.6875e+04 9.6875e+04 9.5117e-13 0.0000e+00
1.0000e+05 9.6875e+04 9.5117e-13 0.0000e+00
0.0000e+00 9.7656e+04 7.2253e-13 0.0000e+00
3.1250e+03 9.7656e+04 7.2253e-13 5.1457e-28
6.2500e+03 9.7656e+04 7.2253e-13 -4.3166e-27
9.3750e+03 9.7656e+04 7.2253e-13 -4.4429e-27
1.2500e+04 9.7656e+04 7.2253e-13 -3.6477e-27
1.5625e+04 9.7656e+04 7.2253e-13 -1.1530e-26
1.8750e+04 9.7656e+04 7.2253e-13 1.3127e-27
2.1875e+04 9.7656e+04 7.2253e-13 5.5536e-27
2.5000e+04 9.7656e+04 7.2253e-13 3.4457e-27
2.8125e+04 9.7656e+04 7.2253e-13 -4.5438e-28
3.1250e+04 9.7656e+04 7.2253e-13 2.7768e-27
3.4375e+04 9.7656e+04 7.2253e-13 5.4779e-27
3.7500e+04 9.7656e+04 7.2253e-13 6.1089e-27
4.0625e+04 9.7656e+04 7.2253e-13 -5.6798e-29
4.3750e+04 9.7656e+04 7.2253e-13 3.1113e-27
4.6875e+04 9.7656e+04 7.2253e-13 2.5307e-27
5.0000e+04 9.7656e+04 7.2253e-13 -5.3011e-28
5.3125e+04 9.7656e+04 7.2253e-13 -2.0132e-27
5.6250e+04 9.7656e+04 7.2253e-13 3.7424e-27
5.9375e+04 9.7656e+04 7.2253e-13 3.3195e-27
6.2500e+04 9.7656e+04 7.2253e-13 2.1709e-27
6.5625e+04 9.7656e+04 7.2253e-13 -4.2220e-27
6.8750e+04 9.7656e+04 7.2253e-13 4.0958e-27
7.1875e+04 9.7656e+04 7.2253e-13 4.8152e-27
7.5000e+04 9.7656e+04 7.2253e-13 3.9695e-27
7.8125e+04 9.7656e+04 7.2253e-13 8.0779e-28
8.1250e+04 9.7656e+04 7.2253e-13 9.7651e-28
8.4375e+04 9.7656e+04 7.2253e-13 4.7955e-28
8.7500e+04 9.7656e+04 7.2253e-13 1.7481e-27
9.0625e+04 9.7656e+04 7.2253e-13 6.7275e-28
9.3750e+04 9.7656e+04 7.2253e-13 9.5294e-28
9.6875e+04 9.7656e+04 7.2253e-13 -3.8221e-28
1.0000e+05 9.7656e+04 7.2253e-13 0.0000e+00
0.0000e+00 9.8438e+04 4.8779e-13 0.0000e+00
3.1250e+03 9.8438e+04 4.8779e-13 2.3587e-28
6.2500e+03 9.8438e+04 4.8779e-13 -2.3382e-27
9.3750e+03 9.8438e+04 4.8779e-13 -2.0996e-27
1.2500e+04 9.8438e+04 4.8779e-13 -1.0350e-27
1.5625e+04 9.8438e+04 4.8779e-13 -6.7211e-27
1.8750e+04 9.8438e+04 4.8779e-13 1.1107e-27
2.1875e+04 9.8438e+04 4.8779e-13 3.0797e-27
2.5000e+04 9.8438e+04 4.8779e-13 1.6219e-27
2.8125e+04 9.8438e+04 4.8779e-13 -1.3568e-28
3.1250e+04 9.8438e+04 4.8779e-13 1.4957e-27
3.4375e+04 9.8438e+04 4.8779e-13 2.8935e-27
3.7500e+04 9.8438e+04 4.8779e-13 3.3195e-27
4.0625e+04 9.8438e+04 4.8779e-13 -4.8594e-28
4.3750e+04 9.8438e+04 4.8779e-13 2.2025e-27
4.6875e+04 9.8438e+04 4.8779e-13 1.0161e-27
5.0000e+04 9.8438e+04 4.8779e-13 8.2042e-29
5.3125e+04 9.8438e+04 4.8779e-13 -1.6692e-27
5.6250e+04 9.8438e+04 4.8779e-13 2.5307e-27
5.9375e+04 9.8438e+04 4.8779e-13 1.2843e-27
6.2500e+04 9.8438e+04 4.8779e-13 1.3632e-27
6.5625e+04 9.8438e+04 4.8779e-13 -3.0434e-27
6.8750e+04 9.8438e+04 4.8779e-13 2.2277e-27
7.1875e+04 9.8438e+04 4.8779e-13 2.9298e-27
7.5000e+04 9.8438e+04 4.8779e-13 2.4896e-27
7.8125e+04 9.8438e+04 4.8779e-13 2.4297e-28
8.1250e+04 9.8438e+04 4.8779e-13 7.2260e-28
8.4375e+04 9.8438e+04 4.8779e-13 1.9958e-28
8.7500e+04 9.8438e+04 4.8779e-13 1.1139e-27
9.0625e+04 9.8438e+04 4.8779e-13 1.2622e-28
9.3750e+04 9.8438e+04 4.8779e-13 6.3109e-28
9.6875e+04 9.8438e+04 4.8779e-13 -1.3884e-28
1.0000e+05 9.8438e+04 4.8779e-13 0.0000e+00
0.0000e+00 9.9219e+04 2.4695e-13 0.0000e+00
3.1250e+03 9.9219e+04 2.4695e-13 2.1645e-28
6.2500e+03 9.9219e+04 2.4695e-13 -4.0390e-28
9.3750e+03 9.9219e+04 2.4695e-13 -3.1554e-28
1.2500e+04 9.9219e+04 2.4695e-13 5.6798e-28
1.5625e+04 9.9219e+04 2.4695e-13 -2.5875e-27
1.8750e+04 9.9219e+04 2.4695e-13 7.4784e-28
2.1875e+04 9.9219e+04 2.4695e-13 1.2780e-27
2.5000e+04 9.9219e+04 2.4695e-13 4.8909e-28
2.8125e+04 9.9219e+04 2.4695e-13 -1.7039e-28
3.1250e+04 9.9219e+04 2.4695e-13 7.0051e-28
3.4375e+04 9.9219e+04 2.4695e-13 8.9930e-28
3.7500e+04 9.9219e+04 2.4695e-13 9.9396e-28
4.0625e+04 9.9219e+04 2.4695e-13 -6.4687e-28
4.3750e+04 9.9219e+04 2.4695e-13 1.1770e-27
4.6875e+04 9.9219e+04 2.4695e-13 3.5025e-28
5.0000e+04 9.9219e+04 2.4695e-13 7.0682e-28
5.3125e+04 9.9219e+04 2.4695e-13 -9.1823e-28
5.6250e+04 9.9219e+04 2.4695e-13 1.3000e-27
5.9375e+04 9.9219e+04 2.4695e-13 6.1847e-28
6.2500e+04 9.9219e+04 2.4695e-13 1.1549e-27
6.5625e+04 9.9219e+04 2.4695e-13 -1.4483e-27
6.8750e+04 9.9219e+04 2.4695e-13 1.0350e-27
7.1875e+04 9.9219e+04 2.4695e-13 1.0665e-27
7.5000e+04 9.9219e+04 2.4695e-13 1.1423e-27
7.8125e+04 9.9219e+04 2.4695e-13 -7.4153e-29
8.1250e+04 9.9219e+04 2.4695e-13 4.9067e-28
8.4375e+04 9.9219e+04 2.4695e-13 6.3109e-29
8.7500e+04 9.9219e+04 2.4695e-13 6.0269e-28
9.0625e+04 9.9219e+04 2.4695e-13 -6.0373e-29
9.3750e+04 9.9219e+04 2.4695e-13 2.1457e-28
9.6875e+04 9.9219e+04 2.4695e-13 2.6491e-28
1.0000e+05 9.9219e+04 2.4695e-13 0.0000e+00
0.0000e+00 1.0000e+05 0.0000e+00 0.0000e+00
3.1250e+03 1.0000e+05 0.0000e+00 0.0000e+00
6.2500e+03 1.0000e+05 0.0000e+00 0.0000e+00
9.3750e+03 1.0000e+05 0.0000e+00 0.0000e+00
1.2500e+04 1.0000e+05 0.0000e+00 0.0000e+00
1.5625e+04 1.0000e+05 0.0000e+00 0.0000e+00
1.8750e+04 1.0000e+05 0.0000e+00 0.0000e+00
2.1875e+04 1.0000e+05 0.0000e+00 0.0000e+00
2.5000e+04 1.0000e+05 0.0000e+00 0.0000e+00
2.8125e+04 1.0000e+05 0.0000e+00 0.0000e+00
3.1250e+04 1.0000e+05 0.0000e+00 0.0000e+00
3.4375e+04 1.0000e+05 0.0000e+00 0.0000e+00
3.7500e+04 1.0000e+05 0.0000e+00 0.0000e+00
4.0625e+04 1.0000e+05 0.0000e+00 0.0000e+00
4.3750e+04 1.0000e+05 0.0000e+00 0.0000e+00
4.6875e+04 1.0000e+05 0.0000e+00 0.0000e+00
5.0000e+04 1.0000e+05 0.0000e+00 0.0000e+00
5.3125e+04 1.0000e+05 0.0000e+00 0.0000e+00
5.6250e+04 1.0000e+05 0.0000e+00 0.0000e+00
5.9375e+04 1.0000e+05 0.0000e+00 0.0000e+00
6.2500e+04 1.0000e+05 0.0000e+00 0.0000e+00
6.5625e+04 1.0000e+05 0.0000e+00 0.0000e+00
6.8750e+04 1.0000e+05 0.0000e+00 0.0000e+00
7.1875e+04 1.0000e+05 0.0000e+00 0.0000e+00
7.5000e+04 1.0000e+05 0.0000e+00 0.0000e+00
7.8125e+04 1.0000e+05 0.0000e+00 0.0000e+00
8.1250e+04 1.0000e+05 0.0000e+00 0.0000e+00
8.4375e+04 1.0000e+05 0.0000e+00 0.0000e+00
8.7500e+04 1.0000e+05 0.0000e+00 0.0000e+00
9.0625e+04 1.0000e+05 0.0000e+00 0.0000e+00
9.3750e+04 1.0000e+05 0.0000e+00 0.0000e+00
9.6875e+04 1.0000e+05 0.0000e+00 0.0000e+00
1.0000e+05 1.0000e+05 0.0000e+00 0.0000e+00
