0 0.000000e+00 1.053331e+03 8.460264e+02 
11111 0.000000e+00 2.232393e+05 4.304311e+04 
22222 0.000000e+00 4.451049e+05 8.478988e+04 
33333 0.000000e+00 6.673040e+05 1.273369e+05 
44444 0.000000e+00 8.886931e+05 1.689669e+05 
55555 0.000000e+00 1.112934e+05 2.311498e+05 
66666 0.000000e+00 3.330459e+05 2.726605e+05 
77777 0.000000e+00 5.547934e+05 3.150548e+05 
88888 0.000000e+00 7.773090e+05 3.571355e+05 
99999 0.000000e+00 9.988063e+05 3.988890e+05 
111110 0.000000e+00 2.210296e+05 4.432789e+05 
122221 0.000000e+00 4.428970e+05 4.848663e+05 
133332 0.000000e+00 6.653317e+05 5.268834e+05 
144443 0.000000e+00 8.867919e+05 5.691719e+05 
155554 0.000000e+00 1.091825e+05 6.313743e+05 
166665 0.000000e+00 3.311393e+05 6.729864e+05 
177776 0.000000e+00 5.531734e+05 7.152171e+05 
188887 0.000000e+00 7.748467e+05 7.568999e+05 
199998 0.000000e+00 9.971451e+05 7.988581e+05 
211109 0.000000e+00 2.386740e+05 8.408088e+05 
222220 0.000000e+00 4.407114e+05 8.850897e+05 
233331 0.000000e+00 6.633030e+05 9.272702e+05 
244442 0.000000e+00 8.846418e+05 9.689370e+05 
0 6.311520e+09 1.053355e+03 8.459905e+02 
11111 6.311520e+09 2.239551e+05 4.283846e+04 
22222 6.311520e+09 4.468872e+05 8.437315e+04 
33333 6.311520e+09 6.699530e+05 1.269572e+05 
44444 6.311520e+09 8.901767e+05 1.712667e+05 
55555 6.311520e+09 1.114922e+05 2.303051e+05 
66666 6.311520e+09 3.340955e+05 2.713661e+05 
77777 6.311520e+09 5.570519e+05 3.135503e+05 
88888 6.311520e+09 7.790346e+05 3.595003e+05 
99999 6.311520e+09 9.988130e+05 4.038894e+05 
111110 6.311520e+09 2.211488e+05 4.415216e+05 
122221 6.311520e+09 4.430613e+05 4.826176e+05 
133332 6.311520e+09 6.648981e+05 5.259944e+05 
144443 6.311520e+09 8.863196e+05 5.739281e+05 
155554 6.311520e+09 1.091594e+05 6.302409e+05 
166665 6.311520e+09 3.302962e+05 6.713931e+05 
177776 6.311520e+09 5.508040e+05 7.138878e+05 
188887 6.311520e+09 7.719786e+05 7.577552e+05 
199998 6.311520e+09 9.971076e+05 8.018654e+05 
211109 6.311520e+09 2.378352e+05 8.400725e+05 
222220 6.311520e+09 4.389726e+05 8.845307e+05 
233331 6.311520e+09 6.605464e+05 9.270415e+05 
244442 6.311520e+09 8.828791e+05 9.693473e+05 
0 1.262304e+10 1.053379e+03 8.459557e+02 
11111 1.262304e+10 2.246599e+05 4.263348e+04 
22222 1.262304e+10 4.486848e+05 8.395588e+04 
33333 1.262304e+10 6.725750e+05 1.266849e+05 
44444 1.262304e+10 8.915829e+05 1.734833e+05 
55555 1.262304e+10 1.116890e+05 2.294874e+05 
66666 1.262304e+10 3.351229e+05 2.700615e+05 
77777 1.262304e+10 5.590854e+05 3.122036e+05 
88888 1.262304e+10 7.805441e+05 3.617385e+05 
99999 1.262304e+10 9.988188e+05 4.086518e+05 
111110 1.262304e+10 2.212827e+05 4.397953e+05 
122221 1.262304e+10 4.432470e+05 4.805281e+05 
133332 1.262304e+10 6.645765e+05 5.253364e+05 
144443 1.262304e+10 8.858709e+05 5.783284e+05 
155554 1.262304e+10 1.091341e+05 6.291144e+05 
166665 1.262304e+10 3.295076e+05 6.698003e+05 
177776 1.262304e+10 5.486592e+05 7.126353e+05 
188887 1.262304e+10 7.694287e+05 7.588355e+05 
199998 1.262304e+10 9.970707e+05 8.047014e+05 
211109 1.262304e+10 2.370147e+05 8.393147e+05 
222220 1.262304e+10 4.372168e+05 8.839573e+05 
233331 1.262304e+10 6.578262e+05 9.268629e+05 
244442 1.262304e+10 8.811896e+05 9.697286e+05 
0 1.893456e+10 1.053403e+03 8.459222e+02 
11111 1.893456e+10 2.253520e+05 4.242987e+04 
22222 1.893456e+10 4.504829e+05 8.354080e+04 
33333 1.893456e+10 6.751586e+05 1.264940e+05 
44444 1.893456e+10 8.929230e+05 1.756355e+05 
55555 1.893456e+10 1.118798e+05 2.286978e+05 
66666 1.893456e+10 3.361234e+05 2.687598e+05 
77777 1.893456e+10 5.609355e+05 3.109754e+05 
88888 1.893456e+10 7.818904e+05 3.638484e+05 
99999 1.893456e+10 9.988239e+05 4.132314e+05 
111110 1.893456e+10 2.214211e+05 4.381121e+05 
122221 1.893456e+10 4.434341e+05 4.785704e+05 
133332 1.893456e+10 6.643024e+05 5.248219e+05 
144443 1.893456e+10 8.854354e+05 5.824507e+05 
155554 1.893456e+10 1.091047e+05 6.280174e+05 
166665 1.893456e+10 3.287661e+05 6.682180e+05 
177776 1.893456e+10 5.467269e+05 7.114568e+05 
188887 1.893456e+10 7.671275e+05 7.598959e+05 
199998 1.893456e+10 9.970343e+05 8.073843e+05 
211109 1.893456e+10 2.362292e+05 8.385493e+05 
222220 1.893456e+10 4.354750e+05 8.833733e+05 
233331 1.893456e+10 6.551587e+05 9.267185e+05 
244442 1.893456e+10 8.795642e+05 9.700851e+05 
0 2.524608e+10 1.053426e+03 8.458897e+02 
11111 2.524608e+10 2.260269e+05 4.222933e+04 
22222 2.524608e+10 4.522693e+05 8.313065e+04 
33333 2.524608e+10 6.776898e+05 1.263657e+05 
44444 2.524608e+10 8.942062e+05 1.777320e+05 
55555 2.524608e+10 1.120659e+05 2.279423e+05 
66666 2.524608e+10 3.370992e+05 2.674670e+05 
77777 2.524608e+10 5.626455e+05 3.098454e+05 
88888 2.524608e+10 7.831167e+05 3.658187e+05 
99999 2.524608e+10 9.988284e+05 4.176695e+05 
111110 2.524608e+10 2.215632e+05 4.364741e+05 
122221 2.524608e+10 4.436276e+05 4.767157e+05 
133332 2.524608e+10 6.640714e+05 5.244057e+05 
144443 2.524608e+10 8.850069e+05 5.863600e+05 
155554 2.524608e+10 1.090640e+05 6.269573e+05 
166665 2.524608e+10 3.280698e+05 6.666513e+05 
177776 2.524608e+10 5.449497e+05 7.103201e+05 
188887 2.524608e+10 7.649900e+05 7.609340e+05 
199998 2.524608e+10 9.969981e+05 8.099413e+05 
211109 2.524608e+10 2.354777e+05 8.377815e+05 
222220 2.524608e+10 4.337572e+05 8.827825e+05 
233331 2.524608e+10 6.525430e+05 9.265964e+05 
244442 2.524608e+10 8.779859e+05 9.704219e+05 
0 3.155760e+10 1.053448e+03 8.458588e+02 
11111 3.155760e+10 2.266841e+05 4.203098e+04 
22222 3.155760e+10 4.540481e+05 8.272203e+04 
33333 3.155760e+10 6.801756e+05 1.262928e+05 
44444 3.155760e+10 8.954417e+05 1.797880e+05 
55555 3.155760e+10 1.122438e+05 2.272223e+05 
66666 3.155760e+10 3.380457e+05 2.661814e+05 
77777 3.155760e+10 5.642347e+05 3.087891e+05 
88888 3.155760e+10 7.842451e+05 3.676694e+05 
99999 3.155760e+10 9.988325e+05 4.219989e+05 
111110 3.155760e+10 2.217087e+05 4.348799e+05 
122221 3.155760e+10 4.438176e+05 4.749399e+05 
133332 3.155760e+10 6.638645e+05 5.240539e+05 
144443 3.155760e+10 8.845751e+05 5.900975e+05 
155554 3.155760e+10 1.090184e+05 6.259356e+05 
166665 3.155760e+10 3.274076e+05 6.651015e+05 
177776 3.155760e+10 5.432938e+05 7.092276e+05 
188887 3.155760e+10 7.629750e+05 7.619443e+05 
199998 3.155760e+10 9.969623e+05 8.123865e+05 
211109 3.155760e+10 2.347636e+05 8.370193e+05 
222220 3.155760e+10 4.320771e+05 8.821903e+05 
233331 3.155760e+10 6.499883e+05 9.264886e+05 
244442 3.155760e+10 8.764476e+05 9.707412e+05 
0 3.786912e+10 1.053470e+03 8.458289e+02 
11111 3.786912e+10 2.273250e+05 4.183672e+04 
22222 3.786912e+10 4.558060e+05 8.231986e+04 
33333 3.786912e+10 6.826070e+05 1.262607e+05 
44444 3.786912e+10 8.966332e+05 1.818059e+05 
55555 3.786912e+10 1.124165e+05 2.265308e+05 
66666 3.786912e+10 3.389670e+05 2.649131e+05 
77777 3.786912e+10 5.657312e+05 3.077915e+05 
88888 3.786912e+10 7.852981e+05 3.694020e+05 
99999 3.786912e+10 9.988362e+05 4.262359e+05 
111110 3.786912e+10 2.218573e+05 4.333309e+05 
122221 3.786912e+10 4.440097e+05 4.732342e+05 
133332 3.786912e+10 6.636852e+05 5.237450e+05 
144443 3.786912e+10 8.841396e+05 5.936907e+05 
155554 3.786912e+10 1.089646e+05 6.249545e+05 
166665 3.786912e+10 3.267803e+05 6.635737e+05 
177776 3.786912e+10 5.417556e+05 7.081571e+05 
188887 3.786912e+10 7.610370e+05 7.629544e+05 
199998 3.786912e+10 9.969267e+05 8.147373e+05 
211109 3.786912e+10 2.340856e+05 8.362606e+05 
222220 3.786912e+10 4.304319e+05 8.815945e+05 
233331 3.786912e+10 6.474855e+05 9.263923e+05 
244442 3.786912e+10 8.749405e+05 9.710456e+05 
0 4.418064e+10 1.053491e+03 8.458004e+02 
11111 4.418064e+10 2.279477e+05 4.164533e+04 
22222 4.418064e+10 4.575511e+05 8.192074e+04 
33333 4.418064e+10 6.849903e+05 1.262678e+05 
44444 4.418064e+10 8.977862e+05 1.837948e+05 
55555 4.418064e+10 1.125810e+05 2.258756e+05 
66666 4.418064e+10 3.398634e+05 2.636561e+05 
77777 4.418064e+10 5.671432e+05 3.068455e+05 
88888 4.418064e+10 7.862867e+05 3.710387e+05 
99999 4.418064e+10 9.988396e+05 4.303958e+05 
111110 4.418064e+10 2.220082e+05 4.318276e+05 
122221 4.418064e+10 4.441996e+05 4.715857e+05 
133332 4.418064e+10 6.635235e+05 5.234682e+05 
144443 4.418064e+10 8.836975e+05 5.971588e+05 
155554 4.418064e+10 1.089062e+05 6.240108e+05 
166665 4.418064e+10 3.261821e+05 6.620666e+05 
177776 4.418064e+10 5.403093e+05 7.071180e+05 
188887 4.418064e+10 7.591761e+05 7.639425e+05 
199998 4.418064e+10 9.968913e+05 8.170022e+05 
211109 4.418064e+10 2.334403e+05 8.355112e+05 
222220 4.418064e+10 4.288263e+05 8.810000e+05 
233331 4.418064e+10 6.450366e+05 9.263030e+05 
244442 4.418064e+10 8.734614e+05 9.713363e+05 
0 5.049216e+10 1.053511e+03 8.457729e+02 
11111 5.049216e+10 2.285560e+05 4.145750e+04 
22222 5.049216e+10 4.592749e+05 8.152858e+04 
33333 5.049216e+10 6.873212e+05 1.263052e+05 
44444 5.049216e+10 8.989030e+05 1.857558e+05 
55555 5.049216e+10 1.127399e+05 2.252465e+05 
66666 5.049216e+10 3.407341e+05 2.624195e+05 
77777 5.049216e+10 5.684866e+05 3.059427e+05 
88888 5.049216e+10 7.872210e+05 3.725767e+05 
99999 5.049216e+10 9.988427e+05 4.344857e+05 
111110 5.049216e+10 2.221608e+05 4.303676e+05 
122221 5.049216e+10 4.443915e+05 4.699897e+05 
133332 5.049216e+10 6.633842e+05 5.232157e+05 
144443 5.049216e+10 8.832494e+05 6.005154e+05 
155554 5.049216e+10 1.088423e+05 6.231040e+05 
166665 5.049216e+10 3.256134e+05 6.605829e+05 
177776 5.049216e+10 5.389503e+05 7.060976e+05 
188887 5.049216e+10 7.573331e+05 7.648664e+05 
199998 5.049216e+10 9.968560e+05 8.191903e+05 
211109 5.049216e+10 2.328275e+05 8.347676e+05 
222220 5.049216e+10 4.272560e+05 8.804042e+05 
233331 5.049216e+10 6.426349e+05 9.262202e+05 
244442 5.049216e+10 8.720063e+05 9.716148e+05 
0 5.680368e+10 1.053531e+03 8.457466e+02 
11111 5.680368e+10 2.291477e+05 4.127305e+04 
22222 5.680368e+10 4.609825e+05 8.114091e+04 
33333 5.680368e+10 6.896044e+05 1.263706e+05 
44444 5.680368e+10 8.999875e+05 1.876944e+05 
55555 5.680368e+10 1.128928e+05 2.246483e+05 
66666 5.680368e+10 3.415805e+05 2.611978e+05 
77777 5.680368e+10 5.697694e+05 3.050800e+05 
88888 5.680368e+10 7.881103e+05 3.740304e+05 
99999 5.680368e+10 9.988456e+05 4.385148e+05 
111110 5.680368e+10 2.223172e+05 4.289484e+05 
122221 5.680368e+10 4.445811e+05 4.684389e+05 
133332 5.680368e+10 6.632591e+05 5.229794e+05 
144443 5.680368e+10 8.827946e+05 6.037735e+05 
155554 5.680368e+10 1.087761e+05 6.222289e+05 
166665 5.680368e+10 3.250720e+05 6.591216e+05 
177776 5.680368e+10 5.376639e+05 7.050923e+05 
188887 5.680368e+10 7.555096e+05 7.657285e+05 
199998 5.680368e+10 9.968208e+05 8.213085e+05 
211109 5.680368e+10 2.322424e+05 8.340338e+05 
222220 5.680368e+10 4.257225e+05 8.798105e+05 
233331 5.680368e+10 6.402794e+05 9.261408e+05 
244442 5.680368e+10 8.705721e+05 9.718822e+05 
0 6.311520e+10 1.053550e+03 8.457211e+02 
11111 6.311520e+10 2.297260e+05 4.109196e+04 
22222 6.311520e+10 4.626694e+05 8.075984e+04 
33333 6.311520e+10 6.918384e+05 1.264596e+05 
44444 6.311520e+10 9.010414e+05 1.896117e+05 
55555 6.311520e+10 1.130384e+05 2.240772e+05 
66666 6.311520e+10 3.424046e+05 2.599976e+05 
77777 6.311520e+10 5.709975e+05 3.042490e+05 
88888 6.311520e+10 7.889623e+05 3.754034e+05 
99999 6.311520e+10 9.988482e+05 4.424871e+05 
111110 6.311520e+10 2.224756e+05 4.275662e+05 
122221 6.311520e+10 4.447726e+05 4.669297e+05 
133332 6.311520e+10 6.631546e+05 5.227537e+05 
144443 6.311520e+10 8.823338e+05 6.069415e+05 
155554 6.311520e+10 1.087069e+05 6.213852e+05 
166665 6.311520e+10 3.245549e+05 6.576790e+05 
177776 6.311520e+10 5.364452e+05 7.041031e+05 
188887 6.311520e+10 7.536976e+05 7.665394e+05 
199998 6.311520e+10 9.967857e+05 8.233622e+05 
211109 6.311520e+10 2.316846e+05 8.333070e+05 
222220 6.311520e+10 4.242220e+05 8.792172e+05 
233331 6.311520e+10 6.379662e+05 9.260650e+05 
244442 6.311520e+10 8.691567e+05 9.721395e+05 
0 6.942672e+10 1.053568e+03 8.456967e+02 
11111 6.942672e+10 2.302895e+05 4.091421e+04 
22222 6.942672e+10 4.643382e+05 8.038421e+04 
33333 6.942672e+10 6.940264e+05 1.265696e+05 
44444 6.942672e+10 9.020677e+05 1.915121e+05 
55555 6.942672e+10 1.131774e+05 2.235315e+05 
66666 6.942672e+10 3.432072e+05 2.588154e+05 
77777 6.942672e+10 5.721777e+05 3.034505e+05 
88888 6.942672e+10 7.897810e+05 3.767050e+05 
99999 6.942672e+10 9.988505e+05 4.464088e+05 
111110 6.942672e+10 2.226361e+05 4.262206e+05 
122221 6.942672e+10 4.449703e+05 4.654621e+05 
133332 6.942672e+10 6.630642e+05 5.225344e+05 
144443 6.942672e+10 8.818658e+05 6.100282e+05 
155554 6.942672e+10 1.086369e+05 6.205708e+05 
166665 6.942672e+10 3.240610e+05 6.562554e+05 
177776 6.942672e+10 5.352868e+05 7.031255e+05 
188887 6.942672e+10 7.519072e+05 7.672937e+05 
199998 6.942672e+10 9.967507e+05 8.253560e+05 
211109 6.942672e+10 2.311513e+05 8.325882e+05 
222220 6.942672e+10 4.227548e+05 8.786269e+05 
233331 6.942672e+10 6.356940e+05 9.259904e+05 
244442 6.942672e+10 8.677582e+05 9.723875e+05 
0 7.573824e+10 1.053586e+03 8.456730e+02 
11111 7.573824e+10 2.308409e+05 4.073964e+04 
22222 7.573824e+10 4.659891e+05 8.001433e+04 
33333 7.573824e+10 6.961707e+05 1.266990e+05 
44444 7.573824e+10 9.030678e+05 1.933966e+05 
55555 7.573824e+10 1.133099e+05 2.230072e+05 
66666 7.573824e+10 3.439908e+05 2.576504e+05 
77777 7.573824e+10 5.733142e+05 3.026775e+05 
88888 7.573824e+10 7.905751e+05 3.779426e+05 
99999 7.573824e+10 9.988527e+05 4.502820e+05 
111110 7.573824e+10 2.227964e+05 4.249125e+05 
122221 7.573824e+10 4.451704e+05 4.640320e+05 
133332 7.573824e+10 6.629842e+05 5.223165e+05 
144443 7.573824e+10 8.813919e+05 6.130381e+05 
155554 7.573824e+10 1.085663e+05 6.197839e+05 
166665 7.573824e+10 3.235887e+05 6.548523e+05 
177776 7.573824e+10 5.341863e+05 7.021611e+05 
188887 7.573824e+10 7.501655e+05 7.679990e+05 
199998 7.573824e+10 9.967157e+05 8.272927e+05 
211109 7.573824e+10 2.306421e+05 8.318787e+05 
222220 7.573824e+10 4.213212e+05 8.780385e+05 
233331 7.573824e+10 6.334605e+05 9.259162e+05 
244442 7.573824e+10 8.663765e+05 9.726268e+05 
0 8.204976e+10 1.053603e+03 8.456501e+02 
11111 8.204976e+10 2.313800e+05 4.056817e+04 
22222 8.204976e+10 4.676220e+05 7.965026e+04 
33333 8.204976e+10 6.982727e+05 1.268456e+05 
44444 8.204976e+10 9.040450e+05 1.952647e+05 
55555 8.204976e+10 1.134353e+05 2.225046e+05 
66666 8.204976e+10 3.447536e+05 2.565054e+05 
77777 8.204976e+10 5.744082e+05 3.019308e+05 
88888 8.204976e+10 7.913459e+05 3.791179e+05 
99999 8.204976e+10 9.988546e+05 4.541076e+05 
111110 8.204976e+10 2.229585e+05 4.236399e+05 
122221 8.204976e+10 4.453702e+05 4.626347e+05 
133332 8.204976e+10 6.629169e+05 5.221021e+05 
144443 8.204976e+10 8.809123e+05 6.159757e+05 
155554 8.204976e+10 1.084935e+05 6.190217e+05 
166665 8.204976e+10 3.231359e+05 6.534716e+05 
177776 8.204976e+10 5.331386e+05 7.012063e+05 
188887 8.204976e+10 7.484450e+05 7.686663e+05 
199998 8.204976e+10 9.966807e+05 8.291747e+05 
211109 8.204976e+10 2.301553e+05 8.311789e+05 
222220 8.204976e+10 4.199206e+05 8.774528e+05 
233331 8.204976e+10 6.312663e+05 9.258419e+05 
244442 8.204976e+10 8.650103e+05 9.728580e+05 
0 8.836128e+10 1.053620e+03 8.456279e+02 
11111 8.836128e+10 2.319081e+05 4.039962e+04 
22222 8.836128e+10 4.692393e+05 7.929159e+04 
33333 8.836128e+10 7.003348e+05 1.270097e+05 
44444 8.836128e+10 9.050011e+05 1.971172e+05 
55555 8.836128e+10 1.135544e+05 2.220229e+05 
66666 8.836128e+10 3.454973e+05 2.553751e+05 
77777 8.836128e+10 5.754628e+05 3.012122e+05 
88888 8.836128e+10 7.920961e+05 3.802335e+05 
99999 8.836128e+10 9.988563e+05 4.578885e+05 
111110 8.836128e+10 2.231213e+05 4.224032e+05 
122221 8.836128e+10 4.455634e+05 4.612734e+05 
133332 8.836128e+10 6.628628e+05 5.218909e+05 
144443 8.836128e+10 8.804258e+05 6.188459e+05 
155554 8.836128e+10 1.084207e+05 6.182813e+05 
166665 8.836128e+10 3.226995e+05 6.521131e+05 
177776 8.836128e+10 5.321399e+05 7.002652e+05 
188887 8.836128e+10 7.467487e+05 7.693030e+05 
199998 8.836128e+10 9.966458e+05 8.310049e+05 
211109 8.836128e+10 2.296892e+05 8.304886e+05 
222220 8.836128e+10 4.185535e+05 8.768714e+05 
233331 8.836128e+10 6.291102e+05 9.257666e+05 
244442 8.836128e+10 8.636579e+05 9.730817e+05 
0 9.467280e+10 1.053637e+03 8.456063e+02 
11111 9.467280e+10 2.324266e+05 4.023392e+04 
22222 9.467280e+10 4.708389e+05 7.893920e+04 
33333 9.467280e+10 7.023573e+05 1.271878e+05 
44444 9.467280e+10 9.059358e+05 1.989559e+05 
55555 9.467280e+10 1.136675e+05 2.215584e+05 
66666 9.467280e+10 3.462239e+05 2.542656e+05 
77777 9.467280e+10 5.764821e+05 3.005156e+05 
88888 9.467280e+10 7.928303e+05 3.813056e+05 
99999 9.467280e+10 9.988578e+05 4.616277e+05 
111110 9.467280e+10 2.232827e+05 4.211980e+05 
122221 9.467280e+10 4.457642e+05 4.599475e+05 
133332 9.467280e+10 6.628195e+05 5.216758e+05 
144443 9.467280e+10 8.799322e+05 6.216531e+05 
155554 9.467280e+10 1.083463e+05 6.175625e+05 
166665 9.467280e+10 3.222825e+05 6.507763e+05 
177776 9.467280e+10 5.311862e+05 6.993284e+05 
188887 9.467280e+10 7.450756e+05 7.699224e+05 
199998 9.467280e+10 9.966111e+05 8.327873e+05 
211109 9.467280e+10 2.292432e+05 8.298083e+05 
222220 9.467280e+10 4.172151e+05 8.762916e+05 
233331 9.467280e+10 6.269888e+05 9.256908e+05 
244442 9.467280e+10 8.623175e+05 9.732984e+05 
0 1.009843e+11 1.053653e+03 8.455854e+02 
11111 1.009843e+11 2.329341e+05 4.007110e+04 
22222 1.009843e+11 4.724230e+05 7.859203e+04 
33333 1.009843e+11 7.043420e+05 1.273791e+05 
44444 1.009843e+11 9.068509e+05 2.007834e+05 
55555 1.009843e+11 1.137731e+05 2.211125e+05 
66666 1.009843e+11 3.469346e+05 2.531715e+05 
77777 1.009843e+11 5.774719e+05 2.998404e+05 
88888 1.009843e+11 7.935415e+05 3.823357e+05 
99999 1.009843e+11 9.988591e+05 4.653278e+05 
111110 1.009843e+11 2.234450e+05 4.200244e+05 
122221 1.009843e+11 4.459703e+05 4.586430e+05 
133332 1.009843e+11 6.627864e+05 5.214624e+05 
144443 1.009843e+11 8.794304e+05 6.244010e+05 
155554 1.009843e+11 1.082721e+05 6.168642e+05 
166665 1.009843e+11 3.218837e+05 6.494568e+05 
177776 1.009843e+11 5.302652e+05 6.984063e+05 
188887 1.009843e+11 7.434267e+05 7.705223e+05 
199998 1.009843e+11 9.965764e+05 8.345248e+05 
211109 1.009843e+11 2.288147e+05 8.291347e+05 
222220 1.009843e+11 4.159070e+05 8.757177e+05 
233331 1.009843e+11 6.249020e+05 9.256132e+05 
244442 1.009843e+11 8.609879e+05 9.735086e+05 
0 1.072958e+11 1.053669e+03 8.455649e+02 
11111 1.072958e+11 2.334333e+05 3.991091e+04 
22222 1.072958e+11 4.739903e+05 7.825122e+04 
33333 1.072958e+11 7.062888e+05 1.275819e+05 
44444 1.072958e+11 9.077466e+05 2.025997e+05 
55555 1.072958e+11 1.138712e+05 2.206806e+05 
66666 1.072958e+11 3.476260e+05 2.520979e+05 
77777 1.072958e+11 5.784310e+05 2.991836e+05 
88888 1.072958e+11 7.942321e+05 3.833263e+05 
99999 1.072958e+11 9.988603e+05 4.689903e+05 
111110 1.072958e+11 2.236072e+05 4.188816e+05 
122221 1.072958e+11 4.461708e+05 4.573643e+05 
133332 1.072958e+11 6.627623e+05 5.212453e+05 
144443 1.072958e+11 8.789203e+05 6.270919e+05 
155554 1.072958e+11 1.081971e+05 6.161821e+05 
166665 1.072958e+11 3.215006e+05 6.481645e+05 
177776 1.072958e+11 5.293870e+05 6.974869e+05 
188887 1.072958e+11 7.418065e+05 7.711031e+05 
199998 1.072958e+11 9.965417e+05 8.362198e+05 
211109 1.072958e+11 2.284033e+05 8.284708e+05 
222220 1.072958e+11 4.146258e+05 8.751457e+05 
233331 1.072958e+11 6.228470e+05 9.255341e+05 
244442 1.072958e+11 8.596680e+05 9.737128e+05 
0 1.136074e+11 1.053684e+03 8.455451e+02 
11111 1.136074e+11 2.339229e+05 3.975330e+04 
22222 1.136074e+11 4.755425e+05 7.791628e+04 
33333 1.136074e+11 7.081998e+05 1.277951e+05 
44444 1.136074e+11 9.086240e+05 2.044073e+05 
55555 1.136074e+11 1.139624e+05 2.202650e+05 
66666 1.136074e+11 3.483025e+05 2.510379e+05 
77777 1.136074e+11 5.793687e+05 2.985468e+05 
88888 1.136074e+11 7.949047e+05 3.842881e+05 
99999 1.136074e+11 9.988612e+05 4.726165e+05 
111110 1.136074e+11 2.237719e+05 4.177630e+05 
122221 1.136074e+11 4.463723e+05 4.561107e+05 
133332 1.136074e+11 6.627506e+05 5.210254e+05 
144443 1.136074e+11 8.784021e+05 6.297281e+05 
155554 1.136074e+11 1.081233e+05 6.155178e+05 
166665 1.136074e+11 3.211301e+05 6.468907e+05 
177776 1.136074e+11 5.285391e+05 6.965765e+05 
188887 1.136074e+11 7.402047e+05 7.716615e+05 
199998 1.136074e+11 9.965072e+05 8.378746e+05 
211109 1.136074e+11 2.280083e+05 8.278155e+05 
222220 1.136074e+11 4.133737e+05 8.745788e+05 
233331 1.136074e+11 6.208241e+05 9.254530e+05 
244442 1.136074e+11 8.583577e+05 9.739110e+05 
0 1.199189e+11 1.053700e+03 8.455256e+02 
11111 1.199189e+11 2.344044e+05 3.959848e+04 
22222 1.199189e+11 4.770782e+05 7.758722e+04 
33333 1.199189e+11 7.100749e+05 1.280171e+05 
44444 1.199189e+11 9.094836e+05 2.062065e+05 
55555 1.199189e+11 1.140468e+05 2.198624e+05 
66666 1.199189e+11 3.489631e+05 2.500011e+05 
77777 1.199189e+11 5.802802e+05 2.979243e+05 
88888 1.199189e+11 7.955606e+05 3.852212e+05 
99999 1.199189e+11 9.988619e+05 4.762075e+05 
111110 1.199189e+11 2.239341e+05 4.166655e+05 
122221 1.199189e+11 4.465850e+05 4.548749e+05 
133332 1.199189e+11 6.627474e+05 5.208027e+05 
144443 1.199189e+11 8.778759e+05 6.323126e+05 
155554 1.199189e+11 1.080501e+05 6.148693e+05 
166665 1.199189e+11 3.207802e+05 6.456373e+05 
177776 1.199189e+11 5.277213e+05 6.956724e+05 
188887 1.199189e+11 7.386134e+05 7.721918e+05 
199998 1.199189e+11 9.964727e+05 8.394916e+05 
211109 1.199189e+11 2.276281e+05 8.271673e+05 
222220 1.199189e+11 4.121460e+05 8.740150e+05 
233331 1.199189e+11 6.188305e+05 9.253699e+05 
244442 1.199189e+11 8.570551e+05 9.741039e+05 
0 1.262304e+11 1.053715e+03 8.455065e+02 
11111 1.262304e+11 2.348787e+05 3.944589e+04 
22222 1.262304e+11 4.785996e+05 7.726424e+04 
33333 1.262304e+11 7.119161e+05 1.282476e+05 
44444 1.262304e+11 9.103265e+05 2.079994e+05 
55555 1.262304e+11 1.141279e+05 2.194721e+05 
66666 1.262304e+11 3.496090e+05 2.489801e+05 
77777 1.262304e+11 5.811745e+05 2.973142e+05 
88888 1.262304e+11 7.961982e+05 3.861343e+05 
99999 1.262304e+11 9.988625e+05 4.797649e+05 
111110 1.262304e+11 2.241006e+05 4.155939e+05 
122221 1.262304e+11 4.467899e+05 4.536579e+05 
133332 1.262304e+11 6.627488e+05 5.205763e+05 
144443 1.262304e+11 8.773415e+05 6.348475e+05 
155554 1.262304e+11 1.079765e+05 6.142365e+05 
166665 1.262304e+11 3.204402e+05 6.444050e+05 
177776 1.262304e+11 5.269360e+05 6.947742e+05 
188887 1.262304e+11 7.370259e+05 7.726925e+05 
199998 1.262304e+11 9.964383e+05 8.410728e+05 
211109 1.262304e+11 2.272624e+05 8.265283e+05 
222220 1.262304e+11 4.109440e+05 8.734544e+05 
233331 1.262304e+11 6.168656e+05 9.252845e+05 
244442 1.262304e+11 8.557595e+05 9.742918e+05 
0 1.325419e+11 1.053729e+03 8.454879e+02 
11111 1.325419e+11 2.353448e+05 3.929608e+04 
22222 1.325419e+11 4.801051e+05 7.694704e+04 
33333 1.325419e+11 7.137233e+05 1.284852e+05 
44444 1.325419e+11 9.111529e+05 2.097858e+05 
55555 1.325419e+11 1.142047e+05 2.190923e+05 
66666 1.325419e+11 3.502421e+05 2.479788e+05 
77777 1.325419e+11 5.820546e+05 2.967106e+05 
88888 1.325419e+11 7.968186e+05 3.870278e+05 
99999 1.325419e+11 9.988629e+05 4.832883e+05 
111110 1.325419e+11 2.242656e+05 4.145423e+05 
122221 1.325419e+11 4.469990e+05 4.524656e+05 
133332 1.325419e+11 6.627604e+05 5.203493e+05 
144443 1.325419e+11 8.767995e+05 6.373332e+05 
155554 1.325419e+11 1.079041e+05 6.136170e+05 
166665 1.325419e+11 3.201139e+05 6.431957e+05 
177776 1.325419e+11 5.261760e+05 6.938845e+05 
188887 1.325419e+11 7.354484e+05 7.731657e+05 
199998 1.325419e+11 9.964039e+05 8.426189e+05 
211109 1.325419e+11 2.269100e+05 8.258968e+05 
222220 1.325419e+11 4.097663e+05 8.728991e+05 
233331 1.325419e+11 6.149294e+05 9.251969e+05 
244442 1.325419e+11 8.544712e+05 9.744748e+05 
0 1.388534e+11 1.053744e+03 8.454695e+02 
11111 1.388534e+11 2.358049e+05 3.914852e+04 
22222 1.388534e+11 4.815949e+05 7.663600e+04 
33333 1.388534e+11 7.154979e+05 1.287278e+05 
44444 1.388534e+11 9.119636e+05 2.115676e+05 
55555 1.388534e+11 1.142788e+05 2.187226e+05 
66666 1.388534e+11 3.508597e+05 2.470013e+05 
77777 1.388534e+11 5.829188e+05 2.961089e+05 
88888 1.388534e+11 7.974202e+05 3.879132e+05 
99999 1.388534e+11 9.988631e+05 4.867800e+05 
111110 1.388534e+11 2.244301e+05 4.135121e+05 
122221 1.388534e+11 4.472175e+05 4.512842e+05 
133332 1.388534e+11 6.627814e+05 5.201176e+05 
144443 1.388534e+11 8.762501e+05 6.397739e+05 
155554 1.388534e+11 1.078315e+05 6.130100e+05 
166665 1.388534e+11 3.198029e+05 6.420076e+05 
177776 1.388534e+11 5.254430e+05 6.929995e+05 
188887 1.388534e+11 7.338860e+05 7.736034e+05 
199998 1.388534e+11 9.963695e+05 8.441334e+05 
211109 1.388534e+11 2.265706e+05 8.252741e+05 
222220 1.388534e+11 4.086100e+05 8.723440e+05 
233331 1.388534e+11 6.130173e+05 9.251072e+05 
244442 1.388534e+11 8.531880e+05 9.746533e+05 
0 1.451650e+11 1.053758e+03 8.454517e+02 
11111 1.451650e+11 2.362565e+05 3.900329e+04 
22222 1.451650e+11 4.830720e+05 7.633041e+04 
33333 1.451650e+11 7.172411e+05 1.289768e+05 
44444 1.451650e+11 9.127587e+05 2.133447e+05 
55555 1.451650e+11 1.143511e+05 2.183627e+05 
66666 1.451650e+11 3.514681e+05 2.460346e+05 
77777 1.451650e+11 5.837663e+05 2.955182e+05 
88888 1.451650e+11 7.980095e+05 3.887848e+05 
99999 1.451650e+11 9.988631e+05 4.902381e+05 
111110 1.451650e+11 2.245936e+05 4.125009e+05 
122221 1.451650e+11 4.474256e+05 4.501291e+05 
133332 1.451650e+11 6.628057e+05 5.198802e+05 
144443 1.451650e+11 8.756938e+05 6.421675e+05 
155554 1.451650e+11 1.077602e+05 6.124164e+05 
166665 1.451650e+11 3.195009e+05 6.408434e+05 
177776 1.451650e+11 5.247399e+05 6.921207e+05 
188887 1.451650e+11 7.323259e+05 7.740080e+05 
199998 1.451650e+11 9.963352e+05 8.456154e+05 
211109 1.451650e+11 2.262421e+05 8.246579e+05 
222220 1.451650e+11 4.074792e+05 8.717960e+05 
233331 1.451650e+11 6.111333e+05 9.250144e+05 
244442 1.451650e+11 8.519122e+05 9.748272e+05 
0 1.514765e+11 1.053772e+03 8.454342e+02 
11111 1.514765e+11 2.367022e+05 3.886032e+04 
22222 1.514765e+11 4.845330e+05 7.603100e+04 
33333 1.514765e+11 7.189527e+05 1.292293e+05 
44444 1.514765e+11 9.135388e+05 2.151178e+05 
55555 1.514765e+11 1.144225e+05 2.180107e+05 
66666 1.514765e+11 3.520641e+05 2.450995e+05 
77777 1.514765e+11 5.846019e+05 2.949315e+05 
88888 1.514765e+11 7.985770e+05 3.896479e+05 
99999 1.514765e+11 9.988630e+05 4.936640e+05 
111110 1.514765e+11 2.247548e+05 4.115103e+05 
122221 1.514765e+11 4.476397e+05 4.489922e+05 
133332 1.514765e+11 6.628371e+05 5.196427e+05 
144443 1.514765e+11 8.751316e+05 6.445177e+05 
155554 1.514765e+11 1.076907e+05 6.118389e+05 
166665 1.514765e+11 3.192110e+05 6.396947e+05 
177776 1.514765e+11 5.240596e+05 6.912489e+05 
188887 1.514765e+11 7.307885e+05 7.743852e+05 
199998 1.514765e+11 9.963010e+05 8.470676e+05 
211109 1.514765e+11 2.259268e+05 8.240504e+05 
222220 1.514765e+11 4.063690e+05 8.712499e+05 
233331 1.514765e+11 6.092730e+05 9.249193e+05 
244442 1.514765e+11 8.506417e+05 9.749969e+05 
0 1.577880e+11 1.053786e+03 8.454171e+02 
11111 1.577880e+11 2.371396e+05 3.871989e+04 
22222 1.577880e+11 4.859819e+05 7.573752e+04 
33333 1.577880e+11 7.206336e+05 1.294862e+05 
44444 1.577880e+11 9.143044e+05 2.168867e+05 
55555 1.577880e+11 1.144937e+05 2.176673e+05 
66666 1.577880e+11 3.526483e+05 2.441831e+05 
77777 1.577880e+11 5.854248e+05 2.943537e+05 
88888 1.577880e+11 7.991263e+05 3.905138e+05 
99999 1.577880e+11 9.988627e+05 4.970567e+05 
111110 1.577880e+11 2.249095e+05 4.105357e+05 
122221 1.577880e+11 4.478584e+05 4.478712e+05 
133332 1.577880e+11 6.628767e+05 5.194000e+05 
144443 1.577880e+11 8.745639e+05 6.468241e+05 
155554 1.577880e+11 1.076209e+05 6.112749e+05 
166665 1.577880e+11 3.189310e+05 6.385549e+05 
177776 1.577880e+11 5.234020e+05 6.903872e+05 
188887 1.577880e+11 7.292917e+05 7.747365e+05 
199998 1.577880e+11 9.962667e+05 8.484904e+05 
211109 1.577880e+11 2.256223e+05 8.234481e+05 
222220 1.577880e+11 4.052810e+05 8.707102e+05 
233331 1.577880e+11 6.074389e+05 9.248209e+05 
244442 1.577880e+11 8.493768e+05 9.751625e+05 
0 1.640995e+11 1.053799e+03 8.454005e+02 
11111 1.640995e+11 2.375700e+05 3.858143e+04 
22222 1.640995e+11 4.874160e+05 7.544891e+04 
33333 1.640995e+11 7.222853e+05 1.297472e+05 
44444 1.640995e+11 9.150564e+05 2.186523e+05 
55555 1.640995e+11 1.145647e+05 2.173331e+05 
66666 1.640995e+11 3.532227e+05 2.432872e+05 
77777 1.640995e+11 5.862316e+05 2.937782e+05 
88888 1.640995e+11 7.996605e+05 3.913714e+05 
99999 1.640995e+11 9.988622e+05 5.004166e+05 
111110 1.640995e+11 2.250653e+05 4.095832e+05 
122221 1.640995e+11 4.480742e+05 4.467751e+05 
133332 1.640995e+11 6.629221e+05 5.191517e+05 
144443 1.640995e+11 8.739912e+05 6.490888e+05 
155554 1.640995e+11 1.075503e+05 6.107239e+05 
166665 1.640995e+11 3.186574e+05 6.374328e+05 
177776 1.640995e+11 5.227764e+05 6.895353e+05 
188887 1.640995e+11 7.278096e+05 7.750812e+05 
199998 1.640995e+11 9.962326e+05 8.498852e+05 
211109 1.640995e+11 2.253286e+05 8.228537e+05 
222220 1.640995e+11 4.042136e+05 8.701752e+05 
233331 1.640995e+11 6.056289e+05 9.247197e+05 
244442 1.640995e+11 8.481166e+05 9.753244e+05 
0 1.704110e+11 1.053812e+03 8.453843e+02 
11111 1.704110e+11 2.379942e+05 3.844482e+04 
22222 1.704110e+11 4.888366e+05 7.516537e+04 
33333 1.704110e+11 7.239090e+05 1.300109e+05 
44444 1.704110e+11 9.157954e+05 2.204153e+05 
55555 1.704110e+11 1.146359e+05 2.170041e+05 
66666 1.704110e+11 3.537844e+05 2.424066e+05 
77777 1.704110e+11 5.870262e+05 2.932095e+05 
88888 1.704110e+11 8.001738e+05 3.922270e+05 
99999 1.704110e+11 9.988616e+05 5.037448e+05 
111110 1.704110e+11 2.252172e+05 4.086461e+05 
122221 1.704110e+11 4.483002e+05 4.456927e+05 
133332 1.704110e+11 6.629745e+05 5.189008e+05 
144443 1.704110e+11 8.734137e+05 6.513140e+05 
155554 1.704110e+11 1.074803e+05 6.101862e+05 
166665 1.704110e+11 3.183953e+05 6.363139e+05 
177776 1.704110e+11 5.221682e+05 6.886940e+05 
188887 1.704110e+11 7.263459e+05 7.754170e+05 
199998 1.704110e+11 9.961984e+05 8.512537e+05 
211109 1.704110e+11 2.250457e+05 8.222658e+05 
222220 1.704110e+11 4.031639e+05 8.696434e+05 
233331 1.704110e+11 6.038398e+05 9.246159e+05 
244442 1.704110e+11 8.468602e+05 9.754826e+05 
0 1.767226e+11 1.053824e+03 8.453687e+02 
11111 1.767226e+11 2.384120e+05 3.831002e+04 
22222 1.767226e+11 4.902455e+05 7.488695e+04 
33333 1.767226e+11 7.255061e+05 1.302779e+05 
44444 1.767226e+11 9.165221e+05 2.221757e+05 
55555 1.767226e+11 1.147112e+05 2.166828e+05 
66666 1.767226e+11 3.543349e+05 2.415467e+05 
77777 1.767226e+11 5.878117e+05 2.926493e+05 
88888 1.767226e+11 8.006802e+05 3.930600e+05 
99999 1.767226e+11 9.988608e+05 5.070394e+05 
111110 1.767226e+11 2.253692e+05 4.077300e+05 
122221 1.767226e+11 4.485253e+05 4.446322e+05 
133332 1.767226e+11 6.630325e+05 5.186494e+05 
144443 1.767226e+11 8.728324e+05 6.534986e+05 
155554 1.767226e+11 1.074093e+05 6.096599e+05 
166665 1.767226e+11 3.181407e+05 6.352126e+05 
177776 1.767226e+11 5.215844e+05 6.878568e+05 
188887 1.767226e+11 7.249056e+05 7.757348e+05 
199998 1.767226e+11 9.961643e+05 8.525958e+05 
211109 1.767226e+11 2.247718e+05 8.216843e+05 
222220 1.767226e+11 4.021349e+05 8.691194e+05 
233331 1.767226e+11 6.020756e+05 9.245086e+05 
244442 1.767226e+11 8.456088e+05 9.756372e+05 
0 1.830341e+11 1.053837e+03 8.453532e+02 
11111 1.830341e+11 2.388262e+05 3.817674e+04 
22222 1.830341e+11 4.916404e+05 7.461320e+04 
33333 1.830341e+11 7.270769e+05 1.305474e+05 
44444 1.830341e+11 9.172371e+05 2.239333e+05 
55555 1.830341e+11 1.147893e+05 2.163655e+05 
66666 1.830341e+11 3.548695e+05 2.406999e+05 
77777 1.830341e+11 5.885806e+05 2.920951e+05 
88888 1.830341e+11 8.011801e+05 3.938689e+05 
99999 1.830341e+11 9.988599e+05 5.103012e+05 
111110 1.830341e+11 2.255143e+05 4.068323e+05 
122221 1.830341e+11 4.487528e+05 4.435870e+05 
133332 1.830341e+11 6.631002e+05 5.183950e+05 
144443 1.830341e+11 8.722473e+05 6.556450e+05 
155554 1.830341e+11 1.073394e+05 6.091451e+05 
166665 1.830341e+11 3.178979e+05 6.341198e+05 
177776 1.830341e+11 5.210259e+05 6.870295e+05 
188887 1.830341e+11 7.234872e+05 7.760465e+05 
199998 1.830341e+11 9.961302e+05 8.539132e+05 
211109 1.830341e+11 2.245081e+05 8.211108e+05 
222220 1.830341e+11 4.011229e+05 8.685985e+05 
233331 1.830341e+11 6.003326e+05 9.243985e+05 
244442 1.830341e+11 8.443611e+05 9.757884e+05 
0 1.893456e+11 1.053848e+03 8.453383e+02 
11111 1.893456e+11 2.392339e+05 3.804549e+04 
22222 1.893456e+11 4.930246e+05 7.434377e+04 
33333 1.893456e+11 7.286232e+05 1.308197e+05 
44444 1.893456e+11 9.179406e+05 2.256892e+05 
55555 1.893456e+11 1.148659e+05 2.160555e+05 
66666 1.893456e+11 3.553930e+05 2.398729e+05 
77777 1.893456e+11 5.893367e+05 2.915499e+05 
88888 1.893456e+11 8.016843e+05 3.946553e+05 
99999 1.893456e+11 9.988589e+05 5.135305e+05 
111110 1.893456e+11 2.256617e+05 4.059519e+05 
122221 1.893456e+11 4.489822e+05 4.425638e+05 
133332 1.893456e+11 6.631713e+05 5.181406e+05 
144443 1.893456e+11 8.716587e+05 6.577533e+05 
155554 1.893456e+11 1.072697e+05 6.086422e+05 
166665 1.893456e+11 3.176593e+05 6.330374e+05 
177776 1.893456e+11 5.204831e+05 6.862120e+05 
188887 1.893456e+11 7.220904e+05 7.763497e+05 
199998 1.893456e+11 9.960961e+05 8.552061e+05 
211109 1.893456e+11 2.242532e+05 8.205449e+05 
222220 1.893456e+11 4.001298e+05 8.680834e+05 
233331 1.893456e+11 5.986126e+05 9.242849e+05 
244442 1.893456e+11 8.431176e+05 9.759363e+05 
0 1.956571e+11 1.053860e+03 8.453237e+02 
11111 1.956571e+11 2.396370e+05 3.791575e+04 
22222 1.956571e+11 4.943959e+05 7.407910e+04 
33333 1.956571e+11 7.301441e+05 1.310947e+05 
44444 1.956571e+11 9.186327e+05 2.274420e+05 
55555 1.956571e+11 1.149458e+05 2.157512e+05 
66666 1.956571e+11 3.559067e+05 2.390572e+05 
77777 1.956571e+11 5.900788e+05 2.910119e+05 
88888 1.956571e+11 8.021795e+05 3.954159e+05 
99999 1.956571e+11 9.988577e+05 5.167258e+05 
111110 1.956571e+11 2.258059e+05 4.050919e+05 
122221 1.956571e+11 4.492110e+05 4.415573e+05 
133332 1.956571e+11 6.632514e+05 5.178814e+05 
144443 1.956571e+11 8.710672e+05 6.598232e+05 
155554 1.956571e+11 1.072010e+05 6.081499e+05 
166665 1.956571e+11 3.174323e+05 6.319735e+05 
177776 1.956571e+11 5.199644e+05 6.854030e+05 
188887 1.956571e+11 7.207097e+05 7.766460e+05 
199998 1.956571e+11 9.960621e+05 8.564751e+05 
211109 1.956571e+11 2.240066e+05 8.199871e+05 
222220 1.956571e+11 3.991549e+05 8.675733e+05 
233331 1.956571e+11 5.969154e+05 9.241685e+05 
244442 1.956571e+11 8.418786e+05 9.760809e+05 
0 2.019686e+11 1.053871e+03 8.453094e+02 
11111 2.019686e+11 2.400364e+05 3.778752e+04 
22222 2.019686e+11 4.957557e+05 7.381882e+04 
33333 2.019686e+11 7.316416e+05 1.313717e+05 
44444 2.019686e+11 9.193138e+05 2.291944e+05 
55555 2.019686e+11 1.150276e+05 2.154525e+05 
66666 2.019686e+11 3.564135e+05 2.382537e+05 
77777 2.019686e+11 5.908153e+05 2.904841e+05 
88888 2.019686e+11 8.026773e+05 3.961552e+05 
99999 2.019686e+11 9.988564e+05 5.198904e+05 
111110 2.019686e+11 2.259523e+05 4.042425e+05 
122221 2.019686e+11 4.494470e+05 4.405660e+05 
133332 2.019686e+11 6.633349e+05 5.176234e+05 
144443 2.019686e+11 8.704727e+05 6.618590e+05 
155554 2.019686e+11 1.071314e+05 6.076658e+05 
166665 2.019686e+11 3.172085e+05 6.309153e+05 
177776 2.019686e+11 5.194586e+05 6.845986e+05 
188887 2.019686e+11 7.193518e+05 7.769386e+05 
199998 2.019686e+11 9.960281e+05 8.577221e+05 
211109 2.019686e+11 2.237671e+05 8.194350e+05 
222220 2.019686e+11 3.981938e+05 8.670657e+05 
233331 2.019686e+11 5.952362e+05 9.240499e+05 
244442 2.019686e+11 8.406418e+05 9.762227e+05 
0 2.082802e+11 1.053882e+03 8.452955e+02 
11111 2.082802e+11 2.404308e+05 3.766094e+04 
22222 2.082802e+11 4.971048e+05 7.356340e+04 
33333 2.082802e+11 7.331157e+05 1.316511e+05 
44444 2.082802e+11 9.199842e+05 2.309446e+05 
55555 2.082802e+11 1.151124e+05 2.151576e+05 
66666 2.082802e+11 3.569124e+05 2.374645e+05 
77777 2.082802e+11 5.915345e+05 2.899622e+05 
88888 2.082802e+11 8.031711e+05 3.968715e+05 
99999 2.082802e+11 9.988549e+05 5.230216e+05 
111110 2.082802e+11 2.260925e+05 4.034158e+05 
122221 2.082802e+11 4.496816e+05 4.395936e+05 
133332 2.082802e+11 6.634218e+05 5.173587e+05 
144443 2.082802e+11 8.698757e+05 6.638579e+05 
155554 2.082802e+11 1.070635e+05 6.071916e+05 
166665 2.082802e+11 3.169951e+05 6.298805e+05 
177776 2.082802e+11 5.189699e+05 6.837963e+05 
188887 2.082802e+11 7.179946e+05 7.772026e+05 
199998 2.082802e+11 9.959942e+05 8.589463e+05 
211109 2.082802e+11 2.235357e+05 8.188894e+05 
222220 2.082802e+11 3.972518e+05 8.665649e+05 
233331 2.082802e+11 5.935814e+05 9.239283e+05 
244442 2.082802e+11 8.394096e+05 9.763613e+05 
0 2.145917e+11 1.053893e+03 8.452817e+02 
11111 2.145917e+11 2.408230e+05 3.753580e+04 
22222 2.145917e+11 4.984417e+05 7.331225e+04 
33333 2.145917e+11 7.345672e+05 1.319319e+05 
44444 2.145917e+11 9.206437e+05 2.326941e+05 
55555 2.145917e+11 1.151991e+05 2.148676e+05 
66666 2.145917e+11 3.574011e+05 2.366801e+05 
77777 2.145917e+11 5.922469e+05 2.894526e+05 
88888 2.145917e+11 8.036646e+05 3.975636e+05 
99999 2.145917e+11 9.988534e+05 5.261215e+05 
111110 2.145917e+11 2.262306e+05 4.026040e+05 
122221 2.145917e+11 4.499197e+05 4.386314e+05 
133332 2.145917e+11 6.635109e+05 5.170945e+05 
144443 2.145917e+11 8.692762e+05 6.658232e+05 
155554 2.145917e+11 1.069970e+05 6.067280e+05 
166665 2.145917e+11 3.167924e+05 6.288452e+05 
177776 2.145917e+11 5.184959e+05 6.830017e+05 
188887 2.145917e+11 7.166522e+05 7.774553e+05 
199998 2.145917e+11 9.959603e+05 8.601495e+05 
211109 2.145917e+11 2.233111e+05 8.183506e+05 
222220 2.145917e+11 3.963246e+05 8.660666e+05 
233331 2.145917e+11 5.919462e+05 9.238045e+05 
244442 2.145917e+11 8.381798e+05 9.764971e+05 
0 2.209032e+11 1.053903e+03 8.452682e+02 
11111 2.209032e+11 2.412109e+05 3.741243e+04 
22222 2.209032e+11 4.997684e+05 7.306546e+04 
33333 2.209032e+11 7.359969e+05 1.322136e+05 
44444 2.209032e+11 9.212926e+05 2.344440e+05 
55555 2.209032e+11 1.152862e+05 2.145822e+05 
66666 2.209032e+11 3.578880e+05 2.359119e+05 
77777 2.209032e+11 5.929462e+05 2.889507e+05 
88888 2.209032e+11 8.041588e+05 3.982353e+05 
99999 2.209032e+11 9.988517e+05 5.291901e+05 
111110 2.209032e+11 2.263680e+05 4.018092e+05 
122221 2.209032e+11 4.501520e+05 4.376823e+05 
133332 2.209032e+11 6.636039e+05 5.168292e+05 
144443 2.209032e+11 8.686746e+05 6.677552e+05 
155554 2.209032e+11 1.069306e+05 6.062704e+05 
166665 2.209032e+11 3.165915e+05 6.278361e+05 
177776 2.209032e+11 5.180362e+05 6.822099e+05 
188887 2.209032e+11 7.153040e+05 7.776848e+05 
199998 2.209032e+11 9.959264e+05 8.613323e+05 
211109 2.209032e+11 2.230932e+05 8.178173e+05 
222220 2.209032e+11 3.954137e+05 8.655733e+05 
233331 2.209032e+11 5.903305e+05 9.236776e+05 
244442 2.209032e+11 8.369529e+05 9.766302e+05 
0 2.272147e+11 1.053914e+03 8.452549e+02 
11111 2.272147e+11 2.415951e+05 3.729059e+04 
22222 2.272147e+11 5.010845e+05 7.282280e+04 
33333 2.272147e+11 7.374056e+05 1.324966e+05 
44444 2.272147e+11 9.219311e+05 2.361941e+05 
55555 2.272147e+11 1.153761e+05 2.143019e+05 
66666 2.272147e+11 3.583604e+05 2.351506e+05 
77777 2.272147e+11 5.936351e+05 2.884567e+05 
88888 2.272147e+11 8.046565e+05 3.988935e+05 
99999 2.272147e+11 9.988498e+05 5.322275e+05 
111110 2.272147e+11 2.265032e+05 4.010277e+05 
122221 2.272147e+11 4.503898e+05 4.367429e+05 
133332 2.272147e+11 6.637046e+05 5.165630e+05 
144443 2.272147e+11 8.680710e+05 6.696549e+05 
155554 2.272147e+11 1.068654e+05 6.058219e+05 
166665 2.272147e+11 3.164013e+05 6.268311e+05 
177776 2.272147e+11 5.175853e+05 6.814232e+05 
188887 2.272147e+11 7.139760e+05 7.778781e+05 
199998 2.272147e+11 9.958925e+05 8.624947e+05 
211109 2.272147e+11 2.228814e+05 8.172899e+05 
222220 2.272147e+11 3.945177e+05 8.650853e+05 
233331 2.272147e+11 5.887357e+05 9.235484e+05 
244442 2.272147e+11 8.357296e+05 9.767605e+05 
0 2.335262e+11 1.053924e+03 8.452417e+02 
11111 2.335262e+11 2.419764e+05 3.717040e+04 
22222 2.335262e+11 5.023898e+05 7.258401e+04 
33333 2.335262e+11 7.387938e+05 1.327802e+05 
44444 2.335262e+11 9.225589e+05 2.379448e+05 
55555 2.335262e+11 1.154679e+05 2.140265e+05 
66666 2.335262e+11 3.588336e+05 2.344020e+05 
77777 2.335262e+11 5.943177e+05 2.879728e+05 
88888 2.335262e+11 8.051512e+05 3.995276e+05 
99999 2.335262e+11 9.988479e+05 5.352339e+05 
111110 2.335262e+11 2.266363e+05 4.002661e+05 
122221 2.335262e+11 4.506213e+05 4.358128e+05 
133332 2.335262e+11 6.638059e+05 5.162926e+05 
144443 2.335262e+11 8.674655e+05 6.715228e+05 
155554 2.335262e+11 1.068020e+05 6.053809e+05 
166665 2.335262e+11 3.162176e+05 6.258494e+05 
177776 2.335262e+11 5.171531e+05 6.806380e+05 
188887 2.335262e+11 7.126673e+05 7.780397e+05 
199998 2.335262e+11 9.958586e+05 8.636376e+05 
211109 2.335262e+11 2.226758e+05 8.167691e+05 
222220 2.335262e+11 3.936372e+05 8.645997e+05 
233331 2.335262e+11 5.871602e+05 9.234168e+05 
244442 2.335262e+11 8.345095e+05 9.768882e+05 
0 2.398378e+11 1.053934e+03 8.452288e+02 
11111 2.398378e+11 2.423547e+05 3.705168e+04 
22222 2.398378e+11 5.036847e+05 7.234904e+04 
33333 2.398378e+11 7.401623e+05 1.330648e+05 
44444 2.398378e+11 9.231764e+05 2.396964e+05 
55555 2.398378e+11 1.155617e+05 2.137541e+05 
66666 2.398378e+11 3.592967e+05 2.336627e+05 
77777 2.398378e+11 5.949858e+05 2.874999e+05 
88888 2.398378e+11 8.056467e+05 4.001450e+05 
99999 2.398378e+11 9.988458e+05 5.382094e+05 
111110 2.398378e+11 2.267680e+05 3.995155e+05 
122221 2.398378e+11 4.508562e+05 4.348950e+05 
133332 2.398378e+11 6.639093e+05 5.160206e+05 
144443 2.398378e+11 8.668586e+05 6.733597e+05 
155554 2.398378e+11 1.067405e+05 6.049487e+05 
166665 2.398378e+11 3.160398e+05 6.248749e+05 
177776 2.398378e+11 5.167242e+05 6.798675e+05 
188887 2.398378e+11 7.113671e+05 7.781843e+05 
199998 2.398378e+11 9.958248e+05 8.647610e+05 
211109 2.398378e+11 2.224763e+05 8.162532e+05 
222220 2.398378e+11 3.927720e+05 8.641205e+05 
233331 2.398378e+11 5.856045e+05 9.232830e+05 
244442 2.398378e+11 8.332928e+05 9.770133e+05 
0 2.461493e+11 1.053944e+03 8.452159e+02 
11111 2.461493e+11 2.427301e+05 3.693429e+04 
22222 2.461493e+11 5.049703e+05 7.211825e+04 
33333 2.461493e+11 7.415118e+05 1.333502e+05 
44444 2.461493e+11 9.237839e+05 2.414502e+05 
55555 2.461493e+11 1.156539e+05 2.134862e+05 
66666 2.461493e+11 3.597532e+05 2.329316e+05 
77777 2.461493e+11 5.956464e+05 2.870378e+05 
88888 2.461493e+11 8.061382e+05 4.007526e+05 
99999 2.461493e+11 9.988436e+05 5.411551e+05 
111110 2.461493e+11 2.269006e+05 3.987775e+05 
122221 2.461493e+11 4.510897e+05 4.339831e+05 
133332 2.461493e+11 6.640165e+05 5.157466e+05 
144443 2.461493e+11 8.662500e+05 6.751673e+05 
155554 2.461493e+11 1.066787e+05 6.045216e+05 
166665 2.461493e+11 3.158682e+05 6.239173e+05 
177776 2.461493e+11 5.163117e+05 6.790907e+05 
188887 2.461493e+11 7.100811e+05 7.783060e+05 
199998 2.461493e+11 9.957910e+05 8.658664e+05 
211109 2.461493e+11 2.222825e+05 8.157425e+05 
222220 2.461493e+11 3.919201e+05 8.636445e+05 
233331 2.461493e+11 5.840669e+05 9.231470e+05 
244442 2.461493e+11 8.320786e+05 9.771360e+05 
0 2.524608e+11 1.053954e+03 8.452032e+02 
11111 2.524608e+11 2.431032e+05 3.681835e+04 
22222 2.524608e+11 5.062458e+05 7.189180e+04 
33333 2.524608e+11 7.428418e+05 1.336360e+05 
44444 2.524608e+11 9.243809e+05 2.432049e+05 
55555 2.524608e+11 1.157481e+05 2.132215e+05 
66666 2.524608e+11 3.602052e+05 2.322122e+05 
77777 2.524608e+11 5.962957e+05 2.865827e+05 
88888 2.524608e+11 8.066176e+05 4.013457e+05 
99999 2.524608e+11 9.988414e+05 5.440698e+05 
111110 2.524608e+11 2.270317e+05 3.980457e+05 
122221 2.524608e+11 4.513235e+05 4.330880e+05 
133332 2.524608e+11 6.641265e+05 5.154684e+05 
144443 2.524608e+11 8.656409e+05 6.769452e+05 
155554 2.524608e+11 1.066178e+05 6.041053e+05 
166665 2.524608e+11 3.157061e+05 6.229756e+05 
177776 2.524608e+11 5.159063e+05 6.783194e+05 
188887 2.524608e+11 7.088162e+05 7.784185e+05 
199998 2.524608e+11 9.957572e+05 8.669539e+05 
211109 2.524608e+11 2.220944e+05 8.152376e+05 
222220 2.524608e+11 3.910828e+05 8.631714e+05 
233331 2.524608e+11 5.825470e+05 9.230090e+05 
244442 2.524608e+11 8.308673e+05 9.772562e+05 
0 2.587723e+11 1.053964e+03 8.451906e+02 
11111 2.587723e+11 2.434745e+05 3.670369e+04 
22222 2.587723e+11 5.075116e+05 7.166932e+04 
33333 2.587723e+11 7.441540e+05 1.339215e+05 
44444 2.587723e+11 9.249680e+05 2.449616e+05 
55555 2.587723e+11 1.158437e+05 2.129604e+05 
66666 2.587723e+11 3.606434e+05 2.315049e+05 
77777 2.587723e+11 5.969420e+05 2.861409e+05 
88888 2.587723e+11 8.070879e+05 4.019228e+05 
99999 2.587723e+11 9.988390e+05 5.469539e+05 
111110 2.587723e+11 2.271612e+05 3.973283e+05 
122221 2.587723e+11 4.515568e+05 4.321981e+05 
133332 2.587723e+11 6.642393e+05 5.151937e+05 
144443 2.587723e+11 8.650311e+05 6.786941e+05 
155554 2.587723e+11 1.065596e+05 6.036962e+05 
166665 2.587723e+11 3.155456e+05 6.220427e+05 
177776 2.587723e+11 5.155131e+05 6.775532e+05 
188887 2.587723e+11 7.075682e+05 7.785207e+05 
199998 2.587723e+11 9.957234e+05 8.680236e+05 
211109 2.587723e+11 2.219111e+05 8.147361e+05 
222220 2.587723e+11 3.902587e+05 8.627053e+05 
233331 2.587723e+11 5.810463e+05 9.228689e+05 
244442 2.587723e+11 8.296592e+05 9.773741e+05 
0 2.650838e+11 1.053974e+03 8.451781e+02 
11111 2.650838e+11 2.438425e+05 3.659054e+04 
22222 2.650838e+11 5.087674e+05 7.145093e+04 
33333 2.650838e+11 7.454476e+05 1.342061e+05 
44444 2.650838e+11 9.255447e+05 2.467200e+05 
55555 2.650838e+11 1.159397e+05 2.127035e+05 
66666 2.650838e+11 3.610828e+05 2.308024e+05 
77777 2.650838e+11 5.975720e+05 2.857078e+05 
88888 2.650838e+11 8.075456e+05 4.024830e+05 
99999 2.650838e+11 9.988365e+05 5.498084e+05 
111110 2.650838e+11 2.272955e+05 3.966152e+05 
122221 2.650838e+11 4.517895e+05 4.313245e+05 
133332 2.650838e+11 6.643555e+05 5.149135e+05 
144443 2.650838e+11 8.644206e+05 6.804151e+05 
155554 2.650838e+11 1.065028e+05 6.032909e+05 
166665 2.650838e+11 3.154022e+05 6.211345e+05 
177776 2.650838e+11 5.151386e+05 6.767809e+05 
188887 2.650838e+11 7.063433e+05 7.786214e+05 
199998 2.650838e+11 9.956897e+05 8.690769e+05 
211109 2.650838e+11 2.217327e+05 8.142406e+05 
222220 2.650838e+11 3.894472e+05 8.622410e+05 
233331 2.650838e+11 5.795623e+05 9.227269e+05 
244442 2.650838e+11 8.284534e+05 9.774897e+05 
0 2.713954e+11 1.053984e+03 8.451657e+02 
11111 2.713954e+11 2.442078e+05 3.647886e+04 
22222 2.713954e+11 5.100143e+05 7.123648e+04 
33333 2.713954e+11 7.467233e+05 1.344910e+05 
44444 2.713954e+11 9.261114e+05 2.484793e+05 
55555 2.713954e+11 1.160339e+05 2.124482e+05 
66666 2.713954e+11 3.615092e+05 2.301146e+05 
77777 2.713954e+11 5.981984e+05 2.852905e+05 
88888 2.713954e+11 8.079964e+05 4.030350e+05 
99999 2.713954e+11 9.988339e+05 5.526316e+05 
111110 2.713954e+11 2.274258e+05 3.959149e+05 
122221 2.713954e+11 4.520209e+05 4.304559e+05 
133332 2.713954e+11 6.644705e+05 5.146353e+05 
144443 2.713954e+11 8.638103e+05 6.821077e+05 
155554 2.713954e+11 1.064497e+05 6.028942e+05 
166665 2.713954e+11 3.152543e+05 6.202339e+05 
177776 2.713954e+11 5.147679e+05 6.760147e+05 
188887 2.713954e+11 7.051300e+05 7.787142e+05 
199998 2.713954e+11 9.956559e+05 8.701130e+05 
211109 2.713954e+11 2.215598e+05 8.137492e+05 
222220 2.713954e+11 3.886497e+05 8.617817e+05 
233331 2.713954e+11 5.780963e+05 9.225832e+05 
244442 2.713954e+11 8.272511e+05 9.776029e+05 
0 2.777069e+11 1.053994e+03 8.451533e+02 
11111 2.777069e+11 2.445726e+05 3.636816e+04 
22222 2.777069e+11 5.112530e+05 7.102551e+04 
33333 2.777069e+11 7.479830e+05 1.347765e+05 
44444 2.777069e+11 9.266688e+05 2.502412e+05 
55555 2.777069e+11 1.161317e+05 2.121971e+05 
66666 2.777069e+11 3.619271e+05 2.294344e+05 
77777 2.777069e+11 5.988121e+05 2.848796e+05 
88888 2.777069e+11 8.084328e+05 4.035820e+05 
99999 2.777069e+11 9.988312e+05 5.554255e+05 
111110 2.777069e+11 2.275559e+05 3.952203e+05 
122221 2.777069e+11 4.522553e+05 4.295992e+05 
133332 2.777069e+11 6.645852e+05 5.143590e+05 
144443 2.777069e+11 8.631998e+05 6.837736e+05 
155554 2.777069e+11 1.063964e+05 6.025031e+05 
166665 2.777069e+11 3.151195e+05 6.193469e+05 
177776 2.777069e+11 5.144070e+05 6.752515e+05 
188887 2.777069e+11 7.039394e+05 7.788056e+05 
199998 2.777069e+11 9.956222e+05 8.711334e+05 
211109 2.777069e+11 2.213911e+05 8.132619e+05 
222220 2.777069e+11 3.878643e+05 8.613279e+05 
233331 2.777069e+11 5.766474e+05 9.224373e+05 
244442 2.777069e+11 8.260512e+05 9.777140e+05 
0 2.840184e+11 1.054004e+03 8.451409e+02 
11111 2.840184e+11 2.449347e+05 3.625902e+04 
22222 2.840184e+11 5.124828e+05 7.081830e+04 
33333 2.840184e+11 7.492269e+05 1.350613e+05 
44444 2.840184e+11 9.272163e+05 2.520062e+05 
55555 2.840184e+11 1.162289e+05 2.119521e+05 
66666 2.840184e+11 3.623482e+05 2.287617e+05 
77777 2.840184e+11 5.994228e+05 2.844794e+05 
88888 2.840184e+11 8.088632e+05 4.041103e+05 
99999 2.840184e+11 9.988284e+05 5.581908e+05 
111110 2.840184e+11 2.276877e+05 3.945331e+05 
122221 2.840184e+11 4.524838e+05 4.287575e+05 
133332 2.840184e+11 6.647040e+05 5.140781e+05 
144443 2.840184e+11 8.625884e+05 6.854136e+05 
155554 2.840184e+11 1.063448e+05 6.021171e+05 
166665 2.840184e+11 3.149875e+05 6.184732e+05 
177776 2.840184e+11 5.140622e+05 6.744874e+05 
188887 2.840184e+11 7.027693e+05 7.788931e+05 
199998 2.840184e+11 9.955884e+05 8.721382e+05 
211109 2.840184e+11 2.212279e+05 8.127794e+05 
222220 2.840184e+11 3.870907e+05 8.608758e+05 
233331 2.840184e+11 5.752138e+05 9.222900e+05 
244442 2.840184e+11 8.248536e+05 9.778231e+05 
0 2.903299e+11 1.054014e+03 8.451286e+02 
11111 2.903299e+11 2.452946e+05 3.615119e+04 
22222 2.903299e+11 5.137044e+05 7.061460e+04 
33333 2.903299e+11 7.504550e+05 1.353459e+05 
44444 2.903299e+11 9.277542e+05 2.537737e+05 
55555 2.903299e+11 1.163253e+05 2.117102e+05 
66666 2.903299e+11 3.627509e+05 2.281008e+05 
77777 2.903299e+11 6.000239e+05 2.840932e+05 
88888 2.903299e+11 8.092846e+05 4.046210e+05 
99999 2.903299e+11 9.988256e+05 5.609268e+05 
111110 2.903299e+11 2.278178e+05 3.938586e+05 
122221 2.903299e+11 4.527148e+05 4.279196e+05 
133332 2.903299e+11 6.648241e+05 5.138009e+05 
144443 2.903299e+11 8.619772e+05 6.870277e+05 
155554 2.903299e+11 1.062936e+05 6.017401e+05 
166665 2.903299e+11 3.148532e+05 6.175994e+05 
177776 2.903299e+11 5.137240e+05 6.737246e+05 
188887 2.903299e+11 7.016174e+05 7.789791e+05 
199998 2.903299e+11 9.955547e+05 8.731276e+05 
211109 2.903299e+11 2.210688e+05 8.123009e+05 
222220 2.903299e+11 3.863280e+05 8.604280e+05 
233331 2.903299e+11 5.737960e+05 9.221414e+05 
244442 2.903299e+11 8.236586e+05 9.779301e+05 
0 2.966414e+11 1.054024e+03 8.451163e+02 
11111 2.966414e+11 2.456527e+05 3.604448e+04 
22222 2.966414e+11 5.149150e+05 7.041448e+04 
33333 2.966414e+11 7.516664e+05 1.356297e+05 
44444 2.966414e+11 9.282827e+05 2.555425e+05 
55555 2.966414e+11 1.164227e+05 2.114730e+05 
66666 2.966414e+11 3.631502e+05 2.274502e+05 
77777 2.966414e+11 6.006121e+05 2.837110e+05 
88888 2.966414e+11 8.096965e+05 4.051304e+05 
99999 2.966414e+11 9.988226e+05 5.636327e+05 
111110 2.966414e+11 2.279434e+05 3.931916e+05 
122221 2.966414e+11 4.529427e+05 4.271019e+05 
133332 2.966414e+11 6.649517e+05 5.135147e+05 
144443 2.966414e+11 8.613664e+05 6.886161e+05 
155554 2.966414e+11 1.062441e+05 6.013706e+05 
166665 2.966414e+11 3.147299e+05 6.167408e+05 
177776 2.966414e+11 5.134080e+05 6.729604e+05 
188887 2.966414e+11 7.004849e+05 7.790731e+05 
199998 2.966414e+11 9.955210e+05 8.741016e+05 
211109 2.966414e+11 2.209148e+05 8.118274e+05 
222220 2.966414e+11 3.855798e+05 8.599864e+05 
233331 2.966414e+11 5.723963e+05 9.219901e+05 
244442 2.966414e+11 8.224663e+05 9.780352e+05 
0 3.029530e+11 1.054034e+03 8.451040e+02 
11111 3.029530e+11 2.460092e+05 3.593902e+04 
22222 3.029530e+11 5.161188e+05 7.021786e+04 
33333 3.029530e+11 7.528640e+05 1.359134e+05 
44444 3.029530e+11 9.288020e+05 2.573145e+05 
55555 3.029530e+11 1.165182e+05 2.112367e+05 
66666 3.029530e+11 3.635425e+05 2.268085e+05 
77777 3.029530e+11 6.012000e+05 2.833301e+05 
88888 3.029530e+11 8.101010e+05 4.056258e+05 
99999 3.029530e+11 9.988196e+05 5.663104e+05 
111110 3.029530e+11 2.280677e+05 3.925333e+05 
122221 3.029530e+11 4.531708e+05 4.262859e+05 
133332 3.029530e+11 6.650754e+05 5.132294e+05 
144443 3.029530e+11 8.607560e+05 6.901806e+05 
155554 3.029530e+11 1.061995e+05 6.010119e+05 
166665 3.029530e+11 3.146003e+05 6.158780e+05 
177776 3.029530e+11 5.130981e+05 6.722071e+05 
188887 3.029530e+11 6.993660e+05 7.791636e+05 
199998 3.029530e+11 9.954873e+05 8.750617e+05 
211109 3.029530e+11 2.207652e+05 8.113561e+05 
222220 3.029530e+11 3.848416e+05 8.595498e+05 
233331 3.029530e+11 5.710109e+05 9.218371e+05 
244442 3.029530e+11 8.212753e+05 9.781385e+05 
0 3.092645e+11 1.054044e+03 8.450917e+02 
11111 3.092645e+11 2.463632e+05 3.583503e+04 
22222 3.092645e+11 5.173150e+05 7.002468e+04 
33333 3.092645e+11 7.540475e+05 1.361966e+05 
44444 3.092645e+11 9.293124e+05 2.590891e+05 
55555 3.092645e+11 1.166115e+05 2.110068e+05 
66666 3.092645e+11 3.639242e+05 2.261794e+05 
77777 3.092645e+11 6.017827e+05 2.829484e+05 
88888 3.092645e+11 8.104961e+05 4.061080e+05 
99999 3.092645e+11 9.988165e+05 5.689599e+05 
111110 3.092645e+11 2.281911e+05 3.918817e+05 
122221 3.092645e+11 4.533979e+05 4.254850e+05 
133332 3.092645e+11 6.652041e+05 5.129482e+05 
144443 3.092645e+11 8.601461e+05 6.917217e+05 
155554 3.092645e+11 1.061532e+05 6.006632e+05 
166665 3.092645e+11 3.144746e+05 6.150219e+05 
177776 3.092645e+11 5.127964e+05 6.714486e+05 
188887 3.092645e+11 6.982506e+05 7.792397e+05 
199998 3.092645e+11 9.954535e+05 8.760082e+05 
211109 3.092645e+11 2.206206e+05 8.108886e+05 
222220 3.092645e+11 3.841148e+05 8.591173e+05 
233331 3.092645e+11 5.696412e+05 9.216824e+05 
244442 3.092645e+11 8.200862e+05 9.782398e+05 
0 3.155760e+11 1.054054e+03 8.450793e+02 
11111 3.155760e+11 2.467167e+05 3.573201e+04 
22222 3.155760e+11 5.185026e+05 6.983508e+04 
33333 3.155760e+11 7.552161e+05 1.364796e+05 
44444 3.155760e+11 9.298141e+05 2.608653e+05 
55555 3.155760e+11 1.167068e+05 2.107773e+05 
66666 3.155760e+11 3.643036e+05 2.255550e+05 
77777 3.155760e+11 6.023614e+05 2.825719e+05 
88888 3.155760e+11 8.108823e+05 4.065830e+05 
99999 3.155760e+11 9.988134e+05 5.715799e+05 
111110 3.155760e+11 2.283105e+05 3.912385e+05 
122221 3.155760e+11 4.536251e+05 4.246992e+05 
133332 3.155760e+11 6.653318e+05 5.126655e+05 
144443 3.155760e+11 8.595373e+05 6.932380e+05 
155554 3.155760e+11 1.061105e+05 6.003173e+05 
166665 3.155760e+11 3.143525e+05 6.141750e+05 
177776 3.155760e+11 5.125093e+05 6.706951e+05 
188887 3.155760e+11 6.971457e+05 7.792998e+05 
199998 3.155760e+11 9.954198e+05 8.769403e+05 
211109 3.155760e+11 2.204798e+05 8.104242e+05 
222220 3.155760e+11 3.833998e+05 8.586925e+05 
233331 3.155760e+11 5.682887e+05 9.215254e+05 
244442 3.155760e+11 8.189001e+05 9.783392e+05 
0 3.218875e+11 1.054064e+03 8.450668e+02 
11111 3.218875e+11 2.470692e+05 3.562994e+04 
22222 3.218875e+11 5.196813e+05 6.964860e+04 
33333 3.218875e+11 7.563705e+05 1.367619e+05 
44444 3.218875e+11 9.303067e+05 2.626442e+05 
55555 3.218875e+11 1.168003e+05 2.105539e+05 
66666 3.218875e+11 3.646722e+05 2.249426e+05 
77777 3.218875e+11 6.029393e+05 2.821972e+05 
88888 3.218875e+11 8.112662e+05 4.070493e+05 
99999 3.218875e+11 9.988101e+05 5.741724e+05 
111110 3.218875e+11 2.284295e+05 3.906047e+05 
122221 3.218875e+11 4.538510e+05 4.239161e+05 
133332 3.218875e+11 6.654657e+05 5.123849e+05 
144443 3.218875e+11 8.589292e+05 6.947326e+05 
155554 3.218875e+11 1.060683e+05 5.999821e+05 
166665 3.218875e+11 3.142309e+05 6.133264e+05 
177776 3.218875e+11 5.122295e+05 6.699520e+05 
188887 3.218875e+11 6.960430e+05 7.793421e+05 
199998 3.218875e+11 9.953861e+05 8.778593e+05 
211109 3.218875e+11 2.203436e+05 8.099615e+05 
222220 3.218875e+11 3.826943e+05 8.582737e+05 
233331 3.218875e+11 5.669509e+05 9.213666e+05 
244442 3.218875e+11 8.177157e+05 9.784369e+05 
0 3.281990e+11 1.054075e+03 8.450544e+02 
11111 3.281990e+11 2.474187e+05 3.552934e+04 
22222 3.281990e+11 5.208538e+05 6.946606e+04 
33333 3.281990e+11 7.575124e+05 1.370443e+05 
44444 3.281990e+11 9.307908e+05 2.644266e+05 
55555 3.281990e+11 1.168922e+05 2.103350e+05 
66666 3.281990e+11 3.650315e+05 2.243409e+05 
77777 3.281990e+11 6.035050e+05 2.818242e+05 
88888 3.281990e+11 8.116433e+05 4.075073e+05 
99999 3.281990e+11 9.988068e+05 5.767383e+05 
111110 3.281990e+11 2.285476e+05 3.899751e+05 
122221 3.281990e+11 4.540798e+05 4.231571e+05 
133332 3.281990e+11 6.656026e+05 5.121023e+05 
144443 3.281990e+11 8.583216e+05 6.962060e+05 
155554 3.281990e+11 1.060267e+05 5.996492e+05 
166665 3.281990e+11 3.141131e+05 6.124881e+05 
177776 3.281990e+11 5.119604e+05 6.692061e+05 
188887 3.281990e+11 6.949518e+05 7.793584e+05 
199998 3.281990e+11 9.953524e+05 8.787656e+05 
211109 3.281990e+11 2.202109e+05 8.095042e+05 
222220 3.281990e+11 3.819988e+05 8.578584e+05 
233331 3.281990e+11 5.656273e+05 9.212057e+05 
244442 3.281990e+11 8.165330e+05 9.785329e+05 
0 3.345106e+11 1.054085e+03 8.450420e+02 
11111 3.345106e+11 2.477664e+05 3.542989e+04 
22222 3.345106e+11 5.220192e+05 6.928645e+04 
33333 3.345106e+11 7.586412e+05 1.373265e+05 
44444 3.345106e+11 9.312662e+05 2.662119e+05 
55555 3.345106e+11 1.169854e+05 2.101153e+05 
66666 3.345106e+11 3.653952e+05 2.237478e+05 
77777 3.345106e+11 6.040724e+05 2.814570e+05 
88888 3.345106e+11 8.120115e+05 4.079557e+05 
99999 3.345106e+11 9.988035e+05 5.792773e+05 
111110 3.345106e+11 2.286649e+05 3.893530e+05 
122221 3.345106e+11 4.543087e+05 4.224010e+05 
133332 3.345106e+11 6.657392e+05 5.118218e+05 
144443 3.345106e+11 8.577147e+05 6.976582e+05 
155554 3.345106e+11 1.059848e+05 5.993220e+05 
166665 3.345106e+11 3.139956e+05 6.116557e+05 
177776 3.345106e+11 5.116989e+05 6.684674e+05 
188887 3.345106e+11 6.938785e+05 7.793475e+05 
199998 3.345106e+11 9.953186e+05 8.796592e+05 
211109 3.345106e+11 2.200812e+05 8.090503e+05 
222220 3.345106e+11 3.813130e+05 8.574479e+05 
233331 3.345106e+11 5.643185e+05 9.210431e+05 
244442 3.345106e+11 8.153524e+05 9.786271e+05 
0 3.408221e+11 1.054095e+03 8.450296e+02 
11111 3.408221e+11 2.481124e+05 3.533126e+04 
22222 3.408221e+11 5.231745e+05 6.911007e+04 
33333 3.408221e+11 7.597560e+05 1.376068e+05 
44444 3.408221e+11 9.317325e+05 2.679987e+05 
55555 3.408221e+11 1.170809e+05 2.098976e+05 
66666 3.408221e+11 3.657444e+05 2.231661e+05 
77777 3.408221e+11 6.046350e+05 2.810898e+05 
88888 3.408221e+11 8.123738e+05 4.083950e+05 
99999 3.408221e+11 9.988001e+05 5.817885e+05 
111110 3.408221e+11 2.287785e+05 3.887396e+05 
122221 3.408221e+11 4.545358e+05 4.216612e+05 
133332 3.408221e+11 6.658799e+05 5.115392e+05 
144443 3.408221e+11 8.571086e+05 6.990884e+05 
155554 3.408221e+11 1.059457e+05 5.990012e+05 
166665 3.408221e+11 3.138824e+05 6.108246e+05 
177776 3.408221e+11 5.114452e+05 6.677343e+05 
188887 3.408221e+11 6.928095e+05 7.793177e+05 
199998 3.408221e+11 9.952849e+05 8.805395e+05 
211109 3.408221e+11 2.199544e+05 8.086000e+05 
222220 3.408221e+11 3.806369e+05 8.570438e+05 
233331 3.408221e+11 5.630251e+05 9.208794e+05 
244442 3.408221e+11 8.141751e+05 9.787195e+05 
0 3.471336e+11 1.054106e+03 8.450172e+02 
11111 3.471336e+11 2.484557e+05 3.523429e+04 
22222 3.471336e+11 5.243235e+05 6.893757e+04 
33333 3.471336e+11 7.608588e+05 1.378869e+05 
44444 3.471336e+11 9.321905e+05 2.697888e+05 
55555 3.471336e+11 1.171749e+05 2.096810e+05 
66666 3.471336e+11 3.660863e+05 2.225911e+05 
77777 3.471336e+11 6.051931e+05 2.807259e+05 
88888 3.471336e+11 8.127287e+05 4.088299e+05 
99999 3.471336e+11 9.987966e+05 5.842741e+05 
111110 3.471336e+11 2.288928e+05 3.881300e+05 
122221 3.471336e+11 4.547656e+05 4.209340e+05 
133332 3.471336e+11 6.660181e+05 5.112566e+05 
144443 3.471336e+11 8.565036e+05 7.004994e+05 
155554 3.471336e+11 1.059069e+05 5.986776e+05 
166665 3.471336e+11 3.137737e+05 6.100070e+05 
177776 3.471336e+11 5.112008e+05 6.670037e+05 
188887 3.471336e+11 6.917520e+05 7.792730e+05 
199998 3.471336e+11 9.952511e+05 8.814084e+05 
211109 3.471336e+11 2.198302e+05 8.081543e+05 
222220 3.471336e+11 3.799693e+05 8.566432e+05 
233331 3.471336e+11 5.617451e+05 9.207136e+05 
244442 3.471336e+11 8.129991e+05 9.788103e+05 
0 3.534451e+11 1.054116e+03 8.450048e+02 
11111 3.534451e+11 2.487958e+05 3.513850e+04 
22222 3.534451e+11 5.254638e+05 6.876888e+04 
33333 3.534451e+11 7.619477e+05 1.381655e+05 
44444 3.534451e+11 9.326396e+05 2.715804e+05 
55555 3.534451e+11 1.172654e+05 2.094707e+05 
66666 3.534451e+11 3.664334e+05 2.220280e+05 
77777 3.534451e+11 6.057494e+05 2.803677e+05 
88888 3.534451e+11 8.130779e+05 4.092581e+05 
99999 3.534451e+11 9.987931e+05 5.867327e+05 
111110 3.534451e+11 2.290024e+05 3.875293e+05 
122221 3.534451e+11 4.549942e+05 4.202194e+05 
133332 3.534451e+11 6.661626e+05 5.109723e+05 
144443 3.534451e+11 8.558998e+05 7.018897e+05 
155554 3.534451e+11 1.058651e+05 5.983638e+05 
166665 3.534451e+11 3.136631e+05 6.091923e+05 
177776 3.534451e+11 5.109630e+05 6.662822e+05 
188887 3.534451e+11 6.907116e+05 7.792188e+05 
199998 3.534451e+11 9.952173e+05 8.822649e+05 
211109 3.534451e+11 2.197094e+05 8.077151e+05 
222220 3.534451e+11 3.793115e+05 8.562448e+05 
233331 3.534451e+11 5.604795e+05 9.205468e+05 
244442 3.534451e+11 8.118259e+05 9.788994e+05 
0 3.597566e+11 1.054127e+03 8.449924e+02 
11111 3.597566e+11 2.491347e+05 3.504395e+04 
22222 3.597566e+11 5.265953e+05 6.860334e+04 
33333 3.597566e+11 7.630235e+05 1.384433e+05 
44444 3.597566e+11 9.330803e+05 2.733738e+05 
55555 3.597566e+11 1.173573e+05 2.092613e+05 
66666 3.597566e+11 3.667710e+05 2.214794e+05 
77777 3.597566e+11 6.063047e+05 2.800080e+05 
88888 3.597566e+11 8.134166e+05 4.096814e+05 
99999 3.597566e+11 9.987895e+05 5.891650e+05 
111110 3.597566e+11 2.291100e+05 3.869365e+05 
122221 3.597566e+11 4.552229e+05 4.195221e+05 
133332 3.597566e+11 6.663044e+05 5.106916e+05 
144443 3.597566e+11 8.552974e+05 7.032602e+05 
155554 3.597566e+11 1.058284e+05 5.980481e+05 
166665 3.597566e+11 3.135586e+05 6.083875e+05 
177776 3.597566e+11 5.107310e+05 6.655648e+05 
188887 3.597566e+11 6.896797e+05 7.791496e+05 
199998 3.597566e+11 9.951835e+05 8.831097e+05 
211109 3.597566e+11 2.195909e+05 8.072814e+05 
222220 3.597566e+11 3.786627e+05 8.558518e+05 
233331 3.597566e+11 5.592280e+05 9.203781e+05 
244442 3.597566e+11 8.106549e+05 9.789869e+05 
0 3.660682e+11 1.054137e+03 8.449802e+02 
11111 3.660682e+11 2.494700e+05 3.495066e+04 
22222 3.660682e+11 5.277191e+05 6.844165e+04 
33333 3.660682e+11 7.640866e+05 1.387199e+05 
44444 3.660682e+11 9.335118e+05 2.751682e+05 
55555 3.660682e+11 1.174518e+05 2.090527e+05 
66666 3.660682e+11 3.670965e+05 2.209415e+05 
77777 3.660682e+11 6.068514e+05 2.796533e+05 
88888 3.660682e+11 8.137473e+05 4.100972e+05 
99999 3.660682e+11 9.987859e+05 5.915705e+05 
111110 3.660682e+11 2.292162e+05 3.863483e+05 
122221 3.660682e+11 4.554502e+05 4.188286e+05 
133332 3.660682e+11 6.664493e+05 5.104087e+05 
144443 3.660682e+11 8.546963e+05 7.046097e+05 
155554 3.660682e+11 1.057870e+05 5.977376e+05 
166665 3.660682e+11 3.134595e+05 6.075951e+05 
177776 3.660682e+11 5.105074e+05 6.648534e+05 
188887 3.660682e+11 6.886670e+05 7.790713e+05 
199998 3.660682e+11 9.951498e+05 8.839423e+05 
211109 3.660682e+11 2.194754e+05 8.068514e+05 
222220 3.660682e+11 3.780221e+05 8.554637e+05 
233331 3.660682e+11 5.579917e+05 9.202088e+05 
244442 3.660682e+11 8.094876e+05 9.790726e+05 
0 3.723797e+11 1.054147e+03 8.449680e+02 
11111 3.723797e+11 2.498009e+05 3.485868e+04 
22222 3.723797e+11 5.288346e+05 6.828337e+04 
33333 3.723797e+11 7.651360e+05 1.389952e+05 
44444 3.723797e+11 9.339345e+05 2.769633e+05 
55555 3.723797e+11 1.175434e+05 2.088468e+05 
66666 3.723797e+11 3.674252e+05 2.204243e+05 
77777 3.723797e+11 6.073927e+05 2.792990e+05 
88888 3.723797e+11 8.140760e+05 4.105026e+05 
99999 3.723797e+11 9.987822e+05 5.939497e+05 
111110 3.723797e+11 2.293218e+05 3.857698e+05 
122221 3.723797e+11 4.556806e+05 4.181484e+05 
133332 3.723797e+11 6.665966e+05 5.101295e+05 
144443 3.723797e+11 8.540973e+05 7.059398e+05 
155554 3.723797e+11 1.057483e+05 5.974286e+05 
166665 3.723797e+11 3.133589e+05 6.068055e+05 
177776 3.723797e+11 5.102905e+05 6.641492e+05 
188887 3.723797e+11 6.876662e+05 7.789847e+05 
199998 3.723797e+11 9.951160e+05 8.847636e+05 
211109 3.723797e+11 2.193622e+05 8.064266e+05 
222220 3.723797e+11 3.773900e+05 8.550777e+05 
233331 3.723797e+11 5.567689e+05 9.200387e+05 
244442 3.723797e+11 8.083226e+05 9.791568e+05 
0 3.786912e+11 1.054157e+03 8.449560e+02 
11111 3.786912e+11 2.501292e+05 3.476748e+04 
22222 3.786912e+11 5.299415e+05 6.812805e+04 
33333 3.786912e+11 7.661731e+05 1.392689e+05 
44444 3.786912e+11 9.343491e+05 2.787593e+05 
55555 3.786912e+11 1.176360e+05 2.086439e+05 
66666 3.786912e+11 3.677545e+05 2.199105e+05 
77777 3.786912e+11 6.079252e+05 2.789447e+05 
88888 3.786912e+11 8.144020e+05 4.109009e+05 
99999 3.786912e+11 9.987785e+05 5.963029e+05 
111110 3.786912e+11 2.294250e+05 3.851999e+05 
122221 3.786912e+11 4.559041e+05 4.174750e+05 
133332 3.786912e+11 6.667424e+05 5.098477e+05 
144443 3.786912e+11 8.534999e+05 7.072512e+05 
155554 3.786912e+11 1.057087e+05 5.971251e+05 
166665 3.786912e+11 3.132635e+05 6.060312e+05 
177776 3.786912e+11 5.100788e+05 6.634524e+05 
188887 3.786912e+11 6.866806e+05 7.788988e+05 
199998 3.786912e+11 9.950822e+05 8.855736e+05 
211109 3.786912e+11 2.192519e+05 8.060078e+05 
222220 3.786912e+11 3.767667e+05 8.546941e+05 
233331 3.786912e+11 5.555589e+05 9.198675e+05 
244442 3.786912e+11 8.071603e+05 9.792395e+05 
0 3.850027e+11 1.054168e+03 8.449440e+02 
11111 3.850027e+11 2.504549e+05 3.467711e+04 
22222 3.850027e+11 5.310410e+05 6.797522e+04 
33333 3.850027e+11 7.671983e+05 1.395415e+05 
44444 3.850027e+11 9.347550e+05 2.805568e+05 
55555 3.850027e+11 1.177291e+05 2.084434e+05 
66666 3.850027e+11 3.680722e+05 2.193976e+05 
77777 3.850027e+11 6.084527e+05 2.785922e+05 
88888 3.850027e+11 8.147205e+05 4.112863e+05 
99999 3.850027e+11 9.987747e+05 5.986304e+05 
111110 3.850027e+11 2.295242e+05 3.846356e+05 
122221 3.850027e+11 4.561337e+05 4.168049e+05 
133332 3.850027e+11 6.668906e+05 5.095621e+05 
144443 3.850027e+11 8.529039e+05 7.085434e+05 
155554 3.850027e+11 1.056693e+05 5.968212e+05 
166665 3.850027e+11 3.131715e+05 6.052658e+05 
177776 3.850027e+11 5.098687e+05 6.627635e+05 
188887 3.850027e+11 6.857108e+05 7.788106e+05 
199998 3.850027e+11 9.950485e+05 8.863721e+05 
211109 3.850027e+11 2.191445e+05 8.055926e+05 
222220 3.850027e+11 3.761519e+05 8.543168e+05 
233331 3.850027e+11 5.543641e+05 9.196952e+05 
244442 3.850027e+11 8.060013e+05 9.793207e+05 
0 3.913142e+11 1.054178e+03 8.449321e+02 
11111 3.913142e+11 2.507777e+05 3.458786e+04 
22222 3.913142e+11 5.321328e+05 6.782552e+04 
33333 3.913142e+11 7.682110e+05 1.398133e+05 
44444 3.913142e+11 9.351517e+05 2.823546e+05 
55555 3.913142e+11 1.178225e+05 2.082454e+05 
66666 3.913142e+11 3.683885e+05 2.189012e+05 
77777 3.913142e+11 6.089725e+05 2.782408e+05 
88888 3.913142e+11 8.150433e+05 4.116633e+05 
99999 3.913142e+11 9.987709e+05 6.009321e+05 
111110 3.913142e+11 2.296211e+05 3.840820e+05 
122221 3.913142e+11 4.563580e+05 4.161497e+05 
133332 3.913142e+11 6.670448e+05 5.092807e+05 
144443 3.913142e+11 8.523097e+05 7.098167e+05 
155554 3.913142e+11 1.056322e+05 5.965253e+05 
166665 3.913142e+11 3.130849e+05 6.045075e+05 
177776 3.913142e+11 5.096703e+05 6.620805e+05 
188887 3.913142e+11 6.847558e+05 7.787274e+05 
199998 3.913142e+11 9.950147e+05 8.871596e+05 
211109 3.913142e+11 2.190396e+05 8.051824e+05 
222220 3.913142e+11 3.755454e+05 8.539423e+05 
233331 3.913142e+11 5.531823e+05 9.195222e+05 
244442 3.913142e+11 8.048454e+05 9.794003e+05 
0 3.976258e+11 1.054188e+03 8.449204e+02 
11111 3.976258e+11 2.510981e+05 3.449922e+04 
22222 3.976258e+11 5.332185e+05 6.767898e+04 
33333 3.976258e+11 7.692129e+05 1.400833e+05 
44444 3.976258e+11 9.355398e+05 2.841547e+05 
55555 3.976258e+11 1.179160e+05 2.080469e+05 
66666 3.976258e+11 3.687056e+05 2.184096e+05 
77777 3.976258e+11 6.094835e+05 2.778893e+05 
88888 3.976258e+11 8.153553e+05 4.120343e+05 
99999 3.976258e+11 9.987671e+05 6.032102e+05 
111110 3.976258e+11 2.297185e+05 3.835368e+05 
122221 3.976258e+11 4.565790e+05 4.155022e+05 
133332 3.976258e+11 6.671976e+05 5.089991e+05 
144443 3.976258e+11 8.517164e+05 7.110729e+05 
155554 3.976258e+11 1.055940e+05 5.962272e+05 
166665 3.976258e+11 3.130058e+05 6.037681e+05 
177776 3.976258e+11 5.094760e+05 6.614024e+05 
188887 3.976258e+11 6.838178e+05 7.786462e+05 
199998 3.976258e+11 9.949809e+05 8.879366e+05 
211109 3.976258e+11 2.189370e+05 8.047777e+05 
222220 3.976258e+11 3.749464e+05 8.535684e+05 
233331 3.976258e+11 5.520125e+05 9.193490e+05 
244442 3.976258e+11 8.036917e+05 9.794786e+05 
0 4.039373e+11 1.054198e+03 8.449087e+02 
11111 4.039373e+11 2.514167e+05 3.441116e+04 
22222 4.039373e+11 5.342966e+05 6.753434e+04 
33333 4.039373e+11 7.702031e+05 1.403523e+05 
44444 4.039373e+11 9.359192e+05 2.859551e+05 
55555 4.039373e+11 1.180088e+05 2.078508e+05 
66666 4.039373e+11 3.690260e+05 2.179205e+05 
77777 4.039373e+11 6.099895e+05 2.775434e+05 
88888 4.039373e+11 8.156651e+05 4.123981e+05 
99999 4.039373e+11 9.987632e+05 6.054626e+05 
111110 4.039373e+11 2.298080e+05 3.829974e+05 
122221 4.039373e+11 4.568015e+05 4.148535e+05 
133332 4.039373e+11 6.673529e+05 5.087169e+05 
144443 4.039373e+11 8.511252e+05 7.123103e+05 
155554 4.039373e+11 1.055539e+05 5.959336e+05 
166665 4.039373e+11 3.129245e+05 6.030359e+05 
177776 4.039373e+11 5.092782e+05 6.607342e+05 
188887 4.039373e+11 6.828936e+05 7.785699e+05 
199998 4.039373e+11 9.949472e+05 8.887028e+05 
211109 4.039373e+11 2.188379e+05 8.043772e+05 
222220 4.039373e+11 3.743562e+05 8.531986e+05 
233331 4.039373e+11 5.508571e+05 9.191753e+05 
244442 4.039373e+11 8.025415e+05 9.795554e+05 
0 4.102488e+11 1.054208e+03 8.448970e+02 
11111 4.102488e+11 2.517337e+05 3.432382e+04 
22222 4.102488e+11 5.353674e+05 6.739227e+04 
33333 4.102488e+11 7.711823e+05 1.406199e+05 
44444 4.102488e+11 9.362903e+05 2.877562e+05 
55555 4.102488e+11 1.180991e+05 2.076565e+05 
66666 4.102488e+11 3.693371e+05 2.174366e+05 
77777 4.102488e+11 6.104862e+05 2.771981e+05 
88888 4.102488e+11 8.159645e+05 4.127584e+05 
99999 4.102488e+11 9.987593e+05 6.076901e+05 
111110 4.102488e+11 2.298964e+05 3.824726e+05 
122221 4.102488e+11 4.570218e+05 4.142230e+05 
133332 4.102488e+11 6.675052e+05 5.084341e+05 
144443 4.102488e+11 8.505357e+05 7.135298e+05 
155554 4.102488e+11 1.055170e+05 5.956449e+05 
166665 4.102488e+11 3.128469e+05 6.023114e+05 
177776 4.102488e+11 5.090859e+05 6.600763e+05 
188887 4.102488e+11 6.819757e+05 7.785026e+05 
199998 4.102488e+11 9.949135e+05 8.894585e+05 
211109 4.102488e+11 2.187413e+05 8.039797e+05 
222220 4.102488e+11 3.737741e+05 8.528343e+05 
233331 4.102488e+11 5.497159e+05 9.190011e+05 
244442 4.102488e+11 8.013950e+05 9.796307e+05 
0 4.165603e+11 1.054217e+03 8.448854e+02 
11111 4.165603e+11 2.520475e+05 3.423744e+04 
22222 4.165603e+11 5.364318e+05 6.725319e+04 
33333 4.165603e+11 7.721500e+05 1.408860e+05 
44444 4.165603e+11 9.366530e+05 2.895573e+05 
55555 4.165603e+11 1.181894e+05 2.074648e+05 
66666 4.165603e+11 3.696448e+05 2.169651e+05 
77777 4.165603e+11 6.109751e+05 2.768529e+05 
88888 4.165603e+11 8.162639e+05 4.131084e+05 
99999 4.165603e+11 9.987554e+05 6.098930e+05 
111110 4.165603e+11 2.299864e+05 3.819536e+05 
122221 4.165603e+11 4.572427e+05 4.135972e+05 
133332 4.165603e+11 6.676594e+05 5.081523e+05 
144443 4.165603e+11 8.499483e+05 7.147318e+05 
155554 4.165603e+11 1.054801e+05 5.953549e+05 
166665 4.165603e+11 3.127794e+05 6.016046e+05 
177776 4.165603e+11 5.089006e+05 6.594248e+05 
188887 4.165603e+11 6.810752e+05 7.784358e+05 
199998 4.165603e+11 9.948797e+05 8.902040e+05 
211109 4.165603e+11 2.186468e+05 8.035868e+05 
222220 4.165603e+11 3.731996e+05 8.524723e+05 
233331 4.165603e+11 5.485871e+05 9.188267e+05 
244442 4.165603e+11 8.002515e+05 9.797046e+05 
0 4.228718e+11 1.054227e+03 8.448738e+02 
11111 4.228718e+11 2.523596e+05 3.415191e+04 
22222 4.228718e+11 5.374899e+05 6.711628e+04 
33333 4.228718e+11 7.731078e+05 1.411501e+05 
44444 4.228718e+11 9.370071e+05 2.913597e+05 
55555 4.228718e+11 1.182806e+05 2.072748e+05 
66666 4.228718e+11 3.699555e+05 2.164957e+05 
77777 4.228718e+11 6.114588e+05 2.765126e+05 
88888 4.228718e+11 8.165527e+05 4.134547e+05 
99999 4.228718e+11 9.987514e+05 6.120729e+05 
111110 4.228718e+11 2.300697e+05 3.814412e+05 
122221 4.228718e+11 4.574598e+05 4.129772e+05 
133332 4.228718e+11 6.678146e+05 5.078694e+05 
144443 4.228718e+11 8.493624e+05 7.159178e+05 
155554 4.228718e+11 1.054423e+05 5.950672e+05 
166665 4.228718e+11 3.127165e+05 6.009138e+05 
177776 4.228718e+11 5.087207e+05 6.587718e+05 
188887 4.228718e+11 6.801847e+05 7.783682e+05 
199998 4.228718e+11 9.948460e+05 8.909399e+05 
211109 4.228718e+11 2.185553e+05 8.031995e+05 
222220 4.228718e+11 3.726327e+05 8.521112e+05 
233331 4.228718e+11 5.474702e+05 9.186519e+05 
244442 4.228718e+11 7.991104e+05 9.797772e+05 
0 4.291834e+11 1.054237e+03 8.448624e+02 
11111 4.291834e+11 2.526698e+05 3.406650e+04 
22222 4.291834e+11 5.385408e+05 6.698114e+04 
33333 4.291834e+11 7.740556e+05 1.414132e+05 
44444 4.291834e+11 9.373527e+05 2.931630e+05 
55555 4.291834e+11 1.183697e+05 2.070846e+05 
66666 4.291834e+11 3.702576e+05 2.160305e+05 
77777 4.291834e+11 6.119353e+05 2.761741e+05 
88888 4.291834e+11 8.168380e+05 4.137951e+05 
99999 4.291834e+11 9.987473e+05 6.142291e+05 
111110 4.291834e+11 2.301515e+05 3.809415e+05 
122221 4.291834e+11 4.576788e+05 4.123664e+05 
133332 4.291834e+11 6.679714e+05 5.075880e+05 
144443 4.291834e+11 8.487779e+05 7.170871e+05 
155554 4.291834e+11 1.054043e+05 5.947862e+05 
166665 4.291834e+11 3.126524e+05 6.002250e+05 
177776 4.291834e+11 5.085471e+05 6.581206e+05 
188887 4.291834e+11 6.793038e+05 7.782998e+05 
199998 4.291834e+11 9.948123e+05 8.916656e+05 
211109 4.291834e+11 2.184662e+05 8.028149e+05 
222220 4.291834e+11 3.720730e+05 8.517546e+05 
233331 4.291834e+11 5.463655e+05 9.184768e+05 
244442 4.291834e+11 7.979732e+05 9.798484e+05 
0 4.354949e+11 1.054247e+03 8.448510e+02 
11111 4.354949e+11 2.529783e+05 3.398194e+04 
22222 4.354949e+11 5.395852e+05 6.684840e+04 
33333 4.354949e+11 7.749933e+05 1.416748e+05 
44444 4.354949e+11 9.376901e+05 2.949666e+05 
55555 4.354949e+11 1.184574e+05 2.068977e+05 
66666 4.354949e+11 3.705563e+05 2.155725e+05 
77777 4.354949e+11 6.124082e+05 2.758387e+05 
88888 4.354949e+11 8.171143e+05 4.141330e+05 
99999 4.354949e+11 9.987433e+05 6.163620e+05 
111110 4.354949e+11 2.302305e+05 3.804481e+05 
122221 4.354949e+11 4.578908e+05 4.117630e+05 
133332 4.354949e+11 6.681314e+05 5.073036e+05 
144443 4.354949e+11 8.481953e+05 7.182401e+05 
155554 4.354949e+11 1.053674e+05 5.945078e+05 
166665 4.354949e+11 3.125982e+05 5.995521e+05 
177776 4.354949e+11 5.083845e+05 6.574744e+05 
188887 4.354949e+11 6.784316e+05 7.782210e+05 
199998 4.354949e+11 9.947786e+05 8.923819e+05 
211109 4.354949e+11 2.183795e+05 8.024338e+05 
222220 4.354949e+11 3.715216e+05 8.514037e+05 
233331 4.354949e+11 5.452749e+05 9.183012e+05 
244442 4.354949e+11 7.968394e+05 9.799181e+05 
0 4.418064e+11 1.054257e+03 8.448397e+02 
11111 4.418064e+11 2.532851e+05 3.389826e+04 
22222 4.418064e+11 5.406242e+05 6.671757e+04 
33333 4.418064e+11 7.759215e+05 1.419357e+05 
44444 4.418064e+11 9.380189e+05 2.967711e+05 
55555 4.418064e+11 1.185448e+05 2.067112e+05 
66666 4.418064e+11 3.708530e+05 2.151188e+05 
77777 4.418064e+11 6.128703e+05 2.755054e+05 
88888 4.418064e+11 8.173840e+05 4.144716e+05 
99999 4.418064e+11 9.987392e+05 6.184725e+05 
111110 4.418064e+11 2.303081e+05 3.799621e+05 
122221 4.418064e+11 4.581022e+05 4.111661e+05 
133332 4.418064e+11 6.682893e+05 5.070264e+05 
144443 4.418064e+11 8.476141e+05 7.193773e+05 
155554 4.418064e+11 1.053294e+05 5.942288e+05 
166665 4.418064e+11 3.125423e+05 5.988820e+05 
177776 4.418064e+11 5.082237e+05 6.568262e+05 
188887 4.418064e+11 6.775705e+05 7.781226e+05 
199998 4.418064e+11 9.947449e+05 8.930887e+05 
211109 4.418064e+11 2.182956e+05 8.020567e+05 
222220 4.418064e+11 3.709776e+05 8.510538e+05 
233331 4.418064e+11 5.441955e+05 9.181256e+05 
244442 4.418064e+11 7.957087e+05 9.799866e+05 
0 4.481179e+11 1.054266e+03 8.448284e+02 
11111 4.481179e+11 2.535894e+05 3.381510e+04 
22222 4.481179e+11 5.416558e+05 6.658839e+04 
33333 4.481179e+11 7.768394e+05 1.421958e+05 
44444 4.481179e+11 9.383392e+05 2.985752e+05 
55555 4.481179e+11 1.186272e+05 2.065296e+05 
66666 4.481179e+11 3.711487e+05 2.146720e+05 
77777 4.481179e+11 6.133245e+05 2.751780e+05 
88888 4.481179e+11 8.176439e+05 4.148083e+05 
99999 4.481179e+11 9.987351e+05 6.205595e+05 
111110 4.481179e+11 2.303830e+05 3.794838e+05 
122221 4.481179e+11 4.583164e+05 4.105809e+05 
133332 4.481179e+11 6.684488e+05 5.067479e+05 
144443 4.481179e+11 8.470349e+05 7.204982e+05 
155554 4.481179e+11 1.052927e+05 5.939553e+05 
166665 4.481179e+11 3.124849e+05 5.982186e+05 
177776 4.481179e+11 5.080711e+05 6.561779e+05 
188887 4.481179e+11 6.767259e+05 7.780108e+05 
199998 4.481179e+11 9.947112e+05 8.937862e+05 
211109 4.481179e+11 2.182155e+05 8.016846e+05 
222220 4.481179e+11 3.704425e+05 8.507048e+05 
233331 4.481179e+11 5.431285e+05 9.179498e+05 
244442 4.481179e+11 7.945817e+05 9.800538e+05 
0 4.544294e+11 1.054276e+03 8.448173e+02 
11111 4.544294e+11 2.538929e+05 3.373233e+04 
22222 4.544294e+11 5.426818e+05 6.646120e+04 
33333 4.544294e+11 7.777487e+05 1.424547e+05 
44444 4.544294e+11 9.386511e+05 3.003800e+05 
55555 4.544294e+11 1.187110e+05 2.063484e+05 
66666 4.544294e+11 3.714427e+05 2.142263e+05 
77777 4.544294e+11 6.137747e+05 2.748514e+05 
88888 4.544294e+11 8.178995e+05 4.151442e+05 
99999 4.544294e+11 9.987310e+05 6.226250e+05 
111110 4.544294e+11 2.304592e+05 3.790109e+05 
122221 4.544294e+11 4.585227e+05 4.100046e+05 
133332 4.544294e+11 6.686057e+05 5.064648e+05 
144443 4.544294e+11 8.464572e+05 7.216038e+05 
155554 4.544294e+11 1.052563e+05 5.936842e+05 
166665 4.544294e+11 3.124324e+05 5.975607e+05 
177776 4.544294e+11 5.079275e+05 6.555322e+05 
188887 4.544294e+11 6.758867e+05 7.778866e+05 
199998 4.544294e+11 9.946775e+05 8.944745e+05 
211109 4.544294e+11 2.181380e+05 8.013156e+05 
222220 4.544294e+11 3.699143e+05 8.503611e+05 
233331 4.544294e+11 5.420740e+05 9.177736e+05 
244442 4.544294e+11 7.934581e+05 9.801197e+05 
0 4.607410e+11 1.054285e+03 8.448061e+02 
11111 4.607410e+11 2.541953e+05 3.365017e+04 
22222 4.607410e+11 5.437014e+05 6.633573e+04 
33333 4.607410e+11 7.786479e+05 1.427123e+05 
44444 4.607410e+11 9.389541e+05 3.021839e+05 
55555 4.607410e+11 1.187963e+05 2.061670e+05 
66666 4.607410e+11 3.717304e+05 2.137811e+05 
77777 4.607410e+11 6.142144e+05 2.745304e+05 
88888 4.607410e+11 8.181503e+05 4.154759e+05 
99999 4.607410e+11 9.987268e+05 6.246672e+05 
111110 4.607410e+11 2.305317e+05 3.785421e+05 
122221 4.607410e+11 4.587308e+05 4.094273e+05 
133332 4.607410e+11 6.687657e+05 5.061815e+05 
144443 4.607410e+11 8.458816e+05 7.226934e+05 
155554 4.607410e+11 1.052195e+05 5.934224e+05 
166665 4.607410e+11 3.123774e+05 5.968993e+05 
177776 4.607410e+11 5.077823e+05 6.549002e+05 
188887 4.607410e+11 6.750651e+05 7.777403e+05 
199998 4.607410e+11 9.946439e+05 8.951534e+05 
211109 4.607410e+11 2.180637e+05 8.009490e+05 
222220 4.607410e+11 3.693943e+05 8.500227e+05 
233331 4.607410e+11 5.410324e+05 9.175968e+05 
244442 4.607410e+11 7.923388e+05 9.801843e+05 
0 4.670525e+11 1.054295e+03 8.447950e+02 
11111 4.670525e+11 2.544956e+05 3.356894e+04 
22222 4.670525e+11 5.447167e+05 6.621238e+04 
33333 4.670525e+11 7.795389e+05 1.429691e+05 
44444 4.670525e+11 9.392486e+05 3.039886e+05 
55555 4.670525e+11 1.188771e+05 2.059911e+05 
66666 4.670525e+11 3.720149e+05 2.133488e+05 
77777 4.670525e+11 6.146517e+05 2.742119e+05 
88888 4.670525e+11 8.183955e+05 4.158001e+05 
99999 4.670525e+11 9.987226e+05 6.266883e+05 
111110 4.670525e+11 2.306092e+05 3.780741e+05 
122221 4.670525e+11 4.589355e+05 4.088710e+05 
133332 4.670525e+11 6.689265e+05 5.059019e+05 
144443 4.670525e+11 8.453073e+05 7.237687e+05 
155554 4.670525e+11 1.051833e+05 5.931600e+05 
166665 4.670525e+11 3.123204e+05 5.962411e+05 
177776 4.670525e+11 5.076419e+05 6.542642e+05 
188887 4.670525e+11 6.742527e+05 7.775791e+05 
199998 4.670525e+11 9.946102e+05 8.958235e+05 
211109 4.670525e+11 2.179905e+05 8.005857e+05 
222220 4.670525e+11 3.688811e+05 8.496869e+05 
233331 4.670525e+11 5.400020e+05 9.174201e+05 
244442 4.670525e+11 7.912230e+05 9.802476e+05 
0 4.733640e+11 1.054305e+03 8.447839e+02 
11111 4.733640e+11 2.547950e+05 3.348818e+04 
22222 4.733640e+11 5.457259e+05 6.609035e+04 
33333 4.733640e+11 7.804215e+05 1.432257e+05 
44444 4.733640e+11 9.395347e+05 3.057929e+05 
55555 4.733640e+11 1.189580e+05 2.058162e+05 
66666 4.733640e+11 3.722985e+05 2.129167e+05 
77777 4.733640e+11 6.150788e+05 2.739031e+05 
88888 4.733640e+11 8.186361e+05 4.161283e+05 
99999 4.733640e+11 9.987184e+05 6.286876e+05 
111110 4.733640e+11 2.306893e+05 3.776142e+05 
122221 4.733640e+11 4.591400e+05 4.083139e+05 
133332 4.733640e+11 6.690839e+05 5.056179e+05 
144443 4.733640e+11 8.447352e+05 7.248295e+05 
155554 4.733640e+11 1.051488e+05 5.928944e+05 
166665 4.733640e+11 3.122712e+05 5.955931e+05 
177776 4.733640e+11 5.075185e+05 6.536258e+05 
188887 4.733640e+11 6.734494e+05 7.774114e+05 
199998 4.733640e+11 9.945766e+05 8.964851e+05 
211109 4.733640e+11 2.179194e+05 8.002258e+05 
222220 4.733640e+11 3.683735e+05 8.493513e+05 
233331 4.733640e+11 5.389815e+05 9.172440e+05 
244442 4.733640e+11 7.901105e+05 9.803098e+05 
0 4.796755e+11 1.054314e+03 8.447731e+02 
11111 4.796755e+11 2.550929e+05 3.340780e+04 
22222 4.796755e+11 5.467292e+05 6.596962e+04 
33333 4.796755e+11 7.812951e+05 1.434812e+05 
44444 4.796755e+11 9.398126e+05 3.075964e+05 
55555 4.796755e+11 1.190363e+05 2.056420e+05 
66666 4.796755e+11 3.725797e+05 2.124940e+05 
77777 4.796755e+11 6.155045e+05 2.735956e+05 
88888 4.796755e+11 8.188702e+05 4.164562e+05 
99999 4.796755e+11 9.987142e+05 6.306661e+05 
111110 4.796755e+11 2.307653e+05 3.771553e+05 
122221 4.796755e+11 4.593436e+05 4.077612e+05 
133332 4.796755e+11 6.692409e+05 5.053451e+05 
144443 4.796755e+11 8.441649e+05 7.258762e+05 
155554 4.796755e+11 1.051147e+05 5.926386e+05 
166665 4.796755e+11 3.122177e+05 5.949478e+05 
177776 4.796755e+11 5.073920e+05 6.529934e+05 
188887 4.796755e+11 6.726604e+05 7.772371e+05 
199998 4.796755e+11 9.945429e+05 8.971384e+05 
211109 4.796755e+11 2.178509e+05 7.998690e+05 
222220 4.796755e+11 3.678731e+05 8.490194e+05 
233331 4.796755e+11 5.379721e+05 9.170677e+05 
244442 4.796755e+11 7.890015e+05 9.803708e+05 
0 4.859870e+11 1.054323e+03 8.447623e+02 
11111 4.859870e+11 2.553895e+05 3.332800e+04 
22222 4.859870e+11 5.477265e+05 6.585069e+04 
33333 4.859870e+11 7.821601e+05 1.437352e+05 
44444 4.859870e+11 9.400822e+05 3.093987e+05 
55555 4.859870e+11 1.191137e+05 2.054716e+05 
66666 4.859870e+11 3.728482e+05 2.120695e+05 
77777 4.859870e+11 6.159205e+05 2.732933e+05 
88888 4.859870e+11 8.191028e+05 4.167856e+05 
99999 4.859870e+11 9.987099e+05 6.326229e+05 
111110 4.859870e+11 2.308357e+05 3.767039e+05 
122221 4.859870e+11 4.595401e+05 4.072223e+05 
133332 4.859870e+11 6.694034e+05 5.050637e+05 
144443 4.859870e+11 8.435963e+05 7.269081e+05 
155554 4.859870e+11 1.050794e+05 5.923864e+05 
166665 4.859870e+11 3.121621e+05 5.943144e+05 
177776 4.859870e+11 5.072804e+05 6.523611e+05 
188887 4.859870e+11 6.718825e+05 7.770448e+05 
199998 4.859870e+11 9.945093e+05 8.977829e+05 
211109 4.859870e+11 2.177857e+05 7.995145e+05 
222220 4.859870e+11 3.673803e+05 8.486930e+05 
233331 4.859870e+11 5.369749e+05 9.168915e+05 
244442 4.859870e+11 7.878972e+05 9.804305e+05 
0 4.922986e+11 1.054332e+03 8.447516e+02 
11111 4.922986e+11 2.556845e+05 3.324887e+04 
22222 4.922986e+11 5.487189e+05 6.573324e+04 
33333 4.922986e+11 7.830175e+05 1.439892e+05 
44444 4.922986e+11 9.403440e+05 3.112007e+05 
55555 4.922986e+11 1.191892e+05 2.053020e+05 
66666 4.922986e+11 3.731192e+05 2.116517e+05 
77777 4.922986e+11 6.163312e+05 2.729948e+05 
88888 4.922986e+11 8.193351e+05 4.171164e+05 
99999 4.922986e+11 9.987056e+05 6.345602e+05 
111110 4.922986e+11 2.309106e+05 3.762545e+05 
122221 4.922986e+11 4.597373e+05 4.066941e+05 
133332 4.922986e+11 6.695594e+05 5.047865e+05 
144443 4.922986e+11 8.430291e+05 7.279269e+05 
155554 4.922986e+11 1.050434e+05 5.921382e+05 
166665 4.922986e+11 3.121065e+05 5.936761e+05 
177776 4.922986e+11 5.071765e+05 6.517373e+05 
188887 4.922986e+11 6.711159e+05 7.768530e+05 
199998 4.922986e+11 9.944757e+05 8.984196e+05 
211109 4.922986e+11 2.177226e+05 7.991616e+05 
222220 4.922986e+11 3.668932e+05 8.483715e+05 
233331 4.922986e+11 5.359879e+05 9.167146e+05 
244442 4.922986e+11 7.867960e+05 9.804891e+05 
0 4.986101e+11 1.054342e+03 8.447409e+02 
11111 4.986101e+11 2.559785e+05 3.317030e+04 
22222 4.986101e+11 5.497056e+05 6.561745e+04 
33333 4.986101e+11 7.838674e+05 1.442420e+05 
44444 4.986101e+11 9.405976e+05 3.130020e+05 
55555 4.986101e+11 1.192624e+05 2.051329e+05 
66666 4.986101e+11 3.733909e+05 2.112385e+05 
77777 4.986101e+11 6.167381e+05 2.727010e+05 
88888 4.986101e+11 8.195583e+05 4.174431e+05 
99999 4.986101e+11 9.987013e+05 6.364776e+05 
111110 4.986101e+11 2.309846e+05 3.758130e+05 
122221 4.986101e+11 4.599342e+05 4.061655e+05 
133332 4.986101e+11 6.697203e+05 5.045134e+05 
144443 4.986101e+11 8.424639e+05 7.289324e+05 
155554 4.986101e+11 1.050102e+05 5.918936e+05 
166665 4.986101e+11 3.120531e+05 5.930423e+05 
177776 4.986101e+11 5.070743e+05 6.511129e+05 
188887 4.986101e+11 6.703575e+05 7.766563e+05 
199998 4.986101e+11 9.944421e+05 8.990484e+05 
211109 4.986101e+11 2.176614e+05 7.988097e+05 
222220 4.986101e+11 3.664118e+05 8.480541e+05 
233331 4.986101e+11 5.350115e+05 9.165377e+05 
244442 4.986101e+11 7.856978e+05 9.805466e+05 
0 5.049216e+11 1.054351e+03 8.447302e+02 
11111 5.049216e+11 2.562720e+05 3.309228e+04 
22222 5.049216e+11 5.506876e+05 6.550265e+04 
33333 5.049216e+11 7.847098e+05 1.444941e+05 
44444 5.049216e+11 9.408434e+05 3.148028e+05 
55555 5.049216e+11 1.193369e+05 2.049631e+05 
66666 5.049216e+11 3.736544e+05 2.108238e+05 
77777 5.049216e+11 6.171397e+05 2.724140e+05 
88888 5.049216e+11 8.197826e+05 4.177685e+05 
99999 5.049216e+11 9.986970e+05 6.383762e+05 
111110 5.049216e+11 2.310568e+05 3.753691e+05 
122221 5.049216e+11 4.601286e+05 4.056466e+05 
133332 5.049216e+11 6.698808e+05 5.042396e+05 
144443 5.049216e+11 8.419003e+05 7.299260e+05 
155554 5.049216e+11 1.049787e+05 5.916561e+05 
166665 5.049216e+11 3.119964e+05 5.924043e+05 
177776 5.049216e+11 5.069736e+05 6.504968e+05 
188887 5.049216e+11 6.696064e+05 7.764566e+05 
199998 5.049216e+11 9.944085e+05 8.996700e+05 
211109 5.049216e+11 2.176024e+05 7.984595e+05 
222220 5.049216e+11 3.659362e+05 8.477401e+05 
233331 5.049216e+11 5.340438e+05 9.163600e+05 
244442 5.049216e+11 7.846017e+05 9.806031e+05 
0 5.112331e+11 1.054360e+03 8.447196e+02 
11111 5.112331e+11 2.565648e+05 3.301474e+04 
22222 5.112331e+11 5.516649e+05 6.538928e+04 
33333 5.112331e+11 7.855450e+05 1.447456e+05 
44444 5.112331e+11 9.410810e+05 3.166034e+05 
55555 5.112331e+11 1.194092e+05 2.047980e+05 
66666 5.112331e+11 3.739120e+05 2.104148e+05 
77777 5.112331e+11 6.175340e+05 2.721329e+05 
88888 5.112331e+11 8.200031e+05 4.180928e+05 
99999 5.112331e+11 9.986927e+05 6.402567e+05 
111110 5.112331e+11 2.311266e+05 3.749297e+05 
122221 5.112331e+11 4.603238e+05 4.051372e+05 
133332 5.112331e+11 6.700436e+05 5.039661e+05 
144443 5.112331e+11 8.413377e+05 7.309072e+05 
155554 5.112331e+11 1.049469e+05 5.914212e+05 
166665 5.112331e+11 3.119404e+05 5.917766e+05 
177776 5.112331e+11 5.068821e+05 6.498779e+05 
188887 5.112331e+11 6.688658e+05 7.762484e+05 
199998 5.112331e+11 9.943748e+05 9.002843e+05 
211109 5.112331e+11 2.175455e+05 7.981116e+05 
222220 5.112331e+11 3.654667e+05 8.474316e+05 
233331 5.112331e+11 5.330873e+05 9.161821e+05 
244442 5.112331e+11 7.835090e+05 9.806585e+05 
0 5.175446e+11 1.054370e+03 8.447090e+02 
11111 5.175446e+11 2.568558e+05 3.293793e+04 
22222 5.175446e+11 5.526371e+05 6.527758e+04 
33333 5.175446e+11 7.863728e+05 1.449958e+05 
44444 5.175446e+11 9.413113e+05 3.184026e+05 
55555 5.175446e+11 1.194759e+05 2.046330e+05 
66666 5.175446e+11 3.741690e+05 2.100073e+05 
77777 5.175446e+11 6.179233e+05 2.718518e+05 
88888 5.175446e+11 8.202270e+05 4.184175e+05 
99999 5.175446e+11 9.986883e+05 6.421181e+05 
111110 5.175446e+11 2.311981e+05 3.744992e+05 
122221 5.175446e+11 4.605161e+05 4.046273e+05 
133332 5.175446e+11 6.702069e+05 5.036924e+05 
144443 5.175446e+11 8.407770e+05 7.318760e+05 
155554 5.175446e+11 1.049150e+05 5.911905e+05 
166665 5.175446e+11 3.118908e+05 5.911529e+05 
177776 5.175446e+11 5.068009e+05 6.492675e+05 
188887 5.175446e+11 6.681325e+05 7.760412e+05 
199998 5.175446e+11 9.943412e+05 9.008912e+05 
211109 5.175446e+11 2.174904e+05 7.977663e+05 
222220 5.175446e+11 3.650031e+05 8.471275e+05 
233331 5.175446e+11 5.321417e+05 9.160040e+05 
244442 5.175446e+11 7.824195e+05 9.807128e+05 
0 5.238562e+11 1.054379e+03 8.446984e+02 
11111 5.238562e+11 2.571462e+05 3.286168e+04 
22222 5.238562e+11 5.536037e+05 6.516675e+04 
33333 5.238562e+11 7.871929e+05 1.452455e+05 
44444 5.238562e+11 9.415337e+05 3.201996e+05 
55555 5.238562e+11 1.195435e+05 2.044659e+05 
66666 5.238562e+11 3.744265e+05 2.096067e+05 
77777 5.238562e+11 6.183087e+05 2.715818e+05 
88888 5.238562e+11 8.204448e+05 4.187400e+05 
99999 5.238562e+11 9.986840e+05 6.439600e+05 
111110 5.238562e+11 2.312703e+05 3.740696e+05 
122221 5.238562e+11 4.607104e+05 4.041251e+05 
133332 5.238562e+11 6.703644e+05 5.034243e+05 
144443 5.238562e+11 8.402178e+05 7.328318e+05 
155554 5.238562e+11 1.048817e+05 5.909582e+05 
166665 5.238562e+11 3.118389e+05 5.905340e+05 
177776 5.238562e+11 5.067188e+05 6.486624e+05 
188887 5.238562e+11 6.674150e+05 7.758337e+05 
199998 5.238562e+11 9.943075e+05 9.014905e+05 
211109 5.238562e+11 2.174361e+05 7.974222e+05 
222220 5.238562e+11 3.645447e+05 8.468285e+05 
233331 5.238562e+11 5.312060e+05 9.158262e+05 
244442 5.238562e+11 7.813340e+05 9.807661e+05 
0 5.301677e+11 1.054388e+03 8.446878e+02 
11111 5.301677e+11 2.574367e+05 3.278581e+04 
22222 5.301677e+11 5.545657e+05 6.505701e+04 
33333 5.301677e+11 7.880060e+05 1.454949e+05 
44444 5.301677e+11 9.417482e+05 3.219954e+05 
55555 5.301677e+11 1.196084e+05 2.042998e+05 
66666 5.301677e+11 3.746764e+05 2.092090e+05 
77777 5.301677e+11 6.186879e+05 2.713142e+05 
88888 5.301677e+11 8.206652e+05 4.190600e+05 
99999 5.301677e+11 9.986796e+05 6.457842e+05 
111110 5.301677e+11 2.313433e+05 3.736424e+05 
122221 5.301677e+11 4.609039e+05 4.036298e+05 
133332 5.301677e+11 6.705245e+05 5.031600e+05 
144443 5.301677e+11 8.396601e+05 7.337763e+05 
155554 5.301677e+11 1.048508e+05 5.907307e+05 
166665 5.301677e+11 3.117865e+05 5.899150e+05 
177776 5.301677e+11 5.066373e+05 6.480609e+05 
188887 5.301677e+11 6.667025e+05 7.756297e+05 
199998 5.301677e+11 9.942739e+05 9.020830e+05 
211109 5.301677e+11 2.173833e+05 7.970785e+05 
222220 5.301677e+11 3.640907e+05 8.465336e+05 
233331 5.301677e+11 5.302796e+05 9.156482e+05 
244442 5.301677e+11 7.802510e+05 9.808183e+05 
0 5.364792e+11 1.054397e+03 8.446772e+02 
11111 5.364792e+11 2.577257e+05 3.271085e+04 
22222 5.364792e+11 5.555233e+05 6.494863e+04 
33333 5.364792e+11 7.888123e+05 1.457433e+05 
44444 5.364792e+11 9.419559e+05 3.237900e+05 
55555 5.364792e+11 1.196707e+05 2.041384e+05 
66666 5.364792e+11 3.749248e+05 2.088168e+05 
77777 5.364792e+11 6.190622e+05 2.710557e+05 
88888 5.364792e+11 8.208806e+05 4.193878e+05 
99999 5.364792e+11 9.986752e+05 6.475906e+05 
111110 5.364792e+11 2.314162e+05 3.732204e+05 
122221 5.364792e+11 4.610969e+05 4.031365e+05 
133332 5.364792e+11 6.706849e+05 5.028945e+05 
144443 5.364792e+11 8.391038e+05 7.347092e+05 
155554 5.364792e+11 1.048205e+05 5.905069e+05 
166665 5.364792e+11 3.117355e+05 5.893010e+05 
177776 5.364792e+11 5.065658e+05 6.474706e+05 
188887 5.364792e+11 6.659957e+05 7.754270e+05 
199998 5.364792e+11 9.942402e+05 9.026686e+05 
211109 5.364792e+11 2.173320e+05 7.967369e+05 
222220 5.364792e+11 3.636425e+05 8.462430e+05 
233331 5.364792e+11 5.293636e+05 9.154698e+05 
244442 5.364792e+11 7.791714e+05 9.808696e+05 
0 5.427907e+11 1.054407e+03 8.446666e+02 
11111 5.427907e+11 2.580140e+05 3.263647e+04 
22222 5.427907e+11 5.564765e+05 6.484199e+04 
33333 5.427907e+11 7.896119e+05 1.459918e+05 
44444 5.427907e+11 9.421566e+05 3.255832e+05 
55555 5.427907e+11 1.197318e+05 2.039770e+05 
66666 5.427907e+11 3.751674e+05 2.084251e+05 
77777 5.427907e+11 6.194330e+05 2.708032e+05 
88888 5.427907e+11 8.211004e+05 4.197140e+05 
99999 5.427907e+11 9.986708e+05 6.493796e+05 
111110 5.427907e+11 2.314883e+05 3.728033e+05 
122221 5.427907e+11 4.612865e+05 4.026459e+05 
133332 5.427907e+11 6.708457e+05 5.026334e+05 
144443 5.427907e+11 8.385489e+05 7.356307e+05 
155554 5.427907e+11 1.047907e+05 5.902843e+05 
166665 5.427907e+11 3.116904e+05 5.886987e+05 
177776 5.427907e+11 5.064966e+05 6.468709e+05 
188887 5.427907e+11 6.652985e+05 7.752219e+05 
199998 5.427907e+11 9.942065e+05 9.032474e+05 
211109 5.427907e+11 2.172824e+05 7.963978e+05 
222220 5.427907e+11 3.631990e+05 8.459544e+05 
233331 5.427907e+11 5.284569e+05 9.152917e+05 
244442 5.427907e+11 7.780950e+05 9.809198e+05 
0 5.491022e+11 1.054416e+03 8.446561e+02 
11111 5.491022e+11 2.583016e+05 3.256249e+04 
22222 5.491022e+11 5.574256e+05 6.473637e+04 
33333 5.491022e+11 7.904049e+05 1.462403e+05 
44444 5.491022e+11 9.423498e+05 3.273744e+05 
55555 5.491022e+11 1.197902e+05 2.038118e+05 
66666 5.491022e+11 3.754125e+05 2.080391e+05 
77777 5.491022e+11 6.197997e+05 2.705583e+05 
88888 5.491022e+11 8.213154e+05 4.200360e+05 
99999 5.491022e+11 9.986663e+05 6.511503e+05 
111110 5.491022e+11 2.315587e+05 3.723854e+05 
122221 5.491022e+11 4.614743e+05 4.021634e+05 
133332 5.491022e+11 6.710007e+05 5.023755e+05 
144443 5.491022e+11 8.379956e+05 7.365403e+05 
155554 5.491022e+11 1.047606e+05 5.900652e+05 
166665 5.491022e+11 3.116456e+05 5.880991e+05 
177776 5.491022e+11 5.064228e+05 6.462859e+05 
188887 5.491022e+11 6.646084e+05 7.750216e+05 
199998 5.491022e+11 9.941729e+05 9.038191e+05 
211109 5.491022e+11 2.172341e+05 7.960610e+05 
222220 5.491022e+11 3.627605e+05 8.456691e+05 
233331 5.491022e+11 5.275600e+05 9.151140e+05 
244442 5.491022e+11 7.770226e+05 9.809690e+05 
0 5.554138e+11 1.054425e+03 8.446455e+02 
11111 5.554138e+11 2.585891e+05 3.248902e+04 
22222 5.554138e+11 5.583708e+05 6.463092e+04 
33333 5.554138e+11 7.911920e+05 1.464893e+05 
44444 5.554138e+11 9.425359e+05 3.291639e+05 
55555 5.554138e+11 1.198462e+05 2.036471e+05 
66666 5.554138e+11 3.756525e+05 2.076574e+05 
77777 5.554138e+11 6.201639e+05 2.703178e+05 
88888 5.554138e+11 8.215347e+05 4.203570e+05 
99999 5.554138e+11 9.986619e+05 6.529036e+05 
111110 5.554138e+11 2.316290e+05 3.719712e+05 
122221 5.554138e+11 4.616617e+05 4.016882e+05 
133332 5.554138e+11 6.711627e+05 5.021162e+05 
144443 5.554138e+11 8.374433e+05 7.374386e+05 
155554 5.554138e+11 1.047277e+05 5.898517e+05 
166665 5.554138e+11 3.115965e+05 5.874986e+05 
177776 5.554138e+11 5.063566e+05 6.457070e+05 
188887 5.554138e+11 6.639266e+05 7.748174e+05 
199998 5.554138e+11 9.941392e+05 9.043838e+05 
211109 5.554138e+11 2.171875e+05 7.957276e+05 
222220 5.554138e+11 3.623285e+05 8.453882e+05 
233331 5.554138e+11 5.266740e+05 9.149359e+05 
244442 5.554138e+11 7.759543e+05 9.810172e+05 
0 5.617253e+11 1.054435e+03 8.446350e+02 
11111 5.617253e+11 2.588760e+05 3.241621e+04 
22222 5.617253e+11 5.593109e+05 6.452696e+04 
33333 5.617253e+11 7.919721e+05 1.467375e+05 
44444 5.617253e+11 9.427148e+05 3.309497e+05 
55555 5.617253e+11 1.199002e+05 2.034833e+05 
66666 5.617253e+11 3.758817e+05 2.072758e+05 
77777 5.617253e+11 6.205161e+05 2.700764e+05 
88888 5.617253e+11 8.217531e+05 4.206706e+05 
99999 5.617253e+11 9.986575e+05 6.546393e+05 
111110 5.617253e+11 2.316958e+05 3.715679e+05 
122221 5.617253e+11 4.618468e+05 4.012131e+05 
133332 5.617253e+11 6.713197e+05 5.018547e+05 
144443 5.617253e+11 8.368923e+05 7.383254e+05 
155554 5.617253e+11 1.046971e+05 5.896431e+05 
166665 5.617253e+11 3.115485e+05 5.869122e+05 
177776 5.617253e+11 5.062948e+05 6.451346e+05 
188887 5.617253e+11 6.632516e+05 7.746131e+05 
199998 5.617253e+11 9.941056e+05 9.049417e+05 
211109 5.617253e+11 2.171415e+05 7.953970e+05 
222220 5.617253e+11 3.619017e+05 8.451108e+05 
233331 5.617253e+11 5.257979e+05 9.147578e+05 
244442 5.617253e+11 7.748903e+05 9.810643e+05 
0 5.680368e+11 1.054444e+03 8.446245e+02 
11111 5.680368e+11 2.591626e+05 3.234381e+04 
22222 5.680368e+11 5.602468e+05 6.442475e+04 
33333 5.680368e+11 7.927461e+05 1.469851e+05 
44444 5.680368e+11 9.428861e+05 3.327336e+05 
55555 5.680368e+11 1.199497e+05 2.033214e+05 
66666 5.680368e+11 3.761107e+05 2.068997e+05 
77777 5.680368e+11 6.208703e+05 2.698342e+05 
88888 5.680368e+11 8.219721e+05 4.209739e+05 
99999 5.680368e+11 9.986530e+05 6.563585e+05 
111110 5.680368e+11 2.317671e+05 3.711631e+05 
122221 5.680368e+11 4.620321e+05 4.007420e+05 
133332 5.680368e+11 6.714755e+05 5.015998e+05 
144443 5.680368e+11 8.363427e+05 7.392014e+05 
155554 5.680368e+11 1.046695e+05 5.894323e+05 
166665 5.680368e+11 3.115096e+05 5.863322e+05 
177776 5.680368e+11 5.062323e+05 6.445608e+05 
188887 5.680368e+11 6.625847e+05 7.744071e+05 
199998 5.680368e+11 9.940719e+05 9.054931e+05 
211109 5.680368e+11 2.170972e+05 7.950686e+05 
222220 5.680368e+11 3.614797e+05 8.448361e+05 
233331 5.680368e+11 5.249313e+05 9.145800e+05 
244442 5.680368e+11 7.738300e+05 9.811106e+05 
0 5.743483e+11 1.054453e+03 8.446140e+02 
11111 5.743483e+11 2.594474e+05 3.227212e+04 
22222 5.743483e+11 5.611786e+05 6.432391e+04 
33333 5.743483e+11 7.935141e+05 1.472319e+05 
44444 5.743483e+11 9.430518e+05 3.345158e+05 
55555 5.743483e+11 1.199963e+05 2.031587e+05 
66666 5.743483e+11 3.763383e+05 2.065262e+05 
77777 5.743483e+11 6.212204e+05 2.695905e+05 
88888 5.743483e+11 8.221912e+05 4.212697e+05 
99999 5.743483e+11 9.986485e+05 6.580618e+05 
111110 5.743483e+11 2.318345e+05 3.707643e+05 
122221 5.743483e+11 4.622195e+05 4.002815e+05 
133332 5.743483e+11 6.716352e+05 5.013449e+05 
144443 5.743483e+11 8.357943e+05 7.400672e+05 
155554 5.743483e+11 1.046389e+05 5.892247e+05 
166665 5.743483e+11 3.114733e+05 5.857565e+05 
177776 5.743483e+11 5.061704e+05 6.439936e+05 
188887 5.743483e+11 6.619295e+05 7.742036e+05 
199998 5.743483e+11 9.940383e+05 9.060384e+05 
211109 5.743483e+11 2.170538e+05 7.947423e+05 
222220 5.743483e+11 3.610622e+05 8.445623e+05 
233331 5.743483e+11 5.240725e+05 9.144026e+05 
244442 5.743483e+11 7.727727e+05 9.811559e+05 
0 5.806598e+11 1.054463e+03 8.446035e+02 
11111 5.806598e+11 2.597326e+05 3.220073e+04 
22222 5.806598e+11 5.621058e+05 6.422401e+04 
33333 5.806598e+11 7.942760e+05 1.474789e+05 
44444 5.806598e+11 9.432104e+05 3.362955e+05 
55555 5.806598e+11 1.200404e+05 2.029968e+05 
66666 5.806598e+11 3.765624e+05 2.061551e+05 
77777 5.806598e+11 6.215642e+05 2.693506e+05 
88888 5.806598e+11 8.224153e+05 4.215682e+05 
99999 5.806598e+11 9.986440e+05 6.597490e+05 
111110 5.806598e+11 2.319035e+05 3.703649e+05 
122221 5.806598e+11 4.624044e+05 3.998303e+05 
133332 5.806598e+11 6.717967e+05 5.010930e+05 
144443 5.806598e+11 8.352470e+05 7.409228e+05 
155554 5.806598e+11 1.046105e+05 5.890183e+05 
166665 5.806598e+11 3.114335e+05 5.851866e+05 
177776 5.806598e+11 5.061071e+05 6.434403e+05 
188887 5.806598e+11 6.612849e+05 7.739972e+05 
199998 5.806598e+11 9.940046e+05 9.065775e+05 
211109 5.806598e+11 2.170119e+05 7.944188e+05 
222220 5.806598e+11 3.606496e+05 8.442899e+05 
233331 5.806598e+11 5.232217e+05 9.142254e+05 
244442 5.806598e+11 7.717189e+05 9.812003e+05 
0 5.869714e+11 1.054472e+03 8.445928e+02 
11111 5.869714e+11 2.600175e+05 3.212992e+04 
22222 5.869714e+11 5.630288e+05 6.412516e+04 
33333 5.869714e+11 7.950326e+05 1.477249e+05 
44444 5.869714e+11 9.433628e+05 3.380733e+05 
55555 5.869714e+11 1.200809e+05 2.028334e+05 
66666 5.869714e+11 3.767819e+05 2.057865e+05 
77777 5.869714e+11 6.219054e+05 2.691034e+05 
88888 5.869714e+11 8.226373e+05 4.218576e+05 
99999 5.869714e+11 9.986395e+05 6.614208e+05 
111110 5.869714e+11 2.319718e+05 3.699735e+05 
122221 5.869714e+11 4.625830e+05 3.993758e+05 
133332 5.869714e+11 6.719544e+05 5.008414e+05 
144443 5.869714e+11 8.347003e+05 7.417675e+05 
155554 5.869714e+11 1.045819e+05 5.888141e+05 
166665 5.869714e+11 3.113945e+05 5.846277e+05 
177776 5.869714e+11 5.060514e+05 6.428929e+05 
188887 5.869714e+11 6.606422e+05 7.737907e+05 
199998 5.869714e+11 9.939710e+05 9.071103e+05 
211109 5.869714e+11 2.169705e+05 7.940996e+05 
222220 5.869714e+11 3.602427e+05 8.440214e+05 
233331 5.869714e+11 5.223808e+05 9.140482e+05 
244442 5.869714e+11 7.706693e+05 9.812438e+05 
0 5.932829e+11 1.054482e+03 8.445823e+02 
11111 5.932829e+11 2.603024e+05 3.205952e+04 
22222 5.932829e+11 5.639481e+05 6.402705e+04 
33333 5.932829e+11 7.957833e+05 1.479713e+05 
44444 5.932829e+11 9.435087e+05 3.398485e+05 
55555 5.932829e+11 1.201206e+05 2.026673e+05 
66666 5.932829e+11 3.769973e+05 2.054192e+05 
77777 5.932829e+11 6.222503e+05 2.688594e+05 
88888 5.932829e+11 8.228528e+05 4.221425e+05 
99999 5.932829e+11 9.986349e+05 6.630765e+05 
111110 5.932829e+11 2.320392e+05 3.695865e+05 
122221 5.932829e+11 4.627630e+05 3.989168e+05 
133332 5.932829e+11 6.721098e+05 5.005935e+05 
144443 5.932829e+11 8.341549e+05 7.426014e+05 
155554 5.932829e+11 1.045542e+05 5.886150e+05 
166665 5.932829e+11 3.113608e+05 5.840783e+05 
177776 5.932829e+11 5.059822e+05 6.423416e+05 
188887 5.932829e+11 6.600182e+05 7.735847e+05 
199998 5.932829e+11 9.939373e+05 9.076367e+05 
211109 5.932829e+11 2.169290e+05 7.937822e+05 
222220 5.932829e+11 3.598392e+05 8.437569e+05 
233331 5.932829e+11 5.215493e+05 9.138717e+05 
244442 5.932829e+11 7.696241e+05 9.812863e+05 
0 5.995944e+11 1.054491e+03 8.445718e+02 
11111 5.995944e+11 2.605860e+05 3.198990e+04 
22222 5.995944e+11 5.648632e+05 6.393019e+04 
33333 5.995944e+11 7.965286e+05 1.482172e+05 
44444 5.995944e+11 9.436480e+05 3.416208e+05 
55555 5.995944e+11 1.201545e+05 2.025037e+05 
66666 5.995944e+11 3.772093e+05 2.050563e+05 
77777 5.995944e+11 6.225920e+05 2.686111e+05 
88888 5.995944e+11 8.230686e+05 4.224267e+05 
99999 5.995944e+11 9.986304e+05 6.647166e+05 
111110 5.995944e+11 2.321039e+05 3.692032e+05 
122221 5.995944e+11 4.629395e+05 3.984588e+05 
133332 5.995944e+11 6.722678e+05 5.003448e+05 
144443 5.995944e+11 8.336109e+05 7.434264e+05 
155554 5.995944e+11 1.045281e+05 5.884155e+05 
166665 5.995944e+11 3.113341e+05 5.835342e+05 
177776 5.995944e+11 5.059232e+05 6.418024e+05 
188887 5.995944e+11 6.593934e+05 7.733763e+05 
199998 5.995944e+11 9.939037e+05 9.081575e+05 
211109 5.995944e+11 2.168881e+05 7.934674e+05 
222220 5.995944e+11 3.594400e+05 8.434937e+05 
233331 5.995944e+11 5.207248e+05 9.136954e+05 
244442 5.995944e+11 7.685816e+05 9.813280e+05 
0 6.059059e+11 1.054500e+03 8.445613e+02 
11111 6.059059e+11 2.608688e+05 3.192078e+04 
22222 6.059059e+11 5.657744e+05 6.383443e+04 
33333 6.059059e+11 7.972682e+05 1.484632e+05 
44444 6.059059e+11 9.437811e+05 3.433899e+05 
55555 6.059059e+11 1.201875e+05 2.023381e+05 
66666 6.059059e+11 3.774206e+05 2.046973e+05 
77777 6.059059e+11 6.229284e+05 2.683623e+05 
88888 6.059059e+11 8.232871e+05 4.227053e+05 
99999 6.059059e+11 9.986258e+05 6.663414e+05 
111110 6.059059e+11 2.321691e+05 3.688213e+05 
122221 6.059059e+11 4.631130e+05 3.980120e+05 
133332 6.059059e+11 6.724222e+05 5.000996e+05 
144443 6.059059e+11 8.330679e+05 7.442414e+05 
155554 6.059059e+11 1.045010e+05 5.882196e+05 
166665 6.059059e+11 3.113077e+05 5.829958e+05 
177776 6.059059e+11 5.058626e+05 6.412635e+05 
188887 6.059059e+11 6.587849e+05 7.731585e+05 
199998 6.059059e+11 9.938700e+05 9.086724e+05 
211109 6.059059e+11 2.168484e+05 7.931561e+05 
222220 6.059059e+11 3.590454e+05 8.432309e+05 
233331 6.059059e+11 5.199083e+05 9.135200e+05 
244442 6.059059e+11 7.675430e+05 9.813688e+05 
0 6.122174e+11 1.054510e+03 8.445508e+02 
11111 6.122174e+11 2.611514e+05 3.185194e+04 
22222 6.122174e+11 5.666822e+05 6.373949e+04 
33333 6.122174e+11 7.980027e+05 1.487093e+05 
44444 6.122174e+11 9.439083e+05 3.451571e+05 
55555 6.122174e+11 1.202142e+05 2.021775e+05 
66666 6.122174e+11 3.776238e+05 2.043404e+05 
77777 6.122174e+11 6.232616e+05 2.681158e+05 
88888 6.122174e+11 8.235006e+05 4.229868e+05 
99999 6.122174e+11 9.986212e+05 6.679515e+05 
111110 6.122174e+11 2.322359e+05 3.684428e+05 
122221 6.122174e+11 4.632883e+05 3.975591e+05 
133332 6.122174e+11 6.725755e+05 4.998542e+05 
144443 6.122174e+11 8.325258e+05 7.450470e+05 
155554 6.122174e+11 1.044758e+05 5.880214e+05 
166665 6.122174e+11 3.112791e+05 5.824650e+05 
177776 6.122174e+11 5.057945e+05 6.407380e+05 
188887 6.122174e+11 6.581806e+05 7.729314e+05 
199998 6.122174e+11 9.938364e+05 9.091815e+05 
211109 6.122174e+11 2.168104e+05 7.928475e+05 
222220 6.122174e+11 3.586557e+05 8.429684e+05 
233331 6.122174e+11 5.190989e+05 9.133449e+05 
244442 6.122174e+11 7.665077e+05 9.814089e+05 
0 6.185290e+11 1.054519e+03 8.445403e+02 
11111 6.185290e+11 2.614340e+05 3.178368e+04 
22222 6.185290e+11 5.675848e+05 6.364534e+04 
33333 6.185290e+11 7.987312e+05 1.489548e+05 
44444 6.185290e+11 9.440294e+05 3.469194e+05 
55555 6.185290e+11 1.202375e+05 2.020140e+05 
66666 6.185290e+11 3.778247e+05 2.039894e+05 
77777 6.185290e+11 6.235879e+05 2.678693e+05 
88888 6.185290e+11 8.237086e+05 4.232660e+05 
99999 6.185290e+11 9.986166e+05 6.695455e+05 
111110 6.185290e+11 2.322982e+05 3.680709e+05 
122221 6.185290e+11 4.634589e+05 3.971079e+05 
133332 6.185290e+11 6.727282e+05 4.996089e+05 
144443 6.185290e+11 8.319856e+05 7.458425e+05 
155554 6.185290e+11 1.044504e+05 5.878314e+05 
166665 6.185290e+11 3.112540e+05 5.819508e+05 
177776 6.185290e+11 5.057291e+05 6.402201e+05 
188887 6.185290e+11 6.575894e+05 7.726966e+05 
199998 6.185290e+11 9.938027e+05 9.096847e+05 
211109 6.185290e+11 2.167740e+05 7.925416e+05 
222220 6.185290e+11 3.582712e+05 8.427092e+05 
233331 6.185290e+11 5.182990e+05 9.131701e+05 
244442 6.185290e+11 7.654768e+05 9.814480e+05 
0 6.248405e+11 1.054529e+03 8.445297e+02 
11111 6.248405e+11 2.617161e+05 3.171615e+04 
22222 6.248405e+11 5.684834e+05 6.355229e+04 
33333 6.248405e+11 7.994536e+05 1.492004e+05 
44444 6.248405e+11 9.441442e+05 3.486765e+05 
55555 6.248405e+11 1.202623e+05 2.018524e+05 
66666 6.248405e+11 3.780240e+05 2.036390e+05 
77777 6.248405e+11 6.239159e+05 2.676223e+05 
88888 6.248405e+11 8.239176e+05 4.235437e+05 
99999 6.248405e+11 9.986120e+05 6.711227e+05 
111110 6.248405e+11 2.323583e+05 3.677018e+05 
122221 6.248405e+11 4.636276e+05 3.966575e+05 
133332 6.248405e+11 6.728796e+05 4.993629e+05 
144443 6.248405e+11 8.314473e+05 7.466272e+05 
155554 6.248405e+11 1.044264e+05 5.876434e+05 
166665 6.248405e+11 3.112318e+05 5.814396e+05 
177776 6.248405e+11 5.056649e+05 6.397065e+05 
188887 6.248405e+11 6.570000e+05 7.724553e+05 
199998 6.248405e+11 9.937692e+05 9.101816e+05 
211109 6.248405e+11 2.167378e+05 7.922385e+05 
222220 6.248405e+11 3.578906e+05 8.424524e+05 
233331 6.248405e+11 5.175071e+05 9.129963e+05 
244442 6.248405e+11 7.644510e+05 9.814863e+05 
0 6.311520e+11 1.054539e+03 8.445190e+02 
11111 6.311520e+11 2.619963e+05 3.164911e+04 
22222 6.311520e+11 5.693780e+05 6.345982e+04 
33333 6.311520e+11 8.001710e+05 1.494458e+05 
44444 6.311520e+11 9.442531e+05 3.504301e+05 
55555 6.311520e+11 1.202791e+05 2.016922e+05 
66666 6.311520e+11 3.782180e+05 2.032914e+05 
77777 6.311520e+11 6.242400e+05 2.673734e+05 
88888 6.311520e+11 8.241233e+05 4.238131e+05 
99999 6.311520e+11 9.986074e+05 6.726854e+05 
111110 6.311520e+11 2.324229e+05 3.673388e+05 
122221 6.311520e+11 4.637931e+05 3.962113e+05 
133332 6.311520e+11 6.730315e+05 4.991223e+05 
144443 6.311520e+11 8.309101e+05 7.474023e+05 
155554 6.311520e+11 1.044025e+05 5.874573e+05 
166665 6.311520e+11 3.112110e+05 5.809319e+05 
177776 6.311520e+11 5.056025e+05 6.391978e+05 
188887 6.311520e+11 6.564317e+05 7.722052e+05 
199998 6.311520e+11 9.937356e+05 9.106730e+05 
211109 6.311520e+11 2.167025e+05 7.919391e+05 
222220 6.311520e+11 3.575150e+05 8.421991e+05 
233331 6.311520e+11 5.167239e+05 9.128229e+05 
244442 6.311520e+11 7.634294e+05 9.815237e+05 
0 6.374635e+11 1.054537e+03 8.445268e+02 
11111 6.374635e+11 2.616016e+05 3.172892e+04 
22222 6.374635e+11 5.680526e+05 6.365224e+04 
33333 6.374635e+11 7.986279e+05 1.488909e+05 
44444 6.374635e+11 9.440286e+05 3.479513e+05 
55555 6.374635e+11 1.201057e+05 2.020412e+05 
66666 6.374635e+11 3.771399e+05 2.040155e+05 
77777 6.374635e+11 6.224154e+05 2.677856e+05 
88888 6.374635e+11 8.236767e+05 4.208303e+05 
99999 6.374635e+11 9.986154e+05 6.702602e+05 
111110 6.374635e+11 2.319863e+05 3.684345e+05 
122221 6.374635e+11 4.630537e+05 3.975423e+05 
133332 6.374635e+11 6.729589e+05 4.994843e+05 
144443 6.374635e+11 8.321916e+05 7.458497e+05 
155554 6.374635e+11 1.042239e+05 5.885876e+05 
166665 6.374635e+11 3.113310e+05 5.819615e+05 
177776 6.374635e+11 5.070059e+05 6.402594e+05 
188887 6.374635e+11 6.583883e+05 7.729192e+05 
199998 6.374635e+11 9.937830e+05 9.100005e+05 
211109 6.374635e+11 2.175533e+05 7.924729e+05 
222220 6.374635e+11 3.584220e+05 8.425605e+05 
233331 6.374635e+11 5.179437e+05 9.130881e+05 
244442 6.374635e+11 7.648368e+05 9.814667e+05 
0 6.437750e+11 1.054537e+03 8.445335e+02 
11111 6.437750e+11 2.612196e+05 3.180799e+04 
22222 6.437750e+11 5.667517e+05 6.383989e+04 
33333 6.437750e+11 7.971418e+05 1.483308e+05 
44444 6.437750e+11 9.438192e+05 3.456535e+05 
55555 6.437750e+11 1.199141e+05 2.023967e+05 
66666 6.437750e+11 3.761668e+05 2.047019e+05 
77777 6.437750e+11 6.208669e+05 2.682406e+05 
88888 6.437750e+11 8.232003e+05 4.181254e+05 
99999 6.437750e+11 9.986227e+05 6.679862e+05 
111110 6.437750e+11 2.316168e+05 3.694371e+05 
122221 6.437750e+11 4.623488e+05 3.987600e+05 
133332 6.437750e+11 6.727776e+05 4.997900e+05 
144443 6.437750e+11 8.333593e+05 7.443829e+05 
155554 6.437750e+11 1.041030e+05 5.895890e+05 
166665 6.437750e+11 3.114448e+05 5.830005e+05 
177776 6.437750e+11 5.082946e+05 6.413198e+05 
188887 6.437750e+11 6.602048e+05 7.733496e+05 
199998 6.437750e+11 9.938273e+05 9.093623e+05 
211109 6.437750e+11 2.183107e+05 7.930072e+05 
222220 6.437750e+11 3.592912e+05 8.429429e+05 
233331 6.437750e+11 5.191305e+05 9.133301e+05 
244442 6.437750e+11 7.661644e+05 9.814116e+05 
0 6.500866e+11 1.054538e+03 8.445392e+02 
11111 6.500866e+11 2.608505e+05 3.188543e+04 
22222 6.500866e+11 5.654777e+05 6.402175e+04 
33333 6.500866e+11 7.957091e+05 1.477745e+05 
44444 6.500866e+11 9.436152e+05 3.434898e+05 
55555 6.500866e+11 1.197230e+05 2.027498e+05 
66666 6.500866e+11 3.752094e+05 2.053685e+05 
77777 6.500866e+11 6.193816e+05 2.686839e+05 
88888 6.500866e+11 8.227560e+05 4.155800e+05 
99999 6.500866e+11 9.986293e+05 6.658230e+05 
111110 6.500866e+11 2.312774e+05 3.704201e+05 
122221 6.500866e+11 4.617148e+05 3.999305e+05 
133332 6.500866e+11 6.726313e+05 5.000226e+05 
144443 6.500866e+11 8.344450e+05 7.429786e+05 
155554 6.500866e+11 1.040248e+05 5.905138e+05 
166665 6.500866e+11 3.115849e+05 5.840361e+05 
177776 6.500866e+11 5.094825e+05 6.423071e+05 
188887 6.500866e+11 6.619355e+05 7.736243e+05 
199998 6.500866e+11 9.938691e+05 9.087500e+05 
211109 6.500866e+11 2.189953e+05 7.935364e+05 
222220 6.500866e+11 3.601279e+05 8.433385e+05 
233331 6.500866e+11 5.202888e+05 9.135545e+05 
244442 6.500866e+11 7.674284e+05 9.813579e+05 
0 6.563981e+11 1.054540e+03 8.445439e+02 
11111 6.563981e+11 2.604942e+05 3.196163e+04 
22222 6.563981e+11 5.642312e+05 6.419916e+04 
33333 6.563981e+11 7.943253e+05 1.472252e+05 
44444 6.563981e+11 9.434126e+05 3.414373e+05 
55555 6.563981e+11 1.195409e+05 2.030945e+05 
66666 6.563981e+11 3.742819e+05 2.060188e+05 
77777 6.563981e+11 6.179773e+05 2.691030e+05 
88888 6.563981e+11 8.223247e+05 4.131798e+05 
99999 6.563981e+11 9.986355e+05 6.637501e+05 
111110 6.563981e+11 2.309589e+05 3.713827e+05 
122221 6.563981e+11 4.611148e+05 4.010649e+05 
133332 6.563981e+11 6.725180e+05 5.001908e+05 
144443 6.563981e+11 8.354636e+05 7.416254e+05 
155554 6.563981e+11 1.039733e+05 5.913693e+05 
166665 6.563981e+11 3.117429e+05 5.850587e+05 
177776 6.563981e+11 5.105934e+05 6.432332e+05 
188887 6.563981e+11 6.635945e+05 7.738035e+05 
199998 6.563981e+11 9.939089e+05 9.081592e+05 
211109 6.563981e+11 2.196214e+05 7.940623e+05 
222220 6.563981e+11 3.609389e+05 8.437429e+05 
233331 6.563981e+11 5.214228e+05 9.137636e+05 
244442 6.563981e+11 7.686380e+05 9.813055e+05 
0 6.627096e+11 1.054542e+03 8.445476e+02 
11111 6.627096e+11 2.601515e+05 3.203681e+04 
22222 6.627096e+11 5.630124e+05 6.437267e+04 
33333 6.627096e+11 7.929881e+05 1.466839e+05 
44444 6.627096e+11 9.432110e+05 3.394835e+05 
55555 6.627096e+11 1.193601e+05 2.034385e+05 
66666 6.627096e+11 3.733848e+05 2.066614e+05 
77777 6.627096e+11 6.166404e+05 2.694896e+05 
88888 6.627096e+11 8.219080e+05 4.109145e+05 
99999 6.627096e+11 9.986413e+05 6.617568e+05 
111110 6.627096e+11 2.306585e+05 3.723188e+05 
122221 6.627096e+11 4.605501e+05 4.021508e+05 
133332 6.627096e+11 6.724195e+05 5.003063e+05 
144443 6.627096e+11 8.364247e+05 7.403177e+05 
155554 6.627096e+11 1.039493e+05 5.921657e+05 
166665 6.627096e+11 3.119125e+05 5.860749e+05 
177776 6.627096e+11 5.116356e+05 6.441171e+05 
188887 6.627096e+11 6.651827e+05 7.739160e+05 
199998 6.627096e+11 9.939468e+05 9.075879e+05 
211109 6.627096e+11 2.201991e+05 7.945827e+05 
222220 6.627096e+11 3.617268e+05 8.441539e+05 
233331 6.627096e+11 5.225342e+05 9.139592e+05 
244442 6.627096e+11 7.697981e+05 9.812542e+05 
0 6.690211e+11 1.054546e+03 8.445503e+02 
11111 6.690211e+11 2.598220e+05 3.211041e+04 
22222 6.690211e+11 5.618219e+05 6.454204e+04 
33333 6.690211e+11 7.916954e+05 1.461517e+05 
44444 6.690211e+11 9.430087e+05 3.376194e+05 
55555 6.690211e+11 1.191833e+05 2.037749e+05 
66666 6.690211e+11 3.725221e+05 2.072812e+05 
77777 6.690211e+11 6.153674e+05 2.698579e+05 
88888 6.690211e+11 8.215081e+05 4.087532e+05 
99999 6.690211e+11 9.986468e+05 6.598346e+05 
111110 6.690211e+11 2.303763e+05 3.732343e+05 
122221 6.690211e+11 4.600030e+05 4.032049e+05 
133332 6.690211e+11 6.723345e+05 5.003791e+05 
144443 6.690211e+11 8.373359e+05 7.390515e+05 
155554 6.690211e+11 1.039448e+05 5.929122e+05 
166665 6.690211e+11 3.120921e+05 5.870850e+05 
177776 6.690211e+11 5.126260e+05 6.449471e+05 
188887 6.690211e+11 6.667251e+05 7.739700e+05 
199998 6.690211e+11 9.939831e+05 9.070347e+05 
211109 6.690211e+11 2.207348e+05 7.950968e+05 
222220 6.690211e+11 3.624939e+05 8.445706e+05 
233331 6.690211e+11 5.236247e+05 9.141418e+05 
244442 6.690211e+11 7.709122e+05 9.812039e+05 
0 6.753326e+11 1.054550e+03 8.445522e+02 
11111 6.753326e+11 2.595051e+05 3.218305e+04 
22222 6.753326e+11 5.606585e+05 6.470843e+04 
33333 6.753326e+11 7.904436e+05 1.456292e+05 
44444 6.753326e+11 9.428050e+05 3.358354e+05 
55555 6.753326e+11 1.190144e+05 2.041042e+05 
66666 6.753326e+11 3.716823e+05 2.078953e+05 
77777 6.753326e+11 6.141502e+05 2.702036e+05 
88888 6.753326e+11 8.211197e+05 4.066824e+05 
99999 6.753326e+11 9.986519e+05 6.579756e+05 
111110 6.753326e+11 2.301054e+05 3.741264e+05 
122221 6.753326e+11 4.594858e+05 4.042185e+05 
133332 6.753326e+11 6.722615e+05 5.004144e+05 
144443 6.753326e+11 8.382025e+05 7.378226e+05 
155554 6.753326e+11 1.039555e+05 5.936156e+05 
166665 6.753326e+11 3.122754e+05 5.880809e+05 
177776 6.753326e+11 5.135555e+05 6.457395e+05 
188887 6.753326e+11 6.682203e+05 7.739727e+05 
199998 6.753326e+11 9.940179e+05 9.064974e+05 
211109 6.753326e+11 2.212355e+05 7.956037e+05 
222220 6.753326e+11 3.632424e+05 8.449909e+05 
233331 6.753326e+11 5.246956e+05 9.143128e+05 
244442 6.753326e+11 7.719850e+05 9.811547e+05 
0 6.816442e+11 1.054556e+03 8.445531e+02 
11111 6.816442e+11 2.592003e+05 3.225464e+04 
22222 6.816442e+11 5.595221e+05 6.487225e+04 
33333 6.816442e+11 7.892319e+05 1.451160e+05 
44444 6.816442e+11 9.425989e+05 3.341263e+05 
55555 6.816442e+11 1.188453e+05 2.044204e+05 
66666 6.816442e+11 3.708658e+05 2.085065e+05 
77777 6.816442e+11 6.129821e+05 2.705282e+05 
88888 6.816442e+11 8.207325e+05 4.046964e+05 
99999 6.816442e+11 9.986568e+05 6.561748e+05 
111110 6.816442e+11 2.298434e+05 3.749969e+05 
122221 6.816442e+11 4.589933e+05 4.051964e+05 
133332 6.816442e+11 6.722006e+05 5.004199e+05 
144443 6.816442e+11 8.390294e+05 7.366280e+05 
155554 6.816442e+11 1.039798e+05 5.942783e+05 
166665 6.816442e+11 3.124644e+05 5.890675e+05 
177776 6.816442e+11 5.144360e+05 6.464874e+05 
188887 6.816442e+11 6.696651e+05 7.739369e+05 
199998 6.816442e+11 9.940514e+05 9.059751e+05 
211109 6.816442e+11 2.217045e+05 7.961042e+05 
222220 6.816442e+11 3.639742e+05 8.454116e+05 
233331 6.816442e+11 5.257476e+05 9.144734e+05 
244442 6.816442e+11 7.730193e+05 9.811065e+05 
0 6.879557e+11 1.054562e+03 8.445531e+02 
11111 6.879557e+11 2.589079e+05 3.232540e+04 
22222 6.879557e+11 5.584120e+05 6.503319e+04 
33333 6.879557e+11 7.880582e+05 1.446121e+05 
44444 6.879557e+11 9.423901e+05 3.324861e+05 
55555 6.879557e+11 1.186885e+05 2.047259e+05 
66666 6.879557e+11 3.700820e+05 2.091094e+05 
77777 6.879557e+11 6.118667e+05 2.708424e+05 
88888 6.879557e+11 8.203525e+05 4.027875e+05 
99999 6.879557e+11 9.986614e+05 6.544274e+05 
111110 6.879557e+11 2.295964e+05 3.758448e+05 
122221 6.879557e+11 4.585095e+05 4.061452e+05 
133332 6.879557e+11 6.721444e+05 5.003961e+05 
144443 6.879557e+11 8.398203e+05 7.354652e+05 
155554 6.879557e+11 1.040129e+05 5.949046e+05 
166665 6.879557e+11 3.126575e+05 5.900447e+05 
177776 6.879557e+11 5.152771e+05 6.472146e+05 
188887 6.879557e+11 6.710703e+05 7.738653e+05 
199998 6.879557e+11 9.940836e+05 9.054669e+05 
211109 6.879557e+11 2.221456e+05 7.965981e+05 
222220 6.879557e+11 3.646905e+05 8.458312e+05 
233331 6.879557e+11 5.267809e+05 9.146243e+05 
244442 6.879557e+11 7.740175e+05 9.810592e+05 
0 6.942672e+11 1.054569e+03 8.445521e+02 
11111 6.942672e+11 2.586273e+05 3.239507e+04 
22222 6.942672e+11 5.573288e+05 6.519178e+04 
33333 6.942672e+11 7.869212e+05 1.441181e+05 
44444 6.942672e+11 9.421801e+05 3.309108e+05 
55555 6.942672e+11 1.185334e+05 2.050359e+05 
66666 6.942672e+11 3.693182e+05 2.097012e+05 
77777 6.942672e+11 6.107912e+05 2.711435e+05 
88888 6.942672e+11 8.199667e+05 4.009553e+05 
99999 6.942672e+11 9.986659e+05 6.527297e+05 
111110 6.942672e+11 2.293524e+05 3.766779e+05 
122221 6.942672e+11 4.580493e+05 4.070522e+05 
133332 6.942672e+11 6.720880e+05 5.003555e+05 
144443 6.942672e+11 8.405781e+05 7.343326e+05 
155554 6.942672e+11 1.040579e+05 5.955040e+05 
166665 6.942672e+11 3.128524e+05 5.910095e+05 
177776 6.942672e+11 5.160757e+05 6.479052e+05 
188887 6.942672e+11 6.724335e+05 7.737694e+05 
199998 6.942672e+11 9.941147e+05 9.049718e+05 
211109 6.942672e+11 2.225624e+05 7.970840e+05 
222220 6.942672e+11 3.653910e+05 8.462515e+05 
233331 6.942672e+11 5.277969e+05 9.147661e+05 
244442 6.942672e+11 7.749820e+05 9.810127e+05 
0 7.005787e+11 1.054576e+03 8.445504e+02 
11111 7.005787e+11 2.583582e+05 3.246366e+04 
22222 7.005787e+11 5.562711e+05 6.534735e+04 
33333 7.005787e+11 7.858190e+05 1.436335e+05 
44444 7.005787e+11 9.419682e+05 3.293952e+05 
55555 7.005787e+11 1.183828e+05 2.053341e+05 
66666 7.005787e+11 3.685847e+05 2.102781e+05 
77777 7.005787e+11 6.097594e+05 2.714316e+05 
88888 7.005787e+11 8.195555e+05 3.992154e+05 
99999 7.005787e+11 9.986701e+05 6.510779e+05 
111110 7.005787e+11 2.291169e+05 3.774874e+05 
122221 7.005787e+11 4.576048e+05 4.079296e+05 
133332 7.005787e+11 6.720375e+05 5.002993e+05 
144443 7.005787e+11 8.413062e+05 7.332275e+05 
155554 7.005787e+11 1.041079e+05 5.960726e+05 
166665 7.005787e+11 3.130445e+05 5.919664e+05 
177776 7.005787e+11 5.168310e+05 6.485692e+05 
188887 7.005787e+11 6.737531e+05 7.736482e+05 
199998 7.005787e+11 9.941447e+05 9.044890e+05 
211109 7.005787e+11 2.229573e+05 7.975619e+05 
222220 7.005787e+11 3.660770e+05 8.466704e+05 
233331 7.005787e+11 5.287960e+05 9.148994e+05 
244442 7.005787e+11 7.759149e+05 9.809672e+05 
0 7.068902e+11 1.054584e+03 8.445480e+02 
11111 7.068902e+11 2.580992e+05 3.253136e+04 
22222 7.068902e+11 5.552373e+05 6.550084e+04 
33333 7.068902e+11 7.847499e+05 1.431575e+05 
44444 7.068902e+11 9.417549e+05 3.279356e+05 
55555 7.068902e+11 1.182386e+05 2.056184e+05 
66666 7.068902e+11 3.678665e+05 2.108562e+05 
77777 7.068902e+11 6.087631e+05 2.717088e+05 
88888 7.068902e+11 8.191576e+05 3.975444e+05 
99999 7.068902e+11 9.986741e+05 6.494687e+05 
111110 7.068902e+11 2.288894e+05 3.782851e+05 
122221 7.068902e+11 4.571745e+05 4.087834e+05 
133332 7.068902e+11 6.719931e+05 5.002229e+05 
144443 7.068902e+11 8.420068e+05 7.321487e+05 
155554 7.068902e+11 1.041696e+05 5.966103e+05 
166665 7.068902e+11 3.132460e+05 5.929100e+05 
177776 7.068902e+11 5.175537e+05 6.492059e+05 
188887 7.068902e+11 6.750352e+05 7.735113e+05 
199998 7.068902e+11 9.941736e+05 9.040179e+05 
211109 7.068902e+11 2.233319e+05 7.980330e+05 
222220 7.068902e+11 3.667492e+05 8.470850e+05 
233331 7.068902e+11 5.297772e+05 9.150254e+05 
244442 7.068902e+11 7.768177e+05 9.809226e+05 
0 7.132018e+11 1.054593e+03 8.445449e+02 
11111 7.132018e+11 2.578505e+05 3.259814e+04 
22222 7.132018e+11 5.542275e+05 6.565225e+04 
33333 7.132018e+11 7.837126e+05 1.426909e+05 
44444 7.132018e+11 9.415397e+05 3.265286e+05 
55555 7.132018e+11 1.180963e+05 2.058975e+05 
66666 7.132018e+11 3.671685e+05 2.114202e+05 
77777 7.132018e+11 6.078045e+05 2.719763e+05 
88888 7.132018e+11 8.187676e+05 3.959415e+05 
99999 7.132018e+11 9.986780e+05 6.479004e+05 
111110 7.132018e+11 2.286634e+05 3.790583e+05 
122221 7.132018e+11 4.567610e+05 4.096108e+05 
133332 7.132018e+11 6.719474e+05 5.001393e+05 
144443 7.132018e+11 8.426818e+05 7.310950e+05 
155554 7.132018e+11 1.042334e+05 5.971285e+05 
166665 7.132018e+11 3.134461e+05 5.938383e+05 
177776 7.132018e+11 5.182439e+05 6.498306e+05 
188887 7.132018e+11 6.762701e+05 7.733638e+05 
199998 7.132018e+11 9.942016e+05 9.035582e+05 
211109 7.132018e+11 2.236877e+05 7.984960e+05 
222220 7.132018e+11 3.674074e+05 8.474956e+05 
233331 7.132018e+11 5.307406e+05 9.151445e+05 
244442 7.132018e+11 7.776919e+05 9.808787e+05 
0 7.195133e+11 1.054602e+03 8.445411e+02 
11111 7.195133e+11 2.576119e+05 3.266392e+04 
22222 7.195133e+11 5.532415e+05 6.580093e+04 
33333 7.195133e+11 7.827066e+05 1.422330e+05 
44444 7.195133e+11 9.413221e+05 3.251711e+05 
55555 7.195133e+11 1.179611e+05 2.061730e+05 
66666 7.195133e+11 3.664988e+05 2.119763e+05 
77777 7.195133e+11 6.068760e+05 2.722394e+05 
88888 7.195133e+11 8.183875e+05 3.943959e+05 
99999 7.195133e+11 9.986817e+05 6.463702e+05 
111110 7.195133e+11 2.284498e+05 3.798206e+05 
122221 7.195133e+11 4.563582e+05 4.104108e+05 
133332 7.195133e+11 6.719031e+05 5.000501e+05 
144443 7.195133e+11 8.433340e+05 7.300651e+05 
155554 7.195133e+11 1.043046e+05 5.976222e+05 
166665 7.195133e+11 3.136414e+05 5.947571e+05 
177776 7.195133e+11 5.189056e+05 6.504260e+05 
188887 7.195133e+11 6.774736e+05 7.732088e+05 
199998 7.195133e+11 9.942287e+05 9.031095e+05 
211109 7.195133e+11 2.240266e+05 7.989505e+05 
222220 7.195133e+11 3.680520e+05 8.479034e+05 
233331 7.195133e+11 5.316868e+05 9.152568e+05 
244442 7.195133e+11 7.785384e+05 9.808358e+05 
0 7.258248e+11 1.054612e+03 8.445366e+02 
11111 7.258248e+11 2.573826e+05 3.272887e+04 
22222 7.258248e+11 5.522778e+05 6.594716e+04 
33333 7.258248e+11 7.817298e+05 1.417841e+05 
44444 7.258248e+11 9.411030e+05 3.238607e+05 
55555 7.258248e+11 1.178254e+05 2.064400e+05 
66666 7.258248e+11 3.658430e+05 2.125248e+05 
77777 7.258248e+11 6.059811e+05 2.724949e+05 
88888 7.258248e+11 8.180216e+05 3.929171e+05 
99999 7.258248e+11 9.986852e+05 6.448764e+05 
111110 7.258248e+11 2.282362e+05 3.805635e+05 
122221 7.258248e+11 4.559702e+05 4.111907e+05 
133332 7.258248e+11 6.718559e+05 4.999451e+05 
144443 7.258248e+11 8.439644e+05 7.290581e+05 
155554 7.258248e+11 1.043817e+05 5.980970e+05 
166665 7.258248e+11 3.138434e+05 5.956654e+05 
177776 7.258248e+11 5.195408e+05 6.510113e+05 
188887 7.258248e+11 6.786380e+05 7.730397e+05 
199998 7.258248e+11 9.942550e+05 9.026714e+05 
211109 7.258248e+11 2.243494e+05 7.993969e+05 
222220 7.258248e+11 3.686835e+05 8.483057e+05 
233331 7.258248e+11 5.326159e+05 9.153630e+05 
244442 7.258248e+11 7.793582e+05 9.807936e+05 
0 7.321363e+11 1.054623e+03 8.445317e+02 
11111 7.321363e+11 2.571619e+05 3.279286e+04 
22222 7.321363e+11 5.513356e+05 6.609125e+04 
33333 7.321363e+11 7.807814e+05 1.413428e+05 
44444 7.321363e+11 9.408814e+05 3.225953e+05 
55555 7.321363e+11 1.176970e+05 2.066975e+05 
66666 7.321363e+11 3.652065e+05 2.130655e+05 
77777 7.321363e+11 6.051183e+05 2.727430e+05 
88888 7.321363e+11 8.176630e+05 3.914838e+05 
99999 7.321363e+11 9.986887e+05 6.434168e+05 
111110 7.321363e+11 2.280344e+05 3.812865e+05 
122221 7.321363e+11 4.555964e+05 4.119443e+05 
133332 7.321363e+11 6.718063e+05 4.998366e+05 
144443 7.321363e+11 8.445745e+05 7.280727e+05 
155554 7.321363e+11 1.044604e+05 5.985504e+05 
166665 7.321363e+11 3.140462e+05 5.965581e+05 
177776 7.321363e+11 5.201442e+05 6.515681e+05 
188887 7.321363e+11 6.797648e+05 7.728731e+05 
199998 7.321363e+11 9.942804e+05 9.022434e+05 
211109 7.321363e+11 2.246578e+05 7.998367e+05 
222220 7.321363e+11 3.693031e+05 8.487008e+05 
233331 7.321363e+11 5.335282e+05 9.154638e+05 
244442 7.321363e+11 7.801527e+05 9.807523e+05 
0 7.384478e+11 1.054633e+03 8.445263e+02 
11111 7.384478e+11 2.569505e+05 3.285595e+04 
22222 7.384478e+11 5.504147e+05 6.623285e+04 
33333 7.384478e+11 7.798610e+05 1.409094e+05 
44444 7.384478e+11 9.406582e+05 3.213726e+05 
55555 7.384478e+11 1.175726e+05 2.069524e+05 
66666 7.384478e+11 3.645883e+05 2.135951e+05 
77777 7.384478e+11 6.042802e+05 2.729889e+05 
88888 7.384478e+11 8.173120e+05 3.901013e+05 
99999 7.384478e+11 9.986920e+05 6.419895e+05 
111110 7.384478e+11 2.278448e+05 3.819911e+05 
122221 7.384478e+11 4.552334e+05 4.126795e+05 
133332 7.384478e+11 6.717614e+05 4.997241e+05 
144443 7.384478e+11 8.451659e+05 7.271080e+05 
155554 7.384478e+11 1.045443e+05 5.989873e+05 
166665 7.384478e+11 3.142493e+05 5.974455e+05 
177776 7.384478e+11 5.207213e+05 6.521156e+05 
188887 7.384478e+11 6.808583e+05 7.726901e+05 
199998 7.384478e+11 9.943051e+05 9.018250e+05 
211109 7.384478e+11 2.249534e+05 8.002687e+05 
222220 7.384478e+11 3.699110e+05 8.490910e+05 
233331 7.384478e+11 5.344251e+05 9.155589e+05 
244442 7.384478e+11 7.809232e+05 9.807118e+05 
0 7.447594e+11 1.054645e+03 8.445204e+02 
11111 7.447594e+11 2.567472e+05 3.291807e+04 
22222 7.447594e+11 5.495148e+05 6.637159e+04 
33333 7.447594e+11 7.789672e+05 1.404844e+05 
44444 7.447594e+11 9.404338e+05 3.201909e+05 
55555 7.447594e+11 1.174474e+05 2.072018e+05 
66666 7.447594e+11 3.639885e+05 2.141200e+05 
77777 7.447594e+11 6.034737e+05 2.732321e+05 
88888 7.447594e+11 8.169673e+05 3.887746e+05 
99999 7.447594e+11 9.986952e+05 6.405932e+05 
111110 7.447594e+11 2.276621e+05 3.826742e+05 
122221 7.447594e+11 4.548832e+05 4.133921e+05 
133332 7.447594e+11 6.717108e+05 4.996051e+05 
144443 7.447594e+11 8.457396e+05 7.261637e+05 
155554 7.447594e+11 1.046311e+05 5.994072e+05 
166665 7.447594e+11 3.144510e+05 5.983167e+05 
177776 7.447594e+11 5.212806e+05 6.526364e+05 
188887 7.447594e+11 6.819252e+05 7.724929e+05 
199998 7.447594e+11 9.943290e+05 9.014159e+05 
211109 7.447594e+11 2.252365e+05 8.006936e+05 
222220 7.447594e+11 3.705071e+05 8.494750e+05 
233331 7.447594e+11 5.353060e+05 9.156490e+05 
244442 7.447594e+11 7.816707e+05 9.806721e+05 
0 7.510709e+11 1.054656e+03 8.445140e+02 
11111 7.510709e+11 2.565514e+05 3.297937e+04 
22222 7.510709e+11 5.486347e+05 6.650826e+04 
33333 7.510709e+11 7.780992e+05 1.400665e+05 
44444 7.510709e+11 9.402091e+05 3.190478e+05 
55555 7.510709e+11 1.173282e+05 2.074438e+05 
66666 7.510709e+11 3.634034e+05 2.146302e+05 
77777 7.510709e+11 6.026885e+05 2.734687e+05 
88888 7.510709e+11 8.166281e+05 3.874992e+05 
99999 7.510709e+11 9.986983e+05 6.392259e+05 
111110 7.510709e+11 2.274856e+05 3.833379e+05 
122221 7.510709e+11 4.545439e+05 4.140883e+05 
133332 7.510709e+11 6.716607e+05 4.994851e+05 
144443 7.510709e+11 8.462969e+05 7.252387e+05 
155554 7.510709e+11 1.047194e+05 5.998153e+05 
166665 7.510709e+11 3.146588e+05 5.991770e+05 
177776 7.510709e+11 5.218094e+05 6.531322e+05 
188887 7.510709e+11 6.829651e+05 7.722740e+05 
199998 7.510709e+11 9.943523e+05 9.010157e+05 
211109 7.510709e+11 2.255085e+05 8.011115e+05 
222220 7.510709e+11 3.710926e+05 8.498518e+05 
233331 7.510709e+11 5.361714e+05 9.157344e+05 
244442 7.510709e+11 7.823965e+05 9.806331e+05 
0 7.573824e+11 1.054668e+03 8.445072e+02 
11111 7.573824e+11 2.563631e+05 3.303995e+04 
22222 7.573824e+11 5.477736e+05 6.664248e+04 
33333 7.573824e+11 7.772556e+05 1.396559e+05 
44444 7.573824e+11 9.399838e+05 3.179412e+05 
55555 7.573824e+11 1.172097e+05 2.076785e+05 
66666 7.573824e+11 3.628371e+05 2.151302e+05 
77777 7.573824e+11 6.019314e+05 2.737023e+05 
88888 7.573824e+11 8.162807e+05 3.862694e+05 
99999 7.573824e+11 9.987012e+05 6.378864e+05 
111110 7.573824e+11 2.273183e+05 3.839865e+05 
122221 7.573824e+11 4.542164e+05 4.147690e+05 
133332 7.573824e+11 6.716070e+05 4.993634e+05 
144443 7.573824e+11 8.468391e+05 7.243324e+05 
155554 7.573824e+11 1.048105e+05 6.002056e+05 
166665 7.573824e+11 3.148633e+05 6.000304e+05 
177776 7.573824e+11 5.223197e+05 6.536078e+05 
188887 7.573824e+11 6.839888e+05 7.720398e+05 
199998 7.573824e+11 9.943749e+05 9.006241e+05 
211109 7.573824e+11 2.257702e+05 8.015223e+05 
222220 7.573824e+11 3.716677e+05 8.502216e+05 
233331 7.573824e+11 5.370213e+05 9.158153e+05 
244442 7.573824e+11 7.831016e+05 9.805948e+05 
0 7.636939e+11 1.054680e+03 8.445000e+02 
11111 7.636939e+11 2.561821e+05 3.309964e+04 
22222 7.636939e+11 5.469314e+05 6.677429e+04 
33333 7.636939e+11 7.764365e+05 1.392521e+05 
44444 7.636939e+11 9.397580e+05 3.168692e+05 
55555 7.636939e+11 1.170948e+05 2.079087e+05 
66666 7.636939e+11 3.622872e+05 2.156223e+05 
77777 7.636939e+11 6.011911e+05 2.739319e+05 
88888 7.636939e+11 8.159304e+05 3.850849e+05 
99999 7.636939e+11 9.987041e+05 6.365736e+05 
111110 7.636939e+11 2.271599e+05 3.846172e+05 
122221 7.636939e+11 4.538935e+05 4.154272e+05 
133332 7.636939e+11 6.715544e+05 4.992368e+05 
144443 7.636939e+11 8.473663e+05 7.234439e+05 
155554 7.636939e+11 1.049005e+05 6.005810e+05 
166665 7.636939e+11 3.150686e+05 6.008693e+05 
177776 7.636939e+11 5.228115e+05 6.540699e+05 
188887 7.636939e+11 6.849915e+05 7.717889e+05 
199998 7.636939e+11 9.943969e+05 9.002407e+05 
211109 7.636939e+11 2.260230e+05 8.019269e+05 
222220 7.636939e+11 3.722332e+05 8.505837e+05 
233331 7.636939e+11 5.378569e+05 9.158922e+05 
244442 7.636939e+11 7.837871e+05 9.805572e+05 
0 7.700054e+11 1.054692e+03 8.444924e+02 
11111 7.700054e+11 2.560077e+05 3.315854e+04 
22222 7.700054e+11 5.461074e+05 6.690358e+04 
33333 7.700054e+11 7.756401e+05 1.388550e+05 
44444 7.700054e+11 9.395314e+05 3.158310e+05 
55555 7.700054e+11 1.169790e+05 2.081300e+05 
66666 7.700054e+11 3.617451e+05 2.161071e+05 
77777 7.700054e+11 6.004752e+05 2.741617e+05 
88888 7.700054e+11 8.155667e+05 3.839482e+05 
99999 7.700054e+11 9.987069e+05 6.352872e+05 
111110 7.700054e+11 2.270039e+05 3.852329e+05 
122221 7.700054e+11 4.535838e+05 4.160751e+05 
133332 7.700054e+11 6.715032e+05 4.991116e+05 
144443 7.700054e+11 8.478795e+05 7.225733e+05 
155554 7.700054e+11 1.049886e+05 6.009495e+05 
166665 7.700054e+11 3.152660e+05 6.016848e+05 
177776 7.700054e+11 5.232772e+05 6.545139e+05 
188887 7.700054e+11 6.859715e+05 7.715340e+05 
199998 7.700054e+11 9.944182e+05 8.998655e+05 
211109 7.700054e+11 2.262666e+05 8.023245e+05 
222220 7.700054e+11 3.727885e+05 8.509384e+05 
233331 7.700054e+11 5.386771e+05 9.159651e+05 
244442 7.700054e+11 7.844533e+05 9.805203e+05 
0 7.763170e+11 1.054705e+03 8.444846e+02 
11111 7.763170e+11 2.558393e+05 3.321670e+04 
22222 7.763170e+11 5.452999e+05 6.703050e+04 
33333 7.763170e+11 7.748651e+05 1.384649e+05 
44444 7.763170e+11 9.393043e+05 3.148245e+05 
55555 7.763170e+11 1.168675e+05 2.083493e+05 
66666 7.763170e+11 3.612134e+05 2.165740e+05 
77777 7.763170e+11 5.997809e+05 2.743848e+05 
88888 7.763170e+11 8.151888e+05 3.828606e+05 
99999 7.763170e+11 9.987096e+05 6.340265e+05 
111110 7.763170e+11 2.268592e+05 3.858323e+05 
122221 7.763170e+11 4.532810e+05 4.167051e+05 
133332 7.763170e+11 6.714492e+05 4.989828e+05 
144443 7.763170e+11 8.483792e+05 7.217202e+05 
155554 7.763170e+11 1.050727e+05 6.013047e+05 
166665 7.763170e+11 3.154573e+05 6.024884e+05 
177776 7.763170e+11 5.237371e+05 6.549489e+05 
188887 7.763170e+11 6.869370e+05 7.712605e+05 
199998 7.763170e+11 9.944390e+05 8.994983e+05 
211109 7.763170e+11 2.265015e+05 8.027144e+05 
222220 7.763170e+11 3.733333e+05 8.512860e+05 
233331 7.763170e+11 5.394822e+05 9.160343e+05 
244442 7.763170e+11 7.851009e+05 9.804842e+05 
0 7.826285e+11 1.054718e+03 8.444766e+02 
11111 7.826285e+11 2.556765e+05 3.327418e+04 
22222 7.826285e+11 5.445088e+05 6.715497e+04 
33333 7.826285e+11 7.741107e+05 1.380811e+05 
44444 7.826285e+11 9.390770e+05 3.138481e+05 
55555 7.826285e+11 1.167586e+05 2.085598e+05 
66666 7.826285e+11 3.607021e+05 2.170402e+05 
77777 7.826285e+11 5.991069e+05 2.746018e+05 
88888 7.826285e+11 8.148114e+05 3.818176e+05 
99999 7.826285e+11 9.987123e+05 6.327899e+05 
111110 7.826285e+11 2.267173e+05 3.864183e+05 
122221 7.826285e+11 4.529882e+05 4.173243e+05 
133332 7.826285e+11 6.713936e+05 4.988494e+05 
144443 7.826285e+11 8.488668e+05 7.208836e+05 
155554 7.826285e+11 1.051551e+05 6.016467e+05 
166665 7.826285e+11 3.156498e+05 6.032786e+05 
177776 7.826285e+11 5.241776e+05 6.553636e+05 
188887 7.826285e+11 6.878831e+05 7.709932e+05 
199998 7.826285e+11 9.944592e+05 8.991389e+05 
211109 7.826285e+11 2.267281e+05 8.030973e+05 
222220 7.826285e+11 3.738677e+05 8.516260e+05 
233331 7.826285e+11 5.402722e+05 9.161000e+05 
244442 7.826285e+11 7.857305e+05 9.804487e+05 
0 7.889400e+11 1.054731e+03 8.444683e+02 
11111 7.889400e+11 2.555194e+05 3.333084e+04 
22222 7.889400e+11 5.437336e+05 6.727715e+04 
33333 7.889400e+11 7.733764e+05 1.377030e+05 
44444 7.889400e+11 9.388490e+05 3.129010e+05 
55555 7.889400e+11 1.166518e+05 2.087662e+05 
66666 7.889400e+11 3.602065e+05 2.174931e+05 
77777 7.889400e+11 5.984517e+05 2.748078e+05 
88888 7.889400e+11 8.144167e+05 3.808172e+05 
99999 7.889400e+11 9.987148e+05 6.315771e+05 
111110 7.889400e+11 2.265823e+05 3.869894e+05 
122221 7.889400e+11 4.527060e+05 4.179274e+05 
133332 7.889400e+11 6.713357e+05 4.987211e+05 
144443 7.889400e+11 8.493423e+05 7.200635e+05 
155554 7.889400e+11 1.052342e+05 6.019797e+05 
166665 7.889400e+11 3.158375e+05 6.040487e+05 
177776 7.889400e+11 5.246035e+05 6.557607e+05 
188887 7.889400e+11 6.888139e+05 7.707182e+05 
199998 7.889400e+11 9.944789e+05 8.987870e+05 
211109 7.889400e+11 2.269468e+05 8.034734e+05 
222220 7.889400e+11 3.743924e+05 8.519584e+05 
233331 7.889400e+11 5.410472e+05 9.161623e+05 
244442 7.889400e+11 7.863428e+05 9.804138e+05 
0 7.952515e+11 1.054744e+03 8.444598e+02 
11111 7.952515e+11 2.553676e+05 3.338682e+04 
22222 7.952515e+11 5.429736e+05 6.739709e+04 
33333 7.952515e+11 7.726613e+05 1.373312e+05 
44444 7.952515e+11 9.386203e+05 3.119816e+05 
55555 7.952515e+11 1.165426e+05 2.089667e+05 
66666 7.952515e+11 3.597175e+05 2.179386e+05 
77777 7.952515e+11 5.978169e+05 2.750043e+05 
88888 7.952515e+11 8.140187e+05 3.798631e+05 
99999 7.952515e+11 9.987173e+05 6.303877e+05 
111110 7.952515e+11 2.264524e+05 3.875489e+05 
122221 7.952515e+11 4.524362e+05 4.185192e+05 
133332 7.952515e+11 6.712789e+05 4.985911e+05 
144443 7.952515e+11 8.498062e+05 7.192595e+05 
155554 7.952515e+11 1.053108e+05 6.023024e+05 
166665 7.952515e+11 3.160234e+05 6.047969e+05 
177776 7.952515e+11 5.250196e+05 6.561449e+05 
188887 7.952515e+11 6.897295e+05 7.704366e+05 
199998 7.952515e+11 9.944980e+05 8.984428e+05 
211109 7.952515e+11 2.271579e+05 8.038420e+05 
222220 7.952515e+11 3.749069e+05 8.522826e+05 
233331 7.952515e+11 5.418065e+05 9.162217e+05 
244442 7.952515e+11 7.869378e+05 9.803797e+05 
0 8.015630e+11 1.054757e+03 8.444512e+02 
11111 8.015630e+11 2.552208e+05 3.344204e+04 
22222 8.015630e+11 5.422285e+05 6.751477e+04 
33333 8.015630e+11 7.719647e+05 1.369646e+05 
44444 8.015630e+11 9.383919e+05 3.110884e+05 
55555 8.015630e+11 1.164377e+05 2.091612e+05 
66666 8.015630e+11 3.592307e+05 2.183703e+05 
77777 8.015630e+11 5.972000e+05 2.751966e+05 
88888 8.015630e+11 8.136264e+05 3.789422e+05 
99999 8.015630e+11 9.987198e+05 6.292199e+05 
111110 8.015630e+11 2.263258e+05 3.880950e+05 
122221 8.015630e+11 4.521700e+05 4.190948e+05 
133332 8.015630e+11 6.712244e+05 4.984654e+05 
144443 8.015630e+11 8.502598e+05 7.184707e+05 
155554 8.015630e+11 1.053841e+05 6.026170e+05 
166665 8.015630e+11 3.162047e+05 6.055383e+05 
177776 8.015630e+11 5.254136e+05 6.565252e+05 
188887 8.015630e+11 6.906279e+05 7.701651e+05 
199998 8.015630e+11 9.945166e+05 8.981057e+05 
211109 8.015630e+11 2.273628e+05 8.042040e+05 
222220 8.015630e+11 3.754116e+05 8.526005e+05 
233331 8.015630e+11 5.425516e+05 9.162780e+05 
244442 8.015630e+11 7.875169e+05 9.803462e+05 
0 8.078746e+11 1.054770e+03 8.444423e+02 
11111 8.078746e+11 2.550791e+05 3.349667e+04 
22222 8.078746e+11 5.414984e+05 6.763002e+04 
33333 8.078746e+11 7.712864e+05 1.366039e+05 
44444 8.078746e+11 9.381634e+05 3.102202e+05 
55555 8.078746e+11 1.163351e+05 2.093489e+05 
66666 8.078746e+11 3.587575e+05 2.187912e+05 
77777 8.078746e+11 5.965988e+05 2.753775e+05 
88888 8.078746e+11 8.132515e+05 3.780460e+05 
99999 8.078746e+11 9.987221e+05 6.280736e+05 
111110 8.078746e+11 2.262043e+05 3.886277e+05 
122221 8.078746e+11 4.519118e+05 4.196617e+05 
133332 8.078746e+11 6.711639e+05 4.983387e+05 
144443 8.078746e+11 8.507031e+05 7.176968e+05 
155554 8.078746e+11 1.054586e+05 6.029254e+05 
166665 8.078746e+11 3.163847e+05 6.062587e+05 
177776 8.078746e+11 5.258019e+05 6.568939e+05 
188887 8.078746e+11 6.915067e+05 7.698971e+05 
199998 8.078746e+11 9.945348e+05 8.977756e+05 
211109 8.078746e+11 2.275620e+05 8.045584e+05 
222220 8.078746e+11 3.759067e+05 8.529124e+05 
233331 8.078746e+11 5.432828e+05 9.163314e+05 
244442 8.078746e+11 7.880804e+05 9.803133e+05 
0 8.141861e+11 1.054783e+03 8.444335e+02 
11111 8.141861e+11 2.549416e+05 3.355047e+04 
22222 8.141861e+11 5.407818e+05 6.774320e+04 
33333 8.141861e+11 7.706254e+05 1.362485e+05 
44444 8.141861e+11 9.379353e+05 3.093759e+05 
55555 8.141861e+11 1.162330e+05 2.095315e+05 
66666 8.141861e+11 3.582983e+05 2.192023e+05 
77777 8.141861e+11 5.960113e+05 2.755545e+05 
88888 8.141861e+11 8.128844e+05 3.771743e+05 
99999 8.141861e+11 9.987244e+05 6.269478e+05 
111110 8.141861e+11 2.260875e+05 3.891522e+05 
122221 8.141861e+11 4.516640e+05 4.202172e+05 
133332 8.141861e+11 6.711080e+05 4.982129e+05 
144443 8.141861e+11 8.511365e+05 7.169372e+05 
155554 8.141861e+11 1.055309e+05 6.032243e+05 
166665 8.141861e+11 3.165595e+05 6.069651e+05 
177776 8.141861e+11 5.261848e+05 6.572497e+05 
188887 8.141861e+11 6.923689e+05 7.696377e+05 
199998 8.141861e+11 9.945525e+05 8.974523e+05 
211109 8.141861e+11 2.277552e+05 8.049054e+05 
222220 8.141861e+11 3.763920e+05 8.532182e+05 
233331 8.141861e+11 5.440002e+05 9.163821e+05 
244442 8.141861e+11 7.886289e+05 9.802810e+05 
0 8.204976e+11 1.054797e+03 8.444245e+02 
11111 8.204976e+11 2.548087e+05 3.360364e+04 
22222 8.204976e+11 5.400789e+05 6.785386e+04 
33333 8.204976e+11 7.699810e+05 1.358984e+05 
44444 8.204976e+11 9.377081e+05 3.085546e+05 
55555 8.204976e+11 1.161332e+05 2.097075e+05 
66666 8.204976e+11 3.578506e+05 2.195964e+05 
77777 8.204976e+11 5.954444e+05 2.757263e+05 
88888 8.204976e+11 8.125319e+05 3.763234e+05 
99999 8.204976e+11 9.987267e+05 6.258417e+05 
111110 8.204976e+11 2.259743e+05 3.896636e+05 
122221 8.204976e+11 4.514226e+05 4.207598e+05 
133332 8.204976e+11 6.710470e+05 4.980907e+05 
144443 8.204976e+11 8.515605e+05 7.161914e+05 
155554 8.204976e+11 1.056015e+05 6.035147e+05 
166665 8.204976e+11 3.167349e+05 6.076612e+05 
177776 8.204976e+11 5.265518e+05 6.575986e+05 
188887 8.204976e+11 6.932149e+05 7.693831e+05 
199998 8.204976e+11 9.945697e+05 8.971355e+05 
211109 8.204976e+11 2.279425e+05 8.052462e+05 
222220 8.204976e+11 3.768683e+05 8.535163e+05 
233331 8.204976e+11 5.447038e+05 9.164305e+05 
244442 8.204976e+11 7.891630e+05 9.802494e+05 
0 8.268091e+11 1.054810e+03 8.444154e+02 
11111 8.268091e+11 2.546798e+05 3.365618e+04 
22222 8.268091e+11 5.393891e+05 6.796238e+04 
33333 8.268091e+11 7.693527e+05 1.355529e+05 
44444 8.268091e+11 9.374818e+05 3.077556e+05 
55555 8.268091e+11 1.160295e+05 2.098833e+05 
66666 8.268091e+11 3.574053e+05 2.199831e+05 
77777 8.268091e+11 5.948926e+05 2.758911e+05 
88888 8.268091e+11 8.121823e+05 3.755008e+05 
99999 8.268091e+11 9.987288e+05 6.247552e+05 
111110 8.268091e+11 2.258647e+05 3.901635e+05 
122221 8.268091e+11 4.511890e+05 4.212890e+05 
133332 8.268091e+11 6.709893e+05 4.979720e+05 
144443 8.268091e+11 8.519754e+05 7.154593e+05 
155554 8.268091e+11 1.056688e+05 6.037966e+05 
166665 8.268091e+11 3.169068e+05 6.083358e+05 
177776 8.268091e+11 5.269065e+05 6.579375e+05 
188887 8.268091e+11 6.940431e+05 7.691389e+05 
199998 8.268091e+11 9.945865e+05 8.968252e+05 
211109 8.268091e+11 2.281241e+05 8.055794e+05 
222220 8.268091e+11 3.773354e+05 8.538077e+05 
233331 8.268091e+11 5.453937e+05 9.164767e+05 
244442 8.268091e+11 7.896829e+05 9.802183e+05 
0 8.331206e+11 1.054823e+03 8.444061e+02 
11111 8.331206e+11 2.545547e+05 3.370814e+04 
22222 8.331206e+11 5.387117e+05 6.806853e+04 
33333 8.331206e+11 7.687396e+05 1.352122e+05 
44444 8.331206e+11 9.372564e+05 3.069780e+05 
55555 8.331206e+11 1.159313e+05 2.100553e+05 
66666 8.331206e+11 3.569670e+05 2.203635e+05 
77777 8.331206e+11 5.943543e+05 2.760505e+05 
88888 8.331206e+11 8.118410e+05 3.747017e+05 
99999 8.331206e+11 9.987310e+05 6.236876e+05 
111110 8.331206e+11 2.257594e+05 3.906530e+05 
122221 8.331206e+11 4.509593e+05 4.218068e+05 
133332 8.331206e+11 6.709312e+05 4.978519e+05 
144443 8.331206e+11 8.523818e+05 7.147406e+05 
155554 8.331206e+11 1.057336e+05 6.040713e+05 
166665 8.331206e+11 3.170709e+05 6.089996e+05 
177776 8.331206e+11 5.272541e+05 6.582748e+05 
188887 8.331206e+11 6.948558e+05 7.688992e+05 
199998 8.331206e+11 9.946029e+05 8.965213e+05 
211109 8.331206e+11 2.283012e+05 8.059054e+05 
222220 8.331206e+11 3.777940e+05 8.540939e+05 
233331 8.331206e+11 5.460709e+05 9.165203e+05 
244442 8.331206e+11 7.901892e+05 9.801879e+05 
0 8.394322e+11 1.054836e+03 8.443968e+02 
11111 8.394322e+11 2.544331e+05 3.375942e+04 
22222 8.394322e+11 5.380466e+05 6.817279e+04 
33333 8.394322e+11 7.681420e+05 1.348753e+05 
44444 8.394322e+11 9.370317e+05 3.062211e+05 
55555 8.394322e+11 1.158373e+05 2.102220e+05 
66666 8.394322e+11 3.565409e+05 2.207366e+05 
77777 8.394322e+11 5.938273e+05 2.762042e+05 
88888 8.394322e+11 8.115006e+05 3.739230e+05 
99999 8.394322e+11 9.987330e+05 6.226389e+05 
111110 8.394322e+11 2.256546e+05 3.911365e+05 
122221 8.394322e+11 4.507368e+05 4.223112e+05 
133332 8.394322e+11 6.708760e+05 4.977368e+05 
144443 8.394322e+11 8.527796e+05 7.140351e+05 
155554 8.394322e+11 1.057980e+05 6.043411e+05 
166665 8.394322e+11 3.172358e+05 6.096532e+05 
177776 8.394322e+11 5.275926e+05 6.585994e+05 
188887 8.394322e+11 6.956478e+05 7.686682e+05 
199998 8.394322e+11 9.946189e+05 8.962235e+05 
211109 8.394322e+11 2.284736e+05 8.062249e+05 
222220 8.394322e+11 3.782435e+05 8.543744e+05 
233331 8.394322e+11 5.467353e+05 9.165616e+05 
244442 8.394322e+11 7.906823e+05 9.801579e+05 
0 8.457437e+11 1.054850e+03 8.443875e+02 
11111 8.457437e+11 2.543151e+05 3.381011e+04 
22222 8.457437e+11 5.373933e+05 6.827474e+04 
33333 8.457437e+11 7.675584e+05 1.345431e+05 
44444 8.457437e+11 9.368080e+05 3.054838e+05 
55555 8.457437e+11 1.157438e+05 2.103829e+05 
66666 8.457437e+11 3.561311e+05 2.211054e+05 
77777 8.457437e+11 5.933148e+05 2.763560e+05 
88888 8.457437e+11 8.111666e+05 3.731656e+05 
99999 8.457437e+11 9.987351e+05 6.216084e+05 
111110 8.457437e+11 2.255532e+05 3.916072e+05 
122221 8.457437e+11 4.505196e+05 4.228005e+05 
133332 8.457437e+11 6.708199e+05 4.976237e+05 
144443 8.457437e+11 8.531690e+05 7.133423e+05 
155554 8.457437e+11 1.058599e+05 6.046075e+05 
166665 8.457437e+11 3.173987e+05 6.102886e+05 
177776 8.457437e+11 5.279208e+05 6.589196e+05 
188887 8.457437e+11 6.964207e+05 7.684449e+05 
199998 8.457437e+11 9.946345e+05 8.959318e+05 
211109 8.457437e+11 2.286415e+05 8.065378e+05 
222220 8.457437e+11 3.786843e+05 8.546493e+05 
233331 8.457437e+11 5.473869e+05 9.166008e+05 
244442 8.457437e+11 7.911627e+05 9.801286e+05 
0 8.520552e+11 1.054863e+03 8.443782e+02 
11111 8.520552e+11 2.542006e+05 3.386005e+04 
22222 8.520552e+11 5.367518e+05 6.837451e+04 
33333 8.520552e+11 7.669886e+05 1.342151e+05 
44444 8.520552e+11 9.365850e+05 3.047660e+05 
55555 8.520552e+11 1.156523e+05 2.105393e+05 
66666 8.520552e+11 3.557321e+05 2.214624e+05 
77777 8.520552e+11 5.928184e+05 2.765036e+05 
88888 8.520552e+11 8.108327e+05 3.724364e+05 
99999 8.520552e+11 9.987371e+05 6.205957e+05 
111110 8.520552e+11 2.254571e+05 3.920675e+05 
122221 8.520552e+11 4.503093e+05 4.232812e+05 
133332 8.520552e+11 6.707620e+05 4.975126e+05 
144443 8.520552e+11 8.535505e+05 7.126622e+05 
155554 8.520552e+11 1.059200e+05 6.048661e+05 
166665 8.520552e+11 3.175592e+05 6.109117e+05 
177776 8.520552e+11 5.282367e+05 6.592290e+05 
188887 8.520552e+11 6.971684e+05 7.682286e+05 
199998 8.520552e+11 9.946497e+05 8.956461e+05 
211109 8.520552e+11 2.288048e+05 8.068443e+05 
222220 8.520552e+11 3.791167e+05 8.549181e+05 
233331 8.520552e+11 5.480256e+05 9.166379e+05 
244442 8.520552e+11 7.916306e+05 9.800998e+05 
0 8.583667e+11 1.054876e+03 8.443688e+02 
11111 8.583667e+11 2.540893e+05 3.390940e+04 
22222 8.583667e+11 5.361214e+05 6.847231e+04 
33333 8.583667e+11 7.664318e+05 1.338918e+05 
44444 8.583667e+11 9.363632e+05 3.040665e+05 
55555 8.583667e+11 1.155596e+05 2.106915e+05 
66666 8.583667e+11 3.553439e+05 2.218163e+05 
77777 8.583667e+11 5.923314e+05 2.766471e+05 
88888 8.583667e+11 8.105024e+05 3.717264e+05 
99999 8.583667e+11 9.987390e+05 6.196003e+05 
111110 8.583667e+11 2.253616e+05 3.925215e+05 
122221 8.583667e+11 4.501030e+05 4.237511e+05 
133332 8.583667e+11 6.707050e+05 4.974041e+05 
144443 8.583667e+11 8.539243e+05 7.119942e+05 
155554 8.583667e+11 1.059794e+05 6.051187e+05 
166665 8.583667e+11 3.177224e+05 6.115210e+05 
177776 8.583667e+11 5.285494e+05 6.595330e+05 
188887 8.583667e+11 6.979033e+05 7.680218e+05 
199998 8.583667e+11 9.946645e+05 8.953662e+05 
211109 8.583667e+11 2.289642e+05 8.071444e+05 
222220 8.583667e+11 3.795411e+05 8.551812e+05 
233331 8.583667e+11 5.486519e+05 9.166731e+05 
244442 8.583667e+11 7.920868e+05 9.800715e+05 
0 8.646782e+11 1.054889e+03 8.443593e+02 
11111 8.646782e+11 2.539810e+05 3.395834e+04 
22222 8.646782e+11 5.355022e+05 6.856809e+04 
33333 8.646782e+11 7.658883e+05 1.335720e+05 
44444 8.646782e+11 9.361428e+05 3.033850e+05 
55555 8.646782e+11 1.154698e+05 2.108410e+05 
66666 8.646782e+11 3.549630e+05 2.221744e+05 
77777 8.646782e+11 5.918594e+05 2.767892e+05 
88888 8.646782e+11 8.101761e+05 3.710353e+05 
99999 8.646782e+11 9.987409e+05 6.186216e+05 
111110 8.646782e+11 2.252697e+05 3.929651e+05 
122221 8.646782e+11 4.499019e+05 4.242083e+05 
133332 8.646782e+11 6.706489e+05 4.972981e+05 
144443 8.646782e+11 8.542905e+05 7.113382e+05 
155554 8.646782e+11 1.060366e+05 6.053659e+05 
166665 8.646782e+11 3.178803e+05 6.121215e+05 
177776 8.646782e+11 5.288534e+05 6.598266e+05 
188887 8.646782e+11 6.986133e+05 7.678217e+05 
199998 8.646782e+11 9.946790e+05 8.950916e+05 
211109 8.646782e+11 2.291196e+05 8.074386e+05 
222220 8.646782e+11 3.799579e+05 8.554387e+05 
233331 8.646782e+11 5.492667e+05 9.167065e+05 
244442 8.646782e+11 7.925318e+05 9.800438e+05 
0 8.709898e+11 1.054903e+03 8.443499e+02 
11111 8.709898e+11 2.538753e+05 3.400673e+04 
22222 8.709898e+11 5.348934e+05 6.866182e+04 
33333 8.709898e+11 7.653567e+05 1.332568e+05 
44444 8.709898e+11 9.359234e+05 3.027208e+05 
55555 8.709898e+11 1.153800e+05 2.109860e+05 
66666 8.709898e+11 3.545899e+05 2.225245e+05 
77777 8.709898e+11 5.913980e+05 2.769254e+05 
88888 8.709898e+11 8.098498e+05 3.703660e+05 
99999 8.709898e+11 9.987427e+05 6.176597e+05 
111110 8.709898e+11 2.251801e+05 3.934007e+05 
122221 8.709898e+11 4.497082e+05 4.246557e+05 
133332 8.709898e+11 6.705952e+05 4.971944e+05 
144443 8.709898e+11 8.546491e+05 7.106941e+05 
155554 8.709898e+11 1.060927e+05 6.056090e+05 
166665 8.709898e+11 3.180364e+05 6.127071e+05 
177776 8.709898e+11 5.291496e+05 6.601152e+05 
188887 8.709898e+11 6.993061e+05 7.676303e+05 
199998 8.709898e+11 9.946932e+05 8.948225e+05 
211109 8.709898e+11 2.292711e+05 8.077268e+05 
222220 8.709898e+11 3.803669e+05 8.556909e+05 
233331 8.709898e+11 5.498701e+05 9.167381e+05 
244442 8.709898e+11 7.929655e+05 9.800166e+05 
0 8.773013e+11 1.054916e+03 8.443405e+02 
11111 8.773013e+11 2.537724e+05 3.405436e+04 
22222 8.773013e+11 5.342952e+05 6.875345e+04 
33333 8.773013e+11 7.648373e+05 1.329459e+05 
44444 8.773013e+11 9.357055e+05 3.020729e+05 
55555 8.773013e+11 1.152920e+05 2.111283e+05 
66666 8.773013e+11 3.542271e+05 2.228636e+05 
77777 8.773013e+11 5.909487e+05 2.770576e+05 
88888 8.773013e+11 8.095367e+05 3.697141e+05 
99999 8.773013e+11 9.987445e+05 6.167135e+05 
111110 8.773013e+11 2.250929e+05 3.938264e+05 
122221 8.773013e+11 4.495215e+05 4.250939e+05 
133332 8.773013e+11 6.705427e+05 4.970936e+05 
144443 8.773013e+11 8.550005e+05 7.100612e+05 
155554 8.773013e+11 1.061480e+05 6.058467e+05 
166665 8.773013e+11 3.181881e+05 6.132805e+05 
177776 8.773013e+11 5.294364e+05 6.604010e+05 
188887 8.773013e+11 6.999816e+05 7.674392e+05 
199998 8.773013e+11 9.947070e+05 8.945585e+05 
211109 8.773013e+11 2.294193e+05 8.080085e+05 
222220 8.773013e+11 3.807687e+05 8.559384e+05 
233331 8.773013e+11 5.504625e+05 9.167679e+05 
244442 8.773013e+11 7.933887e+05 9.799899e+05 
0 8.836128e+11 1.054929e+03 8.443310e+02 
11111 8.836128e+11 2.536722e+05 3.410149e+04 
22222 8.836128e+11 5.337076e+05 6.884307e+04 
33333 8.836128e+11 7.643297e+05 1.326387e+05 
44444 8.836128e+11 9.354893e+05 3.014407e+05 
55555 8.836128e+11 1.152057e+05 2.112672e+05 
66666 8.836128e+11 3.538760e+05 2.231972e+05 
77777 8.836128e+11 5.905077e+05 2.771880e+05 
88888 8.836128e+11 8.092229e+05 3.690793e+05 
99999 8.836128e+11 9.987463e+05 6.157826e+05 
111110 8.836128e+11 2.250059e+05 3.942459e+05 
122221 8.836128e+11 4.493366e+05 4.255248e+05 
133332 8.836128e+11 6.704898e+05 4.969942e+05 
144443 8.836128e+11 8.553448e+05 7.094388e+05 
155554 8.836128e+11 1.062020e+05 6.060792e+05 
166665 8.836128e+11 3.183418e+05 6.138482e+05 
177776 8.836128e+11 5.297198e+05 6.606814e+05 
188887 8.836128e+11 7.006463e+05 7.672449e+05 
199998 8.836128e+11 9.947206e+05 8.942993e+05 
211109 8.836128e+11 2.295642e+05 8.082846e+05 
222220 8.836128e+11 3.811636e+05 8.561810e+05 
233331 8.836128e+11 5.510444e+05 9.167959e+05 
244442 8.836128e+11 7.938019e+05 9.799636e+05 
0 8.899243e+11 1.054941e+03 8.443216e+02 
11111 8.899243e+11 2.535746e+05 3.414803e+04 
22222 8.899243e+11 5.331298e+05 6.893073e+04 
33333 8.899243e+11 7.638333e+05 1.323362e+05 
44444 8.899243e+11 9.352747e+05 3.008237e+05 
55555 8.899243e+11 1.151203e+05 2.114044e+05 
66666 8.899243e+11 3.535357e+05 2.235258e+05 
77777 8.899243e+11 5.900783e+05 2.773171e+05 
88888 8.899243e+11 8.089204e+05 3.684611e+05 
99999 8.899243e+11 9.987480e+05 6.148667e+05 
111110 8.899243e+11 2.249231e+05 3.946587e+05 
122221 8.899243e+11 4.491582e+05 4.259457e+05 
133332 8.899243e+11 6.704377e+05 4.968969e+05 
144443 8.899243e+11 8.556822e+05 7.088269e+05 
155554 8.899243e+11 1.062527e+05 6.063074e+05 
166665 8.899243e+11 3.184939e+05 6.144046e+05 
177776 8.899243e+11 5.300026e+05 6.609538e+05 
188887 8.899243e+11 7.013022e+05 7.670383e+05 
199998 8.899243e+11 9.947338e+05 8.940449e+05 
211109 8.899243e+11 2.297057e+05 8.085557e+05 
222220 8.899243e+11 3.815515e+05 8.564187e+05 
233331 8.899243e+11 5.516158e+05 9.168223e+05 
244442 8.899243e+11 7.942055e+05 9.799379e+05 
0 8.962358e+11 1.054954e+03 8.443123e+02 
11111 8.962358e+11 2.534793e+05 3.419397e+04 
22222 8.962358e+11 5.325619e+05 6.901638e+04 
33333 8.962358e+11 7.633478e+05 1.320377e+05 
44444 8.962358e+11 9.350616e+05 3.002213e+05 
55555 8.962358e+11 1.150353e+05 2.115368e+05 
66666 8.962358e+11 3.532032e+05 2.238516e+05 
77777 8.962358e+11 5.896602e+05 2.774446e+05 
88888 8.962358e+11 8.086151e+05 3.678584e+05 
99999 8.962358e+11 9.987497e+05 6.139655e+05 
111110 8.962358e+11 2.248401e+05 3.950641e+05 
122221 8.962358e+11 4.489839e+05 4.263544e+05 
133332 8.962358e+11 6.703886e+05 4.968053e+05 
144443 8.962358e+11 8.560132e+05 7.082255e+05 
155554 8.962358e+11 1.063029e+05 6.065328e+05 
166665 8.962358e+11 3.186441e+05 6.149494e+05 
177776 8.962358e+11 5.302817e+05 6.612189e+05 
188887 8.962358e+11 7.019385e+05 7.668303e+05 
199998 8.962358e+11 9.947467e+05 8.937952e+05 
211109 8.962358e+11 2.298442e+05 8.088215e+05 
222220 8.962358e+11 3.819326e+05 8.566512e+05 
233331 8.962358e+11 5.521765e+05 9.168474e+05 
244442 8.962358e+11 7.945997e+05 9.799127e+05 
0 9.025474e+11 1.054967e+03 8.443029e+02 
11111 9.025474e+11 2.533866e+05 3.423929e+04 
22222 9.025474e+11 5.320040e+05 6.909990e+04 
33333 9.025474e+11 7.628730e+05 1.317432e+05 
44444 9.025474e+11 9.348496e+05 2.996334e+05 
55555 9.025474e+11 1.149481e+05 2.116681e+05 
66666 9.025474e+11 3.528789e+05 2.241766e+05 
77777 9.025474e+11 5.892518e+05 2.775676e+05 
88888 9.025474e+11 8.083089e+05 3.672748e+05 
99999 9.025474e+11 9.987513e+05 6.130792e+05 
111110 9.025474e+11 2.247607e+05 3.954598e+05 
122221 9.025474e+11 4.488148e+05 4.267567e+05 
133332 9.025474e+11 6.703369e+05 4.967156e+05 
144443 9.025474e+11 8.563382e+05 7.076345e+05 
155554 9.025474e+11 1.063522e+05 6.067515e+05 
166665 9.025474e+11 3.187909e+05 6.154817e+05 
177776 9.025474e+11 5.305537e+05 6.614781e+05 
188887 9.025474e+11 7.025517e+05 7.666189e+05 
199998 9.025474e+11 9.947594e+05 8.935505e+05 
211109 9.025474e+11 2.299794e+05 8.090818e+05 
222220 9.025474e+11 3.823069e+05 8.568788e+05 
233331 9.025474e+11 5.527268e+05 9.168710e+05 
244442 9.025474e+11 7.949843e+05 9.798878e+05 
0 9.088589e+11 1.054980e+03 8.442936e+02 
11111 9.088589e+11 2.532959e+05 3.428421e+04 
22222 9.088589e+11 5.314556e+05 6.918173e+04 
33333 9.088589e+11 7.624082e+05 1.314521e+05 
44444 9.088589e+11 9.346392e+05 2.990591e+05 
55555 9.088589e+11 1.148663e+05 2.117954e+05 
66666 9.088589e+11 3.525591e+05 2.244953e+05 
77777 9.088589e+11 5.888528e+05 2.776876e+05 
88888 9.088589e+11 8.080111e+05 3.667079e+05 
99999 9.088589e+11 9.987529e+05 6.122070e+05 
111110 9.088589e+11 2.246823e+05 3.958510e+05 
122221 9.088589e+11 4.486519e+05 4.271477e+05 
133332 9.088589e+11 6.702881e+05 4.966269e+05 
144443 9.088589e+11 8.566570e+05 7.070533e+05 
155554 9.088589e+11 1.063994e+05 6.069669e+05 
166665 9.088589e+11 3.189403e+05 6.160047e+05 
177776 9.088589e+11 5.308234e+05 6.617302e+05 
188887 9.088589e+11 7.031597e+05 7.664034e+05 
199998 9.088589e+11 9.947717e+05 8.933104e+05 
211109 9.088589e+11 2.301114e+05 8.093371e+05 
222220 9.088589e+11 3.826745e+05 8.571015e+05 
233331 9.088589e+11 5.532669e+05 9.168935e+05 
244442 9.088589e+11 7.953599e+05 9.798634e+05 
0 9.151704e+11 1.054992e+03 8.442843e+02 
11111 9.151704e+11 2.532074e+05 3.432855e+04 
22222 9.151704e+11 5.309168e+05 6.926181e+04 
33333 9.151704e+11 7.619532e+05 1.311656e+05 
44444 9.151704e+11 9.344300e+05 2.984976e+05 
55555 9.151704e+11 1.147844e+05 2.119177e+05 
66666 9.151704e+11 3.522468e+05 2.248085e+05 
77777 9.151704e+11 5.884616e+05 2.778047e+05 
88888 9.151704e+11 8.077131e+05 3.661596e+05 
99999 9.151704e+11 9.987545e+05 6.113484e+05 
111110 9.151704e+11 2.246052e+05 3.962342e+05 
122221 9.151704e+11 4.484921e+05 4.275340e+05 
133332 9.151704e+11 6.702395e+05 4.965401e+05 
144443 9.151704e+11 8.569699e+05 7.064819e+05 
155554 9.151704e+11 1.064449e+05 6.071795e+05 
166665 9.151704e+11 3.190889e+05 6.165197e+05 
177776 9.151704e+11 5.310873e+05 6.619791e+05 
188887 9.151704e+11 7.037547e+05 7.661887e+05 
199998 9.151704e+11 9.947838e+05 8.930747e+05 
211109 9.151704e+11 2.302406e+05 8.095873e+05 
222220 9.151704e+11 3.830354e+05 8.573198e+05 
233331 9.151704e+11 5.537971e+05 9.169146e+05 
244442 9.151704e+11 7.957268e+05 9.798395e+05 
0 9.214819e+11 1.055005e+03 8.442751e+02 
11111 9.214819e+11 2.531205e+05 3.437237e+04 
22222 9.214819e+11 5.303866e+05 6.934027e+04 
33333 9.214819e+11 7.615074e+05 1.308823e+05 
44444 9.214819e+11 9.342219e+05 2.979492e+05 
55555 9.214819e+11 1.147041e+05 2.120359e+05 
66666 9.214819e+11 3.519431e+05 2.251177e+05 
77777 9.214819e+11 5.880782e+05 2.779207e+05 
88888 9.214819e+11 8.074155e+05 3.656188e+05 
99999 9.214819e+11 9.987560e+05 6.105045e+05 
111110 9.214819e+11 2.245301e+05 3.966123e+05 
122221 9.214819e+11 4.483379e+05 4.279145e+05 
133332 9.214819e+11 6.701933e+05 4.964552e+05 
144443 9.214819e+11 8.572766e+05 7.059202e+05 
155554 9.214819e+11 1.064899e+05 6.073844e+05 
166665 9.214819e+11 3.192357e+05 6.170268e+05 
177776 9.214819e+11 5.313504e+05 6.622261e+05 
188887 9.214819e+11 7.043382e+05 7.659790e+05 
199998 9.214819e+11 9.947957e+05 8.928434e+05 
211109 9.214819e+11 2.303673e+05 8.098325e+05 
222220 9.214819e+11 3.833900e+05 8.575339e+05 
233331 9.214819e+11 5.543177e+05 9.169345e+05 
244442 9.214819e+11 7.960852e+05 9.798159e+05 
0 9.277934e+11 1.055017e+03 8.442660e+02 
11111 9.277934e+11 2.530356e+05 3.441559e+04 
22222 9.277934e+11 5.298653e+05 6.941702e+04 
33333 9.277934e+11 7.610709e+05 1.306029e+05 
44444 9.277934e+11 9.340150e+05 2.974129e+05 
55555 9.277934e+11 1.146246e+05 2.121530e+05 
66666 9.277934e+11 3.516470e+05 2.254204e+05 
77777 9.277934e+11 5.877060e+05 2.780351e+05 
88888 9.277934e+11 8.071187e+05 3.650982e+05 
99999 9.277934e+11 9.987575e+05 6.096738e+05 
111110 9.277934e+11 2.244550e+05 3.969847e+05 
122221 9.277934e+11 4.481870e+05 4.282849e+05 
133332 9.277934e+11 6.701463e+05 4.963727e+05 
144443 9.277934e+11 8.575778e+05 7.053677e+05 
155554 9.277934e+11 1.065335e+05 6.075890e+05 
166665 9.277934e+11 3.193822e+05 6.175225e+05 
177776 9.277934e+11 5.316085e+05 6.624656e+05 
188887 9.277934e+11 7.049153e+05 7.657625e+05 
199998 9.277934e+11 9.948072e+05 8.926165e+05 
211109 9.277934e+11 2.304910e+05 8.100730e+05 
222220 9.277934e+11 3.837381e+05 8.577433e+05 
233331 9.277934e+11 5.548283e+05 9.169533e+05 
244442 9.277934e+11 7.964353e+05 9.797928e+05 
0 9.341050e+11 1.055029e+03 8.442570e+02 
11111 9.341050e+11 2.529523e+05 3.445826e+04 
22222 9.341050e+11 5.293524e+05 6.949192e+04 
33333 9.341050e+11 7.606429e+05 1.303271e+05 
44444 9.341050e+11 9.338095e+05 2.968889e+05 
55555 9.341050e+11 1.145473e+05 2.122668e+05 
66666 9.341050e+11 3.513598e+05 2.257180e+05 
77777 9.341050e+11 5.873436e+05 2.781495e+05 
88888 9.341050e+11 8.068204e+05 3.645957e+05 
99999 9.341050e+11 9.987590e+05 6.088563e+05 
111110 9.341050e+11 2.243805e+05 3.973498e+05 
122221 9.341050e+11 4.480410e+05 4.286475e+05 
133332 9.341050e+11 6.700995e+05 4.962954e+05 
144443 9.341050e+11 8.578734e+05 7.048244e+05 
155554 9.341050e+11 1.065760e+05 6.077889e+05 
166665 9.341050e+11 3.195289e+05 6.180103e+05 
177776 9.341050e+11 5.318604e+05 6.626989e+05 
188887 9.341050e+11 7.054876e+05 7.655471e+05 
199998 9.341050e+11 9.948186e+05 8.923937e+05 
211109 9.341050e+11 2.306122e+05 8.103090e+05 
222220 9.341050e+11 3.840804e+05 8.579483e+05 
233331 9.341050e+11 5.553297e+05 9.169710e+05 
244442 9.341050e+11 7.967776e+05 9.797701e+05 
0 9.404165e+11 1.055041e+03 8.442480e+02 
11111 9.404165e+11 2.528709e+05 3.450047e+04 
22222 9.404165e+11 5.288486e+05 6.956513e+04 
33333 9.404165e+11 7.602236e+05 1.300551e+05 
44444 9.404165e+11 9.336052e+05 2.963760e+05 
55555 9.404165e+11 1.144720e+05 2.123773e+05 
66666 9.404165e+11 3.510803e+05 2.260103e+05 
77777 9.404165e+11 5.869869e+05 2.782589e+05 
88888 9.404165e+11 8.065287e+05 3.641041e+05 
99999 9.404165e+11 9.987604e+05 6.080511e+05 
111110 9.404165e+11 2.243080e+05 3.977085e+05 
122221 9.404165e+11 4.478986e+05 4.290043e+05 
133332 9.404165e+11 6.700539e+05 4.962181e+05 
144443 9.404165e+11 8.581639e+05 7.042897e+05 
155554 9.404165e+11 1.066169e+05 6.079854e+05 
166665 9.404165e+11 3.196722e+05 6.184881e+05 
177776 9.404165e+11 5.321086e+05 6.629304e+05 
188887 9.404165e+11 7.060478e+05 7.653368e+05 
199998 9.404165e+11 9.948297e+05 8.921749e+05 
211109 9.404165e+11 2.307309e+05 8.105406e+05 
222220 9.404165e+11 3.844171e+05 8.581490e+05 
233331 9.404165e+11 5.558220e+05 9.169877e+05 
244442 9.404165e+11 7.971124e+05 9.797478e+05 
0 9.467280e+11 1.055053e+03 8.442391e+02 
11111 9.467280e+11 2.527914e+05 3.454214e+04 
22222 9.467280e+11 5.283536e+05 6.963656e+04 
33333 9.467280e+11 7.598128e+05 1.297870e+05 
44444 9.467280e+11 9.334022e+05 2.958738e+05 
55555 9.467280e+11 1.143957e+05 2.124848e+05 
66666 9.467280e+11 3.508074e+05 2.263017e+05 
77777 9.467280e+11 5.866381e+05 2.783662e+05 
88888 9.467280e+11 8.062375e+05 3.636221e+05 
99999 9.467280e+11 9.987618e+05 6.072575e+05 
111110 9.467280e+11 2.242363e+05 3.980633e+05 
122221 9.467280e+11 4.477590e+05 4.293546e+05 
133332 9.467280e+11 6.700080e+05 4.961412e+05 
144443 9.467280e+11 8.584496e+05 7.037632e+05 
155554 9.467280e+11 1.066586e+05 6.081768e+05 
166665 9.467280e+11 3.198143e+05 6.189580e+05 
177776 9.467280e+11 5.323556e+05 6.631579e+05 
188887 9.467280e+11 7.066003e+05 7.651261e+05 
199998 9.467280e+11 9.948405e+05 8.919597e+05 
211109 9.467280e+11 2.308477e+05 8.107678e+05 
222220 9.467280e+11 3.847485e+05 8.583456e+05 
233331 9.467280e+11 5.563058e+05 9.170037e+05 
244442 9.467280e+11 7.974405e+05 9.797258e+05 
0 9.530395e+11 1.055065e+03 8.442302e+02 
11111 9.530395e+11 2.527136e+05 3.458329e+04 
22222 9.530395e+11 5.278670e+05 6.970640e+04 
33333 9.530395e+11 7.594101e+05 1.295220e+05 
44444 9.530395e+11 9.332010e+05 2.953823e+05 
55555 9.530395e+11 1.143209e+05 2.125902e+05 
66666 9.530395e+11 3.505425e+05 2.265889e+05 
77777 9.530395e+11 5.862949e+05 2.784732e+05 
88888 9.530395e+11 8.059453e+05 3.631554e+05 
99999 9.530395e+11 9.987632e+05 6.064759e+05 
111110 9.530395e+11 2.241649e+05 3.984107e+05 
122221 9.530395e+11 4.476244e+05 4.296984e+05 
133332 9.530395e+11 6.699642e+05 4.960682e+05 
144443 9.530395e+11 8.587299e+05 7.032450e+05 
155554 9.530395e+11 1.066985e+05 6.083655e+05 
166665 9.530395e+11 3.199573e+05 6.194193e+05 
177776 9.530395e+11 5.325971e+05 6.633791e+05 
188887 9.530395e+11 7.071453e+05 7.649188e+05 
199998 9.530395e+11 9.948512e+05 8.917481e+05 
211109 9.530395e+11 2.309624e+05 8.109908e+05 
222220 9.530395e+11 3.850744e+05 8.585384e+05 
233331 9.530395e+11 5.567813e+05 9.170188e+05 
244442 9.530395e+11 7.977618e+05 9.797041e+05 
0 9.593510e+11 1.055076e+03 8.442215e+02 
11111 9.593510e+11 2.526370e+05 3.462403e+04 
22222 9.593510e+11 5.273882e+05 6.977503e+04 
33333 9.593510e+11 7.590155e+05 1.292612e+05 
44444 9.593510e+11 9.330014e+05 2.949007e+05 
55555 9.593510e+11 1.142488e+05 2.126914e+05 
66666 9.593510e+11 3.502803e+05 2.268748e+05 
77777 9.593510e+11 5.859582e+05 2.785792e+05 
88888 9.593510e+11 8.056534e+05 3.626915e+05 
99999 9.593510e+11 9.987645e+05 6.057054e+05 
111110 9.593510e+11 2.240917e+05 3.987536e+05 
122221 9.593510e+11 4.474954e+05 4.300374e+05 
133332 9.593510e+11 6.699224e+05 4.959973e+05 
144443 9.593510e+11 8.590056e+05 7.027346e+05 
155554 9.593510e+11 1.067365e+05 6.085503e+05 
166665 9.593510e+11 3.200987e+05 6.198751e+05 
177776 9.593510e+11 5.328380e+05 6.635981e+05 
188887 9.593510e+11 7.076850e+05 7.647175e+05 
199998 9.593510e+11 9.948617e+05 8.915401e+05 
211109 9.593510e+11 2.310751e+05 8.112096e+05 
222220 9.593510e+11 3.853948e+05 8.587276e+05 
233331 9.593510e+11 5.572488e+05 9.170330e+05 
244442 9.593510e+11 7.980763e+05 9.796828e+05 
0 9.656626e+11 1.055088e+03 8.442128e+02 
11111 9.656626e+11 2.525615e+05 3.466439e+04 
22222 9.656626e+11 5.269175e+05 6.984247e+04 
33333 9.656626e+11 7.586284e+05 1.290036e+05 
44444 9.656626e+11 9.328035e+05 2.944285e+05 
55555 9.656626e+11 1.141772e+05 2.127905e+05 
66666 9.656626e+11 3.500261e+05 2.271610e+05 
77777 9.656626e+11 5.856272e+05 2.786825e+05 
88888 9.656626e+11 8.053669e+05 3.622374e+05 
99999 9.656626e+11 9.987658e+05 6.049458e+05 
111110 9.656626e+11 2.240192e+05 3.990911e+05 
122221 9.656626e+11 4.473687e+05 4.303710e+05 
133332 9.656626e+11 6.698805e+05 4.959283e+05 
144443 9.656626e+11 8.592769e+05 7.022317e+05 
155554 9.656626e+11 1.067743e+05 6.087318e+05 
166665 9.656626e+11 3.202413e+05 6.203222e+05 
177776 9.656626e+11 5.330753e+05 6.638118e+05 
188887 9.656626e+11 7.082189e+05 7.645165e+05 
199998 9.656626e+11 9.948719e+05 8.913355e+05 
211109 9.656626e+11 2.311859e+05 8.114245e+05 
222220 9.656626e+11 3.857099e+05 8.589133e+05 
233331 9.656626e+11 5.577085e+05 9.170467e+05 
244442 9.656626e+11 7.983845e+05 9.796618e+05 
0 9.719741e+11 1.055099e+03 8.442043e+02 
11111 9.719741e+11 2.524868e+05 3.470443e+04 
22222 9.719741e+11 5.264543e+05 6.990864e+04 
33333 9.719741e+11 7.582483e+05 1.287494e+05 
44444 9.719741e+11 9.326076e+05 2.939656e+05 
55555 9.719741e+11 1.141062e+05 2.128872e+05 
66666 9.719741e+11 3.497733e+05 2.274448e+05 
77777 9.719741e+11 5.853037e+05 2.787847e+05 
88888 9.719741e+11 8.050796e+05 3.617958e+05 
99999 9.719741e+11 9.987671e+05 6.041971e+05 
111110 9.719741e+11 2.239483e+05 3.994250e+05 
122221 9.719741e+11 4.472448e+05 4.306984e+05 
133332 9.719741e+11 6.698403e+05 4.958620e+05 
144443 9.719741e+11 8.595435e+05 7.017364e+05 
155554 9.719741e+11 1.068104e+05 6.089126e+05 
166665 9.719741e+11 3.203800e+05 6.207562e+05 
177776 9.719741e+11 5.333086e+05 6.640224e+05 
188887 9.719741e+11 7.087473e+05 7.643236e+05 
199998 9.719741e+11 9.948820e+05 8.911341e+05 
211109 9.719741e+11 2.312947e+05 8.116357e+05 
222220 9.719741e+11 3.860201e+05 8.590951e+05 
233331 9.719741e+11 5.581604e+05 9.170596e+05 
244442 9.719741e+11 7.986867e+05 9.796412e+05 
0 9.782856e+11 1.055110e+03 8.441958e+02 
11111 9.782856e+11 2.524133e+05 3.474410e+04 
22222 9.782856e+11 5.259986e+05 6.997346e+04 
33333 9.782856e+11 7.578755e+05 1.284991e+05 
44444 9.782856e+11 9.324131e+05 2.935120e+05 
55555 9.782856e+11 1.140359e+05 2.129811e+05 
66666 9.782856e+11 3.495260e+05 2.277241e+05 
77777 9.782856e+11 5.849850e+05 2.788856e+05 
88888 9.782856e+11 8.047906e+05 3.613649e+05 
99999 9.782856e+11 9.987684e+05 6.034586e+05 
111110 9.782856e+11 2.238776e+05 3.997539e+05 
122221 9.782856e+11 4.471235e+05 4.310219e+05 
133332 9.782856e+11 6.698018e+05 4.957979e+05 
144443 9.782856e+11 8.598058e+05 7.012481e+05 
155554 9.782856e+11 1.068469e+05 6.090881e+05 
166665 9.782856e+11 3.205132e+05 6.211828e+05 
177776 9.782856e+11 5.335378e+05 6.642281e+05 
188887 9.782856e+11 7.092641e+05 7.641360e+05 
199998 9.782856e+11 9.948918e+05 8.909359e+05 
211109 9.782856e+11 2.314018e+05 8.118431e+05 
222220 9.782856e+11 3.863259e+05 8.592735e+05 
233331 9.782856e+11 5.586052e+05 9.170718e+05 
244442 9.782856e+11 7.989830e+05 9.796208e+05 
0 9.845971e+11 1.055121e+03 8.441874e+02 
11111 9.845971e+11 2.523407e+05 3.478336e+04 
22222 9.845971e+11 5.255501e+05 7.003696e+04 
33333 9.845971e+11 7.575095e+05 1.282520e+05 
44444 9.845971e+11 9.322204e+05 2.930673e+05 
55555 9.845971e+11 1.139662e+05 2.130733e+05 
66666 9.845971e+11 3.492877e+05 2.280000e+05 
77777 9.845971e+11 5.846734e+05 2.789843e+05 
88888 9.845971e+11 8.045044e+05 3.609413e+05 
99999 9.845971e+11 9.987696e+05 6.027305e+05 
111110 9.845971e+11 2.238074e+05 4.000778e+05 
122221 9.845971e+11 4.470048e+05 4.313388e+05 
133332 9.845971e+11 6.697641e+05 4.957364e+05 
144443 9.845971e+11 8.600638e+05 7.007671e+05 
155554 9.845971e+11 1.068810e+05 6.092619e+05 
166665 9.845971e+11 3.206415e+05 6.215980e+05 
177776 9.845971e+11 5.337631e+05 6.644320e+05 
188887 9.845971e+11 7.097816e+05 7.639440e+05 
199998 9.845971e+11 9.949015e+05 8.907409e+05 
211109 9.845971e+11 2.315072e+05 8.120466e+05 
222220 9.845971e+11 3.866270e+05 8.594487e+05 
233331 9.845971e+11 5.590425e+05 9.170835e+05 
244442 9.845971e+11 7.992737e+05 9.796008e+05 
0 9.909086e+11 1.055132e+03 8.441792e+02 
11111 9.909086e+11 2.522690e+05 3.482229e+04 
22222 9.909086e+11 5.251087e+05 7.009922e+04 
33333 9.909086e+11 7.571502e+05 1.280082e+05 
44444 9.909086e+11 9.320294e+05 2.926312e+05 
55555 9.909086e+11 1.138984e+05 2.131626e+05 
66666 9.909086e+11 3.490561e+05 2.282708e+05 
77777 9.909086e+11 5.843683e+05 2.790792e+05 
88888 9.909086e+11 8.042119e+05 3.605239e+05 
99999 9.909086e+11 9.987708e+05 6.020122e+05 
111110 9.909086e+11 2.237377e+05 4.003962e+05 
122221 9.909086e+11 4.468921e+05 4.316510e+05 
133332 9.909086e+11 6.697270e+05 4.956776e+05 
144443 9.909086e+11 8.603177e+05 7.002927e+05 
155554 9.909086e+11 1.069154e+05 6.094310e+05 
166665 9.909086e+11 3.207641e+05 6.220075e+05 
177776 9.909086e+11 5.339851e+05 6.646321e+05 
188887 9.909086e+11 7.102868e+05 7.637648e+05 
199998 9.909086e+11 9.949111e+05 8.905489e+05 
211109 9.909086e+11 2.316107e+05 8.122466e+05 
222220 9.909086e+11 3.869233e+05 8.596202e+05 
233331 9.909086e+11 5.594725e+05 9.170947e+05 
244442 9.909086e+11 7.995589e+05 9.795810e+05 
0 9.972202e+11 1.055142e+03 8.441710e+02 
11111 9.972202e+11 2.521980e+05 3.486083e+04 
22222 9.972202e+11 5.246741e+05 7.016018e+04 
33333 9.972202e+11 7.567974e+05 1.277677e+05 
44444 9.972202e+11 9.318399e+05 2.922034e+05 
55555 9.972202e+11 1.138318e+05 2.132501e+05 
66666 9.972202e+11 3.488307e+05 2.285413e+05 
77777 9.972202e+11 5.840665e+05 2.791767e+05 
88888 9.972202e+11 8.039210e+05 3.601183e+05 
99999 9.972202e+11 9.987720e+05 6.013039e+05 
111110 9.972202e+11 2.236699e+05 4.007070e+05 
122221 9.972202e+11 4.467817e+05 4.319614e+05 
133332 9.972202e+11 6.696919e+05 4.956189e+05 
144443 9.972202e+11 8.605674e+05 6.998251e+05 
155554 9.972202e+11 1.069488e+05 6.095967e+05 
166665 9.972202e+11 3.208865e+05 6.224103e+05 
177776 9.972202e+11 5.342039e+05 6.648296e+05 
188887 9.972202e+11 7.107902e+05 7.635847e+05 
199998 9.972202e+11 9.949204e+05 8.903598e+05 
211109 9.972202e+11 2.317125e+05 8.124430e+05 
222220 9.972202e+11 3.872151e+05 8.597887e+05 
233331 9.972202e+11 5.598956e+05 9.171053e+05 
244442 9.972202e+11 7.998388e+05 9.795616e+05 
0 1.003532e+12 1.055153e+03 8.441629e+02 
11111 1.003532e+12 2.521276e+05 3.489897e+04 
22222 1.003532e+12 5.242462e+05 7.021990e+04 
33333 1.003532e+12 7.564510e+05 1.275306e+05 
44444 1.003532e+12 9.316525e+05 2.917838e+05 
55555 1.003532e+12 1.137650e+05 2.133368e+05 
66666 1.003532e+12 3.486090e+05 2.288101e+05 
77777 1.003532e+12 5.837710e+05 2.792712e+05 
88888 1.003532e+12 8.036286e+05 3.597145e+05 
99999 1.003532e+12 9.987731e+05 6.006055e+05 
111110 1.003532e+12 2.236049e+05 4.010132e+05 
122221 1.003532e+12 4.466741e+05 4.322645e+05 
133332 1.003532e+12 6.696575e+05 4.955594e+05 
144443 1.003532e+12 8.608130e+05 6.993643e+05 
155554 1.003532e+12 1.069817e+05 6.097614e+05 
166665 1.003532e+12 3.210066e+05 6.228020e+05 
177776 1.003532e+12 5.344234e+05 6.650217e+05 
188887 1.003532e+12 7.112853e+05 7.634073e+05 
199998 1.003532e+12 9.949296e+05 8.901737e+05 
211109 1.003532e+12 2.318124e+05 8.126360e+05 
222220 1.003532e+12 3.875021e+05 8.599538e+05 
233331 1.003532e+12 5.603116e+05 9.171155e+05 
244442 1.003532e+12 8.001134e+05 9.795424e+05 
0 1.009843e+12 1.055163e+03 8.441550e+02 
11111 1.009843e+12 2.520579e+05 3.493681e+04 
22222 1.009843e+12 5.238247e+05 7.027842e+04 
33333 1.009843e+12 7.561106e+05 1.272968e+05 
44444 1.009843e+12 9.314666e+05 2.913719e+05 
55555 1.009843e+12 1.137006e+05 2.134228e+05 
66666 1.009843e+12 3.483934e+05 2.290740e+05 
77777 1.009843e+12 5.834793e+05 2.793655e+05 
88888 1.009843e+12 8.033435e+05 3.593242e+05 
99999 1.009843e+12 9.987743e+05 5.999169e+05 
111110 1.009843e+12 2.235411e+05 4.013138e+05 
122221 1.009843e+12 4.465682e+05 4.325632e+05 
133332 1.009843e+12 6.696264e+05 4.955035e+05 
144443 1.009843e+12 8.610547e+05 6.989102e+05 
155554 1.009843e+12 1.070134e+05 6.099230e+05 
166665 1.009843e+12 3.211218e+05 6.231849e+05 
177776 1.009843e+12 5.346386e+05 6.652122e+05 
188887 1.009843e+12 7.117696e+05 7.632407e+05 
199998 1.009843e+12 9.949386e+05 8.899905e+05 
211109 1.009843e+12 2.319104e+05 8.128253e+05 
222220 1.009843e+12 3.877841e+05 8.601160e+05 
233331 1.009843e+12 5.607205e+05 9.171251e+05 
244442 1.009843e+12 8.003828e+05 9.795235e+05 
0 1.016155e+12 1.055174e+03 8.441472e+02 
11111 1.016155e+12 2.519885e+05 3.497439e+04 
22222 1.016155e+12 5.234094e+05 7.033590e+04 
33333 1.016155e+12 7.557760e+05 1.270660e+05 
44444 1.016155e+12 9.312826e+05 2.909678e+05 
55555 1.016155e+12 1.136376e+05 2.135051e+05 
66666 1.016155e+12 3.481807e+05 2.293347e+05 
77777 1.016155e+12 5.831949e+05 2.794582e+05 
88888 1.016155e+12 8.030663e+05 3.589335e+05 
99999 1.016155e+12 9.987754e+05 5.992377e+05 
111110 1.016155e+12 2.234812e+05 4.016096e+05 
122221 1.016155e+12 4.464666e+05 4.328586e+05 
133332 1.016155e+12 6.695951e+05 4.954495e+05 
144443 1.016155e+12 8.612926e+05 6.984626e+05 
155554 1.016155e+12 1.070447e+05 6.100822e+05 
166665 1.016155e+12 3.212342e+05 6.235611e+05 
177776 1.016155e+12 5.348492e+05 6.653979e+05 
188887 1.016155e+12 7.122483e+05 7.630722e+05 
199998 1.016155e+12 9.949474e+05 8.898101e+05 
211109 1.016155e+12 2.320069e+05 8.130117e+05 
222220 1.016155e+12 3.880619e+05 8.602751e+05 
233331 1.016155e+12 5.611231e+05 9.171341e+05 
244442 1.016155e+12 8.006473e+05 9.795049e+05 
0 1.022466e+12 1.055184e+03 8.441395e+02 
11111 1.022466e+12 2.519196e+05 3.501169e+04 
22222 1.022466e+12 5.230002e+05 7.039223e+04 
33333 1.022466e+12 7.554472e+05 1.268386e+05 
44444 1.022466e+12 9.311006e+05 2.905708e+05 
55555 1.022466e+12 1.135748e+05 2.135869e+05 
66666 1.022466e+12 3.479714e+05 2.295925e+05 
77777 1.022466e+12 5.829148e+05 2.795484e+05 
88888 1.022466e+12 8.027928e+05 3.585504e+05 
99999 1.022466e+12 9.987765e+05 5.985680e+05 
111110 1.022466e+12 2.234207e+05 4.018995e+05 
122221 1.022466e+12 4.463674e+05 4.331491e+05 
133332 1.022466e+12 6.695649e+05 4.953960e+05 
144443 1.022466e+12 8.615264e+05 6.980214e+05 
155554 1.022466e+12 1.070757e+05 6.102379e+05 
166665 1.022466e+12 3.213447e+05 6.239313e+05 
177776 1.022466e+12 5.350578e+05 6.655808e+05 
188887 1.022466e+12 7.127193e+05 7.629079e+05 
199998 1.022466e+12 9.949561e+05 8.896324e+05 
211109 1.022466e+12 2.321019e+05 8.131946e+05 
222220 1.022466e+12 3.883356e+05 8.604314e+05 
233331 1.022466e+12 5.615193e+05 9.171427e+05 
244442 1.022466e+12 8.009072e+05 9.794865e+05 
0 1.028778e+12 1.055194e+03 8.441319e+02 
11111 1.028778e+12 2.518513e+05 3.504867e+04 
22222 1.028778e+12 5.225971e+05 7.044760e+04 
33333 1.028778e+12 7.551238e+05 1.266139e+05 
44444 1.028778e+12 9.309204e+05 2.901811e+05 
55555 1.028778e+12 1.135133e+05 2.136662e+05 
66666 1.028778e+12 3.477655e+05 2.298472e+05 
77777 1.028778e+12 5.826361e+05 2.796391e+05 
88888 1.028778e+12 8.025245e+05 3.581662e+05 
99999 1.028778e+12 9.987775e+05 5.979074e+05 
111110 1.028778e+12 2.233618e+05 4.021846e+05 
122221 1.028778e+12 4.462716e+05 4.334368e+05 
133332 1.028778e+12 6.695359e+05 4.953433e+05 
144443 1.028778e+12 8.617564e+05 6.975862e+05 
155554 1.028778e+12 1.071053e+05 6.103907e+05 
166665 1.028778e+12 3.214524e+05 6.242929e+05 
177776 1.028778e+12 5.352629e+05 6.657626e+05 
188887 1.028778e+12 7.131828e+05 7.627487e+05 
199998 1.028778e+12 9.949647e+05 8.894572e+05 
211109 1.028778e+12 2.321953e+05 8.133742e+05 
222220 1.028778e+12 3.886051e+05 8.605850e+05 
233331 1.028778e+12 5.619091e+05 9.171509e+05 
244442 1.028778e+12 8.011626e+05 9.794684e+05 
0 1.035089e+12 1.055203e+03 8.441244e+02 
11111 1.035089e+12 2.517835e+05 3.508527e+04 
22222 1.035089e+12 5.222003e+05 7.050188e+04 
33333 1.035089e+12 7.548062e+05 1.263923e+05 
44444 1.035089e+12 9.307418e+05 2.897981e+05 
55555 1.035089e+12 1.134520e+05 2.137440e+05 
66666 1.035089e+12 3.475666e+05 2.301000e+05 
77777 1.035089e+12 5.823653e+05 2.797284e+05 
88888 1.035089e+12 8.022595e+05 3.577902e+05 
99999 1.035089e+12 9.987786e+05 5.972557e+05 
111110 1.035089e+12 2.233048e+05 4.024644e+05 
122221 1.035089e+12 4.461775e+05 4.337202e+05 
133332 1.035089e+12 6.695062e+05 4.952927e+05 
144443 1.035089e+12 8.619829e+05 6.971570e+05 
155554 1.035089e+12 1.071352e+05 6.105409e+05 
166665 1.035089e+12 3.215560e+05 6.246511e+05 
177776 1.035089e+12 5.354684e+05 6.659404e+05 
188887 1.035089e+12 7.136420e+05 7.625915e+05 
199998 1.035089e+12 9.949731e+05 8.892846e+05 
211109 1.035089e+12 2.322873e+05 8.135504e+05 
222220 1.035089e+12 3.888704e+05 8.607358e+05 
233331 1.035089e+12 5.622927e+05 9.171587e+05 
244442 1.035089e+12 8.014135e+05 9.794506e+05 
0 1.041401e+12 1.055213e+03 8.441171e+02 
11111 1.041401e+12 2.517162e+05 3.512153e+04 
22222 1.041401e+12 5.218094e+05 7.055516e+04 
33333 1.041401e+12 7.544941e+05 1.261737e+05 
44444 1.041401e+12 9.305650e+05 2.894221e+05 
55555 1.041401e+12 1.133922e+05 2.138206e+05 
66666 1.041401e+12 3.473734e+05 2.303492e+05 
77777 1.041401e+12 5.820962e+05 2.798168e+05 
88888 1.041401e+12 8.019989e+05 3.574189e+05 
99999 1.041401e+12 9.987796e+05 5.966126e+05 
111110 1.041401e+12 2.232499e+05 4.027401e+05 
122221 1.041401e+12 4.460870e+05 4.339997e+05 
133332 1.041401e+12 6.694764e+05 4.952418e+05 
144443 1.041401e+12 8.622058e+05 6.967337e+05 
155554 1.041401e+12 1.071642e+05 6.106889e+05 
166665 1.041401e+12 3.216597e+05 6.249990e+05 
177776 1.041401e+12 5.356698e+05 6.661165e+05 
188887 1.041401e+12 7.140927e+05 7.624379e+05 
199998 1.041401e+12 9.949813e+05 8.891146e+05 
211109 1.041401e+12 2.323776e+05 8.137236e+05 
222220 1.041401e+12 3.891316e+05 8.608839e+05 
233331 1.041401e+12 5.626701e+05 9.171660e+05 
244442 1.041401e+12 8.016599e+05 9.794330e+05 
0 1.047712e+12 1.055222e+03 8.441099e+02 
11111 1.047712e+12 2.516492e+05 3.515746e+04 
22222 1.047712e+12 5.214241e+05 7.060742e+04 
33333 1.047712e+12 7.541871e+05 1.259581e+05 
44444 1.047712e+12 9.303899e+05 2.890530e+05 
55555 1.047712e+12 1.133320e+05 2.138970e+05 
66666 1.047712e+12 3.471842e+05 2.305957e+05 
77777 1.047712e+12 5.818341e+05 2.799042e+05 
88888 1.047712e+12 8.017425e+05 3.570510e+05 
99999 1.047712e+12 9.987806e+05 5.959783e+05 
111110 1.047712e+12 2.231976e+05 4.030099e+05 
122221 1.047712e+12 4.459990e+05 4.342748e+05 
133332 1.047712e+12 6.694467e+05 4.951931e+05 
144443 1.047712e+12 8.624251e+05 6.963164e+05 
155554 1.047712e+12 1.071921e+05 6.108356e+05 
166665 1.047712e+12 3.217604e+05 6.253426e+05 
177776 1.047712e+12 5.358679e+05 6.662891e+05 
188887 1.047712e+12 7.145364e+05 7.622892e+05 
199998 1.047712e+12 9.949894e+05 8.889470e+05 
211109 1.047712e+12 2.324662e+05 8.138940e+05 
222220 1.047712e+12 3.893889e+05 8.610292e+05 
233331 1.047712e+12 5.630413e+05 9.171729e+05 
244442 1.047712e+12 8.019021e+05 9.794156e+05 
0 1.054024e+12 1.055231e+03 8.441028e+02 
11111 1.054024e+12 2.515825e+05 3.519305e+04 
22222 1.054024e+12 5.210443e+05 7.065866e+04 
33333 1.054024e+12 7.538852e+05 1.257455e+05 
44444 1.054024e+12 9.302162e+05 2.886905e+05 
55555 1.054024e+12 1.132734e+05 2.139724e+05 
66666 1.054024e+12 3.469982e+05 2.308405e+05 
77777 1.054024e+12 5.815744e+05 2.799905e+05 
88888 1.054024e+12 8.014866e+05 3.566845e+05 
99999 1.054024e+12 9.987816e+05 5.953527e+05 
111110 1.054024e+12 2.231452e+05 4.032766e+05 
122221 1.054024e+12 4.459121e+05 4.345469e+05 
133332 1.054024e+12 6.694213e+05 4.951458e+05 
144443 1.054024e+12 8.626410e+05 6.959048e+05 
155554 1.054024e+12 1.072199e+05 6.109789e+05 
166665 1.054024e+12 3.218582e+05 6.256772e+05 
177776 1.054024e+12 5.360639e+05 6.664588e+05 
188887 1.054024e+12 7.149709e+05 7.621469e+05 
199998 1.054024e+12 9.949974e+05 8.887820e+05 
211109 1.054024e+12 2.325535e+05 8.140617e+05 
222220 1.054024e+12 3.896423e+05 8.611716e+05 
233331 1.054024e+12 5.634065e+05 9.171795e+05 
244442 1.054024e+12 8.021400e+05 9.793985e+05 
0 1.060335e+12 1.055240e+03 8.440959e+02 
11111 1.060335e+12 2.515164e+05 3.522831e+04 
22222 1.060335e+12 5.206701e+05 7.070892e+04 
33333 1.060335e+12 7.535884e+05 1.255360e+05 
44444 1.060335e+12 9.300442e+05 2.883344e+05 
55555 1.060335e+12 1.132154e+05 2.140463e+05 
66666 1.060335e+12 3.468147e+05 2.310802e+05 
77777 1.060335e+12 5.813194e+05 2.800756e+05 
88888 1.060335e+12 8.012356e+05 3.563257e+05 
99999 1.060335e+12 9.987825e+05 5.947354e+05 
111110 1.060335e+12 2.230959e+05 4.035375e+05 
122221 1.060335e+12 4.458271e+05 4.348142e+05 
133332 1.060335e+12 6.693953e+05 4.951000e+05 
144443 1.060335e+12 8.628535e+05 6.954988e+05 
155554 1.060335e+12 1.072472e+05 6.111205e+05 
166665 1.060335e+12 3.219543e+05 6.260071e+05 
177776 1.060335e+12 5.362574e+05 6.666255e+05 
188887 1.060335e+12 7.153988e+05 7.620031e+05 
199998 1.060335e+12 9.950052e+05 8.886194e+05 
211109 1.060335e+12 2.326393e+05 8.142265e+05 
222220 1.060335e+12 3.898916e+05 8.613114e+05 
233331 1.060335e+12 5.637660e+05 9.171858e+05 
244442 1.060335e+12 8.023739e+05 9.793816e+05 
0 1.066647e+12 1.055249e+03 8.440891e+02 
11111 1.066647e+12 2.514512e+05 3.526319e+04 
22222 1.066647e+12 5.203019e+05 7.075796e+04 
33333 1.066647e+12 7.532969e+05 1.253295e+05 
44444 1.066647e+12 9.298740e+05 2.879851e+05 
55555 1.066647e+12 1.131586e+05 2.141183e+05 
66666 1.066647e+12 3.466356e+05 2.313105e+05 
77777 1.066647e+12 5.810684e+05 2.801590e+05 
88888 1.066647e+12 8.009921e+05 3.559732e+05 
99999 1.066647e+12 9.987835e+05 5.941264e+05 
111110 1.066647e+12 2.230471e+05 4.037951e+05 
122221 1.066647e+12 4.457440e+05 4.350766e+05 
133332 1.066647e+12 6.693694e+05 4.950560e+05 
144443 1.066647e+12 8.630630e+05 6.950985e+05 
155554 1.066647e+12 1.072736e+05 6.112594e+05 
166665 1.066647e+12 3.220490e+05 6.263310e+05 
177776 1.066647e+12 5.364480e+05 6.667883e+05 
188887 1.066647e+12 7.158181e+05 7.618662e+05 
199998 1.066647e+12 9.950129e+05 8.884592e+05 
211109 1.066647e+12 2.327238e+05 8.143885e+05 
222220 1.066647e+12 3.901372e+05 8.614486e+05 
233331 1.066647e+12 5.641198e+05 9.171919e+05 
244442 1.066647e+12 8.026038e+05 9.793649e+05 
0 1.072958e+12 1.055258e+03 8.440824e+02 
11111 1.072958e+12 2.513865e+05 3.529767e+04 
22222 1.072958e+12 5.199389e+05 7.080597e+04 
33333 1.072958e+12 7.530103e+05 1.251257e+05 
44444 1.072958e+12 9.297056e+05 2.876421e+05 
55555 1.072958e+12 1.131027e+05 2.141876e+05 
66666 1.072958e+12 3.464604e+05 2.315435e+05 
77777 1.072958e+12 5.808215e+05 2.802422e+05 
88888 1.072958e+12 8.007503e+05 3.556159e+05 
99999 1.072958e+12 9.987844e+05 5.935253e+05 
111110 1.072958e+12 2.229986e+05 4.040480e+05 
122221 1.072958e+12 4.456637e+05 4.353376e+05 
133332 1.072958e+12 6.693448e+05 4.950131e+05 
144443 1.072958e+12 8.632692e+05 6.947036e+05 
155554 1.072958e+12 1.073009e+05 6.113955e+05 
166665 1.072958e+12 3.221417e+05 6.266500e+05 
177776 1.072958e+12 5.366363e+05 6.669482e+05 
188887 1.072958e+12 7.162337e+05 7.617327e+05 
199998 1.072958e+12 9.950205e+05 8.883013e+05 
211109 1.072958e+12 2.328070e+05 8.145478e+05 
222220 1.072958e+12 3.903792e+05 8.615834e+05 
233331 1.072958e+12 5.644683e+05 9.171977e+05 
244442 1.072958e+12 8.028298e+05 9.793484e+05 
0 1.079270e+12 1.055267e+03 8.440758e+02 
11111 1.079270e+12 2.513222e+05 3.533180e+04 
22222 1.079270e+12 5.195809e+05 7.085294e+04 
33333 1.079270e+12 7.527283e+05 1.249249e+05 
44444 1.079270e+12 9.295391e+05 2.873050e+05 
55555 1.079270e+12 1.130488e+05 2.142575e+05 
66666 1.079270e+12 3.462911e+05 2.317732e+05 
77777 1.079270e+12 5.805779e+05 2.803256e+05 
88888 1.079270e+12 8.005118e+05 3.552627e+05 
99999 1.079270e+12 9.987853e+05 5.929323e+05 
111110 1.079270e+12 2.229521e+05 4.042962e+05 
122221 1.079270e+12 4.455870e+05 4.355935e+05 
133332 1.079270e+12 6.693196e+05 4.949706e+05 
144443 1.079270e+12 8.634722e+05 6.943141e+05 
155554 1.079270e+12 1.073272e+05 6.115293e+05 
166665 1.079270e+12 3.222330e+05 6.269630e+05 
177776 1.079270e+12 5.368227e+05 6.671071e+05 
188887 1.079270e+12 7.166438e+05 7.616042e+05 
199998 1.079270e+12 9.950279e+05 8.881456e+05 
211109 1.079270e+12 2.328890e+05 8.147045e+05 
222220 1.079270e+12 3.906173e+05 8.617154e+05 
233331 1.079270e+12 5.648111e+05 9.172033e+05 
244442 1.079270e+12 8.030521e+05 9.793322e+05 
0 1.085581e+12 1.055275e+03 8.440693e+02 
11111 1.085581e+12 2.512585e+05 3.536559e+04 
22222 1.085581e+12 5.192284e+05 7.089892e+04 
33333 1.085581e+12 7.524513e+05 1.247274e+05 
44444 1.085581e+12 9.293746e+05 2.869730e+05 
55555 1.085581e+12 1.129937e+05 2.143266e+05 
66666 1.085581e+12 3.461256e+05 2.319986e+05 
77777 1.085581e+12 5.803365e+05 2.804058e+05 
88888 1.085581e+12 8.002819e+05 3.549105e+05 
99999 1.085581e+12 9.987862e+05 5.923461e+05 
111110 1.085581e+12 2.229076e+05 4.045404e+05 
122221 1.085581e+12 4.455108e+05 4.358476e+05 
133332 1.085581e+12 6.692964e+05 4.949310e+05 
144443 1.085581e+12 8.636722e+05 6.939289e+05 
155554 1.085581e+12 1.073534e+05 6.116611e+05 
166665 1.085581e+12 3.223216e+05 6.272723e+05 
177776 1.085581e+12 5.370068e+05 6.672641e+05 
188887 1.085581e+12 7.170472e+05 7.614806e+05 
199998 1.085581e+12 9.950353e+05 8.879917e+05 
211109 1.085581e+12 2.329698e+05 8.148585e+05 
222220 1.085581e+12 3.908523e+05 8.618452e+05 
233331 1.085581e+12 5.651490e+05 9.172088e+05 
244442 1.085581e+12 8.032714e+05 9.793161e+05 
0 1.091893e+12 1.055283e+03 8.440630e+02 
11111 1.091893e+12 2.511951e+05 3.539912e+04 
22222 1.091893e+12 5.188807e+05 7.094395e+04 
33333 1.091893e+12 7.521788e+05 1.245322e+05 
44444 1.091893e+12 9.292119e+05 2.866471e+05 
55555 1.091893e+12 1.129388e+05 2.143944e+05 
66666 1.091893e+12 3.459613e+05 2.322232e+05 
77777 1.091893e+12 5.800998e+05 2.804862e+05 
88888 1.091893e+12 8.000466e+05 3.545695e+05 
99999 1.091893e+12 9.987870e+05 5.917678e+05 
111110 1.091893e+12 2.228661e+05 4.047824e+05 
122221 1.091893e+12 4.454366e+05 4.360975e+05 
133332 1.091893e+12 6.692737e+05 4.948919e+05 
144443 1.091893e+12 8.638692e+05 6.935491e+05 
155554 1.091893e+12 1.073775e+05 6.117905e+05 
166665 1.091893e+12 3.224081e+05 6.275741e+05 
177776 1.091893e+12 5.371880e+05 6.674182e+05 
188887 1.091893e+12 7.174423e+05 7.613592e+05 
199998 1.091893e+12 9.950425e+05 8.878401e+05 
211109 1.091893e+12 2.330494e+05 8.150094e+05 
222220 1.091893e+12 3.910837e+05 8.619727e+05 
233331 1.091893e+12 5.654815e+05 9.172140e+05 
244442 1.091893e+12 8.034870e+05 9.793002e+05 
0 1.098204e+12 1.055291e+03 8.440568e+02 
11111 1.098204e+12 2.511319e+05 3.543233e+04 
22222 1.098204e+12 5.185378e+05 7.098812e+04 
33333 1.098204e+12 7.519106e+05 1.243396e+05 
44444 1.098204e+12 9.290513e+05 2.863267e+05 
55555 1.098204e+12 1.128840e+05 2.144615e+05 
66666 1.098204e+12 3.458017e+05 2.324453e+05 
77777 1.098204e+12 5.798659e+05 2.805657e+05 
88888 1.098204e+12 7.998191e+05 3.542283e+05 
99999 1.098204e+12 9.987879e+05 5.911969e+05 
111110 1.098204e+12 2.228236e+05 4.050182e+05 
122221 1.098204e+12 4.453657e+05 4.363451e+05 
133332 1.098204e+12 6.692500e+05 4.948534e+05 
144443 1.098204e+12 8.640633e+05 6.931742e+05 
155554 1.098204e+12 1.074029e+05 6.119188e+05 
166665 1.098204e+12 3.224941e+05 6.278691e+05 
177776 1.098204e+12 5.373664e+05 6.675698e+05 
188887 1.098204e+12 7.178358e+05 7.612448e+05 
199998 1.098204e+12 9.950496e+05 8.876906e+05 
211109 1.098204e+12 2.331275e+05 8.151578e+05 
222220 1.098204e+12 3.913117e+05 8.620979e+05 
233331 1.098204e+12 5.658087e+05 9.172191e+05 
244442 1.098204e+12 8.036993e+05 9.792845e+05 
0 1.104516e+12 1.055299e+03 8.440507e+02 
11111 1.104516e+12 2.510689e+05 3.546527e+04 
22222 1.104516e+12 5.181997e+05 7.103144e+04 
33333 1.104516e+12 7.516467e+05 1.241496e+05 
44444 1.104516e+12 9.288927e+05 2.860117e+05 
55555 1.104516e+12 1.128324e+05 2.145268e+05 
66666 1.104516e+12 3.456459e+05 2.326638e+05 
77777 1.104516e+12 5.796347e+05 2.806435e+05 
88888 1.104516e+12 7.995941e+05 3.538943e+05 
99999 1.104516e+12 9.987887e+05 5.906334e+05 
111110 1.104516e+12 2.227820e+05 4.052505e+05 
122221 1.104516e+12 4.452955e+05 4.365899e+05 
133332 1.104516e+12 6.692290e+05 4.948168e+05 
144443 1.104516e+12 8.642544e+05 6.928043e+05 
155554 1.104516e+12 1.074269e+05 6.120452e+05 
166665 1.104516e+12 3.225799e+05 6.281615e+05 
177776 1.104516e+12 5.375425e+05 6.677187e+05 
188887 1.104516e+12 7.182177e+05 7.611357e+05 
199998 1.104516e+12 9.950566e+05 8.875431e+05 
211109 1.104516e+12 2.332045e+05 8.153040e+05 
222220 1.104516e+12 3.915363e+05 8.622209e+05 
233331 1.104516e+12 5.661311e+05 9.172241e+05 
244442 1.104516e+12 8.039082e+05 9.792691e+05 
0 1.110828e+12 1.055307e+03 8.440447e+02 
11111 1.110828e+12 2.510064e+05 3.549789e+04 
22222 1.110828e+12 5.178663e+05 7.107392e+04 
33333 1.110828e+12 7.513873e+05 1.239621e+05 
44444 1.110828e+12 9.287356e+05 2.857021e+05 
55555 1.110828e+12 1.127807e+05 2.145911e+05 
66666 1.110828e+12 3.454897e+05 2.328776e+05 
77777 1.110828e+12 5.794086e+05 2.807183e+05 
88888 1.110828e+12 7.993771e+05 3.535665e+05 
99999 1.110828e+12 9.987895e+05 5.900773e+05 
111110 1.110828e+12 2.227421e+05 4.054808e+05 
122221 1.110828e+12 4.452286e+05 4.368305e+05 
133332 1.110828e+12 6.692080e+05 4.947803e+05 
144443 1.110828e+12 8.644425e+05 6.924393e+05 
155554 1.110828e+12 1.074515e+05 6.121691e+05 
166665 1.110828e+12 3.226643e+05 6.284469e+05 
177776 1.110828e+12 5.377168e+05 6.678662e+05 
188887 1.110828e+12 7.185942e+05 7.610255e+05 
199998 1.110828e+12 9.950635e+05 8.873975e+05 
211109 1.110828e+12 2.332800e+05 8.154480e+05 
222220 1.110828e+12 3.917577e+05 8.623416e+05 
233331 1.110828e+12 5.664484e+05 9.172287e+05 
244442 1.110828e+12 8.041138e+05 9.792538e+05 
0 1.117139e+12 1.055315e+03 8.440388e+02 
11111 1.117139e+12 2.509442e+05 3.553019e+04 
22222 1.117139e+12 5.175377e+05 7.111553e+04 
33333 1.117139e+12 7.511322e+05 1.237772e+05 
44444 1.117139e+12 9.285804e+05 2.853978e+05 
55555 1.117139e+12 1.127300e+05 2.146557e+05 
66666 1.117139e+12 3.453367e+05 2.330890e+05 
77777 1.117139e+12 5.791842e+05 2.807925e+05 
88888 1.117139e+12 7.991651e+05 3.532432e+05 
99999 1.117139e+12 9.987903e+05 5.895284e+05 
111110 1.117139e+12 2.227036e+05 4.057064e+05 
122221 1.117139e+12 4.451623e+05 4.370696e+05 
133332 1.117139e+12 6.691871e+05 4.947448e+05 
144443 1.117139e+12 8.646279e+05 6.920791e+05 
155554 1.117139e+12 1.074755e+05 6.122914e+05 
166665 1.117139e+12 3.227472e+05 6.287288e+05 
177776 1.117139e+12 5.378892e+05 6.680107e+05 
188887 1.117139e+12 7.189660e+05 7.609190e+05 
199998 1.117139e+12 9.950702e+05 8.872538e+05 
211109 1.117139e+12 2.333543e+05 8.155898e+05 
222220 1.117139e+12 3.919758e+05 8.624598e+05 
233331 1.117139e+12 5.667610e+05 9.172332e+05 
244442 1.117139e+12 8.043163e+05 9.792387e+05 
0 1.123451e+12 1.055322e+03 8.440331e+02 
11111 1.123451e+12 2.508824e+05 3.556219e+04 
22222 1.123451e+12 5.172136e+05 7.115630e+04 
33333 1.123451e+12 7.508810e+05 1.235950e+05 
44444 1.123451e+12 9.284272e+05 2.850986e+05 
55555 1.123451e+12 1.126797e+05 2.147190e+05 
66666 1.123451e+12 3.451850e+05 2.332978e+05 
77777 1.123451e+12 5.789649e+05 2.808638e+05 
88888 1.123451e+12 7.989488e+05 3.529301e+05 
99999 1.123451e+12 9.987911e+05 5.889867e+05 
111110 1.123451e+12 2.226657e+05 4.059292e+05 
122221 1.123451e+12 4.450988e+05 4.373036e+05 
133332 1.123451e+12 6.691672e+05 4.947110e+05 
144443 1.123451e+12 8.648101e+05 6.917237e+05 
155554 1.123451e+12 1.074984e+05 6.124108e+05 
166665 1.123451e+12 3.228278e+05 6.290055e+05 
177776 1.123451e+12 5.380590e+05 6.681521e+05 
188887 1.123451e+12 7.193196e+05 7.608155e+05 
199998 1.123451e+12 9.950769e+05 8.871121e+05 
211109 1.123451e+12 2.334277e+05 8.157293e+05 
222220 1.123451e+12 3.921908e+05 8.625760e+05 
233331 1.123451e+12 5.670691e+05 9.172375e+05 
244442 1.123451e+12 8.045156e+05 9.792239e+05 
0 1.129762e+12 1.055330e+03 8.440274e+02 
11111 1.129762e+12 2.508210e+05 3.559390e+04 
22222 1.129762e+12 5.168944e+05 7.119614e+04 
33333 1.129762e+12 7.506342e+05 1.234154e+05 
44444 1.129762e+12 9.282756e+05 2.848045e+05 
55555 1.129762e+12 1.126293e+05 2.147823e+05 
66666 1.129762e+12 3.450381e+05 2.335021e+05 
77777 1.129762e+12 5.787498e+05 2.809372e+05 
88888 1.129762e+12 7.987432e+05 3.526197e+05 
99999 1.129762e+12 9.987919e+05 5.884517e+05 
111110 1.129762e+12 2.226293e+05 4.061475e+05 
122221 1.129762e+12 4.450371e+05 4.375363e+05 
133332 1.129762e+12 6.691492e+05 4.946776e+05 
144443 1.129762e+12 8.649900e+05 6.913729e+05 
155554 1.129762e+12 1.075203e+05 6.125279e+05 
166665 1.129762e+12 3.229077e+05 6.292774e+05 
177776 1.129762e+12 5.382269e+05 6.682916e+05 
188887 1.129762e+12 7.196738e+05 7.607144e+05 
199998 1.129762e+12 9.950835e+05 8.869722e+05 
211109 1.129762e+12 2.335000e+05 8.158662e+05 
222220 1.129762e+12 3.924026e+05 8.626900e+05 
233331 1.129762e+12 5.673728e+05 9.172417e+05 
244442 1.129762e+12 8.047119e+05 9.792092e+05 
0 1.136074e+12 1.055337e+03 8.440219e+02 
11111 1.136074e+12 2.507600e+05 3.562527e+04 
22222 1.136074e+12 5.165795e+05 7.123509e+04 
33333 1.136074e+12 7.503913e+05 1.232383e+05 
44444 1.136074e+12 9.281257e+05 2.845154e+05 
55555 1.136074e+12 1.125806e+05 2.148438e+05 
66666 1.136074e+12 3.448950e+05 2.337048e+05 
77777 1.136074e+12 5.785388e+05 2.810075e+05 
88888 1.136074e+12 7.985357e+05 3.523180e+05 
99999 1.136074e+12 9.987926e+05 5.879237e+05 
111110 1.136074e+12 2.225939e+05 4.063637e+05 
122221 1.136074e+12 4.449758e+05 4.377666e+05 
133332 1.136074e+12 6.691301e+05 4.946451e+05 
144443 1.136074e+12 8.651670e+05 6.910266e+05 
155554 1.136074e+12 1.075423e+05 6.126434e+05 
166665 1.136074e+12 3.229851e+05 6.295461e+05 
177776 1.136074e+12 5.383924e+05 6.684294e+05 
188887 1.136074e+12 7.200236e+05 7.606131e+05 
199998 1.136074e+12 9.950899e+05 8.868341e+05 
211109 1.136074e+12 2.335713e+05 8.160013e+05 
222220 1.136074e+12 3.926114e+05 8.628020e+05 
233331 1.136074e+12 5.676720e+05 9.172458e+05 
244442 1.136074e+12 8.049052e+05 9.791947e+05 
0 1.142385e+12 1.055344e+03 8.440164e+02 
11111 1.142385e+12 2.506996e+05 3.565631e+04 
22222 1.142385e+12 5.162694e+05 7.127316e+04 
33333 1.142385e+12 7.501526e+05 1.230635e+05 
44444 1.142385e+12 9.279772e+05 2.842315e+05 
55555 1.142385e+12 1.125318e+05 2.149054e+05 
66666 1.142385e+12 3.447569e+05 2.339020e+05 
77777 1.142385e+12 5.783303e+05 2.810760e+05 
88888 1.142385e+12 7.983318e+05 3.520238e+05 
99999 1.142385e+12 9.987933e+05 5.874027e+05 
111110 1.142385e+12 2.225593e+05 4.065769e+05 
122221 1.142385e+12 4.449165e+05 4.379930e+05 
133332 1.142385e+12 6.691123e+05 4.946136e+05 
144443 1.142385e+12 8.653411e+05 6.906849e+05 
155554 1.142385e+12 1.075646e+05 6.127583e+05 
166665 1.142385e+12 3.230611e+05 6.298087e+05 
177776 1.142385e+12 5.385551e+05 6.685636e+05 
188887 1.142385e+12 7.203630e+05 7.605088e+05 
199998 1.142385e+12 9.950963e+05 8.866978e+05 
211109 1.142385e+12 2.336421e+05 8.161340e+05 
222220 1.142385e+12 3.928175e+05 8.629122e+05 
233331 1.142385e+12 5.679672e+05 9.172498e+05 
244442 1.142385e+12 8.050956e+05 9.791803e+05 
0 1.148697e+12 1.055351e+03 8.440110e+02 
11111 1.148697e+12 2.506397e+05 3.568701e+04 
22222 1.148697e+12 5.159635e+05 7.131047e+04 
33333 1.148697e+12 7.499179e+05 1.228911e+05 
44444 1.148697e+12 9.278301e+05 2.839523e+05 
55555 1.148697e+12 1.124843e+05 2.149654e+05 
66666 1.148697e+12 3.446188e+05 2.341001e+05 
77777 1.148697e+12 5.781251e+05 2.811441e+05 
88888 1.148697e+12 7.981302e+05 3.517317e+05 
99999 1.148697e+12 9.987941e+05 5.868885e+05 
111110 1.148697e+12 2.225254e+05 4.067867e+05 
122221 1.148697e+12 4.448596e+05 4.382152e+05 
133332 1.148697e+12 6.690951e+05 4.945828e+05 
144443 1.148697e+12 8.655126e+05 6.903477e+05 
155554 1.148697e+12 1.075860e+05 6.128707e+05 
166665 1.148697e+12 3.231375e+05 6.300666e+05 
177776 1.148697e+12 5.387150e+05 6.686970e+05 
188887 1.148697e+12 7.207012e+05 7.604045e+05 
199998 1.148697e+12 9.951026e+05 8.865633e+05 
211109 1.148697e+12 2.337116e+05 8.162646e+05 
222220 1.148697e+12 3.930206e+05 8.630203e+05 
233331 1.148697e+12 5.682579e+05 9.172536e+05 
244442 1.148697e+12 8.052831e+05 9.791662e+05 
0 1.155008e+12 1.055358e+03 8.440058e+02 
11111 1.155008e+12 2.505800e+05 3.571743e+04 
22222 1.155008e+12 5.156618e+05 7.134704e+04 
33333 1.155008e+12 7.496869e+05 1.227210e+05 
44444 1.155008e+12 9.276848e+05 2.836777e+05 
55555 1.155008e+12 1.124374e+05 2.150251e+05 
66666 1.155008e+12 3.444861e+05 2.342927e+05 
77777 1.155008e+12 5.779233e+05 2.812109e+05 
88888 1.155008e+12 7.979327e+05 3.514501e+05 
99999 1.155008e+12 9.987948e+05 5.863806e+05 
111110 1.155008e+12 2.224923e+05 4.069929e+05 
122221 1.155008e+12 4.448028e+05 4.384362e+05 
133332 1.155008e+12 6.690782e+05 4.945527e+05 
144443 1.155008e+12 8.656815e+05 6.900146e+05 
155554 1.155008e+12 1.076081e+05 6.129818e+05 
166665 1.155008e+12 3.232119e+05 6.303204e+05 
177776 1.155008e+12 5.388729e+05 6.688263e+05 
188887 1.155008e+12 7.210358e+05 7.603064e+05 
199998 1.155008e+12 9.951087e+05 8.864305e+05 
211109 1.155008e+12 2.337800e+05 8.163931e+05 
222220 1.155008e+12 3.932208e+05 8.631266e+05 
233331 1.155008e+12 5.685444e+05 9.172573e+05 
244442 1.155008e+12 8.054679e+05 9.791522e+05 
0 1.161320e+12 1.055365e+03 8.440006e+02 
11111 1.161320e+12 2.505206e+05 3.574758e+04 
22222 1.161320e+12 5.153643e+05 7.138296e+04 
33333 1.161320e+12 7.494595e+05 1.225532e+05 
44444 1.161320e+12 9.275411e+05 2.834078e+05 
55555 1.161320e+12 1.123923e+05 2.150848e+05 
66666 1.161320e+12 3.443528e+05 2.344839e+05 
77777 1.161320e+12 5.777249e+05 2.812752e+05 
88888 1.161320e+12 7.977418e+05 3.511697e+05 
99999 1.161320e+12 9.987954e+05 5.858796e+05 
111110 1.161320e+12 2.224603e+05 4.071966e+05 
122221 1.161320e+12 4.447466e+05 4.386548e+05 
133332 1.161320e+12 6.690615e+05 4.945231e+05 
144443 1.161320e+12 8.658476e+05 6.896860e+05 
155554 1.161320e+12 1.076289e+05 6.130926e+05 
166665 1.161320e+12 3.232866e+05 6.305701e+05 
177776 1.161320e+12 5.390290e+05 6.689546e+05 
188887 1.161320e+12 7.213550e+05 7.602039e+05 
199998 1.161320e+12 9.951148e+05 8.862994e+05 
211109 1.161320e+12 2.338474e+05 8.165196e+05 
222220 1.161320e+12 3.934180e+05 8.632310e+05 
233331 1.161320e+12 5.688266e+05 9.172609e+05 
244442 1.161320e+12 8.056497e+05 9.791384e+05 
0 1.167631e+12 1.055372e+03 8.439956e+02 
11111 1.167631e+12 2.504618e+05 3.577739e+04 
22222 1.167631e+12 5.150711e+05 7.141838e+04 
33333 1.167631e+12 7.492362e+05 1.223876e+05 
44444 1.167631e+12 9.273987e+05 2.831424e+05 
55555 1.167631e+12 1.123465e+05 2.151430e+05 
66666 1.167631e+12 3.442203e+05 2.346710e+05 
77777 1.167631e+12 5.775299e+05 2.813388e+05 
88888 1.167631e+12 7.975540e+05 3.508989e+05 
99999 1.167631e+12 9.987961e+05 5.853851e+05 
111110 1.167631e+12 2.224290e+05 4.073972e+05 
122221 1.167631e+12 4.446935e+05 4.388687e+05 
133332 1.167631e+12 6.690454e+05 4.944953e+05 
144443 1.167631e+12 8.660108e+05 6.893617e+05 
155554 1.167631e+12 1.076491e+05 6.132000e+05 
166665 1.167631e+12 3.233599e+05 6.308151e+05 
177776 1.167631e+12 5.391818e+05 6.690788e+05 
188887 1.167631e+12 7.216799e+05 7.601007e+05 
199998 1.167631e+12 9.951208e+05 8.861701e+05 
211109 1.167631e+12 2.339140e+05 8.166441e+05 
222220 1.167631e+12 3.936127e+05 8.633335e+05 
233331 1.167631e+12 5.691047e+05 9.172644e+05 
244442 1.167631e+12 8.058287e+05 9.791248e+05 
0 1.173943e+12 1.055378e+03 8.439907e+02 
11111 1.173943e+12 2.504033e+05 3.580691e+04 
22222 1.173943e+12 5.147821e+05 7.145301e+04 
33333 1.173943e+12 7.490163e+05 1.222246e+05 
44444 1.173943e+12 9.272579e+05 2.828812e+05 
55555 1.173943e+12 1.123020e+05 2.152009e+05 
66666 1.173943e+12 3.440907e+05 2.348563e+05 
77777 1.173943e+12 5.773372e+05 2.814011e+05 
88888 1.173943e+12 7.973704e+05 3.506276e+05 
99999 1.173943e+12 9.987968e+05 5.848965e+05 
111110 1.173943e+12 2.223986e+05 4.075936e+05 
122221 1.173943e+12 4.446418e+05 4.390818e+05 
133332 1.173943e+12 6.690293e+05 4.944664e+05 
144443 1.173943e+12 8.661717e+05 6.890413e+05 
155554 1.173943e+12 1.076695e+05 6.133054e+05 
166665 1.173943e+12 3.234326e+05 6.310578e+05 
177776 1.173943e+12 5.393332e+05 6.692022e+05 
188887 1.173943e+12 7.219922e+05 7.600031e+05 
199998 1.173943e+12 9.951267e+05 8.860424e+05 
211109 1.173943e+12 2.339794e+05 8.167669e+05 
222220 1.173943e+12 3.938044e+05 8.634342e+05 
233331 1.173943e+12 5.693789e+05 9.172678e+05 
244442 1.173943e+12 8.060052e+05 9.791114e+05 
0 1.180254e+12 1.055384e+03 8.439858e+02 
11111 1.180254e+12 2.503453e+05 3.583610e+04 
22222 1.180254e+12 5.144972e+05 7.148694e+04 
33333 1.180254e+12 7.487999e+05 1.220639e+05 
44444 1.180254e+12 9.271187e+05 2.826243e+05 
55555 1.180254e+12 1.122580e+05 2.152570e+05 
66666 1.180254e+12 3.439625e+05 2.350371e+05 
77777 1.180254e+12 5.771477e+05 2.814624e+05 
88888 1.180254e+12 7.971852e+05 3.503689e+05 
99999 1.180254e+12 9.987974e+05 5.844140e+05 
111110 1.180254e+12 2.223683e+05 4.077878e+05 
122221 1.180254e+12 4.445926e+05 4.392922e+05 
133332 1.180254e+12 6.690139e+05 4.944388e+05 
144443 1.180254e+12 8.663302e+05 6.887250e+05 
155554 1.180254e+12 1.076904e+05 6.134098e+05 
166665 1.180254e+12 3.235030e+05 6.312968e+05 
177776 1.180254e+12 5.394842e+05 6.693231e+05 
188887 1.180254e+12 7.222995e+05 7.599035e+05 
199998 1.180254e+12 9.951325e+05 8.859162e+05 
211109 1.180254e+12 2.340441e+05 8.168877e+05 
222220 1.180254e+12 3.939935e+05 8.635332e+05 
233331 1.180254e+12 5.696492e+05 9.172712e+05 
244442 1.180254e+12 8.061792e+05 9.790981e+05 
0 1.186566e+12 1.055391e+03 8.439811e+02 
11111 1.186566e+12 2.502875e+05 3.586502e+04 
22222 1.186566e+12 5.142161e+05 7.152018e+04 
33333 1.186566e+12 7.485867e+05 1.219054e+05 
44444 1.186566e+12 9.269810e+05 2.823716e+05 
55555 1.186566e+12 1.122148e+05 2.153132e+05 
66666 1.186566e+12 3.438384e+05 2.352163e+05 
77777 1.186566e+12 5.769620e+05 2.815227e+05 
88888 1.186566e+12 7.970050e+05 3.501137e+05 
99999 1.186566e+12 9.987980e+05 5.839378e+05 
111110 1.186566e+12 2.223394e+05 4.079796e+05 
122221 1.186566e+12 4.445446e+05 4.394999e+05 
133332 1.186566e+12 6.689989e+05 4.944124e+05 
144443 1.186566e+12 8.664861e+05 6.884127e+05 
155554 1.186566e+12 1.077100e+05 6.135131e+05 
166665 1.186566e+12 3.235736e+05 6.315301e+05 
177776 1.186566e+12 5.396309e+05 6.694431e+05 
188887 1.186566e+12 7.226039e+05 7.597983e+05 
199998 1.186566e+12 9.951383e+05 8.857916e+05 
211109 1.186566e+12 2.341077e+05 8.170068e+05 
222220 1.186566e+12 3.941800e+05 8.636305e+05 
233331 1.186566e+12 5.699156e+05 9.172744e+05 
244442 1.186566e+12 8.063506e+05 9.790850e+05 
0 1.192877e+12 1.055397e+03 8.439764e+02 
11111 1.192877e+12 2.502300e+05 3.589364e+04 
22222 1.192877e+12 5.139388e+05 7.155279e+04 
33333 1.192877e+12 7.483770e+05 1.217488e+05 
44444 1.192877e+12 9.268451e+05 2.821232e+05 
55555 1.192877e+12 1.121709e+05 2.153685e+05 
66666 1.192877e+12 3.437143e+05 2.353920e+05 
77777 1.192877e+12 5.767793e+05 2.815821e+05 
88888 1.192877e+12 7.968279e+05 3.498630e+05 
99999 1.192877e+12 9.987987e+05 5.834675e+05 
111110 1.192877e+12 2.223104e+05 4.081692e+05 
122221 1.192877e+12 4.444983e+05 4.397046e+05 
133332 1.192877e+12 6.689848e+05 4.943867e+05 
144443 1.192877e+12 8.666400e+05 6.881046e+05 
155554 1.192877e+12 1.077299e+05 6.136137e+05 
166665 1.192877e+12 3.236425e+05 6.317595e+05 
177776 1.192877e+12 5.397745e+05 6.695604e+05 
188887 1.192877e+12 7.229044e+05 7.597036e+05 
199998 1.192877e+12 9.951439e+05 8.856687e+05 
211109 1.192877e+12 2.341701e+05 8.171237e+05 
222220 1.192877e+12 3.943638e+05 8.637261e+05 
233331 1.192877e+12 5.701779e+05 9.172775e+05 
244442 1.192877e+12 8.065194e+05 9.790720e+05 
0 1.199189e+12 1.055403e+03 8.439719e+02 
11111 1.199189e+12 2.501730e+05 3.592191e+04 
22222 1.199189e+12 5.136654e+05 7.158466e+04 
33333 1.199189e+12 7.481709e+05 1.215943e+05 
44444 1.199189e+12 9.267108e+05 2.818787e+05 
55555 1.199189e+12 1.121279e+05 2.154238e+05 
66666 1.199189e+12 3.435924e+05 2.355655e+05 
77777 1.199189e+12 5.765992e+05 2.816404e+05 
88888 1.199189e+12 7.966549e+05 3.496166e+05 
99999 1.199189e+12 9.987993e+05 5.830031e+05 
111110 1.199189e+12 2.222831e+05 4.083562e+05 
122221 1.199189e+12 4.444522e+05 4.399067e+05 
133332 1.199189e+12 6.689712e+05 4.943620e+05 
144443 1.199189e+12 8.667915e+05 6.878003e+05 
155554 1.199189e+12 1.077493e+05 6.137135e+05 
166665 1.199189e+12 3.237109e+05 6.319859e+05 
177776 1.199189e+12 5.399178e+05 6.696766e+05 
188887 1.199189e+12 7.231971e+05 7.595955e+05 
199998 1.199189e+12 9.951495e+05 8.855473e+05 
211109 1.199189e+12 2.342318e+05 8.172391e+05 
222220 1.199189e+12 3.945451e+05 8.638200e+05 
233331 1.199189e+12 5.704366e+05 9.172805e+05 
244442 1.199189e+12 8.066858e+05 9.790593e+05 
0 1.205500e+12 1.055409e+03 8.439674e+02 
11111 1.205500e+12 2.501165e+05 3.594989e+04 
22222 1.205500e+12 5.133958e+05 7.161579e+04 
33333 1.205500e+12 7.479678e+05 1.214420e+05 
44444 1.205500e+12 9.265779e+05 2.816381e+05 
55555 1.205500e+12 1.120857e+05 2.154776e+05 
66666 1.205500e+12 3.434744e+05 2.357353e+05 
77777 1.205500e+12 5.764226e+05 2.816984e+05 
88888 1.205500e+12 7.964817e+05 3.493768e+05 
99999 1.205500e+12 9.987999e+05 5.825442e+05 
111110 1.205500e+12 2.222559e+05 4.085392e+05 
122221 1.205500e+12 4.444079e+05 4.401065e+05 
133332 1.205500e+12 6.689584e+05 4.943380e+05 
144443 1.205500e+12 8.669411e+05 6.874996e+05 
155554 1.205500e+12 1.077693e+05 6.138099e+05 
166665 1.205500e+12 3.237796e+05 6.322087e+05 
177776 1.205500e+12 5.400581e+05 6.697905e+05 
188887 1.205500e+12 7.234874e+05 7.594953e+05 
199998 1.205500e+12 9.951550e+05 8.854275e+05 
211109 1.205500e+12 2.342924e+05 8.173527e+05 
222220 1.205500e+12 3.947236e+05 8.639123e+05 
233331 1.205500e+12 5.706916e+05 9.172835e+05 
244442 1.205500e+12 8.068496e+05 9.790466e+05 
0 1.211812e+12 1.055414e+03 8.439631e+02 
11111 1.211812e+12 2.500603e+05 3.597757e+04 
22222 1.211812e+12 5.131298e+05 7.164628e+04 
33333 1.211812e+12 7.477681e+05 1.212918e+05 
44444 1.211812e+12 9.264466e+05 2.814013e+05 
55555 1.211812e+12 1.120437e+05 2.155309e+05 
66666 1.211812e+12 3.433592e+05 2.359030e+05 
77777 1.211812e+12 5.762477e+05 2.817554e+05 
88888 1.211812e+12 7.963155e+05 3.491405e+05 
99999 1.211812e+12 9.988004e+05 5.820910e+05 
111110 1.211812e+12 2.222302e+05 4.087200e+05 
122221 1.211812e+12 4.443645e+05 4.403042e+05 
133332 1.211812e+12 6.689447e+05 4.943144e+05 
144443 1.211812e+12 8.670883e+05 6.872025e+05 
155554 1.211812e+12 1.077894e+05 6.139054e+05 
166665 1.211812e+12 3.238467e+05 6.324279e+05 
177776 1.211812e+12 5.401976e+05 6.699039e+05 
188887 1.211812e+12 7.237739e+05 7.593901e+05 
199998 1.211812e+12 9.951604e+05 8.853091e+05 
211109 1.211812e+12 2.343521e+05 8.174649e+05 
222220 1.211812e+12 3.948998e+05 8.640031e+05 
233331 1.211812e+12 5.709429e+05 9.172862e+05 
244442 1.211812e+12 8.070113e+05 9.790342e+05 
0 1.218123e+12 1.055420e+03 8.439588e+02 
11111 1.218123e+12 2.500048e+05 3.600493e+04 
22222 1.218123e+12 5.128678e+05 7.167622e+04 
33333 1.218123e+12 7.475717e+05 1.211438e+05 
44444 1.218123e+12 9.263166e+05 2.811682e+05 
55555 1.218123e+12 1.120012e+05 2.155841e+05 
66666 1.218123e+12 3.432453e+05 2.360690e+05 
77777 1.218123e+12 5.760745e+05 2.818122e+05 
88888 1.218123e+12 7.961466e+05 3.489078e+05 
99999 1.218123e+12 9.988010e+05 5.816433e+05 
111110 1.218123e+12 2.222058e+05 4.088976e+05 
122221 1.218123e+12 4.443209e+05 4.404990e+05 
133332 1.218123e+12 6.689330e+05 4.942900e+05 
144443 1.218123e+12 8.672332e+05 6.869090e+05 
155554 1.218123e+12 1.078073e+05 6.139982e+05 
166665 1.218123e+12 3.239117e+05 6.326448e+05 
177776 1.218123e+12 5.403348e+05 6.700161e+05 
188887 1.218123e+12 7.240560e+05 7.592900e+05 
199998 1.218123e+12 9.951658e+05 8.851920e+05 
211109 1.218123e+12 2.344109e+05 8.175753e+05 
222220 1.218123e+12 3.950735e+05 8.640922e+05 
233331 1.218123e+12 5.711908e+05 9.172889e+05 
244442 1.218123e+12 8.071707e+05 9.790219e+05 
0 1.224435e+12 1.055426e+03 8.439546e+02 
11111 1.224435e+12 2.499497e+05 3.603202e+04 
22222 1.224435e+12 5.126093e+05 7.170573e+04 
33333 1.224435e+12 7.473784e+05 1.209975e+05 
44444 1.224435e+12 9.261879e+05 2.809389e+05 
55555 1.224435e+12 1.119589e+05 2.156361e+05 
66666 1.224435e+12 3.431330e+05 2.362317e+05 
77777 1.224435e+12 5.759056e+05 2.818674e+05 
88888 1.224435e+12 7.959827e+05 3.486804e+05 
99999 1.224435e+12 9.988016e+05 5.812015e+05 
111110 1.224435e+12 2.221809e+05 4.090726e+05 
122221 1.224435e+12 4.442792e+05 4.406896e+05 
133332 1.224435e+12 6.689211e+05 4.942669e+05 
144443 1.224435e+12 8.673757e+05 6.866193e+05 
155554 1.224435e+12 1.078268e+05 6.140899e+05 
166665 1.224435e+12 3.239772e+05 6.328552e+05 
177776 1.224435e+12 5.404677e+05 6.701265e+05 
188887 1.224435e+12 7.243366e+05 7.591846e+05 
199998 1.224435e+12 9.951710e+05 8.850764e+05 
211109 1.224435e+12 2.344688e+05 8.176840e+05 
222220 1.224435e+12 3.952449e+05 8.641800e+05 
233331 1.224435e+12 5.714350e+05 9.172913e+05 
244442 1.224435e+12 8.073277e+05 9.790097e+05 
0 1.230746e+12 1.055431e+03 8.439505e+02 
11111 1.230746e+12 2.498949e+05 3.605880e+04 
22222 1.230746e+12 5.123545e+05 7.173474e+04 
33333 1.230746e+12 7.471882e+05 1.208533e+05 
44444 1.230746e+12 9.260606e+05 2.807131e+05 
55555 1.230746e+12 1.119183e+05 2.156871e+05 
66666 1.230746e+12 3.430222e+05 2.363930e+05 
77777 1.230746e+12 5.757389e+05 2.819215e+05 
88888 1.230746e+12 7.958182e+05 3.484555e+05 
99999 1.230746e+12 9.988021e+05 5.807650e+05 
111110 1.230746e+12 2.221560e+05 4.092454e+05 
122221 1.230746e+12 4.442382e+05 4.408779e+05 
133332 1.230746e+12 6.689102e+05 4.942448e+05 
144443 1.230746e+12 8.675162e+05 6.863330e+05 
155554 1.230746e+12 1.078455e+05 6.141818e+05 
166665 1.230746e+12 3.240424e+05 6.330626e+05 
177776 1.230746e+12 5.406004e+05 6.702355e+05 
188887 1.230746e+12 7.246100e+05 7.590871e+05 
199998 1.230746e+12 9.951762e+05 8.849621e+05 
211109 1.230746e+12 2.345258e+05 8.177910e+05 
222220 1.230746e+12 3.954140e+05 8.642665e+05 
233331 1.230746e+12 5.716760e+05 9.172936e+05 
244442 1.230746e+12 8.074828e+05 9.789977e+05 
0 1.237058e+12 1.055437e+03 8.439464e+02 
11111 1.237058e+12 2.498406e+05 3.608529e+04 
22222 1.237058e+12 5.121033e+05 7.176319e+04 
33333 1.237058e+12 7.470009e+05 1.207112e+05 
44444 1.237058e+12 9.259348e+05 2.804907e+05 
55555 1.237058e+12 1.118775e+05 2.157378e+05 
66666 1.237058e+12 3.429123e+05 2.365495e+05 
77777 1.237058e+12 5.755738e+05 2.819737e+05 
88888 1.237058e+12 7.956586e+05 3.482328e+05 
99999 1.237058e+12 9.988026e+05 5.803336e+05 
111110 1.237058e+12 2.221323e+05 4.094162e+05 
122221 1.237058e+12 4.441981e+05 4.410634e+05 
133332 1.237058e+12 6.688993e+05 4.942233e+05 
144443 1.237058e+12 8.676546e+05 6.860502e+05 
155554 1.237058e+12 1.078646e+05 6.142709e+05 
166665 1.237058e+12 3.241060e+05 6.332671e+05 
177776 1.237058e+12 5.407308e+05 6.703424e+05 
188887 1.237058e+12 7.248749e+05 7.589947e+05 
199998 1.237058e+12 9.951814e+05 8.848491e+05 
211109 1.237058e+12 2.345821e+05 8.178964e+05 
222220 1.237058e+12 3.955810e+05 8.643515e+05 
233331 1.237058e+12 5.719137e+05 9.172959e+05 
244442 1.237058e+12 8.076358e+05 9.789859e+05 
0 1.243369e+12 1.055442e+03 8.439425e+02 
11111 1.243369e+12 2.497867e+05 3.611149e+04 
22222 1.243369e+12 5.118556e+05 7.179114e+04 
33333 1.243369e+12 7.468166e+05 1.205706e+05 
44444 1.243369e+12 9.258104e+05 2.802718e+05 
55555 1.243369e+12 1.118381e+05 2.157866e+05 
66666 1.243369e+12 3.428034e+05 2.367045e+05 
77777 1.243369e+12 5.754107e+05 2.820252e+05 
88888 1.243369e+12 7.954967e+05 3.480153e+05 
99999 1.243369e+12 9.988031e+05 5.799077e+05 
111110 1.243369e+12 2.221080e+05 4.095848e+05 
122221 1.243369e+12 4.441591e+05 4.412460e+05 
133332 1.243369e+12 6.688890e+05 4.942018e+05 
144443 1.243369e+12 8.677909e+05 6.857707e+05 
155554 1.243369e+12 1.078820e+05 6.143600e+05 
166665 1.243369e+12 3.241694e+05 6.334674e+05 
177776 1.243369e+12 5.408600e+05 6.704480e+05 
188887 1.243369e+12 7.251383e+05 7.588977e+05 
199998 1.243369e+12 9.951864e+05 8.847375e+05 
211109 1.243369e+12 2.346376e+05 8.180002e+05 
222220 1.243369e+12 3.957459e+05 8.644351e+05 
233331 1.243369e+12 5.721480e+05 9.172980e+05 
244442 1.243369e+12 8.077866e+05 9.789742e+05 
0 1.249681e+12 1.055447e+03 8.439386e+02 
11111 1.249681e+12 2.497332e+05 3.613740e+04 
22222 1.249681e+12 5.116113e+05 7.181850e+04 
33333 1.249681e+12 7.466351e+05 1.204323e+05 
44444 1.249681e+12 9.256873e+05 2.800563e+05 
55555 1.249681e+12 1.117985e+05 2.158358e+05 
66666 1.249681e+12 3.426962e+05 2.368565e+05 
77777 1.249681e+12 5.752509e+05 2.820757e+05 
88888 1.249681e+12 7.953393e+05 3.478006e+05 
99999 1.249681e+12 9.988037e+05 5.794868e+05 
111110 1.249681e+12 2.220846e+05 4.097499e+05 
122221 1.249681e+12 4.441215e+05 4.414266e+05 
133332 1.249681e+12 6.688780e+05 4.941819e+05 
144443 1.249681e+12 8.679255e+05 6.854946e+05 
155554 1.249681e+12 1.079000e+05 6.144473e+05 
166665 1.249681e+12 3.242324e+05 6.336655e+05 
177776 1.249681e+12 5.409867e+05 6.705522e+05 
188887 1.249681e+12 7.253985e+05 7.587961e+05 
199998 1.249681e+12 9.951914e+05 8.846272e+05 
211109 1.249681e+12 2.346924e+05 8.181024e+05 
222220 1.249681e+12 3.959085e+05 8.645173e+05 
233331 1.249681e+12 5.723791e+05 9.173001e+05 
244442 1.249681e+12 8.079354e+05 9.789626e+05 
0 1.255992e+12 1.055452e+03 8.439348e+02 
11111 1.255992e+12 2.496801e+05 3.616305e+04 
22222 1.255992e+12 5.113704e+05 7.184533e+04 
33333 1.255992e+12 7.464563e+05 1.202957e+05 
44444 1.255992e+12 9.255655e+05 2.798440e+05 
55555 1.255992e+12 1.117605e+05 2.158835e+05 
66666 1.255992e+12 3.425914e+05 2.370056e+05 
77777 1.255992e+12 5.750935e+05 2.821254e+05 
88888 1.255992e+12 7.951794e+05 3.475923e+05 
99999 1.255992e+12 9.988042e+05 5.790711e+05 
111110 1.255992e+12 2.220623e+05 4.099133e+05 
122221 1.255992e+12 4.440842e+05 4.416045e+05 
133332 1.255992e+12 6.688672e+05 4.941627e+05 
144443 1.255992e+12 8.680579e+05 6.852219e+05 
155554 1.255992e+12 1.079184e+05 6.145332e+05 
166665 1.255992e+12 3.242937e+05 6.338610e+05 
177776 1.255992e+12 5.411118e+05 6.706556e+05 
188887 1.255992e+12 7.256542e+05 7.586999e+05 
199998 1.255992e+12 9.951963e+05 8.845182e+05 
211109 1.255992e+12 2.347465e+05 8.182033e+05 
222220 1.255992e+12 3.960688e+05 8.645980e+05 
233331 1.255992e+12 5.726069e+05 9.173021e+05 
244442 1.255992e+12 8.080822e+05 9.789512e+05 
0 1.262304e+12 1.055457e+03 8.439311e+02 
11111 1.262304e+12 2.496273e+05 3.618843e+04 
22222 1.262304e+12 5.111327e+05 7.187169e+04 
33333 1.262304e+12 7.462803e+05 1.201606e+05 
44444 1.262304e+12 9.254450e+05 2.796353e+05 
55555 1.262304e+12 1.117213e+05 2.159310e+05 
66666 1.262304e+12 3.424882e+05 2.371550e+05 
77777 1.262304e+12 5.749395e+05 2.821749e+05 
88888 1.262304e+12 7.950249e+05 3.473885e+05 
99999 1.262304e+12 9.988046e+05 5.786609e+05 
111110 1.262304e+12 2.220409e+05 4.100748e+05 
122221 1.262304e+12 4.440477e+05 4.417787e+05 
133332 1.262304e+12 6.688564e+05 4.941429e+05 
144443 1.262304e+12 8.681885e+05 6.849528e+05 
155554 1.262304e+12 1.079357e+05 6.146168e+05 
166665 1.262304e+12 3.243557e+05 6.340540e+05 
177776 1.262304e+12 5.412352e+05 6.707572e+05 
188887 1.262304e+12 7.259064e+05 7.586013e+05 
199998 1.262304e+12 9.952012e+05 8.844107e+05 
211109 1.262304e+12 2.347999e+05 8.183030e+05 
222220 1.262304e+12 3.962267e+05 8.646775e+05 
233331 1.262304e+12 5.728315e+05 9.173040e+05 
244442 1.262304e+12 8.082268e+05 9.789399e+05 
0 1.268616e+12 1.055462e+03 8.439275e+02 
11111 1.268616e+12 2.495751e+05 3.621352e+04 
22222 1.268616e+12 5.108983e+05 7.189756e+04 
33333 1.268616e+12 7.461071e+05 1.200269e+05 
44444 1.268616e+12 9.253257e+05 2.794296e+05 
55555 1.268616e+12 1.116831e+05 2.159779e+05 
66666 1.268616e+12 3.423856e+05 2.373007e+05 
77777 1.268616e+12 5.747887e+05 2.822236e+05 
88888 1.268616e+12 7.948608e+05 3.471910e+05 
99999 1.268616e+12 9.988051e+05 5.782557e+05 
111110 1.268616e+12 2.220201e+05 4.102340e+05 
122221 1.268616e+12 4.440113e+05 4.419501e+05 
133332 1.268616e+12 6.688465e+05 4.941244e+05 
144443 1.268616e+12 8.683171e+05 6.846869e+05 
155554 1.268616e+12 1.079524e+05 6.146998e+05 
166665 1.268616e+12 3.244163e+05 6.342430e+05 
177776 1.268616e+12 5.413566e+05 6.708570e+05 
188887 1.268616e+12 7.261543e+05 7.585051e+05 
199998 1.268616e+12 9.952060e+05 8.843043e+05 
211109 1.268616e+12 2.348525e+05 8.184011e+05 
222220 1.268616e+12 3.963825e+05 8.647555e+05 
233331 1.268616e+12 5.730531e+05 9.173059e+05 
244442 1.268616e+12 8.083696e+05 9.789288e+05 
0 1.274927e+12 1.055467e+03 8.439239e+02 
11111 1.274927e+12 2.495233e+05 3.623830e+04 
22222 1.274927e+12 5.106672e+05 7.192292e+04 
33333 1.274927e+12 7.459367e+05 1.198953e+05 
44444 1.274927e+12 9.252074e+05 2.792270e+05 
55555 1.274927e+12 1.116452e+05 2.160242e+05 
66666 1.274927e+12 3.422844e+05 2.374460e+05 
77777 1.274927e+12 5.746394e+05 2.822697e+05 
88888 1.274927e+12 7.946983e+05 3.469955e+05 
99999 1.274927e+12 9.988056e+05 5.778554e+05 
111110 1.274927e+12 2.219986e+05 4.103919e+05 
122221 1.274927e+12 4.439756e+05 4.421178e+05 
133332 1.274927e+12 6.688365e+05 4.941050e+05 
144443 1.274927e+12 8.684438e+05 6.844241e+05 
155554 1.274927e+12 1.079695e+05 6.147817e+05 
166665 1.274927e+12 3.244774e+05 6.344294e+05 
177776 1.274927e+12 5.414763e+05 6.709549e+05 
188887 1.274927e+12 7.263995e+05 7.584079e+05 
199998 1.274927e+12 9.952107e+05 8.841992e+05 
211109 1.274927e+12 2.349046e+05 8.184980e+05 
222220 1.274927e+12 3.965362e+05 8.648323e+05 
233331 1.274927e+12 5.732718e+05 9.173078e+05 
244442 1.274927e+12 8.085106e+05 9.789178e+05 
0 1.281239e+12 1.055471e+03 8.439204e+02 
11111 1.281239e+12 2.494720e+05 3.626276e+04 
22222 1.281239e+12 5.104394e+05 7.194786e+04 
33333 1.281239e+12 7.457692e+05 1.197655e+05 
44444 1.281239e+12 9.250901e+05 2.790274e+05 
55555 1.281239e+12 1.116083e+05 2.160695e+05 
66666 1.281239e+12 3.421858e+05 2.375881e+05 
77777 1.281239e+12 5.744923e+05 2.823159e+05 
88888 1.281239e+12 7.945370e+05 3.468053e+05 
99999 1.281239e+12 9.988060e+05 5.774605e+05 
111110 1.281239e+12 2.219781e+05 4.105467e+05 
122221 1.281239e+12 4.439408e+05 4.422839e+05 
133332 1.281239e+12 6.688261e+05 4.940870e+05 
144443 1.281239e+12 8.685682e+05 6.841648e+05 
155554 1.281239e+12 1.079867e+05 6.148623e+05 
166665 1.281239e+12 3.245364e+05 6.346125e+05 
177776 1.281239e+12 5.415943e+05 6.710540e+05 
188887 1.281239e+12 7.266414e+05 7.583137e+05 
199998 1.281239e+12 9.952153e+05 8.840952e+05 
211109 1.281239e+12 2.349558e+05 8.185934e+05 
222220 1.281239e+12 3.966877e+05 8.649078e+05 
233331 1.281239e+12 5.734873e+05 9.173095e+05 
244442 1.281239e+12 8.086496e+05 9.789069e+05 
0 1.287550e+12 1.055476e+03 8.439170e+02 
11111 1.287550e+12 2.494212e+05 3.628694e+04 
22222 1.287550e+12 5.102148e+05 7.197238e+04 
33333 1.287550e+12 7.456041e+05 1.196373e+05 
44444 1.287550e+12 9.249740e+05 2.788306e+05 
55555 1.287550e+12 1.115717e+05 2.161145e+05 
66666 1.287550e+12 3.420896e+05 2.377272e+05 
77777 1.287550e+12 5.743479e+05 2.823621e+05 
88888 1.287550e+12 7.943785e+05 3.466170e+05 
99999 1.287550e+12 9.988065e+05 5.770702e+05 
111110 1.287550e+12 2.219571e+05 4.106991e+05 
122221 1.287550e+12 4.439065e+05 4.424465e+05 
133332 1.287550e+12 6.688163e+05 4.940709e+05 
144443 1.287550e+12 8.686910e+05 6.839085e+05 
155554 1.287550e+12 1.080041e+05 6.149413e+05 
166665 1.287550e+12 3.245957e+05 6.347911e+05 
177776 1.287550e+12 5.417097e+05 6.711502e+05 
188887 1.287550e+12 7.268789e+05 7.582175e+05 
199998 1.287550e+12 9.952199e+05 8.839925e+05 
211109 1.287550e+12 2.350064e+05 8.186874e+05 
222220 1.287550e+12 3.968372e+05 8.649821e+05 
233331 1.287550e+12 5.736998e+05 9.173112e+05 
244442 1.287550e+12 8.087871e+05 9.788961e+05 
0 1.293862e+12 1.055480e+03 8.439136e+02 
11111 1.293862e+12 2.493707e+05 3.631087e+04 
22222 1.293862e+12 5.099930e+05 7.199645e+04 
33333 1.293862e+12 7.454413e+05 1.195107e+05 
44444 1.293862e+12 9.248591e+05 2.786368e+05 
55555 1.293862e+12 1.115358e+05 2.161582e+05 
66666 1.293862e+12 3.419956e+05 2.378631e+05 
77777 1.293862e+12 5.742061e+05 2.824079e+05 
88888 1.293862e+12 7.942184e+05 3.464345e+05 
99999 1.293862e+12 9.988069e+05 5.766848e+05 
111110 1.293862e+12 2.219379e+05 4.108501e+05 
122221 1.293862e+12 4.438730e+05 4.426061e+05 
133332 1.293862e+12 6.688066e+05 4.940549e+05 
144443 1.293862e+12 8.688119e+05 6.836553e+05 
155554 1.293862e+12 1.080207e+05 6.150188e+05 
166665 1.293862e+12 3.246535e+05 6.349677e+05 
177776 1.293862e+12 5.418241e+05 6.712444e+05 
188887 1.293862e+12 7.271127e+05 7.581254e+05 
199998 1.293862e+12 9.952245e+05 8.838909e+05 
211109 1.293862e+12 2.350563e+05 8.187800e+05 
222220 1.293862e+12 3.969844e+05 8.650554e+05 
233331 1.293862e+12 5.739094e+05 9.173129e+05 
244442 1.293862e+12 8.089226e+05 9.788855e+05 
0 1.300173e+12 1.055485e+03 8.439103e+02 
11111 1.300173e+12 2.493207e+05 3.633453e+04 
22222 1.300173e+12 5.097742e+05 7.202016e+04 
33333 1.300173e+12 7.452808e+05 1.193861e+05 
44444 1.300173e+12 9.247453e+05 2.784457e+05 
55555 1.300173e+12 1.115011e+05 2.162026e+05 
66666 1.300173e+12 3.419016e+05 2.379983e+05 
77777 1.300173e+12 5.740653e+05 2.824518e+05 
88888 1.300173e+12 7.940586e+05 3.462560e+05 
99999 1.300173e+12 9.988073e+05 5.763040e+05 
111110 1.300173e+12 2.219183e+05 4.109985e+05 
122221 1.300173e+12 4.438407e+05 4.427654e+05 
133332 1.300173e+12 6.687972e+05 4.940385e+05 
144443 1.300173e+12 8.689309e+05 6.834052e+05 
155554 1.300173e+12 1.080372e+05 6.150951e+05 
166665 1.300173e+12 3.247110e+05 6.351422e+05 
177776 1.300173e+12 5.419381e+05 6.713374e+05 
188887 1.300173e+12 7.273418e+05 7.580365e+05 
199998 1.300173e+12 9.952289e+05 8.837904e+05 
211109 1.300173e+12 2.351057e+05 8.188710e+05 
222220 1.300173e+12 3.971298e+05 8.651275e+05 
233331 1.300173e+12 5.741162e+05 9.173145e+05 
244442 1.300173e+12 8.090564e+05 9.788750e+05 
0 1.306485e+12 1.055489e+03 8.439071e+02 
11111 1.306485e+12 2.492710e+05 3.635793e+04 
22222 1.306485e+12 5.095583e+05 7.204346e+04 
33333 1.306485e+12 7.451227e+05 1.192631e+05 
44444 1.306485e+12 9.246325e+05 2.782573e+05 
55555 1.306485e+12 1.114661e+05 2.162451e+05 
66666 1.306485e+12 3.418086e+05 2.381307e+05 
77777 1.306485e+12 5.739269e+05 2.824950e+05 
88888 1.306485e+12 7.939002e+05 3.460827e+05 
99999 1.306485e+12 9.988078e+05 5.759279e+05 
111110 1.306485e+12 2.218992e+05 4.111452e+05 
122221 1.306485e+12 4.438091e+05 4.429215e+05 
133332 1.306485e+12 6.687889e+05 4.940231e+05 
144443 1.306485e+12 8.690481e+05 6.831580e+05 
155554 1.306485e+12 1.080538e+05 6.151710e+05 
166665 1.306485e+12 3.247698e+05 6.353126e+05 
177776 1.306485e+12 5.420494e+05 6.714291e+05 
188887 1.306485e+12 7.275713e+05 7.579471e+05 
199998 1.306485e+12 9.952334e+05 8.836910e+05 
211109 1.306485e+12 2.351544e+05 8.189611e+05 
222220 1.306485e+12 3.972731e+05 8.651985e+05 
233331 1.306485e+12 5.743201e+05 9.173160e+05 
244442 1.306485e+12 8.091885e+05 9.788647e+05 
0 1.312796e+12 1.055493e+03 8.439040e+02 
11111 1.312796e+12 2.492218e+05 3.638105e+04 
22222 1.312796e+12 5.093455e+05 7.206643e+04 
33333 1.312796e+12 7.449671e+05 1.191415e+05 
44444 1.312796e+12 9.245206e+05 2.780717e+05 
55555 1.312796e+12 1.114310e+05 2.162881e+05 
66666 1.312796e+12 3.417170e+05 2.382600e+05 
77777 1.312796e+12 5.737904e+05 2.825375e+05 
88888 1.312796e+12 7.937451e+05 3.459117e+05 
99999 1.312796e+12 9.988082e+05 5.755565e+05 
111110 1.312796e+12 2.218806e+05 4.112896e+05 
122221 1.312796e+12 4.437787e+05 4.430750e+05 
133332 1.312796e+12 6.687808e+05 4.940092e+05 
144443 1.312796e+12 8.691635e+05 6.829139e+05 
155554 1.312796e+12 1.080706e+05 6.152452e+05 
166665 1.312796e+12 3.248258e+05 6.354800e+05 
177776 1.312796e+12 5.421585e+05 6.715200e+05 
188887 1.312796e+12 7.277941e+05 7.578586e+05 
199998 1.312796e+12 9.952377e+05 8.835928e+05 
211109 1.312796e+12 2.352024e+05 8.190498e+05 
222220 1.312796e+12 3.974145e+05 8.652683e+05 
233331 1.312796e+12 5.745211e+05 9.173175e+05 
244442 1.312796e+12 8.093189e+05 9.788544e+05 
0 1.319108e+12 1.055497e+03 8.439010e+02 
11111 1.319108e+12 2.491731e+05 3.640388e+04 
22222 1.319108e+12 5.091357e+05 7.208908e+04 
33333 1.319108e+12 7.448140e+05 1.190213e+05 
44444 1.319108e+12 9.244098e+05 2.778887e+05 
55555 1.319108e+12 1.113972e+05 2.163305e+05 
66666 1.319108e+12 3.416266e+05 2.383871e+05 
77777 1.319108e+12 5.736568e+05 2.825795e+05 
88888 1.319108e+12 7.935885e+05 3.457459e+05 
99999 1.319108e+12 9.988086e+05 5.751895e+05 
111110 1.319108e+12 2.218622e+05 4.114318e+05 
122221 1.319108e+12 4.437479e+05 4.432259e+05 
133332 1.319108e+12 6.687721e+05 4.939947e+05 
144443 1.319108e+12 8.692772e+05 6.826726e+05 
155554 1.319108e+12 1.080866e+05 6.153184e+05 
166665 1.319108e+12 3.248821e+05 6.356448e+05 
177776 1.319108e+12 5.422659e+05 6.716094e+05 
188887 1.319108e+12 7.280136e+05 7.577697e+05 
199998 1.319108e+12 9.952420e+05 8.834957e+05 
211109 1.319108e+12 2.352501e+05 8.191374e+05 
222220 1.319108e+12 3.975541e+05 8.653370e+05 
233331 1.319108e+12 5.747195e+05 9.173190e+05 
244442 1.319108e+12 8.094477e+05 9.788443e+05 
0 1.325419e+12 1.055501e+03 8.438980e+02 
11111 1.325419e+12 2.491249e+05 3.642643e+04 
22222 1.325419e+12 5.089288e+05 7.211142e+04 
33333 1.325419e+12 7.446631e+05 1.189025e+05 
44444 1.325419e+12 9.243001e+05 2.777083e+05 
55555 1.325419e+12 1.113633e+05 2.163719e+05 
66666 1.325419e+12 3.415371e+05 2.385136e+05 
77777 1.325419e+12 5.735258e+05 2.826212e+05 
88888 1.325419e+12 7.934356e+05 3.455828e+05 
99999 1.325419e+12 9.988089e+05 5.748269e+05 
111110 1.325419e+12 2.218440e+05 4.115727e+05 
122221 1.325419e+12 4.437182e+05 4.433749e+05 
133332 1.325419e+12 6.687635e+05 4.939809e+05 
144443 1.325419e+12 8.693894e+05 6.824341e+05 
155554 1.325419e+12 1.081032e+05 6.153896e+05 
166665 1.325419e+12 3.249371e+05 6.358081e+05 
177776 1.325419e+12 5.423717e+05 6.716980e+05 
188887 1.325419e+12 7.282294e+05 7.576847e+05 
199998 1.325419e+12 9.952463e+05 8.833996e+05 
211109 1.325419e+12 2.352972e+05 8.192236e+05 
222220 1.325419e+12 3.976919e+05 8.654047e+05 
233331 1.325419e+12 5.749152e+05 9.173204e+05 
244442 1.325419e+12 8.095750e+05 9.788343e+05 
0 1.331731e+12 1.055505e+03 8.438950e+02 
11111 1.331731e+12 2.490772e+05 3.644871e+04 
22222 1.331731e+12 5.087248e+05 7.213344e+04 
33333 1.331731e+12 7.445146e+05 1.187851e+05 
44444 1.331731e+12 9.241914e+05 2.775302e+05 
55555 1.331731e+12 1.113308e+05 2.164121e+05 
66666 1.331731e+12 3.414485e+05 2.386371e+05 
77777 1.331731e+12 5.733964e+05 2.826624e+05 
88888 1.331731e+12 7.932847e+05 3.454244e+05 
99999 1.331731e+12 9.988093e+05 5.744685e+05 
111110 1.331731e+12 2.218260e+05 4.117112e+05 
122221 1.331731e+12 4.436890e+05 4.435217e+05 
133332 1.331731e+12 6.687558e+05 4.939680e+05 
144443 1.331731e+12 8.695000e+05 6.821984e+05 
155554 1.331731e+12 1.081196e+05 6.154600e+05 
166665 1.331731e+12 3.249920e+05 6.359682e+05 
177776 1.331731e+12 5.424767e+05 6.717852e+05 
188887 1.331731e+12 7.284424e+05 7.576003e+05 
199998 1.331731e+12 9.952505e+05 8.833046e+05 
211109 1.331731e+12 2.353436e+05 8.193087e+05 
222220 1.331731e+12 3.978279e+05 8.654712e+05 
233331 1.331731e+12 5.751082e+05 9.173218e+05 
244442 1.331731e+12 8.097008e+05 9.788244e+05 
0 1.338042e+12 1.055509e+03 8.438921e+02 
11111 1.338042e+12 2.490299e+05 3.647073e+04 
22222 1.338042e+12 5.085236e+05 7.215505e+04 
33333 1.338042e+12 7.443683e+05 1.186690e+05 
44444 1.338042e+12 9.240838e+05 2.773547e+05 
55555 1.338042e+12 1.112992e+05 2.164519e+05 
66666 1.338042e+12 3.413621e+05 2.387585e+05 
77777 1.338042e+12 5.732687e+05 2.827032e+05 
88888 1.338042e+12 7.931366e+05 3.452647e+05 
99999 1.338042e+12 9.988097e+05 5.741143e+05 
111110 1.338042e+12 2.218078e+05 4.118485e+05 
122221 1.338042e+12 4.436597e+05 4.436670e+05 
133332 1.338042e+12 6.687472e+05 4.939555e+05 
144443 1.338042e+12 8.696091e+05 6.819655e+05 
155554 1.338042e+12 1.081357e+05 6.155303e+05 
166665 1.338042e+12 3.250462e+05 6.361261e+05 
177776 1.338042e+12 5.425808e+05 6.718716e+05 
188887 1.338042e+12 7.286551e+05 7.575195e+05 
199998 1.338042e+12 9.952546e+05 8.832106e+05 
211109 1.338042e+12 2.353894e+05 8.193926e+05 
222220 1.338042e+12 3.979621e+05 8.655366e+05 
233331 1.338042e+12 5.752987e+05 9.173231e+05 
244442 1.338042e+12 8.098251e+05 9.788146e+05 
0 1.344354e+12 1.055513e+03 8.438893e+02 
11111 1.344354e+12 2.489830e+05 3.649250e+04 
22222 1.344354e+12 5.083253e+05 7.217636e+04 
33333 1.344354e+12 7.442244e+05 1.185547e+05 
44444 1.344354e+12 9.239771e+05 2.771814e+05 
55555 1.344354e+12 1.112673e+05 2.164918e+05 
66666 1.344354e+12 3.412756e+05 2.388778e+05 
77777 1.344354e+12 5.731418e+05 2.827427e+05 
88888 1.344354e+12 7.929897e+05 3.451066e+05 
99999 1.344354e+12 9.988101e+05 5.737643e+05 
111110 1.344354e+12 2.217902e+05 4.119832e+05 
122221 1.344354e+12 4.436310e+05 4.438105e+05 
133332 1.344354e+12 6.687390e+05 4.939433e+05 
144443 1.344354e+12 8.697165e+05 6.817353e+05 
155554 1.344354e+12 1.081518e+05 6.155996e+05 
166665 1.344354e+12 3.251002e+05 6.362808e+05 
177776 1.344354e+12 5.426824e+05 6.719568e+05 
188887 1.344354e+12 7.288609e+05 7.574409e+05 
199998 1.344354e+12 9.952587e+05 8.831176e+05 
211109 1.344354e+12 2.354346e+05 8.194755e+05 
222220 1.344354e+12 3.980945e+05 8.656008e+05 
233331 1.344354e+12 5.754865e+05 9.173245e+05 
244442 1.344354e+12 8.099478e+05 9.788049e+05 
0 1.350665e+12 1.055517e+03 8.438865e+02 
11111 1.350665e+12 2.489365e+05 3.651402e+04 
22222 1.350665e+12 5.081295e+05 7.219728e+04 
33333 1.350665e+12 7.440826e+05 1.184419e+05 
44444 1.350665e+12 9.238715e+05 2.770104e+05 
55555 1.350665e+12 1.112355e+05 2.165311e+05 
66666 1.350665e+12 3.411894e+05 2.389964e+05 
77777 1.350665e+12 5.730173e+05 2.827815e+05 
88888 1.350665e+12 7.928435e+05 3.449531e+05 
99999 1.350665e+12 9.988104e+05 5.734182e+05 
111110 1.350665e+12 2.217732e+05 4.121165e+05 
122221 1.350665e+12 4.436023e+05 4.439510e+05 
133332 1.350665e+12 6.687308e+05 4.939319e+05 
144443 1.350665e+12 8.698225e+05 6.815076e+05 
155554 1.350665e+12 1.081674e+05 6.156672e+05 
166665 1.350665e+12 3.251537e+05 6.364336e+05 
177776 1.350665e+12 5.427830e+05 6.720411e+05 
188887 1.350665e+12 7.290665e+05 7.573576e+05 
199998 1.350665e+12 9.952627e+05 8.830254e+05 
211109 1.350665e+12 2.354793e+05 8.195572e+05 
222220 1.350665e+12 3.982253e+05 8.656642e+05 
233331 1.350665e+12 5.756720e+05 9.173259e+05 
244442 1.350665e+12 8.100692e+05 9.787953e+05 
0 1.356977e+12 1.055520e+03 8.438838e+02 
11111 1.356977e+12 2.488905e+05 3.653527e+04 
22222 1.356977e+12 5.079363e+05 7.221776e+04 
33333 1.356977e+12 7.439432e+05 1.183308e+05 
44444 1.356977e+12 9.237670e+05 2.768416e+05 
55555 1.356977e+12 1.112041e+05 2.165695e+05 
66666 1.356977e+12 3.411039e+05 2.391122e+05 
77777 1.356977e+12 5.728940e+05 2.828211e+05 
88888 1.356977e+12 7.926998e+05 3.448031e+05 
99999 1.356977e+12 9.988108e+05 5.730759e+05 
111110 1.356977e+12 2.217561e+05 4.122487e+05 
122221 1.356977e+12 4.435745e+05 4.440895e+05 
133332 1.356977e+12 6.687238e+05 4.939196e+05 
144443 1.356977e+12 8.699272e+05 6.812823e+05 
155554 1.356977e+12 1.081831e+05 6.157335e+05 
166665 1.356977e+12 3.252065e+05 6.365843e+05 
177776 1.356977e+12 5.428823e+05 6.721238e+05 
188887 1.356977e+12 7.292711e+05 7.572761e+05 
199998 1.356977e+12 9.952667e+05 8.829343e+05 
211109 1.356977e+12 2.355236e+05 8.196380e+05 
222220 1.356977e+12 3.983545e+05 8.657267e+05 
233331 1.356977e+12 5.758552e+05 9.173273e+05 
244442 1.356977e+12 8.101893e+05 9.787858e+05 
0 1.363288e+12 1.055524e+03 8.438812e+02 
11111 1.363288e+12 2.488449e+05 3.655629e+04 
22222 1.363288e+12 5.077456e+05 7.223796e+04 
33333 1.363288e+12 7.438059e+05 1.182208e+05 
44444 1.363288e+12 9.236635e+05 2.766751e+05 
55555 1.363288e+12 1.111723e+05 2.166077e+05 
66666 1.363288e+12 3.410214e+05 2.392271e+05 
77777 1.363288e+12 5.727730e+05 2.828584e+05 
88888 1.363288e+12 7.925554e+05 3.446540e+05 
99999 1.363288e+12 9.988111e+05 5.727379e+05 
111110 1.363288e+12 2.217399e+05 4.123791e+05 
122221 1.363288e+12 4.435472e+05 4.442261e+05 
133332 1.363288e+12 6.687173e+05 4.939091e+05 
144443 1.363288e+12 8.700303e+05 6.810599e+05 
155554 1.363288e+12 1.081990e+05 6.157988e+05 
166665 1.363288e+12 3.252585e+05 6.367317e+05 
177776 1.363288e+12 5.429793e+05 6.722055e+05 
188887 1.363288e+12 7.294669e+05 7.571997e+05 
199998 1.363288e+12 9.952707e+05 8.828442e+05 
211109 1.363288e+12 2.355673e+05 8.197180e+05 
222220 1.363288e+12 3.984819e+05 8.657881e+05 
233331 1.363288e+12 5.760358e+05 9.173287e+05 
244442 1.363288e+12 8.103079e+05 9.787764e+05 
0 1.369600e+12 1.055528e+03 8.438786e+02 
11111 1.369600e+12 2.487997e+05 3.657707e+04 
22222 1.369600e+12 5.075572e+05 7.225787e+04 
33333 1.369600e+12 7.436706e+05 1.181119e+05 
44444 1.369600e+12 9.235611e+05 2.765109e+05 
55555 1.369600e+12 1.111420e+05 2.166455e+05 
66666 1.369600e+12 3.409388e+05 2.393396e+05 
77777 1.369600e+12 5.726546e+05 2.828961e+05 
88888 1.369600e+12 7.924134e+05 3.445092e+05 
99999 1.369600e+12 9.988115e+05 5.724041e+05 
111110 1.369600e+12 2.217246e+05 4.125083e+05 
122221 1.369600e+12 4.435206e+05 4.443606e+05 
133332 1.369600e+12 6.687094e+05 4.938983e+05 
144443 1.369600e+12 8.701319e+05 6.808401e+05 
155554 1.369600e+12 1.082143e+05 6.158636e+05 
166665 1.369600e+12 3.253108e+05 6.368766e+05 
177776 1.369600e+12 5.430759e+05 6.722869e+05 
188887 1.369600e+12 7.296665e+05 7.571220e+05 
199998 1.369600e+12 9.952745e+05 8.827551e+05 
211109 1.369600e+12 2.356105e+05 8.197970e+05 
222220 1.369600e+12 3.986077e+05 8.658486e+05 
233331 1.369600e+12 5.762140e+05 9.173301e+05 
244442 1.369600e+12 8.104249e+05 9.787672e+05 
0 1.375911e+12 1.055531e+03 8.438761e+02 
11111 1.375911e+12 2.487549e+05 3.659760e+04 
22222 1.375911e+12 5.073714e+05 7.227742e+04 
33333 1.375911e+12 7.435374e+05 1.180043e+05 
44444 1.375911e+12 9.234597e+05 2.763487e+05 
55555 1.375911e+12 1.111122e+05 2.166828e+05 
66666 1.375911e+12 3.408585e+05 2.394516e+05 
77777 1.375911e+12 5.725369e+05 2.829331e+05 
88888 1.375911e+12 7.922735e+05 3.443675e+05 
99999 1.375911e+12 9.988118e+05 5.720740e+05 
111110 1.375911e+12 2.217089e+05 4.126353e+05 
122221 1.375911e+12 4.434942e+05 4.444928e+05 
133332 1.375911e+12 6.687027e+05 4.938887e+05 
144443 1.375911e+12 8.702321e+05 6.806228e+05 
155554 1.375911e+12 1.082297e+05 6.159278e+05 
166665 1.375911e+12 3.253623e+05 6.370195e+05 
177776 1.375911e+12 5.431712e+05 6.723672e+05 
188887 1.375911e+12 7.298602e+05 7.570445e+05 
199998 1.375911e+12 9.952784e+05 8.826669e+05 
211109 1.375911e+12 2.356533e+05 8.198749e+05 
222220 1.375911e+12 3.987319e+05 8.659083e+05 
233331 1.375911e+12 5.763899e+05 9.173314e+05 
244442 1.375911e+12 8.105407e+05 9.787580e+05 
0 1.382223e+12 1.055534e+03 8.438736e+02 
11111 1.382223e+12 2.487105e+05 3.661787e+04 
22222 1.382223e+12 5.071882e+05 7.229672e+04 
33333 1.382223e+12 7.434062e+05 1.178977e+05 
44444 1.382223e+12 9.233595e+05 2.761888e+05 
55555 1.382223e+12 1.110821e+05 2.167199e+05 
66666 1.382223e+12 3.407794e+05 2.395608e+05 
77777 1.382223e+12 5.724208e+05 2.829690e+05 
88888 1.382223e+12 7.921350e+05 3.442279e+05 
99999 1.382223e+12 9.988121e+05 5.717477e+05 
111110 1.382223e+12 2.216930e+05 4.127605e+05 
122221 1.382223e+12 4.434680e+05 4.446236e+05 
133332 1.382223e+12 6.686954e+05 4.938789e+05 
144443 1.382223e+12 8.703308e+05 6.804081e+05 
155554 1.382223e+12 1.082448e+05 6.159899e+05 
166665 1.382223e+12 3.254139e+05 6.371599e+05 
177776 1.382223e+12 5.432653e+05 6.724465e+05 
188887 1.382223e+12 7.300504e+05 7.569684e+05 
199998 1.382223e+12 9.952822e+05 8.825795e+05 
211109 1.382223e+12 2.356954e+05 8.199519e+05 
222220 1.382223e+12 3.988545e+05 8.659670e+05 
233331 1.382223e+12 5.765635e+05 9.173328e+05 
244442 1.382223e+12 8.106552e+05 9.787489e+05 
0 1.388534e+12 1.055538e+03 8.438711e+02 
11111 1.388534e+12 2.486666e+05 3.663791e+04 
22222 1.388534e+12 5.070072e+05 7.231570e+04 
33333 1.388534e+12 7.432769e+05 1.177925e+05 
44444 1.388534e+12 9.232603e+05 2.760308e+05 
55555 1.388534e+12 1.110529e+05 2.167570e+05 
66666 1.388534e+12 3.407013e+05 2.396678e+05 
77777 1.388534e+12 5.723059e+05 2.830048e+05 
88888 1.388534e+12 7.920007e+05 3.440883e+05 
99999 1.388534e+12 9.988124e+05 5.714251e+05 
111110 1.388534e+12 2.216766e+05 4.128846e+05 
122221 1.388534e+12 4.434427e+05 4.447530e+05 
133332 1.388534e+12 6.686895e+05 4.938692e+05 
144443 1.388534e+12 8.704283e+05 6.801958e+05 
155554 1.388534e+12 1.082601e+05 6.160516e+05 
166665 1.388534e+12 3.254650e+05 6.372993e+05 
177776 1.388534e+12 5.433575e+05 6.725244e+05 
188887 1.388534e+12 7.302390e+05 7.568921e+05 
199998 1.388534e+12 9.952859e+05 8.824931e+05 
211109 1.388534e+12 2.357371e+05 8.200281e+05 
222220 1.388534e+12 3.989754e+05 8.660248e+05 
233331 1.388534e+12 5.767350e+05 9.173342e+05 
244442 1.388534e+12 8.107685e+05 9.787399e+05 
0 1.394846e+12 1.055541e+03 8.438688e+02 
11111 1.394846e+12 2.486229e+05 3.665773e+04 
22222 1.394846e+12 5.068284e+05 7.233439e+04 
33333 1.394846e+12 7.431495e+05 1.176889e+05 
44444 1.394846e+12 9.231622e+05 2.758748e+05 
55555 1.394846e+12 1.110240e+05 2.167929e+05 
66666 1.394846e+12 3.406245e+05 2.397735e+05 
77777 1.394846e+12 5.721932e+05 2.830401e+05 
88888 1.394846e+12 7.918645e+05 3.439525e+05 
99999 1.394846e+12 9.988127e+05 5.711059e+05 
111110 1.394846e+12 2.216608e+05 4.130068e+05 
122221 1.394846e+12 4.434179e+05 4.448808e+05 
133332 1.394846e+12 6.686836e+05 4.938615e+05 
144443 1.394846e+12 8.705245e+05 6.799856e+05 
155554 1.394846e+12 1.082755e+05 6.161123e+05 
166665 1.394846e+12 3.255149e+05 6.374348e+05 
177776 1.394846e+12 5.434484e+05 6.726026e+05 
188887 1.394846e+12 7.304247e+05 7.568204e+05 
199998 1.394846e+12 9.952896e+05 8.824076e+05 
211109 1.394846e+12 2.357781e+05 8.201032e+05 
222220 1.394846e+12 3.990948e+05 8.660819e+05 
233331 1.394846e+12 5.769042e+05 9.173356e+05 
244442 1.394846e+12 8.108804e+05 9.787310e+05 
0 1.401157e+12 1.055544e+03 8.438664e+02 
11111 1.401157e+12 2.485796e+05 3.667734e+04 
22222 1.401157e+12 5.066520e+05 7.235281e+04 
33333 1.401157e+12 7.430238e+05 1.175862e+05 
44444 1.401157e+12 9.230649e+05 2.757210e+05 
55555 1.401157e+12 1.109954e+05 2.168283e+05 
66666 1.401157e+12 3.405482e+05 2.398787e+05 
77777 1.401157e+12 5.720823e+05 2.830753e+05 
88888 1.401157e+12 7.917312e+05 3.438219e+05 
99999 1.401157e+12 9.988131e+05 5.707905e+05 
111110 1.401157e+12 2.216457e+05 4.131270e+05 
122221 1.401157e+12 4.433945e+05 4.450067e+05 
133332 1.401157e+12 6.686769e+05 4.938530e+05 
144443 1.401157e+12 8.706194e+05 6.797780e+05 
155554 1.401157e+12 1.082905e+05 6.161709e+05 
166665 1.401157e+12 3.255638e+05 6.375697e+05 
177776 1.401157e+12 5.435380e+05 6.726806e+05 
188887 1.401157e+12 7.306065e+05 7.567501e+05 
199998 1.401157e+12 9.952933e+05 8.823230e+05 
211109 1.401157e+12 2.358187e+05 8.201770e+05 
222220 1.401157e+12 3.992126e+05 8.661381e+05 
233331 1.401157e+12 5.770711e+05 9.173370e+05 
244442 1.401157e+12 8.109910e+05 9.787222e+05 
0 1.407469e+12 1.055547e+03 8.438641e+02 
11111 1.407469e+12 2.485368e+05 3.669672e+04 
22222 1.407469e+12 5.064782e+05 7.237094e+04 
33333 1.407469e+12 7.429001e+05 1.174850e+05 
44444 1.407469e+12 9.229685e+05 2.755692e+05 
55555 1.407469e+12 1.109673e+05 2.168636e+05 
66666 1.407469e+12 3.404732e+05 2.399801e+05 
77777 1.407469e+12 5.719720e+05 2.831103e+05 
88888 1.407469e+12 7.915991e+05 3.436924e+05 
99999 1.407469e+12 9.988134e+05 5.704783e+05 
111110 1.407469e+12 2.216304e+05 4.132462e+05 
122221 1.407469e+12 4.433708e+05 4.451307e+05 
133332 1.407469e+12 6.686711e+05 4.938445e+05 
144443 1.407469e+12 8.707132e+05 6.795726e+05 
155554 1.407469e+12 1.083048e+05 6.162290e+05 
166665 1.407469e+12 3.256134e+05 6.377018e+05 
177776 1.407469e+12 5.436265e+05 6.727566e+05 
188887 1.407469e+12 7.307889e+05 7.566788e+05 
199998 1.407469e+12 9.952969e+05 8.822392e+05 
211109 1.407469e+12 2.358589e+05 8.202501e+05 
222220 1.407469e+12 3.993289e+05 8.661936e+05 
233331 1.407469e+12 5.772360e+05 9.173385e+05 
244442 1.407469e+12 8.111004e+05 9.787135e+05 
0 1.413780e+12 1.055550e+03 8.438619e+02 
11111 1.413780e+12 2.484943e+05 3.671589e+04 
22222 1.413780e+12 5.063064e+05 7.238882e+04 
33333 1.413780e+12 7.427782e+05 1.173851e+05 
44444 1.413780e+12 9.228732e+05 2.754194e+05 
55555 1.413780e+12 1.109397e+05 2.168981e+05 
66666 1.413780e+12 3.403992e+05 2.400785e+05 
77777 1.413780e+12 5.718635e+05 2.831445e+05 
88888 1.413780e+12 7.914695e+05 3.435677e+05 
99999 1.413780e+12 9.988136e+05 5.701698e+05 
111110 1.413780e+12 2.216160e+05 4.133638e+05 
122221 1.413780e+12 4.433479e+05 4.452534e+05 
133332 1.413780e+12 6.686658e+05 4.938365e+05 
144443 1.413780e+12 8.708055e+05 6.793695e+05 
155554 1.413780e+12 1.083194e+05 6.162860e+05 
166665 1.413780e+12 3.256617e+05 6.378320e+05 
177776 1.413780e+12 5.437146e+05 6.728314e+05 
188887 1.413780e+12 7.309673e+05 7.566092e+05 
199998 1.413780e+12 9.953005e+05 8.821563e+05 
211109 1.413780e+12 2.358987e+05 8.203223e+05 
222220 1.413780e+12 3.994439e+05 8.662483e+05 
233331 1.413780e+12 5.773989e+05 9.173398e+05 
244442 1.413780e+12 8.112086e+05 9.787048e+05 
0 1.420092e+12 1.055553e+03 8.438597e+02 
11111 1.420092e+12 2.484522e+05 3.673486e+04 
22222 1.420092e+12 5.061368e+05 7.240646e+04 
33333 1.420092e+12 7.426579e+05 1.172858e+05 
44444 1.420092e+12 9.227790e+05 2.752716e+05 
55555 1.420092e+12 1.109130e+05 2.169331e+05 
66666 1.420092e+12 3.403268e+05 2.401774e+05 
77777 1.420092e+12 5.717567e+05 2.831774e+05 
88888 1.420092e+12 7.913392e+05 3.434436e+05 
99999 1.420092e+12 9.988139e+05 5.698649e+05 
111110 1.420092e+12 2.216012e+05 4.134799e+05 
122221 1.420092e+12 4.433255e+05 4.453740e+05 
133332 1.420092e+12 6.686609e+05 4.938288e+05 
144443 1.420092e+12 8.708964e+05 6.791689e+05 
155554 1.420092e+12 1.083334e+05 6.163434e+05 
166665 1.420092e+12 3.257109e+05 6.379603e+05 
177776 1.420092e+12 5.438016e+05 6.729059e+05 
188887 1.420092e+12 7.311401e+05 7.565426e+05 
199998 1.420092e+12 9.953040e+05 8.820742e+05 
211109 1.420092e+12 2.359379e+05 8.203939e+05 
222220 1.420092e+12 3.995572e+05 8.663021e+05 
233331 1.420092e+12 5.775596e+05 9.173411e+05 
244442 1.420092e+12 8.113156e+05 9.786963e+05 
0 1.426404e+12 1.055556e+03 8.438576e+02 
11111 1.426404e+12 2.484103e+05 3.675361e+04 
22222 1.426404e+12 5.059692e+05 7.242381e+04 
33333 1.426404e+12 7.425392e+05 1.171877e+05 
44444 1.426404e+12 9.226856e+05 2.751257e+05 
55555 1.426404e+12 1.108866e+05 2.169669e+05 
66666 1.426404e+12 3.402562e+05 2.402761e+05 
77777 1.426404e+12 5.716510e+05 2.832115e+05 
88888 1.426404e+12 7.912116e+05 3.433192e+05 
99999 1.426404e+12 9.988142e+05 5.695635e+05 
111110 1.426404e+12 2.215863e+05 4.135953e+05 
122221 1.426404e+12 4.433034e+05 4.454928e+05 
133332 1.426404e+12 6.686558e+05 4.938206e+05 
144443 1.426404e+12 8.709860e+05 6.789705e+05 
155554 1.426404e+12 1.083475e+05 6.163997e+05 
166665 1.426404e+12 3.257591e+05 6.380866e+05 
177776 1.426404e+12 5.438868e+05 6.729801e+05 
188887 1.426404e+12 7.313069e+05 7.564768e+05 
199998 1.426404e+12 9.953075e+05 8.819929e+05 
211109 1.426404e+12 2.359768e+05 8.204643e+05 
222220 1.426404e+12 3.996693e+05 8.663552e+05 
233331 1.426404e+12 5.777184e+05 9.173424e+05 
244442 1.426404e+12 8.114214e+05 9.786878e+05 
0 1.432715e+12 1.055559e+03 8.438555e+02 
11111 1.432715e+12 2.483688e+05 3.677214e+04 
22222 1.432715e+12 5.058037e+05 7.244090e+04 
33333 1.432715e+12 7.424222e+05 1.170906e+05 
44444 1.432715e+12 9.225933e+05 2.749817e+05 
55555 1.432715e+12 1.108604e+05 2.170001e+05 
66666 1.432715e+12 3.401850e+05 2.403743e+05 
77777 1.432715e+12 5.715467e+05 2.832443e+05 
88888 1.432715e+12 7.910876e+05 3.431970e+05 
99999 1.432715e+12 9.988145e+05 5.692654e+05 
111110 1.432715e+12 2.215716e+05 4.137091e+05 
122221 1.432715e+12 4.432815e+05 4.456108e+05 
133332 1.432715e+12 6.686504e+05 4.938134e+05 
144443 1.432715e+12 8.710743e+05 6.787743e+05 
155554 1.432715e+12 1.083628e+05 6.164552e+05 
166665 1.432715e+12 3.258075e+05 6.382110e+05 
177776 1.432715e+12 5.439716e+05 6.730530e+05 
188887 1.432715e+12 7.314770e+05 7.564075e+05 
199998 1.432715e+12 9.953110e+05 8.819123e+05 
211109 1.432715e+12 2.360152e+05 8.205337e+05 
222220 1.432715e+12 3.997800e+05 8.664077e+05 
233331 1.432715e+12 5.778754e+05 9.173437e+05 
244442 1.432715e+12 8.115261e+05 9.786795e+05 
0 1.439027e+12 1.055562e+03 8.438534e+02 
11111 1.439027e+12 2.483277e+05 3.679047e+04 
22222 1.439027e+12 5.056404e+05 7.245768e+04 
33333 1.439027e+12 7.423071e+05 1.169946e+05 
44444 1.439027e+12 9.225018e+05 2.748394e+05 
55555 1.439027e+12 1.108338e+05 2.170337e+05 
66666 1.439027e+12 3.401169e+05 2.404711e+05 
77777 1.439027e+12 5.714447e+05 2.832775e+05 
88888 1.439027e+12 7.909634e+05 3.430785e+05 
99999 1.439027e+12 9.988148e+05 5.689707e+05 
111110 1.439027e+12 2.215569e+05 4.138210e+05 
122221 1.439027e+12 4.432608e+05 4.457264e+05 
133332 1.439027e+12 6.686460e+05 4.938066e+05 
144443 1.439027e+12 8.711614e+05 6.785803e+05 
155554 1.439027e+12 1.083766e+05 6.165103e+05 
166665 1.439027e+12 3.258553e+05 6.383323e+05 
177776 1.439027e+12 5.440546e+05 6.731246e+05 
188887 1.439027e+12 7.316424e+05 7.563434e+05 
199998 1.439027e+12 9.953144e+05 8.818326e+05 
211109 1.439027e+12 2.360533e+05 8.206027e+05 
222220 1.439027e+12 3.998892e+05 8.664593e+05 
233331 1.439027e+12 5.780303e+05 9.173450e+05 
244442 1.439027e+12 8.116296e+05 9.786712e+05 
0 1.445338e+12 1.055565e+03 8.438514e+02 
11111 1.445338e+12 2.482870e+05 3.680858e+04 
22222 1.445338e+12 5.054792e+05 7.247417e+04 
33333 1.445338e+12 7.421937e+05 1.169001e+05 
44444 1.445338e+12 9.224109e+05 2.746989e+05 
55555 1.445338e+12 1.108077e+05 2.170663e+05 
66666 1.445338e+12 3.400496e+05 2.405659e+05 
77777 1.445338e+12 5.713441e+05 2.833099e+05 
88888 1.445338e+12 7.908403e+05 3.429582e+05 
99999 1.445338e+12 9.988150e+05 5.686794e+05 
111110 1.445338e+12 2.215428e+05 4.139317e+05 
122221 1.445338e+12 4.432398e+05 4.458405e+05 
133332 1.445338e+12 6.686408e+05 4.938003e+05 
144443 1.445338e+12 8.712475e+05 6.783885e+05 
155554 1.445338e+12 1.083905e+05 6.165640e+05 
166665 1.445338e+12 3.259027e+05 6.384524e+05 
177776 1.445338e+12 5.441362e+05 6.731949e+05 
188887 1.445338e+12 7.318089e+05 7.562761e+05 
199998 1.445338e+12 9.953177e+05 8.817536e+05 
211109 1.445338e+12 2.360909e+05 8.206711e+05 
222220 1.445338e+12 3.999972e+05 8.665102e+05 
233331 1.445338e+12 5.781834e+05 9.173462e+05 
244442 1.445338e+12 8.117320e+05 9.786630e+05 
0 1.451650e+12 1.055567e+03 8.438495e+02 
11111 1.451650e+12 2.482467e+05 3.682647e+04 
22222 1.451650e+12 5.053202e+05 7.249040e+04 
33333 1.451650e+12 7.420817e+05 1.168067e+05 
44444 1.451650e+12 9.223212e+05 2.745603e+05 
55555 1.451650e+12 1.107827e+05 2.170981e+05 
66666 1.451650e+12 3.399839e+05 2.406591e+05 
77777 1.451650e+12 5.712445e+05 2.833416e+05 
88888 1.451650e+12 7.907192e+05 3.428408e+05 
99999 1.451650e+12 9.988153e+05 5.683913e+05 
111110 1.451650e+12 2.215290e+05 4.140412e+05 
122221 1.451650e+12 4.432188e+05 4.459532e+05 
133332 1.451650e+12 6.686363e+05 4.937945e+05 
144443 1.451650e+12 8.713322e+05 6.781990e+05 
155554 1.451650e+12 1.084044e+05 6.166167e+05 
166665 1.451650e+12 3.259496e+05 6.385708e+05 
177776 1.451650e+12 5.442166e+05 6.732649e+05 
188887 1.451650e+12 7.319707e+05 7.562116e+05 
199998 1.451650e+12 9.953211e+05 8.816754e+05 
211109 1.451650e+12 2.361282e+05 8.207393e+05 
222220 1.451650e+12 4.001038e+05 8.665601e+05 
233331 1.451650e+12 5.783346e+05 9.173475e+05 
244442 1.451650e+12 8.118334e+05 9.786550e+05 
0 1.457961e+12 1.055570e+03 8.438476e+02 
11111 1.457961e+12 2.482069e+05 3.684416e+04 
22222 1.457961e+12 5.051632e+05 7.250636e+04 
33333 1.457961e+12 7.419712e+05 1.167144e+05 
44444 1.457961e+12 9.222324e+05 2.744235e+05 
55555 1.457961e+12 1.107580e+05 2.171295e+05 
66666 1.457961e+12 3.399197e+05 2.407525e+05 
77777 1.457961e+12 5.711465e+05 2.833738e+05 
88888 1.457961e+12 7.905997e+05 3.427263e+05 
99999 1.457961e+12 9.988155e+05 5.681063e+05 
111110 1.457961e+12 2.215151e+05 4.141489e+05 
122221 1.457961e+12 4.431990e+05 4.460647e+05 
133332 1.457961e+12 6.686319e+05 4.937892e+05 
144443 1.457961e+12 8.714159e+05 6.780114e+05 
155554 1.457961e+12 1.084181e+05 6.166691e+05 
166665 1.457961e+12 3.259956e+05 6.386867e+05 
177776 1.457961e+12 5.442970e+05 6.733341e+05 
188887 1.457961e+12 7.321278e+05 7.561510e+05 
199998 1.457961e+12 9.953244e+05 8.815980e+05 
211109 1.457961e+12 2.361649e+05 8.208068e+05 
222220 1.457961e+12 4.002090e+05 8.666094e+05 
233331 1.457961e+12 5.784839e+05 9.173488e+05 
244442 1.457961e+12 8.119336e+05 9.786469e+05 
0 1.464273e+12 1.055573e+03 8.438457e+02 
11111 1.464273e+12 2.481675e+05 3.686165e+04 
22222 1.464273e+12 5.050082e+05 7.252209e+04 
33333 1.464273e+12 7.418625e+05 1.166230e+05 
44444 1.464273e+12 9.221445e+05 2.742884e+05 
55555 1.464273e+12 1.107332e+05 2.171605e+05 
66666 1.464273e+12 3.398562e+05 2.408458e+05 
77777 1.464273e+12 5.710486e+05 2.834049e+05 
88888 1.464273e+12 7.904823e+05 3.426134e+05 
99999 1.464273e+12 9.988158e+05 5.678247e+05 
111110 1.464273e+12 2.215017e+05 4.142558e+05 
122221 1.464273e+12 4.431791e+05 4.461743e+05 
133332 1.464273e+12 6.686284e+05 4.937825e+05 
144443 1.464273e+12 8.714983e+05 6.778259e+05 
155554 1.464273e+12 1.084321e+05 6.167202e+05 
166665 1.464273e+12 3.260418e+05 6.388023e+05 
177776 1.464273e+12 5.443758e+05 6.734019e+05 
188887 1.464273e+12 7.322833e+05 7.560911e+05 
199998 1.464273e+12 9.953276e+05 8.815213e+05 
211109 1.464273e+12 2.362011e+05 8.208734e+05 
222220 1.464273e+12 4.003128e+05 8.666579e+05 
233331 1.464273e+12 5.786313e+05 9.173501e+05 
244442 1.464273e+12 8.120328e+05 9.786390e+05 
0 1.470584e+12 1.055575e+03 8.438439e+02 
11111 1.470584e+12 2.481285e+05 3.687891e+04 
22222 1.470584e+12 5.048553e+05 7.253761e+04 
33333 1.470584e+12 7.417553e+05 1.165326e+05 
44444 1.470584e+12 9.220574e+05 2.741552e+05 
55555 1.470584e+12 1.107086e+05 2.171913e+05 
66666 1.470584e+12 3.397937e+05 2.409386e+05 
77777 1.470584e+12 5.709531e+05 2.834361e+05 
88888 1.470584e+12 7.903648e+05 3.425008e+05 
99999 1.470584e+12 9.988160e+05 5.675462e+05 
111110 1.470584e+12 2.214882e+05 4.143611e+05 
122221 1.470584e+12 4.431597e+05 4.462820e+05 
133332 1.470584e+12 6.686249e+05 4.937767e+05 
144443 1.470584e+12 8.715795e+05 6.776426e+05 
155554 1.470584e+12 1.084460e+05 6.167705e+05 
166665 1.470584e+12 3.260881e+05 6.389153e+05 
177776 1.470584e+12 5.444531e+05 6.734689e+05 
188887 1.470584e+12 7.324357e+05 7.560321e+05 
199998 1.470584e+12 9.953308e+05 8.814454e+05 
211109 1.470584e+12 2.362370e+05 8.209390e+05 
222220 1.470584e+12 4.004154e+05 8.667057e+05 
233331 1.470584e+12 5.787770e+05 9.173514e+05 
244442 1.470584e+12 8.121308e+05 9.786312e+05 
0 1.476896e+12 1.055578e+03 8.438420e+02 
11111 1.476896e+12 2.480899e+05 3.689598e+04 
22222 1.476896e+12 5.047043e+05 7.255291e+04 
33333 1.476896e+12 7.416495e+05 1.164431e+05 
44444 1.476896e+12 9.219712e+05 2.740238e+05 
55555 1.476896e+12 1.106848e+05 2.172213e+05 
66666 1.476896e+12 3.397327e+05 2.410290e+05 
77777 1.476896e+12 5.708595e+05 2.834662e+05 
88888 1.476896e+12 7.902494e+05 3.423912e+05 
99999 1.476896e+12 9.988163e+05 5.672709e+05 
111110 1.476896e+12 2.214744e+05 4.144654e+05 
122221 1.476896e+12 4.431406e+05 4.463881e+05 
133332 1.476896e+12 6.686204e+05 4.937714e+05 
144443 1.476896e+12 8.716595e+05 6.774613e+05 
155554 1.476896e+12 1.084595e+05 6.168199e+05 
166665 1.476896e+12 3.261327e+05 6.390274e+05 
177776 1.476896e+12 5.445292e+05 6.735352e+05 
188887 1.476896e+12 7.325862e+05 7.559729e+05 
199998 1.476896e+12 9.953340e+05 8.813702e+05 
211109 1.476896e+12 2.362726e+05 8.210038e+05 
222220 1.476896e+12 4.005169e+05 8.667529e+05 
233331 1.476896e+12 5.789209e+05 9.173527e+05 
244442 1.476896e+12 8.122279e+05 9.786234e+05 
0 1.483207e+12 1.055580e+03 8.438403e+02 
11111 1.483207e+12 2.480516e+05 3.691285e+04 
22222 1.483207e+12 5.045552e+05 7.256792e+04 
33333 1.483207e+12 7.415451e+05 1.163548e+05 
44444 1.483207e+12 9.218860e+05 2.738939e+05 
55555 1.483207e+12 1.106611e+05 2.172512e+05 
66666 1.483207e+12 3.396727e+05 2.411186e+05 
77777 1.483207e+12 5.707665e+05 2.834971e+05 
88888 1.483207e+12 7.901351e+05 3.422825e+05 
99999 1.483207e+12 9.988165e+05 5.669986e+05 
111110 1.483207e+12 2.214612e+05 4.145690e+05 
122221 1.483207e+12 4.431212e+05 4.464931e+05 
133332 1.483207e+12 6.686163e+05 4.937659e+05 
144443 1.483207e+12 8.717385e+05 6.772820e+05 
155554 1.483207e+12 1.084729e+05 6.168691e+05 
166665 1.483207e+12 3.261786e+05 6.391377e+05 
177776 1.483207e+12 5.446046e+05 6.736008e+05 
188887 1.483207e+12 7.327352e+05 7.559147e+05 
199998 1.483207e+12 9.953372e+05 8.812957e+05 
211109 1.483207e+12 2.363078e+05 8.210683e+05 
222220 1.483207e+12 4.006170e+05 8.667992e+05 
233331 1.483207e+12 5.790631e+05 9.173540e+05 
244442 1.483207e+12 8.123240e+05 9.786157e+05 
0 1.489519e+12 1.055583e+03 8.438386e+02 
11111 1.489519e+12 2.480137e+05 3.692952e+04 
22222 1.489519e+12 5.044079e+05 7.258265e+04 
33333 1.489519e+12 7.414422e+05 1.162677e+05 
44444 1.489519e+12 9.218016e+05 2.737657e+05 
55555 1.489519e+12 1.106383e+05 2.172808e+05 
66666 1.489519e+12 3.396127e+05 2.412085e+05 
77777 1.489519e+12 5.706746e+05 2.835281e+05 
88888 1.489519e+12 7.900218e+05 3.421763e+05 
99999 1.489519e+12 9.988167e+05 5.667291e+05 
111110 1.489519e+12 2.214482e+05 4.146717e+05 
122221 1.489519e+12 4.431030e+05 4.465968e+05 
133332 1.489519e+12 6.686124e+05 4.937610e+05 
144443 1.489519e+12 8.718164e+05 6.771046e+05 
155554 1.489519e+12 1.084865e+05 6.169172e+05 
166665 1.489519e+12 3.262237e+05 6.392453e+05 
177776 1.489519e+12 5.446797e+05 6.736657e+05 
188887 1.489519e+12 7.328834e+05 7.558574e+05 
199998 1.489519e+12 9.953403e+05 8.812218e+05 
211109 1.489519e+12 2.363424e+05 8.211319e+05 
222220 1.489519e+12 4.007158e+05 8.668451e+05 
233331 1.489519e+12 5.792036e+05 9.173553e+05 
244442 1.489519e+12 8.124192e+05 9.786081e+05 
0 1.495830e+12 1.055585e+03 8.438369e+02 
11111 1.495830e+12 2.479762e+05 3.694601e+04 
22222 1.495830e+12 5.042624e+05 7.259719e+04 
33333 1.495830e+12 7.413406e+05 1.161819e+05 
44444 1.495830e+12 9.217179e+05 2.736390e+05 
55555 1.495830e+12 1.106151e+05 2.173101e+05 
66666 1.495830e+12 3.395549e+05 2.412962e+05 
77777 1.495830e+12 5.705832e+05 2.835581e+05 
88888 1.495830e+12 7.899086e+05 3.420677e+05 
99999 1.495830e+12 9.988170e+05 5.664624e+05 
111110 1.495830e+12 2.214347e+05 4.147719e+05 
122221 1.495830e+12 4.430853e+05 4.466991e+05 
133332 1.495830e+12 6.686100e+05 4.937564e+05 
144443 1.495830e+12 8.718932e+05 6.769290e+05 
155554 1.495830e+12 1.084998e+05 6.169650e+05 
166665 1.495830e+12 3.262692e+05 6.393514e+05 
177776 1.495830e+12 5.447532e+05 6.737290e+05 
188887 1.495830e+12 7.330281e+05 7.558027e+05 
199998 1.495830e+12 9.953434e+05 8.811485e+05 
211109 1.495830e+12 2.363766e+05 8.211947e+05 
222220 1.495830e+12 4.008134e+05 8.668902e+05 
233331 1.495830e+12 5.793424e+05 9.173567e+05 
244442 1.495830e+12 8.125134e+05 9.786006e+05 
0 1.502142e+12 1.055587e+03 8.438352e+02 
11111 1.502142e+12 2.479391e+05 3.696229e+04 
22222 1.502142e+12 5.041189e+05 7.261152e+04 
33333 1.502142e+12 7.412405e+05 1.160973e+05 
44444 1.502142e+12 9.216351e+05 2.735138e+05 
55555 1.502142e+12 1.105925e+05 2.173390e+05 
66666 1.502142e+12 3.394985e+05 2.413820e+05 
77777 1.502142e+12 5.704940e+05 2.835868e+05 
88888 1.502142e+12 7.897987e+05 3.419655e+05 
99999 1.502142e+12 9.988172e+05 5.661985e+05 
111110 1.502142e+12 2.214215e+05 4.148710e+05 
122221 1.502142e+12 4.430673e+05 4.468003e+05 
133332 1.502142e+12 6.686064e+05 4.937521e+05 
144443 1.502142e+12 8.719689e+05 6.767552e+05 
155554 1.502142e+12 1.085135e+05 6.170119e+05 
166665 1.502142e+12 3.263130e+05 6.394561e+05 
177776 1.502142e+12 5.448255e+05 6.737918e+05 
188887 1.502142e+12 7.331692e+05 7.557493e+05 
199998 1.502142e+12 9.953464e+05 8.810760e+05 
211109 1.502142e+12 2.364104e+05 8.212567e+05 
222220 1.502142e+12 4.009098e+05 8.669347e+05 
233331 1.502142e+12 5.794797e+05 9.173582e+05 
244442 1.502142e+12 8.126066e+05 9.785931e+05 
0 1.508453e+12 1.055590e+03 8.438336e+02 
11111 1.508453e+12 2.479023e+05 3.697839e+04 
22222 1.508453e+12 5.039771e+05 7.262562e+04 
33333 1.508453e+12 7.411416e+05 1.160137e+05 
44444 1.508453e+12 9.215531e+05 2.733901e+05 
55555 1.508453e+12 1.105706e+05 2.173673e+05 
66666 1.508453e+12 3.394432e+05 2.414668e+05 
77777 1.508453e+12 5.704054e+05 2.836156e+05 
88888 1.508453e+12 7.896893e+05 3.418639e+05 
99999 1.508453e+12 9.988174e+05 5.659377e+05 
111110 1.508453e+12 2.214085e+05 4.149693e+05 
122221 1.508453e+12 4.430503e+05 4.469004e+05 
133332 1.508453e+12 6.686036e+05 4.937478e+05 
144443 1.508453e+12 8.720436e+05 6.765834e+05 
155554 1.508453e+12 1.085266e+05 6.170580e+05 
166665 1.508453e+12 3.263564e+05 6.395592e+05 
177776 1.508453e+12 5.448973e+05 6.738534e+05 
188887 1.508453e+12 7.333083e+05 7.556982e+05 
199998 1.508453e+12 9.953495e+05 8.810041e+05 
211109 1.508453e+12 2.364440e+05 8.213178e+05 
222220 1.508453e+12 4.010051e+05 8.669787e+05 
233331 1.508453e+12 5.796154e+05 9.173596e+05 
244442 1.508453e+12 8.126989e+05 9.785857e+05 
0 1.514765e+12 1.055592e+03 8.438320e+02 
11111 1.514765e+12 2.478659e+05 3.699429e+04 
22222 1.514765e+12 5.038371e+05 7.263949e+04 
33333 1.514765e+12 7.410441e+05 1.159309e+05 
44444 1.514765e+12 9.214720e+05 2.732680e+05 
55555 1.514765e+12 1.105485e+05 2.173960e+05 
66666 1.514765e+12 3.393882e+05 2.415503e+05 
77777 1.514765e+12 5.703183e+05 2.836445e+05 
88888 1.514765e+12 7.895806e+05 3.417656e+05 
99999 1.514765e+12 9.988176e+05 5.656796e+05 
111110 1.514765e+12 2.213948e+05 4.150666e+05 
122221 1.514765e+12 4.430332e+05 4.469992e+05 
133332 1.514765e+12 6.686005e+05 4.937435e+05 
144443 1.514765e+12 8.721172e+05 6.764133e+05 
155554 1.514765e+12 1.085397e+05 6.171040e+05 
166665 1.514765e+12 3.263997e+05 6.396607e+05 
177776 1.514765e+12 5.449682e+05 6.739151e+05 
188887 1.514765e+12 7.334463e+05 7.556446e+05 
199998 1.514765e+12 9.953524e+05 8.809329e+05 
211109 1.514765e+12 2.364772e+05 8.213783e+05 
222220 1.514765e+12 4.010993e+05 8.670222e+05 
233331 1.514765e+12 5.797496e+05 9.173610e+05 
244442 1.514765e+12 8.127902e+05 9.785784e+05 
0 1.521076e+12 1.055594e+03 8.438305e+02 
11111 1.521076e+12 2.478298e+05 3.701002e+04 
22222 1.521076e+12 5.036987e+05 7.265313e+04 
33333 1.521076e+12 7.409477e+05 1.158492e+05 
44444 1.521076e+12 9.213918e+05 2.731473e+05 
55555 1.521076e+12 1.105267e+05 2.174245e+05 
66666 1.521076e+12 3.393349e+05 2.416337e+05 
77777 1.521076e+12 5.702320e+05 2.836734e+05 
88888 1.521076e+12 7.894767e+05 3.416704e+05 
99999 1.521076e+12 9.988178e+05 5.654244e+05 
111110 1.521076e+12 2.213817e+05 4.151624e+05 
122221 1.521076e+12 4.430164e+05 4.470969e+05 
133332 1.521076e+12 6.685974e+05 4.937396e+05 
144443 1.521076e+12 8.721898e+05 6.762452e+05 
155554 1.521076e+12 1.085529e+05 6.171486e+05 
166665 1.521076e+12 3.264425e+05 6.397609e+05 
177776 1.521076e+12 5.450380e+05 6.739745e+05 
188887 1.521076e+12 7.335823e+05 7.555938e+05 
199998 1.521076e+12 9.953554e+05 8.808622e+05 
211109 1.521076e+12 2.365101e+05 8.214380e+05 
222220 1.521076e+12 4.011925e+05 8.670651e+05 
233331 1.521076e+12 5.798824e+05 9.173624e+05 
244442 1.521076e+12 8.128807e+05 9.785711e+05 
0 1.527388e+12 1.055596e+03 8.438290e+02 
11111 1.527388e+12 2.477941e+05 3.702556e+04 
22222 1.527388e+12 5.035619e+05 7.266653e+04 
33333 1.527388e+12 7.408524e+05 1.157684e+05 
44444 1.527388e+12 9.213126e+05 2.730281e+05 
55555 1.527388e+12 1.105052e+05 2.174527e+05 
66666 1.527388e+12 3.392822e+05 2.417157e+05 
77777 1.527388e+12 5.701466e+05 2.837021e+05 
88888 1.527388e+12 7.893736e+05 3.415741e+05 
99999 1.527388e+12 9.988180e+05 5.651719e+05 
111110 1.527388e+12 2.213690e+05 4.152580e+05 
122221 1.527388e+12 4.429999e+05 4.471931e+05 
133332 1.527388e+12 6.685945e+05 4.937349e+05 
144443 1.527388e+12 8.722615e+05 6.760787e+05 
155554 1.527388e+12 1.085659e+05 6.171929e+05 
166665 1.527388e+12 3.264851e+05 6.398593e+05 
177776 1.527388e+12 5.451070e+05 6.740333e+05 
188887 1.527388e+12 7.337156e+05 7.555422e+05 
199998 1.527388e+12 9.953583e+05 8.807922e+05 
211109 1.527388e+12 2.365427e+05 8.214972e+05 
222220 1.527388e+12 4.012846e+05 8.671073e+05 
233331 1.527388e+12 5.800135e+05 9.173638e+05 
244442 1.527388e+12 8.129704e+05 9.785639e+05 
0 1.533699e+12 1.055598e+03 8.438275e+02 
11111 1.533699e+12 2.477587e+05 3.704092e+04 
22222 1.533699e+12 5.034270e+05 7.267972e+04 
33333 1.533699e+12 7.407585e+05 1.156885e+05 
44444 1.533699e+12 9.212342e+05 2.729103e+05 
55555 1.533699e+12 1.104834e+05 2.174802e+05 
66666 1.533699e+12 3.392301e+05 2.417971e+05 
77777 1.533699e+12 5.700619e+05 2.837306e+05 
88888 1.533699e+12 7.892688e+05 3.414787e+05 
99999 1.533699e+12 9.988182e+05 5.649220e+05 
111110 1.533699e+12 2.213563e+05 4.153524e+05 
122221 1.533699e+12 4.429836e+05 4.472884e+05 
133332 1.533699e+12 6.685929e+05 4.937315e+05 
144443 1.533699e+12 8.723323e+05 6.759140e+05 
155554 1.533699e+12 1.085789e+05 6.172369e+05 
166665 1.533699e+12 3.265273e+05 6.399560e+05 
177776 1.533699e+12 5.451750e+05 6.740917e+05 
188887 1.533699e+12 7.338477e+05 7.554908e+05 
199998 1.533699e+12 9.953612e+05 8.807228e+05 
211109 1.533699e+12 2.365750e+05 8.215558e+05 
222220 1.533699e+12 4.013757e+05 8.671490e+05 
233331 1.533699e+12 5.801432e+05 9.173653e+05 
244442 1.533699e+12 8.130593e+05 9.785568e+05 
0 1.540011e+12 1.055600e+03 8.438261e+02 
11111 1.540011e+12 2.477237e+05 3.705610e+04 
22222 1.540011e+12 5.032938e+05 7.269265e+04 
33333 1.540011e+12 7.406659e+05 1.156095e+05 
44444 1.540011e+12 9.211566e+05 2.727939e+05 
55555 1.540011e+12 1.104629e+05 2.175074e+05 
66666 1.540011e+12 3.391789e+05 2.418785e+05 
77777 1.540011e+12 5.699784e+05 2.837587e+05 
88888 1.540011e+12 7.891644e+05 3.413856e+05 
99999 1.540011e+12 9.988184e+05 5.646748e+05 
111110 1.540011e+12 2.213434e+05 4.154457e+05 
122221 1.540011e+12 4.429681e+05 4.473826e+05 
133332 1.540011e+12 6.685905e+05 4.937284e+05 
144443 1.540011e+12 8.724021e+05 6.757510e+05 
155554 1.540011e+12 1.085918e+05 6.172802e+05 
166665 1.540011e+12 3.265693e+05 6.400514e+05 
177776 1.540011e+12 5.452419e+05 6.741496e+05 
188887 1.540011e+12 7.339774e+05 7.554403e+05 
199998 1.540011e+12 9.953641e+05 8.806540e+05 
211109 1.540011e+12 2.366068e+05 8.216144e+05 
222220 1.540011e+12 4.014657e+05 8.671900e+05 
233331 1.540011e+12 5.802714e+05 9.173668e+05 
244442 1.540011e+12 8.131473e+05 9.785498e+05 
0 1.546322e+12 1.055602e+03 8.438247e+02 
11111 1.546322e+12 2.476890e+05 3.707111e+04 
22222 1.546322e+12 5.031622e+05 7.270542e+04 
33333 1.546322e+12 7.405745e+05 1.155312e+05 
44444 1.546322e+12 9.210796e+05 2.726791e+05 
55555 1.546322e+12 1.104425e+05 2.175339e+05 
66666 1.546322e+12 3.391293e+05 2.419585e+05 
77777 1.546322e+12 5.698966e+05 2.837867e+05 
88888 1.546322e+12 7.890606e+05 3.412917e+05 
99999 1.546322e+12 9.988186e+05 5.644305e+05 
111110 1.546322e+12 2.213308e+05 4.155369e+05 
122221 1.546322e+12 4.429528e+05 4.474755e+05 
133332 1.546322e+12 6.685887e+05 4.937253e+05 
144443 1.546322e+12 8.724708e+05 6.755899e+05 
155554 1.546322e+12 1.086042e+05 6.173226e+05 
166665 1.546322e+12 3.266106e+05 6.401456e+05 
177776 1.546322e+12 5.453076e+05 6.742065e+05 
188887 1.546322e+12 7.341025e+05 7.553923e+05 
199998 1.546322e+12 9.953669e+05 8.805858e+05 
211109 1.546322e+12 2.366382e+05 8.216722e+05 
222220 1.546322e+12 4.015545e+05 8.672305e+05 
233331 1.546322e+12 5.803979e+05 9.173683e+05 
244442 1.546322e+12 8.132343e+05 9.785428e+05 
0 1.552634e+12 1.055604e+03 8.438233e+02 
11111 1.552634e+12 2.476548e+05 3.708593e+04 
22222 1.552634e+12 5.030325e+05 7.271799e+04 
33333 1.552634e+12 7.404843e+05 1.154539e+05 
44444 1.552634e+12 9.210033e+05 2.725657e+05 
55555 1.552634e+12 1.104225e+05 2.175615e+05 
66666 1.552634e+12 3.390800e+05 2.420378e+05 
77777 1.552634e+12 5.698150e+05 2.838144e+05 
88888 1.552634e+12 7.889575e+05 3.412008e+05 
99999 1.552634e+12 9.988188e+05 5.641886e+05 
111110 1.552634e+12 2.213179e+05 4.156277e+05 
122221 1.552634e+12 4.429382e+05 4.475674e+05 
133332 1.552634e+12 6.685868e+05 4.937223e+05 
144443 1.552634e+12 8.725386e+05 6.754304e+05 
155554 1.552634e+12 1.086168e+05 6.173637e+05 
166665 1.552634e+12 3.266514e+05 6.402393e+05 
177776 1.552634e+12 5.453725e+05 6.742627e+05 
188887 1.552634e+12 7.342277e+05 7.553475e+05 
199998 1.552634e+12 9.953697e+05 8.805183e+05 
211109 1.552634e+12 2.366693e+05 8.217293e+05 
222220 1.552634e+12 4.016422e+05 8.672704e+05 
233331 1.552634e+12 5.805230e+05 9.173699e+05 
244442 1.552634e+12 8.133205e+05 9.785359e+05 
0 1.558945e+12 1.055606e+03 8.438219e+02 
11111 1.558945e+12 2.476210e+05 3.710058e+04 
22222 1.558945e+12 5.029044e+05 7.273039e+04 
33333 1.558945e+12 7.403954e+05 1.153776e+05 
44444 1.558945e+12 9.209277e+05 2.724537e+05 
55555 1.558945e+12 1.104027e+05 2.175875e+05 
66666 1.558945e+12 3.390322e+05 2.421159e+05 
77777 1.558945e+12 5.697347e+05 2.838418e+05 
88888 1.558945e+12 7.888546e+05 3.411109e+05 
99999 1.558945e+12 9.988190e+05 5.639493e+05 
111110 1.558945e+12 2.213051e+05 4.157172e+05 
122221 1.558945e+12 4.429231e+05 4.476581e+05 
133332 1.558945e+12 6.685849e+05 4.937195e+05 
144443 1.558945e+12 8.726054e+05 6.752726e+05 
155554 1.558945e+12 1.086293e+05 6.174047e+05 
166665 1.558945e+12 3.266914e+05 6.403304e+05 
177776 1.558945e+12 5.454373e+05 6.743180e+05 
188887 1.558945e+12 7.343512e+05 7.553030e+05 
199998 1.558945e+12 9.953725e+05 8.804514e+05 
211109 1.558945e+12 2.367000e+05 8.217858e+05 
222220 1.558945e+12 4.017290e+05 8.673098e+05 
233331 1.558945e+12 5.806467e+05 9.173715e+05 
244442 1.558945e+12 8.134058e+05 9.785290e+05 
0 1.565257e+12 1.055608e+03 8.438206e+02 
11111 1.565257e+12 2.475876e+05 3.711505e+04 
22222 1.565257e+12 5.027780e+05 7.274255e+04 
33333 1.565257e+12 7.403077e+05 1.153023e+05 
44444 1.565257e+12 9.208527e+05 2.723429e+05 
55555 1.565257e+12 1.103829e+05 2.176120e+05 
66666 1.565257e+12 3.389851e+05 2.421933e+05 
77777 1.565257e+12 5.696555e+05 2.838688e+05 
88888 1.565257e+12 7.887548e+05 3.410197e+05 
99999 1.565257e+12 9.988192e+05 5.637121e+05 
111110 1.565257e+12 2.212925e+05 4.158060e+05 
122221 1.565257e+12 4.429079e+05 4.477473e+05 
133332 1.565257e+12 6.685822e+05 4.937165e+05 
144443 1.565257e+12 8.726715e+05 6.751162e+05 
155554 1.565257e+12 1.086418e+05 6.174449e+05 
166665 1.565257e+12 3.267310e+05 6.404216e+05 
177776 1.565257e+12 5.455010e+05 6.743734e+05 
188887 1.565257e+12 7.344772e+05 7.552547e+05 
199998 1.565257e+12 9.953752e+05 8.803848e+05 
211109 1.565257e+12 2.367305e+05 8.218417e+05 
222220 1.565257e+12 4.018150e+05 8.673487e+05 
233331 1.565257e+12 5.807693e+05 9.173731e+05 
244442 1.565257e+12 8.134907e+05 9.785222e+05 
0 1.571568e+12 1.055610e+03 8.438193e+02 
11111 1.571568e+12 2.475545e+05 3.712935e+04 
22222 1.571568e+12 5.026532e+05 7.275452e+04 
33333 1.571568e+12 7.402210e+05 1.152280e+05 
44444 1.571568e+12 9.207783e+05 2.722334e+05 
55555 1.571568e+12 1.103630e+05 2.176374e+05 
66666 1.571568e+12 3.389395e+05 2.422711e+05 
77777 1.571568e+12 5.695763e+05 2.838962e+05 
88888 1.571568e+12 7.886544e+05 3.409306e+05 
99999 1.571568e+12 9.988193e+05 5.634775e+05 
111110 1.571568e+12 2.212801e+05 4.158938e+05 
122221 1.571568e+12 4.428932e+05 4.478358e+05 
133332 1.571568e+12 6.685809e+05 4.937132e+05 
144443 1.571568e+12 8.727367e+05 6.749615e+05 
155554 1.571568e+12 1.086543e+05 6.174849e+05 
166665 1.571568e+12 3.267698e+05 6.405114e+05 
177776 1.571568e+12 5.455638e+05 6.744275e+05 
188887 1.571568e+12 7.346003e+05 7.552094e+05 
199998 1.571568e+12 9.953780e+05 8.803187e+05 
211109 1.571568e+12 2.367607e+05 8.218973e+05 
222220 1.571568e+12 4.019001e+05 8.673870e+05 
233331 1.571568e+12 5.808906e+05 9.173748e+05 
244442 1.571568e+12 8.135748e+05 9.785155e+05 
0 1.577880e+12 1.055612e+03 8.438181e+02 
11111 1.577880e+12 2.475216e+05 3.714350e+04 
22222 1.577880e+12 5.025298e+05 7.276629e+04 
33333 1.577880e+12 7.401354e+05 1.151544e+05 
44444 1.577880e+12 9.207047e+05 2.721253e+05 
55555 1.577880e+12 1.103436e+05 2.176623e+05 
66666 1.577880e+12 3.388937e+05 2.423471e+05 
77777 1.577880e+12 5.694989e+05 2.839221e+05 
88888 1.577880e+12 7.885545e+05 3.408454e+05 
99999 1.577880e+12 9.988195e+05 5.632455e+05 
111110 1.577880e+12 2.212674e+05 4.159805e+05 
122221 1.577880e+12 4.428789e+05 4.479233e+05 
133332 1.577880e+12 6.685793e+05 4.937109e+05 
144443 1.577880e+12 8.728009e+05 6.748084e+05 
155554 1.577880e+12 1.086669e+05 6.175246e+05 
166665 1.577880e+12 3.268079e+05 6.406002e+05 
177776 1.577880e+12 5.456260e+05 6.744808e+05 
188887 1.577880e+12 7.347198e+05 7.551667e+05 
199998 1.577880e+12 9.953807e+05 8.802533e+05 
211109 1.577880e+12 2.367906e+05 8.219525e+05 
222220 1.577880e+12 4.019841e+05 8.674249e+05 
233331 1.577880e+12 5.810104e+05 9.173765e+05 
244442 1.577880e+12 8.136581e+05 9.785088e+05 
0 1.584192e+12 1.055614e+03 8.438168e+02 
11111 1.584192e+12 2.474891e+05 3.715750e+04 
22222 1.584192e+12 5.024079e+05 7.277785e+04 
33333 1.584192e+12 7.400508e+05 1.150820e+05 
44444 1.584192e+12 9.206319e+05 2.720185e+05 
55555 1.584192e+12 1.103250e+05 2.176874e+05 
66666 1.584192e+12 3.388484e+05 2.424209e+05 
77777 1.584192e+12 5.694222e+05 2.839479e+05 
88888 1.584192e+12 7.884566e+05 3.407585e+05 
99999 1.584192e+12 9.988197e+05 5.630157e+05 
111110 1.584192e+12 2.212546e+05 4.160666e+05 
122221 1.584192e+12 4.428649e+05 4.480093e+05 
133332 1.584192e+12 6.685771e+05 4.937086e+05 
144443 1.584192e+12 8.728643e+05 6.746568e+05 
155554 1.584192e+12 1.086789e+05 6.175634e+05 
166665 1.584192e+12 3.268453e+05 6.406880e+05 
177776 1.584192e+12 5.456873e+05 6.745335e+05 
188887 1.584192e+12 7.348368e+05 7.551239e+05 
199998 1.584192e+12 9.953833e+05 8.801884e+05 
211109 1.584192e+12 2.368202e+05 8.220070e+05 
222220 1.584192e+12 4.020672e+05 8.674622e+05 
233331 1.584192e+12 5.811289e+05 9.173782e+05 
244442 1.584192e+12 8.137406e+05 9.785022e+05 
0 1.590503e+12 1.055615e+03 8.438156e+02 
11111 1.590503e+12 2.474570e+05 3.717133e+04 
22222 1.590503e+12 5.022875e+05 7.278923e+04 
33333 1.590503e+12 7.399673e+05 1.150106e+05 
44444 1.590503e+12 9.205597e+05 2.719129e+05 
55555 1.590503e+12 1.103064e+05 2.177122e+05 
66666 1.590503e+12 3.388038e+05 2.424964e+05 
77777 1.590503e+12 5.693460e+05 2.839743e+05 
88888 1.590503e+12 7.883590e+05 3.406697e+05 
99999 1.590503e+12 9.988198e+05 5.627883e+05 
111110 1.590503e+12 2.212417e+05 4.161519e+05 
122221 1.590503e+12 4.428510e+05 4.480945e+05 
133332 1.590503e+12 6.685757e+05 4.937066e+05 
144443 1.590503e+12 8.729268e+05 6.745068e+05 
155554 1.590503e+12 1.086908e+05 6.176020e+05 
166665 1.590503e+12 3.268823e+05 6.407745e+05 
177776 1.590503e+12 5.457482e+05 6.745859e+05 
188887 1.590503e+12 7.349530e+05 7.550822e+05 
199998 1.590503e+12 9.953860e+05 8.801240e+05 
211109 1.590503e+12 2.368496e+05 8.220610e+05 
222220 1.590503e+12 4.021494e+05 8.674990e+05 
233331 1.590503e+12 5.812461e+05 9.173799e+05 
244442 1.590503e+12 8.138224e+05 9.784956e+05 
0 1.596815e+12 1.055617e+03 8.438144e+02 
11111 1.596815e+12 2.474251e+05 3.718499e+04 
22222 1.596815e+12 5.021686e+05 7.280041e+04 
33333 1.596815e+12 7.398849e+05 1.149400e+05 
44444 1.596815e+12 9.204884e+05 2.718085e+05 
55555 1.596815e+12 1.102880e+05 2.177365e+05 
66666 1.596815e+12 3.387597e+05 2.425709e+05 
77777 1.596815e+12 5.692703e+05 2.840003e+05 
88888 1.596815e+12 7.882630e+05 3.405855e+05 
99999 1.596815e+12 9.988200e+05 5.625632e+05 
111110 1.596815e+12 2.212292e+05 4.162357e+05 
122221 1.596815e+12 4.428370e+05 4.481791e+05 
133332 1.596815e+12 6.685746e+05 4.937046e+05 
144443 1.596815e+12 8.729886e+05 6.743582e+05 
155554 1.596815e+12 1.087028e+05 6.176400e+05 
166665 1.596815e+12 3.269189e+05 6.408611e+05 
177776 1.596815e+12 5.458084e+05 6.746375e+05 
188887 1.596815e+12 7.350680e+05 7.550392e+05 
199998 1.596815e+12 9.953886e+05 8.800601e+05 
211109 1.596815e+12 2.368788e+05 8.221145e+05 
222220 1.596815e+12 4.022307e+05 8.675354e+05 
233331 1.596815e+12 5.813621e+05 9.173816e+05 
244442 1.596815e+12 8.139035e+05 9.784891e+05 
0 1.603126e+12 1.055619e+03 8.438133e+02 
11111 1.603126e+12 2.473936e+05 3.719850e+04 
22222 1.603126e+12 5.020511e+05 7.281141e+04 
33333 1.603126e+12 7.398036e+05 1.148704e+05 
44444 1.603126e+12 9.204178e+05 2.717054e+05 
55555 1.603126e+12 1.102700e+05 2.177605e+05 
66666 1.603126e+12 3.387167e+05 2.426453e+05 
77777 1.603126e+12 5.691961e+05 2.840266e+05 
88888 1.603126e+12 7.881676e+05 3.405023e+05 
99999 1.603126e+12 9.988201e+05 5.623403e+05 
111110 1.603126e+12 2.212165e+05 4.163192e+05 
122221 1.603126e+12 4.428236e+05 4.482624e+05 
133332 1.603126e+12 6.685735e+05 4.937028e+05 
144443 1.603126e+12 8.730495e+05 6.742110e+05 
155554 1.603126e+12 1.087146e+05 6.176776e+05 
166665 1.603126e+12 3.269547e+05 6.409456e+05 
177776 1.603126e+12 5.458678e+05 6.746889e+05 
188887 1.603126e+12 7.351800e+05 7.549974e+05 
199998 1.603126e+12 9.953912e+05 8.799967e+05 
211109 1.603126e+12 2.369075e+05 8.221674e+05 
222220 1.603126e+12 4.023111e+05 8.675713e+05 
233331 1.603126e+12 5.814769e+05 9.173834e+05 
244442 1.603126e+12 8.139839e+05 9.784826e+05 
0 1.609438e+12 1.055620e+03 8.438122e+02 
11111 1.609438e+12 2.473625e+05 3.721183e+04 
22222 1.609438e+12 5.019353e+05 7.282224e+04 
33333 1.609438e+12 7.397232e+05 1.148016e+05 
44444 1.609438e+12 9.203480e+05 2.716036e+05 
55555 1.609438e+12 1.102525e+05 2.177841e+05 
66666 1.609438e+12 3.386742e+05 2.427176e+05 
77777 1.609438e+12 5.691220e+05 2.840522e+05 
88888 1.609438e+12 7.880738e+05 3.404130e+05 
99999 1.609438e+12 9.988203e+05 5.621198e+05 
111110 1.609438e+12 2.212038e+05 4.164013e+05 
122221 1.609438e+12 4.428110e+05 4.483446e+05 
133332 1.609438e+12 6.685734e+05 4.937006e+05 
144443 1.609438e+12 8.731097e+05 6.740654e+05 
155554 1.609438e+12 1.087269e+05 6.177147e+05 
166665 1.609438e+12 3.269903e+05 6.410290e+05 
177776 1.609438e+12 5.459261e+05 6.747395e+05 
188887 1.609438e+12 7.352908e+05 7.549532e+05 
199998 1.609438e+12 9.953938e+05 8.799339e+05 
211109 1.609438e+12 2.369358e+05 8.222202e+05 
222220 1.609438e+12 4.023906e+05 8.676066e+05 
233331 1.609438e+12 5.815903e+05 9.173851e+05 
244442 1.609438e+12 8.140636e+05 9.784762e+05 
0 1.615749e+12 1.055622e+03 8.438110e+02 
11111 1.615749e+12 2.473317e+05 3.722502e+04 
22222 1.615749e+12 5.018209e+05 7.283288e+04 
33333 1.615749e+12 7.396439e+05 1.147337e+05 
44444 1.615749e+12 9.202790e+05 2.715030e+05 
55555 1.615749e+12 1.102348e+05 2.178074e+05 
66666 1.615749e+12 3.386311e+05 2.427888e+05 
77777 1.615749e+12 5.690495e+05 2.840771e+05 
88888 1.615749e+12 7.879807e+05 3.403284e+05 
99999 1.615749e+12 9.988204e+05 5.619015e+05 
111110 1.615749e+12 2.211912e+05 4.164829e+05 
122221 1.615749e+12 4.427984e+05 4.484257e+05 
133332 1.615749e+12 6.685725e+05 4.936989e+05 
144443 1.615749e+12 8.731691e+05 6.739213e+05 
155554 1.615749e+12 1.087388e+05 6.177514e+05 
166665 1.615749e+12 3.270256e+05 6.411119e+05 
177776 1.615749e+12 5.459839e+05 6.747894e+05 
188887 1.615749e+12 7.354029e+05 7.549122e+05 
199998 1.615749e+12 9.953963e+05 8.798715e+05 
211109 1.615749e+12 2.369637e+05 8.222726e+05 
222220 1.615749e+12 4.024692e+05 8.676414e+05 
233331 1.615749e+12 5.817026e+05 9.173869e+05 
244442 1.615749e+12 8.141426e+05 9.784699e+05 
0 1.622061e+12 1.055623e+03 8.438100e+02 
11111 1.622061e+12 2.473013e+05 3.723802e+04 
22222 1.622061e+12 5.017081e+05 7.284332e+04 
33333 1.622061e+12 7.395659e+05 1.146666e+05 
44444 1.622061e+12 9.202106e+05 2.714034e+05 
55555 1.622061e+12 1.102180e+05 2.178309e+05 
66666 1.622061e+12 3.385896e+05 2.428601e+05 
77777 1.622061e+12 5.689777e+05 2.841016e+05 
88888 1.622061e+12 7.878895e+05 3.402509e+05 
99999 1.622061e+12 9.988206e+05 5.616854e+05 
111110 1.622061e+12 2.211785e+05 4.165633e+05 
122221 1.622061e+12 4.427858e+05 4.485057e+05 
133332 1.622061e+12 6.685714e+05 4.936972e+05 
144443 1.622061e+12 8.732277e+05 6.737785e+05 
155554 1.622061e+12 1.087507e+05 6.177876e+05 
166665 1.622061e+12 3.270595e+05 6.411939e+05 
177776 1.622061e+12 5.460407e+05 6.748394e+05 
188887 1.622061e+12 7.355121e+05 7.548737e+05 
199998 1.622061e+12 9.953988e+05 8.798096e+05 
211109 1.622061e+12 2.369914e+05 8.223246e+05 
222220 1.622061e+12 4.025470e+05 8.676757e+05 
233331 1.622061e+12 5.818138e+05 9.173887e+05 
244442 1.622061e+12 8.142210e+05 9.784636e+05 
0 1.628372e+12 1.055625e+03 8.438089e+02 
11111 1.628372e+12 2.472713e+05 3.725086e+04 
22222 1.628372e+12 5.015968e+05 7.285360e+04 
33333 1.628372e+12 7.394890e+05 1.146005e+05 
44444 1.628372e+12 9.201427e+05 2.713049e+05 
55555 1.628372e+12 1.102009e+05 2.178539e+05 
66666 1.628372e+12 3.385487e+05 2.429306e+05 
77777 1.628372e+12 5.689065e+05 2.841272e+05 
88888 1.628372e+12 7.877989e+05 3.401748e+05 
99999 1.628372e+12 9.988207e+05 5.614713e+05 
111110 1.628372e+12 2.211658e+05 4.166427e+05 
122221 1.628372e+12 4.427733e+05 4.485846e+05 
133332 1.628372e+12 6.685702e+05 4.936962e+05 
144443 1.628372e+12 8.732856e+05 6.736372e+05 
155554 1.628372e+12 1.087625e+05 6.178235e+05 
166665 1.628372e+12 3.270933e+05 6.412745e+05 
177776 1.628372e+12 5.460960e+05 6.748881e+05 
188887 1.628372e+12 7.356180e+05 7.548340e+05 
199998 1.628372e+12 9.954013e+05 8.797481e+05 
211109 1.628372e+12 2.370189e+05 8.223761e+05 
222220 1.628372e+12 4.026240e+05 8.677098e+05 
233331 1.628372e+12 5.819238e+05 9.173906e+05 
244442 1.628372e+12 8.142988e+05 9.784574e+05 
0 1.634684e+12 1.055627e+03 8.438078e+02 
11111 1.634684e+12 2.472417e+05 3.726356e+04 
22222 1.634684e+12 5.014869e+05 7.286380e+04 
33333 1.634684e+12 7.394131e+05 1.145350e+05 
44444 1.634684e+12 9.200755e+05 2.712077e+05 
55555 1.634684e+12 1.101836e+05 2.178772e+05 
66666 1.634684e+12 3.385082e+05 2.430005e+05 
77777 1.634684e+12 5.688359e+05 2.841519e+05 
88888 1.634684e+12 7.877093e+05 3.400941e+05 
99999 1.634684e+12 9.988209e+05 5.612597e+05 
111110 1.634684e+12 2.211532e+05 4.167214e+05 
122221 1.634684e+12 4.427613e+05 4.486626e+05 
133332 1.634684e+12 6.685693e+05 4.936951e+05 
144443 1.634684e+12 8.733426e+05 6.734974e+05 
155554 1.634684e+12 1.087752e+05 6.178586e+05 
166665 1.634684e+12 3.271262e+05 6.413543e+05 
177776 1.634684e+12 5.461513e+05 6.749367e+05 
188887 1.634684e+12 7.357224e+05 7.547962e+05 
199998 1.634684e+12 9.954038e+05 8.796872e+05 
211109 1.634684e+12 2.370459e+05 8.224270e+05 
222220 1.634684e+12 4.027001e+05 8.677434e+05 
233331 1.634684e+12 5.820326e+05 9.173924e+05 
244442 1.634684e+12 8.143759e+05 9.784512e+05 
0 1.640995e+12 1.055628e+03 8.438068e+02 
11111 1.640995e+12 2.472123e+05 3.727609e+04 
22222 1.640995e+12 5.013783e+05 7.287383e+04 
33333 1.640995e+12 7.393383e+05 1.144702e+05 
44444 1.640995e+12 9.200090e+05 2.711117e+05 
55555 1.640995e+12 1.101668e+05 2.178996e+05 
66666 1.640995e+12 3.384688e+05 2.430694e+05 
77777 1.640995e+12 5.687672e+05 2.841759e+05 
88888 1.640995e+12 7.876209e+05 3.400170e+05 
99999 1.640995e+12 9.988210e+05 5.610503e+05 
111110 1.640995e+12 2.211409e+05 4.167995e+05 
122221 1.640995e+12 4.427494e+05 4.487399e+05 
133332 1.640995e+12 6.685686e+05 4.936944e+05 
144443 1.640995e+12 8.733987e+05 6.733590e+05 
155554 1.640995e+12 1.087865e+05 6.178926e+05 
166665 1.640995e+12 3.271592e+05 6.414333e+05 
177776 1.640995e+12 5.462061e+05 6.749842e+05 
188887 1.640995e+12 7.358221e+05 7.547592e+05 
199998 1.640995e+12 9.954062e+05 8.796268e+05 
211109 1.640995e+12 2.370726e+05 8.224772e+05 
222220 1.640995e+12 4.027753e+05 8.677766e+05 
233331 1.640995e+12 5.821402e+05 9.173942e+05 
244442 1.640995e+12 8.144522e+05 9.784451e+05 
0 1.647307e+12 1.055630e+03 8.438058e+02 
11111 1.647307e+12 2.471833e+05 3.728848e+04 
22222 1.647307e+12 5.012710e+05 7.288372e+04 
33333 1.647307e+12 7.392643e+05 1.144059e+05 
44444 1.647307e+12 9.199432e+05 2.710169e+05 
55555 1.647307e+12 1.101503e+05 2.179217e+05 
66666 1.647307e+12 3.384303e+05 2.431380e+05 
77777 1.647307e+12 5.686988e+05 2.841995e+05 
88888 1.647307e+12 7.875326e+05 3.399399e+05 
99999 1.647307e+12 9.988211e+05 5.608431e+05 
111110 1.647307e+12 2.211285e+05 4.168764e+05 
122221 1.647307e+12 4.427375e+05 4.488167e+05 
133332 1.647307e+12 6.685678e+05 4.936931e+05 
144443 1.647307e+12 8.734541e+05 6.732222e+05 
155554 1.647307e+12 1.087985e+05 6.179264e+05 
166665 1.647307e+12 3.271912e+05 6.415113e+05 
177776 1.647307e+12 5.462596e+05 6.750312e+05 
188887 1.647307e+12 7.359238e+05 7.547206e+05 
199998 1.647307e+12 9.954087e+05 8.795669e+05 
211109 1.647307e+12 2.370991e+05 8.225269e+05 
222220 1.647307e+12 4.028497e+05 8.678094e+05 
233331 1.647307e+12 5.822466e+05 9.173961e+05 
244442 1.647307e+12 8.145279e+05 9.784390e+05 
0 1.653618e+12 1.055631e+03 8.438048e+02 
11111 1.653618e+12 2.471546e+05 3.730072e+04 
22222 1.653618e+12 5.011650e+05 7.289346e+04 
33333 1.653618e+12 7.391912e+05 1.143424e+05 
44444 1.653618e+12 9.198782e+05 2.709232e+05 
55555 1.653618e+12 1.101340e+05 2.179434e+05 
66666 1.653618e+12 3.383911e+05 2.432023e+05 
77777 1.653618e+12 5.686316e+05 2.842221e+05 
88888 1.653618e+12 7.874478e+05 3.398648e+05 
99999 1.653618e+12 9.988213e+05 5.606381e+05 
111110 1.653618e+12 2.211159e+05 4.169527e+05 
122221 1.653618e+12 4.427259e+05 4.488919e+05 
133332 1.653618e+12 6.685666e+05 4.936923e+05 
144443 1.653618e+12 8.735088e+05 6.730867e+05 
155554 1.653618e+12 1.088103e+05 6.179596e+05 
166665 1.653618e+12 3.272231e+05 6.415884e+05 
177776 1.653618e+12 5.463128e+05 6.750777e+05 
188887 1.653618e+12 7.360246e+05 7.546827e+05 
199998 1.653618e+12 9.954111e+05 8.795074e+05 
211109 1.653618e+12 2.371253e+05 8.225761e+05 
222220 1.653618e+12 4.029233e+05 8.678417e+05 
233331 1.653618e+12 5.823519e+05 9.173979e+05 
244442 1.653618e+12 8.146029e+05 9.784330e+05 
0 1.659930e+12 1.055632e+03 8.438038e+02 
11111 1.659930e+12 2.471263e+05 3.731283e+04 
22222 1.659930e+12 5.010605e+05 7.290305e+04 
33333 1.659930e+12 7.391192e+05 1.142797e+05 
44444 1.659930e+12 9.198137e+05 2.708306e+05 
55555 1.659930e+12 1.101177e+05 2.179652e+05 
66666 1.659930e+12 3.383537e+05 2.432688e+05 
77777 1.659930e+12 5.685646e+05 2.842450e+05 
88888 1.659930e+12 7.873626e+05 3.397911e+05 
99999 1.659930e+12 9.988214e+05 5.604347e+05 
111110 1.659930e+12 2.211033e+05 4.170277e+05 
122221 1.659930e+12 4.427141e+05 4.489667e+05 
133332 1.659930e+12 6.685658e+05 4.936920e+05 
144443 1.659930e+12 8.735629e+05 6.729522e+05 
155554 1.659930e+12 1.088216e+05 6.179928e+05 
166665 1.659930e+12 3.272542e+05 6.416651e+05 
177776 1.659930e+12 5.463653e+05 6.751236e+05 
188887 1.659930e+12 7.361255e+05 7.546460e+05 
199998 1.659930e+12 9.954134e+05 8.794484e+05 
211109 1.659930e+12 2.371511e+05 8.226251e+05 
222220 1.659930e+12 4.029961e+05 8.678736e+05 
233331 1.659930e+12 5.824561e+05 9.173999e+05 
244442 1.659930e+12 8.146774e+05 9.784270e+05 
0 1.666241e+12 1.055634e+03 8.438028e+02 
11111 1.666241e+12 2.470984e+05 3.732480e+04 
22222 1.666241e+12 5.009574e+05 7.291244e+04 
33333 1.666241e+12 7.390481e+05 1.142180e+05 
44444 1.666241e+12 9.197499e+05 2.707390e+05 
55555 1.666241e+12 1.101023e+05 2.179863e+05 
66666 1.666241e+12 3.383158e+05 2.433335e+05 
77777 1.666241e+12 5.684985e+05 2.842681e+05 
88888 1.666241e+12 7.872789e+05 3.397173e+05 
99999 1.666241e+12 9.988215e+05 5.602333e+05 
111110 1.666241e+12 2.210909e+05 4.171021e+05 
122221 1.666241e+12 4.427025e+05 4.490403e+05 
133332 1.666241e+12 6.685653e+05 4.936912e+05 
144443 1.666241e+12 8.736163e+05 6.728191e+05 
155554 1.666241e+12 1.088330e+05 6.180258e+05 
166665 1.666241e+12 3.272853e+05 6.417412e+05 
177776 1.666241e+12 5.464176e+05 6.751693e+05 
188887 1.666241e+12 7.362233e+05 7.546088e+05 
199998 1.666241e+12 9.954158e+05 8.793898e+05 
211109 1.666241e+12 2.371768e+05 8.226735e+05 
222220 1.666241e+12 4.030683e+05 8.679051e+05 
233331 1.666241e+12 5.825593e+05 9.174018e+05 
244442 1.666241e+12 8.147513e+05 9.784211e+05 
0 1.672553e+12 1.055635e+03 8.438019e+02 
11111 1.672553e+12 2.470707e+05 3.733661e+04 
22222 1.672553e+12 5.008554e+05 7.292170e+04 
33333 1.672553e+12 7.389778e+05 1.141571e+05 
44444 1.672553e+12 9.196867e+05 2.706485e+05 
55555 1.672553e+12 1.100868e+05 2.180075e+05 
66666 1.672553e+12 3.382785e+05 2.433981e+05 
77777 1.672553e+12 5.684329e+05 2.842909e+05 
88888 1.672553e+12 7.871937e+05 3.396454e+05 
99999 1.672553e+12 9.988216e+05 5.600339e+05 
111110 1.672553e+12 2.210785e+05 4.171761e+05 
122221 1.672553e+12 4.426914e+05 4.491129e+05 
133332 1.672553e+12 6.685649e+05 4.936898e+05 
144443 1.672553e+12 8.736691e+05 6.726872e+05 
155554 1.672553e+12 1.088442e+05 6.180585e+05 
166665 1.672553e+12 3.273156e+05 6.418162e+05 
177776 1.672553e+12 5.464691e+05 6.752143e+05 
188887 1.672553e+12 7.363198e+05 7.545734e+05 
199998 1.672553e+12 9.954181e+05 8.793317e+05 
211109 1.672553e+12 2.372022e+05 8.227215e+05 
222220 1.672553e+12 4.031396e+05 8.679362e+05 
233331 1.672553e+12 5.826615e+05 9.174038e+05 
244442 1.672553e+12 8.148246e+05 9.784152e+05 
0 1.678864e+12 1.055637e+03 8.438010e+02 
11111 1.678864e+12 2.470434e+05 3.734827e+04 
22222 1.678864e+12 5.007549e+05 7.293084e+04 
33333 1.678864e+12 7.389085e+05 1.140969e+05 
44444 1.678864e+12 9.196241e+05 2.705590e+05 
55555 1.678864e+12 1.100716e+05 2.180282e+05 
66666 1.678864e+12 3.382427e+05 2.434613e+05 
77777 1.678864e+12 5.683674e+05 2.843127e+05 
88888 1.678864e+12 7.871101e+05 3.395731e+05 
99999 1.678864e+12 9.988218e+05 5.598363e+05 
111110 1.678864e+12 2.210660e+05 4.172495e+05 
122221 1.678864e+12 4.426806e+05 4.491850e+05 
133332 1.678864e+12 6.685649e+05 4.936890e+05 
144443 1.678864e+12 8.737213e+05 6.725564e+05 
155554 1.678864e+12 1.088563e+05 6.180907e+05 
166665 1.678864e+12 3.273456e+05 6.418896e+05 
177776 1.678864e+12 5.465199e+05 6.752591e+05 
188887 1.678864e+12 7.364146e+05 7.545392e+05 
199998 1.678864e+12 9.954204e+05 8.792740e+05 
211109 1.678864e+12 2.372274e+05 8.227687e+05 
222220 1.678864e+12 4.032102e+05 8.679670e+05 
233331 1.678864e+12 5.827626e+05 9.174058e+05 
244442 1.678864e+12 8.148974e+05 9.784094e+05 
0 1.685176e+12 1.055638e+03 8.438000e+02 
11111 1.685176e+12 2.470164e+05 3.735979e+04 
22222 1.685176e+12 5.006555e+05 7.293984e+04 
33333 1.685176e+12 7.388401e+05 1.140374e+05 
44444 1.685176e+12 9.195620e+05 2.704707e+05 
55555 1.685176e+12 1.100556e+05 2.180488e+05 
66666 1.685176e+12 3.382071e+05 2.435248e+05 
77777 1.685176e+12 5.683022e+05 2.843348e+05 
88888 1.685176e+12 7.870270e+05 3.395000e+05 
99999 1.685176e+12 9.988219e+05 5.596409e+05 
111110 1.685176e+12 2.210536e+05 4.173220e+05 
122221 1.685176e+12 4.426698e+05 4.492565e+05 
133332 1.685176e+12 6.685651e+05 4.936878e+05 
144443 1.685176e+12 8.737727e+05 6.724271e+05 
155554 1.685176e+12 1.088674e+05 6.181222e+05 
166665 1.685176e+12 3.273756e+05 6.419627e+05 
177776 1.685176e+12 5.465703e+05 6.753027e+05 
188887 1.685176e+12 7.365077e+05 7.545041e+05 
199998 1.685176e+12 9.954227e+05 8.792168e+05 
211109 1.685176e+12 2.372522e+05 8.228156e+05 
222220 1.685176e+12 4.032801e+05 8.679973e+05 
233331 1.685176e+12 5.828625e+05 9.174078e+05 
244442 1.685176e+12 8.149695e+05 9.784036e+05 
0 1.691487e+12 1.055639e+03 8.437991e+02 
11111 1.691487e+12 2.469897e+05 3.737118e+04 
22222 1.691487e+12 5.005572e+05 7.294874e+04 
33333 1.691487e+12 7.387726e+05 1.139785e+05 
44444 1.691487e+12 9.195007e+05 2.703834e+05 
55555 1.691487e+12 1.100405e+05 2.180695e+05 
66666 1.691487e+12 3.381720e+05 2.435877e+05 
77777 1.691487e+12 5.682385e+05 2.843573e+05 
88888 1.691487e+12 7.869452e+05 3.394301e+05 
99999 1.691487e+12 9.988220e+05 5.594475e+05 
111110 1.691487e+12 2.210410e+05 4.173933e+05 
122221 1.691487e+12 4.426592e+05 4.493273e+05 
133332 1.691487e+12 6.685645e+05 4.936869e+05 
144443 1.691487e+12 8.738234e+05 6.722992e+05 
155554 1.691487e+12 1.088785e+05 6.181538e+05 
166665 1.691487e+12 3.274046e+05 6.420340e+05 
177776 1.691487e+12 5.466198e+05 6.753465e+05 
188887 1.691487e+12 7.366018e+05 7.544709e+05 
199998 1.691487e+12 9.954250e+05 8.791600e+05 
211109 1.691487e+12 2.372768e+05 8.228619e+05 
222220 1.691487e+12 4.033493e+05 8.680272e+05 
233331 1.691487e+12 5.829614e+05 9.174097e+05 
244442 1.691487e+12 8.150411e+05 9.783978e+05 
0 1.697799e+12 1.055641e+03 8.437983e+02 
11111 1.697799e+12 2.469634e+05 3.738243e+04 
22222 1.697799e+12 5.004602e+05 7.295750e+04 
33333 1.697799e+12 7.387059e+05 1.139203e+05 
44444 1.697799e+12 9.194399e+05 2.702973e+05 
55555 1.697799e+12 1.100257e+05 2.180891e+05 
66666 1.697799e+12 3.381376e+05 2.436494e+05 
77777 1.697799e+12 5.681755e+05 2.843788e+05 
88888 1.697799e+12 7.868633e+05 3.393632e+05 
99999 1.697799e+12 9.988221e+05 5.592561e+05 
111110 1.697799e+12 2.210284e+05 4.174640e+05 
122221 1.697799e+12 4.426486e+05 4.493970e+05 
133332 1.697799e+12 6.685644e+05 4.936863e+05 
144443 1.697799e+12 8.738734e+05 6.721725e+05 
155554 1.697799e+12 1.088899e+05 6.181843e+05 
166665 1.697799e+12 3.274328e+05 6.421057e+05 
177776 1.697799e+12 5.466688e+05 6.753897e+05 
188887 1.697799e+12 7.366892e+05 7.544389e+05 
199998 1.697799e+12 9.954273e+05 8.791036e+05 
211109 1.697799e+12 2.373011e+05 8.229078e+05 
222220 1.697799e+12 4.034178e+05 8.680568e+05 
233331 1.697799e+12 5.830594e+05 9.174117e+05 
244442 1.697799e+12 8.151120e+05 9.783921e+05 
0 1.704110e+12 1.055642e+03 8.437974e+02 
11111 1.704110e+12 2.469374e+05 3.739355e+04 
22222 1.704110e+12 5.003646e+05 7.296616e+04 
33333 1.704110e+12 7.386401e+05 1.138627e+05 
44444 1.704110e+12 9.193798e+05 2.702123e+05 
55555 1.704110e+12 1.100109e+05 2.181085e+05 
66666 1.704110e+12 3.381040e+05 2.437105e+05 
77777 1.704110e+12 5.681128e+05 2.844005e+05 
88888 1.704110e+12 7.867829e+05 3.392959e+05 
99999 1.704110e+12 9.988222e+05 5.590665e+05 
111110 1.704110e+12 2.210156e+05 4.175337e+05 
122221 1.704110e+12 4.426380e+05 4.494660e+05 
133332 1.704110e+12 6.685639e+05 4.936859e+05 
144443 1.704110e+12 8.739226e+05 6.720470e+05 
155554 1.704110e+12 1.089007e+05 6.182143e+05 
166665 1.704110e+12 3.274606e+05 6.421764e+05 
177776 1.704110e+12 5.467171e+05 6.754322e+05 
188887 1.704110e+12 7.367777e+05 7.544076e+05 
199998 1.704110e+12 9.954295e+05 8.790477e+05 
211109 1.704110e+12 2.373252e+05 8.229533e+05 
222220 1.704110e+12 4.034855e+05 8.680861e+05 
233331 1.704110e+12 5.831564e+05 9.174137e+05 
244442 1.704110e+12 8.151823e+05 9.783865e+05 
0 1.710422e+12 1.055643e+03 8.437965e+02 
11111 1.710422e+12 2.469118e+05 3.740452e+04 
22222 1.710422e+12 5.002701e+05 7.297468e+04 
33333 1.710422e+12 7.385752e+05 1.138058e+05 
44444 1.710422e+12 9.193202e+05 2.701282e+05 
55555 1.710422e+12 1.099967e+05 2.181281e+05 
66666 1.710422e+12 3.380706e+05 2.437708e+05 
77777 1.710422e+12 5.680513e+05 2.844218e+05 
88888 1.710422e+12 7.867026e+05 3.392293e+05 
99999 1.710422e+12 9.988223e+05 5.588788e+05 
111110 1.710422e+12 2.210031e+05 4.176028e+05 
122221 1.710422e+12 4.426279e+05 4.495341e+05 
133332 1.710422e+12 6.685635e+05 4.936858e+05 
144443 1.710422e+12 8.739712e+05 6.719226e+05 
155554 1.710422e+12 1.089111e+05 6.182443e+05 
166665 1.710422e+12 3.274883e+05 6.422461e+05 
177776 1.710422e+12 5.467644e+05 6.754742e+05 
188887 1.710422e+12 7.368649e+05 7.543749e+05 
199998 1.710422e+12 9.954317e+05 8.789921e+05 
211109 1.710422e+12 2.373490e+05 8.229985e+05 
222220 1.710422e+12 4.035525e+05 8.681151e+05 
233331 1.710422e+12 5.832525e+05 9.174158e+05 
244442 1.710422e+12 8.152521e+05 9.783809e+05 
0 1.716733e+12 1.055644e+03 8.437957e+02 
11111 1.716733e+12 2.468865e+05 3.741536e+04 
22222 1.716733e+12 5.001768e+05 7.298307e+04 
33333 1.716733e+12 7.385111e+05 1.137494e+05 
44444 1.716733e+12 9.192613e+05 2.700452e+05 
55555 1.716733e+12 1.099826e+05 2.181480e+05 
66666 1.716733e+12 3.380382e+05 2.438310e+05 
77777 1.716733e+12 5.679900e+05 2.844437e+05 
88888 1.716733e+12 7.866248e+05 3.391574e+05 
99999 1.716733e+12 9.988224e+05 5.586929e+05 
111110 1.716733e+12 2.209905e+05 4.176711e+05 
122221 1.716733e+12 4.426177e+05 4.496017e+05 
133332 1.716733e+12 6.685633e+05 4.936856e+05 
144443 1.716733e+12 8.740192e+05 6.717994e+05 
155554 1.716733e+12 1.089220e+05 6.182737e+05 
166665 1.716733e+12 3.275161e+05 6.423153e+05 
177776 1.716733e+12 5.468116e+05 6.755155e+05 
188887 1.716733e+12 7.369506e+05 7.543438e+05 
199998 1.716733e+12 9.954339e+05 8.789370e+05 
211109 1.716733e+12 2.373724e+05 8.230435e+05 
222220 1.716733e+12 4.036189e+05 8.681437e+05 
233331 1.716733e+12 5.833476e+05 9.174178e+05 
244442 1.716733e+12 8.153213e+05 9.783753e+05 
0 1.723045e+12 1.055646e+03 8.437949e+02 
11111 1.723045e+12 2.468614e+05 3.742606e+04 
22222 1.723045e+12 5.000846e+05 7.299133e+04 
33333 1.723045e+12 7.384479e+05 1.136938e+05 
44444 1.723045e+12 9.192028e+05 2.699631e+05 
55555 1.723045e+12 1.099685e+05 2.181677e+05 
66666 1.723045e+12 3.380063e+05 2.438907e+05 
77777 1.723045e+12 5.679297e+05 2.844652e+05 
88888 1.723045e+12 7.865477e+05 3.390893e+05 
99999 1.723045e+12 9.988225e+05 5.585089e+05 
111110 1.723045e+12 2.209779e+05 4.177387e+05 
122221 1.723045e+12 4.426078e+05 4.496682e+05 
133332 1.723045e+12 6.685625e+05 4.936856e+05 
144443 1.723045e+12 8.740665e+05 6.716775e+05 
155554 1.723045e+12 1.089325e+05 6.183029e+05 
166665 1.723045e+12 3.275434e+05 6.423841e+05 
177776 1.723045e+12 5.468583e+05 6.755565e+05 
188887 1.723045e+12 7.370404e+05 7.543150e+05 
199998 1.723045e+12 9.954361e+05 8.788822e+05 
211109 1.723045e+12 2.373956e+05 8.230880e+05 
222220 1.723045e+12 4.036845e+05 8.681719e+05 
233331 1.723045e+12 5.834418e+05 9.174198e+05 
244442 1.723045e+12 8.153900e+05 9.783698e+05 
0 1.729356e+12 1.055647e+03 8.437940e+02 
11111 1.729356e+12 2.468367e+05 3.743665e+04 
22222 1.729356e+12 4.999936e+05 7.299944e+04 
33333 1.729356e+12 7.383854e+05 1.136390e+05 
44444 1.729356e+12 9.191449e+05 2.698820e+05 
55555 1.729356e+12 1.099548e+05 2.181870e+05 
66666 1.729356e+12 3.379747e+05 2.439503e+05 
77777 1.729356e+12 5.678702e+05 2.844864e+05 
88888 1.729356e+12 7.864706e+05 3.390250e+05 
99999 1.729356e+12 9.988226e+05 5.583267e+05 
111110 1.729356e+12 2.209652e+05 4.178057e+05 
122221 1.729356e+12 4.425981e+05 4.497341e+05 
133332 1.729356e+12 6.685623e+05 4.936858e+05 
144443 1.729356e+12 8.741131e+05 6.715567e+05 
155554 1.729356e+12 1.089430e+05 6.183317e+05 
166665 1.729356e+12 3.275703e+05 6.424518e+05 
177776 1.729356e+12 5.469042e+05 6.755970e+05 
188887 1.729356e+12 7.371206e+05 7.542870e+05 
199998 1.729356e+12 9.954382e+05 8.788278e+05 
211109 1.729356e+12 2.374185e+05 8.231319e+05 
222220 1.729356e+12 4.037494e+05 8.681999e+05 
233331 1.729356e+12 5.835350e+05 9.174219e+05 
244442 1.729356e+12 8.154581e+05 9.783644e+05 
0 1.735668e+12 1.055648e+03 8.437932e+02 
11111 1.735668e+12 2.468123e+05 3.744710e+04 
22222 1.735668e+12 4.999037e+05 7.300742e+04 
33333 1.735668e+12 7.383238e+05 1.135848e+05 
44444 1.735668e+12 9.190875e+05 2.698019e+05 
55555 1.735668e+12 1.099399e+05 2.182066e+05 
66666 1.735668e+12 3.379433e+05 2.440084e+05 
77777 1.735668e+12 5.678106e+05 2.845073e+05 
88888 1.735668e+12 7.863945e+05 3.389602e+05 
99999 1.735668e+12 9.988227e+05 5.581462e+05 
111110 1.735668e+12 2.209524e+05 4.178719e+05 
122221 1.735668e+12 4.425884e+05 4.497995e+05 
133332 1.735668e+12 6.685620e+05 4.936856e+05 
144443 1.735668e+12 8.741592e+05 6.714370e+05 
155554 1.735668e+12 1.089539e+05 6.183597e+05 
166665 1.735668e+12 3.275967e+05 6.425184e+05 
177776 1.735668e+12 5.469493e+05 6.756376e+05 
188887 1.735668e+12 7.372042e+05 7.542578e+05 
199998 1.735668e+12 9.954403e+05 8.787738e+05 
211109 1.735668e+12 2.374412e+05 8.231755e+05 
222220 1.735668e+12 4.038137e+05 8.682275e+05 
233331 1.735668e+12 5.836273e+05 9.174239e+05 
244442 1.735668e+12 8.155258e+05 9.783590e+05 
0 1.741980e+12 1.055649e+03 8.437925e+02 
11111 1.741980e+12 2.467882e+05 3.745743e+04 
22222 1.741980e+12 4.998150e+05 7.301528e+04 
33333 1.741980e+12 7.382629e+05 1.135312e+05 
44444 1.741980e+12 9.190307e+05 2.697227e+05 
55555 1.741980e+12 1.099266e+05 2.182253e+05 
66666 1.741980e+12 3.379130e+05 2.440663e+05 
77777 1.741980e+12 5.677520e+05 2.845284e+05 
88888 1.741980e+12 7.863191e+05 3.388978e+05 
99999 1.741980e+12 9.988228e+05 5.579675e+05 
111110 1.741980e+12 2.209398e+05 4.179373e+05 
122221 1.741980e+12 4.425792e+05 4.498640e+05 
133332 1.741980e+12 6.685616e+05 4.936856e+05 
144443 1.741980e+12 8.742046e+05 6.713184e+05 
155554 1.741980e+12 1.089646e+05 6.183880e+05 
166665 1.741980e+12 3.276227e+05 6.425841e+05 
177776 1.741980e+12 5.469939e+05 6.756777e+05 
188887 1.741980e+12 7.372878e+05 7.542304e+05 
199998 1.741980e+12 9.954425e+05 8.787202e+05 
211109 1.741980e+12 2.374636e+05 8.232186e+05 
222220 1.741980e+12 4.038773e+05 8.682547e+05 
233331 1.741980e+12 5.837186e+05 9.174260e+05 
244442 1.741980e+12 8.155929e+05 9.783536e+05 
0 1.748291e+12 1.055650e+03 8.437917e+02 
11111 1.748291e+12 2.467644e+05 3.746762e+04 
22222 1.748291e+12 4.997274e+05 7.302308e+04 
33333 1.748291e+12 7.382028e+05 1.134782e+05 
44444 1.748291e+12 9.189745e+05 2.696445e+05 
55555 1.748291e+12 1.099125e+05 2.182436e+05 
66666 1.748291e+12 3.378822e+05 2.441241e+05 
77777 1.748291e+12 5.676933e+05 2.845497e+05 
88888 1.748291e+12 7.862440e+05 3.388310e+05 
99999 1.748291e+12 9.988229e+05 5.577906e+05 
111110 1.748291e+12 2.209271e+05 4.180019e+05 
122221 1.748291e+12 4.425701e+05 4.499281e+05 
133332 1.748291e+12 6.685616e+05 4.936858e+05 
144443 1.748291e+12 8.742494e+05 6.712011e+05 
155554 1.748291e+12 1.089749e+05 6.184154e+05 
166665 1.748291e+12 3.276476e+05 6.426491e+05 
177776 1.748291e+12 5.470378e+05 6.757179e+05 
188887 1.748291e+12 7.373703e+05 7.542049e+05 
199998 1.748291e+12 9.954446e+05 8.786670e+05 
211109 1.748291e+12 2.374857e+05 8.232613e+05 
222220 1.748291e+12 4.039402e+05 8.682816e+05 
233331 1.748291e+12 5.838091e+05 9.174280e+05 
244442 1.748291e+12 8.156594e+05 9.783483e+05 
0 1.754603e+12 1.055651e+03 8.437909e+02 
11111 1.754603e+12 2.467410e+05 3.747766e+04 
22222 1.754603e+12 4.996409e+05 7.303077e+04 
33333 1.754603e+12 7.381435e+05 1.134256e+05 
44444 1.754603e+12 9.189189e+05 2.695672e+05 
55555 1.754603e+12 1.098988e+05 2.182609e+05 
66666 1.754603e+12 3.378520e+05 2.441806e+05 
77777 1.754603e+12 5.676358e+05 2.845702e+05 
88888 1.754603e+12 7.861692e+05 3.387635e+05 
99999 1.754603e+12 9.988230e+05 5.576155e+05 
111110 1.754603e+12 2.209145e+05 4.180659e+05 
122221 1.754603e+12 4.425612e+05 4.499910e+05 
133332 1.754603e+12 6.685610e+05 4.936860e+05 
144443 1.754603e+12 8.742936e+05 6.710849e+05 
155554 1.754603e+12 1.089855e+05 6.184430e+05 
166665 1.754603e+12 3.276722e+05 6.427130e+05 
177776 1.754603e+12 5.470815e+05 6.757571e+05 
188887 1.754603e+12 7.374504e+05 7.541766e+05 
199998 1.754603e+12 9.954466e+05 8.786142e+05 
211109 1.754603e+12 2.375077e+05 8.233035e+05 
222220 1.754603e+12 4.040026e+05 8.683082e+05 
233331 1.754603e+12 5.838986e+05 9.174300e+05 
244442 1.754603e+12 8.157254e+05 9.783430e+05 
0 1.760914e+12 1.055653e+03 8.437902e+02 
11111 1.760914e+12 2.467179e+05 3.748757e+04 
22222 1.760914e+12 4.995556e+05 7.303835e+04 
33333 1.760914e+12 7.380850e+05 1.133737e+05 
44444 1.760914e+12 9.188639e+05 2.694908e+05 
55555 1.760914e+12 1.098859e+05 2.182789e+05 
66666 1.760914e+12 3.378228e+05 2.442372e+05 
77777 1.760914e+12 5.675791e+05 2.845905e+05 
88888 1.760914e+12 7.860973e+05 3.387014e+05 
99999 1.760914e+12 9.988231e+05 5.574419e+05 
111110 1.760914e+12 2.209019e+05 4.181292e+05 
122221 1.760914e+12 4.425519e+05 4.500534e+05 
133332 1.760914e+12 6.685600e+05 4.936865e+05 
144443 1.760914e+12 8.743373e+05 6.709697e+05 
155554 1.760914e+12 1.089960e+05 6.184696e+05 
166665 1.760914e+12 3.276966e+05 6.427772e+05 
177776 1.760914e+12 5.471246e+05 6.757957e+05 
188887 1.760914e+12 7.375287e+05 7.541486e+05 
199998 1.760914e+12 9.954487e+05 8.785618e+05 
211109 1.760914e+12 2.375294e+05 8.233452e+05 
222220 1.760914e+12 4.040643e+05 8.683345e+05 
233331 1.760914e+12 5.839873e+05 9.174320e+05 
244442 1.760914e+12 8.157910e+05 9.783377e+05 
0 1.767226e+12 1.055654e+03 8.437894e+02 
11111 1.767226e+12 2.466951e+05 3.749734e+04 
22222 1.767226e+12 4.994713e+05 7.304580e+04 
33333 1.767226e+12 7.380272e+05 1.133223e+05 
44444 1.767226e+12 9.188096e+05 2.694153e+05 
55555 1.767226e+12 1.098733e+05 2.182965e+05 
66666 1.767226e+12 3.377937e+05 2.442919e+05 
77777 1.767226e+12 5.675223e+05 2.846104e+05 
88888 1.767226e+12 7.860268e+05 3.386335e+05 
99999 1.767226e+12 9.988232e+05 5.572700e+05 
111110 1.767226e+12 2.208891e+05 4.181921e+05 
122221 1.767226e+12 4.425432e+05 4.501150e+05 
133332 1.767226e+12 6.685602e+05 4.936868e+05 
144443 1.767226e+12 8.743804e+05 6.708555e+05 
155554 1.767226e+12 1.090062e+05 6.184963e+05 
166665 1.767226e+12 3.277212e+05 6.428401e+05 
177776 1.767226e+12 5.471677e+05 6.758333e+05 
188887 1.767226e+12 7.376065e+05 7.541230e+05 
199998 1.767226e+12 9.954507e+05 8.785097e+05 
211109 1.767226e+12 2.375509e+05 8.233865e+05 
222220 1.767226e+12 4.041253e+05 8.683606e+05 
233331 1.767226e+12 5.840752e+05 9.174341e+05 
244442 1.767226e+12 8.158560e+05 9.783325e+05 
0 1.773537e+12 1.055655e+03 8.437887e+02 
11111 1.773537e+12 2.466726e+05 3.750699e+04 
22222 1.773537e+12 4.993882e+05 7.305311e+04 
33333 1.773537e+12 7.379701e+05 1.132717e+05 
44444 1.773537e+12 9.187558e+05 2.693406e+05 
55555 1.773537e+12 1.098607e+05 2.183147e+05 
66666 1.773537e+12 3.377649e+05 2.443470e+05 
77777 1.773537e+12 5.674669e+05 2.846303e+05 
88888 1.773537e+12 7.859593e+05 3.385733e+05 
99999 1.773537e+12 9.988232e+05 5.570997e+05 
111110 1.773537e+12 2.208764e+05 4.182540e+05 
122221 1.773537e+12 4.425343e+05 4.501760e+05 
133332 1.773537e+12 6.685598e+05 4.936873e+05 
144443 1.773537e+12 8.744230e+05 6.707424e+05 
155554 1.773537e+12 1.090164e+05 6.185222e+05 
166665 1.773537e+12 3.277449e+05 6.429025e+05 
177776 1.773537e+12 5.472099e+05 6.758708e+05 
188887 1.773537e+12 7.376833e+05 7.540962e+05 
199998 1.773537e+12 9.954528e+05 8.784580e+05 
211109 1.773537e+12 2.375723e+05 8.234274e+05 
222220 1.773537e+12 4.041858e+05 8.683864e+05 
233331 1.773537e+12 5.841623e+05 9.174361e+05 
244442 1.773537e+12 8.159206e+05 9.783274e+05 
0 1.779849e+12 1.055656e+03 8.437880e+02 
11111 1.779849e+12 2.466505e+05 3.751651e+04 
22222 1.779849e+12 4.993062e+05 7.306030e+04 
33333 1.779849e+12 7.379139e+05 1.132216e+05 
44444 1.779849e+12 9.187026e+05 2.692668e+05 
55555 1.779849e+12 1.098484e+05 2.183321e+05 
66666 1.779849e+12 3.377365e+05 2.444012e+05 
77777 1.779849e+12 5.674116e+05 2.846495e+05 
88888 1.779849e+12 7.858884e+05 3.385077e+05 
99999 1.779849e+12 9.988233e+05 5.569311e+05 
111110 1.779849e+12 2.208635e+05 4.183154e+05 
122221 1.779849e+12 4.425255e+05 4.502364e+05 
133332 1.779849e+12 6.685595e+05 4.936878e+05 
144443 1.779849e+12 8.744650e+05 6.706303e+05 
155554 1.779849e+12 1.090261e+05 6.185480e+05 
166665 1.779849e+12 3.277689e+05 6.429646e+05 
177776 1.779849e+12 5.472519e+05 6.759078e+05 
188887 1.779849e+12 7.377627e+05 7.540708e+05 
199998 1.779849e+12 9.954548e+05 8.784066e+05 
211109 1.779849e+12 2.375934e+05 8.234680e+05 
222220 1.779849e+12 4.042458e+05 8.684119e+05 
233331 1.779849e+12 5.842487e+05 9.174382e+05 
244442 1.779849e+12 8.159847e+05 9.783222e+05 
0 1.786160e+12 1.055657e+03 8.437873e+02 
11111 1.786160e+12 2.466286e+05 3.752592e+04 
22222 1.786160e+12 4.992252e+05 7.306741e+04 
33333 1.786160e+12 7.378584e+05 1.131722e+05 
44444 1.786160e+12 9.186499e+05 2.691937e+05 
55555 1.786160e+12 1.098364e+05 2.183493e+05 
66666 1.786160e+12 3.377085e+05 2.444552e+05 
77777 1.786160e+12 5.673570e+05 2.846690e+05 
88888 1.786160e+12 7.858184e+05 3.384449e+05 
99999 1.786160e+12 9.988234e+05 5.567640e+05 
111110 1.786160e+12 2.208504e+05 4.183759e+05 
122221 1.786160e+12 4.425172e+05 4.502957e+05 
133332 1.786160e+12 6.685590e+05 4.936884e+05 
144443 1.786160e+12 8.745064e+05 6.705192e+05 
155554 1.786160e+12 1.090362e+05 6.185737e+05 
166665 1.786160e+12 3.277923e+05 6.430254e+05 
177776 1.786160e+12 5.472925e+05 6.759445e+05 
188887 1.786160e+12 7.378374e+05 7.540438e+05 
199998 1.786160e+12 9.954568e+05 8.783555e+05 
211109 1.786160e+12 2.376144e+05 8.235083e+05 
222220 1.786160e+12 4.043052e+05 8.684371e+05 
233331 1.786160e+12 5.843343e+05 9.174403e+05 
244442 1.786160e+12 8.160484e+05 9.783172e+05 
0 1.792472e+12 1.055658e+03 8.437866e+02 
11111 1.792472e+12 2.466070e+05 3.753521e+04 
22222 1.792472e+12 4.991454e+05 7.307443e+04 
33333 1.792472e+12 7.378037e+05 1.131234e+05 
44444 1.792472e+12 9.185977e+05 2.691215e+05 
55555 1.792472e+12 1.098245e+05 2.183661e+05 
66666 1.792472e+12 3.376807e+05 2.445076e+05 
77777 1.792472e+12 5.673028e+05 2.846881e+05 
88888 1.792472e+12 7.857502e+05 3.383810e+05 
99999 1.792472e+12 9.988235e+05 5.565986e+05 
111110 1.792472e+12 2.208373e+05 4.184361e+05 
122221 1.792472e+12 4.425085e+05 4.503543e+05 
133332 1.792472e+12 6.685584e+05 4.936890e+05 
144443 1.792472e+12 8.745472e+05 6.704092e+05 
155554 1.792472e+12 1.090463e+05 6.185990e+05 
166665 1.792472e+12 3.278151e+05 6.430858e+05 
177776 1.792472e+12 5.473332e+05 6.759802e+05 
188887 1.792472e+12 7.379116e+05 7.540193e+05 
199998 1.792472e+12 9.954587e+05 8.783048e+05 
211109 1.792472e+12 2.376353e+05 8.235482e+05 
222220 1.792472e+12 4.043640e+05 8.684621e+05 
233331 1.792472e+12 5.844191e+05 9.174423e+05 
244442 1.792472e+12 8.161116e+05 9.783121e+05 
0 1.798783e+12 1.055659e+03 8.437859e+02 
11111 1.798783e+12 2.465857e+05 3.754440e+04 
22222 1.798783e+12 4.990664e+05 7.308133e+04 
33333 1.798783e+12 7.377496e+05 1.130751e+05 
44444 1.798783e+12 9.185460e+05 2.690502e+05 
55555 1.798783e+12 1.098128e+05 2.183827e+05 
66666 1.798783e+12 3.376531e+05 2.445598e+05 
77777 1.798783e+12 5.672493e+05 2.847070e+05 
88888 1.798783e+12 7.856838e+05 3.383210e+05 
99999 1.798783e+12 9.988235e+05 5.564347e+05 
111110 1.798783e+12 2.208243e+05 4.184957e+05 
122221 1.798783e+12 4.425003e+05 4.504123e+05 
133332 1.798783e+12 6.685586e+05 4.936899e+05 
144443 1.798783e+12 8.745875e+05 6.703002e+05 
155554 1.798783e+12 1.090570e+05 6.186246e+05 
166665 1.798783e+12 3.278381e+05 6.431454e+05 
177776 1.798783e+12 5.473731e+05 6.760155e+05 
188887 1.798783e+12 7.379837e+05 7.539953e+05 
199998 1.798783e+12 9.954607e+05 8.782544e+05 
211109 1.798783e+12 2.376557e+05 8.235878e+05 
222220 1.798783e+12 4.044222e+05 8.684867e+05 
233331 1.798783e+12 5.845031e+05 9.174444e+05 
244442 1.798783e+12 8.161743e+05 9.783071e+05 
0 1.805095e+12 1.055660e+03 8.437852e+02 
11111 1.805095e+12 2.465647e+05 3.755346e+04 
22222 1.805095e+12 4.989885e+05 7.308816e+04 
33333 1.805095e+12 7.376961e+05 1.130274e+05 
44444 1.805095e+12 9.184948e+05 2.689797e+05 
55555 1.805095e+12 1.098007e+05 2.183989e+05 
66666 1.805095e+12 3.376259e+05 2.446114e+05 
77777 1.805095e+12 5.671959e+05 2.847264e+05 
88888 1.805095e+12 7.856170e+05 3.382616e+05 
99999 1.805095e+12 9.988236e+05 5.562723e+05 
111110 1.805095e+12 2.208114e+05 4.185546e+05 
122221 1.805095e+12 4.424922e+05 4.504702e+05 
133332 1.805095e+12 6.685586e+05 4.936906e+05 
144443 1.805095e+12 8.746272e+05 6.701922e+05 
155554 1.805095e+12 1.090671e+05 6.186492e+05 
166665 1.805095e+12 3.278605e+05 6.432041e+05 
177776 1.805095e+12 5.474131e+05 6.760505e+05 
188887 1.805095e+12 7.380551e+05 7.539719e+05 
199998 1.805095e+12 9.954627e+05 8.782043e+05 
211109 1.805095e+12 2.376760e+05 8.236271e+05 
222220 1.805095e+12 4.044798e+05 8.685109e+05 
233331 1.805095e+12 5.845863e+05 9.174466e+05 
244442 1.805095e+12 8.162366e+05 9.783021e+05 
0 1.811406e+12 1.055661e+03 8.437845e+02 
11111 1.811406e+12 2.465441e+05 3.756241e+04 
22222 1.811406e+12 4.989118e+05 7.309490e+04 
33333 1.811406e+12 7.376435e+05 1.129804e+05 
44444 1.811406e+12 9.184440e+05 2.689100e+05 
55555 1.811406e+12 1.097879e+05 2.184146e+05 
66666 1.811406e+12 3.375994e+05 2.446633e+05 
77777 1.811406e+12 5.671425e+05 2.847463e+05 
88888 1.811406e+12 7.855529e+05 3.382027e+05 
99999 1.811406e+12 9.988237e+05 5.561113e+05 
111110 1.811406e+12 2.207985e+05 4.186126e+05 
122221 1.811406e+12 4.424839e+05 4.505273e+05 
133332 1.811406e+12 6.685581e+05 4.936917e+05 
144443 1.811406e+12 8.746665e+05 6.700850e+05 
155554 1.811406e+12 1.090774e+05 6.186734e+05 
166665 1.811406e+12 3.278828e+05 6.432629e+05 
177776 1.811406e+12 5.474524e+05 6.760851e+05 
188887 1.811406e+12 7.381251e+05 7.539494e+05 
199998 1.811406e+12 9.954646e+05 8.781545e+05 
211109 1.811406e+12 2.376961e+05 8.236661e+05 
222220 1.811406e+12 4.045370e+05 8.685349e+05 
233331 1.811406e+12 5.846688e+05 9.174487e+05 
244442 1.811406e+12 8.162987e+05 9.782972e+05 
0 1.817718e+12 1.055662e+03 8.437838e+02 
11111 1.817718e+12 2.465236e+05 3.757126e+04 
22222 1.817718e+12 4.988359e+05 7.310156e+04 
33333 1.817718e+12 7.375915e+05 1.129338e+05 
44444 1.817718e+12 9.183938e+05 2.688411e+05 
55555 1.817718e+12 1.097764e+05 2.184314e+05 
66666 1.817718e+12 3.375728e+05 2.447149e+05 
77777 1.817718e+12 5.670903e+05 2.847654e+05 
88888 1.817718e+12 7.854888e+05 3.381452e+05 
99999 1.817718e+12 9.988237e+05 5.559518e+05 
111110 1.817718e+12 2.207853e+05 4.186703e+05 
122221 1.817718e+12 4.424755e+05 4.505836e+05 
133332 1.817718e+12 6.685579e+05 4.936929e+05 
144443 1.817718e+12 8.747053e+05 6.699787e+05 
155554 1.817718e+12 1.090872e+05 6.186972e+05 
166665 1.817718e+12 3.279047e+05 6.433211e+05 
177776 1.817718e+12 5.474915e+05 6.761201e+05 
188887 1.817718e+12 7.381952e+05 7.539267e+05 
199998 1.817718e+12 9.954665e+05 8.781050e+05 
211109 1.817718e+12 2.377160e+05 8.237047e+05 
222220 1.817718e+12 4.045936e+05 8.685586e+05 
233331 1.817718e+12 5.847505e+05 9.174509e+05 
244442 1.817718e+12 8.163602e+05 9.782923e+05 
0 1.824029e+12 1.055663e+03 8.437832e+02 
11111 1.824029e+12 2.465035e+05 3.758001e+04 
22222 1.824029e+12 4.987608e+05 7.310809e+04 
33333 1.824029e+12 7.375401e+05 1.128878e+05 
44444 1.824029e+12 9.183442e+05 2.687730e+05 
55555 1.824029e+12 1.097643e+05 2.184480e+05 
66666 1.824029e+12 3.375466e+05 2.447648e+05 
77777 1.824029e+12 5.670382e+05 2.847842e+05 
88888 1.824029e+12 7.854255e+05 3.380849e+05 
99999 1.824029e+12 9.988238e+05 5.557938e+05 
111110 1.824029e+12 2.207724e+05 4.187272e+05 
122221 1.824029e+12 4.424677e+05 4.506397e+05 
133332 1.824029e+12 6.685579e+05 4.936941e+05 
144443 1.824029e+12 8.747437e+05 6.698735e+05 
155554 1.824029e+12 1.090972e+05 6.187213e+05 
166665 1.824029e+12 3.279263e+05 6.433783e+05 
177776 1.824029e+12 5.475299e+05 6.761541e+05 
188887 1.824029e+12 7.382640e+05 7.539053e+05 
199998 1.824029e+12 9.954684e+05 8.780559e+05 
211109 1.824029e+12 2.377356e+05 8.237429e+05 
222220 1.824029e+12 4.046495e+05 8.685819e+05 
233331 1.824029e+12 5.848313e+05 9.174531e+05 
244442 1.824029e+12 8.164213e+05 9.782874e+05 
0 1.830341e+12 1.055664e+03 8.437825e+02 
11111 1.830341e+12 2.464836e+05 3.758865e+04 
22222 1.830341e+12 4.986868e+05 7.311456e+04 
33333 1.830341e+12 7.374893e+05 1.128423e+05 
44444 1.830341e+12 9.182950e+05 2.687059e+05 
55555 1.830341e+12 1.097527e+05 2.184634e+05 
66666 1.830341e+12 3.375207e+05 2.448157e+05 
77777 1.830341e+12 5.669871e+05 2.848030e+05 
88888 1.830341e+12 7.853600e+05 3.380275e+05 
99999 1.830341e+12 9.988239e+05 5.556375e+05 
111110 1.830341e+12 2.207594e+05 4.187836e+05 
122221 1.830341e+12 4.424601e+05 4.506949e+05 
133332 1.830341e+12 6.685575e+05 4.936950e+05 
144443 1.830341e+12 8.747814e+05 6.697694e+05 
155554 1.830341e+12 1.091069e+05 6.187444e+05 
166665 1.830341e+12 3.279476e+05 6.434347e+05 
177776 1.830341e+12 5.475678e+05 6.761880e+05 
188887 1.830341e+12 7.383322e+05 7.538843e+05 
199998 1.830341e+12 9.954703e+05 8.780072e+05 
211109 1.830341e+12 2.377548e+05 8.237807e+05 
222220 1.830341e+12 4.047048e+05 8.686050e+05 
233331 1.830341e+12 5.849113e+05 9.174553e+05 
244442 1.830341e+12 8.164818e+05 9.782826e+05 
0 1.836652e+12 1.055665e+03 8.437819e+02 
11111 1.836652e+12 2.464640e+05 3.759716e+04 
22222 1.836652e+12 4.986138e+05 7.312093e+04 
33333 1.836652e+12 7.374393e+05 1.127975e+05 
44444 1.836652e+12 9.182462e+05 2.686395e+05 
55555 1.836652e+12 1.097419e+05 2.184787e+05 
66666 1.836652e+12 3.374953e+05 2.448651e+05 
77777 1.836652e+12 5.669360e+05 2.848213e+05 
88888 1.836652e+12 7.852973e+05 3.379713e+05 
99999 1.836652e+12 9.988239e+05 5.554826e+05 
111110 1.836652e+12 2.207464e+05 4.188393e+05 
122221 1.836652e+12 4.424525e+05 4.507494e+05 
133332 1.836652e+12 6.685573e+05 4.936959e+05 
144443 1.836652e+12 8.748187e+05 6.696661e+05 
155554 1.836652e+12 1.091173e+05 6.187677e+05 
166665 1.836652e+12 3.279687e+05 6.434905e+05 
177776 1.836652e+12 5.476048e+05 6.762216e+05 
188887 1.836652e+12 7.384004e+05 7.538624e+05 
199998 1.836652e+12 9.954721e+05 8.779589e+05 
211109 1.836652e+12 2.377740e+05 8.238183e+05 
222220 1.836652e+12 4.047597e+05 8.686277e+05 
233331 1.836652e+12 5.849907e+05 9.174575e+05 
244442 1.836652e+12 8.165419e+05 9.782778e+05 
0 1.842964e+12 1.055666e+03 8.437812e+02 
11111 1.842964e+12 2.464448e+05 3.760556e+04 
22222 1.842964e+12 4.985416e+05 7.312722e+04 
33333 1.842964e+12 7.373900e+05 1.127531e+05 
44444 1.842964e+12 9.181980e+05 2.685739e+05 
55555 1.842964e+12 1.097314e+05 2.184937e+05 
66666 1.842964e+12 3.374702e+05 2.449144e+05 
77777 1.842964e+12 5.668854e+05 2.848395e+05 
88888 1.842964e+12 7.852337e+05 3.379152e+05 
99999 1.842964e+12 9.988240e+05 5.553292e+05 
111110 1.842964e+12 2.207331e+05 4.188946e+05 
122221 1.842964e+12 4.424449e+05 4.508034e+05 
133332 1.842964e+12 6.685573e+05 4.936971e+05 
144443 1.842964e+12 8.748555e+05 6.695639e+05 
155554 1.842964e+12 1.091271e+05 6.187907e+05 
166665 1.842964e+12 3.279895e+05 6.435461e+05 
177776 1.842964e+12 5.476414e+05 6.762544e+05 
188887 1.842964e+12 7.384633e+05 7.538429e+05 
199998 1.842964e+12 9.954740e+05 8.779109e+05 
211109 1.842964e+12 2.377929e+05 8.238556e+05 
222220 1.842964e+12 4.048141e+05 8.686502e+05 
233331 1.842964e+12 5.850694e+05 9.174597e+05 
244442 1.842964e+12 8.166015e+05 9.782730e+05 
0 1.849275e+12 1.055667e+03 8.437806e+02 
11111 1.849275e+12 2.464258e+05 3.761386e+04 
22222 1.849275e+12 4.984704e+05 7.313343e+04 
33333 1.849275e+12 7.373412e+05 1.127093e+05 
44444 1.849275e+12 9.181502e+05 2.685091e+05 
55555 1.849275e+12 1.097210e+05 2.185092e+05 
66666 1.849275e+12 3.374455e+05 2.449630e+05 
77777 1.849275e+12 5.668355e+05 2.848570e+05 
88888 1.849275e+12 7.851715e+05 3.378578e+05 
99999 1.849275e+12 9.988240e+05 5.551772e+05 
111110 1.849275e+12 2.207199e+05 4.189487e+05 
122221 1.849275e+12 4.424375e+05 4.508566e+05 
133332 1.849275e+12 6.685568e+05 4.936979e+05 
144443 1.849275e+12 8.748919e+05 6.694626e+05 
155554 1.849275e+12 1.091368e+05 6.188132e+05 
166665 1.849275e+12 3.280102e+05 6.436017e+05 
177776 1.849275e+12 5.476778e+05 6.762869e+05 
188887 1.849275e+12 7.385275e+05 7.538211e+05 
199998 1.849275e+12 9.954758e+05 8.778631e+05 
211109 1.849275e+12 2.378117e+05 8.238925e+05 
222220 1.849275e+12 4.048679e+05 8.686726e+05 
233331 1.849275e+12 5.851475e+05 9.174619e+05 
244442 1.849275e+12 8.166608e+05 9.782683e+05 
0 1.855587e+12 1.055668e+03 8.437799e+02 
11111 1.855587e+12 2.464070e+05 3.762206e+04 
22222 1.855587e+12 4.984001e+05 7.313957e+04 
33333 1.855587e+12 7.372931e+05 1.126658e+05 
44444 1.855587e+12 9.181029e+05 2.684451e+05 
55555 1.855587e+12 1.097103e+05 2.185241e+05 
66666 1.855587e+12 3.374205e+05 2.450098e+05 
77777 1.855587e+12 5.667862e+05 2.848744e+05 
88888 1.855587e+12 7.851108e+05 3.378028e+05 
99999 1.855587e+12 9.988241e+05 5.550267e+05 
111110 1.855587e+12 2.207069e+05 4.190026e+05 
122221 1.855587e+12 4.424301e+05 4.509091e+05 
133332 1.855587e+12 6.685561e+05 4.936987e+05 
144443 1.855587e+12 8.749277e+05 6.693623e+05 
155554 1.855587e+12 1.091464e+05 6.188353e+05 
166665 1.855587e+12 3.280301e+05 6.436558e+05 
177776 1.855587e+12 5.477132e+05 6.763196e+05 
188887 1.855587e+12 7.385946e+05 7.537958e+05 
199998 1.855587e+12 9.954776e+05 8.778157e+05 
211109 1.855587e+12 2.378304e+05 8.239291e+05 
222220 1.855587e+12 4.049214e+05 8.686947e+05 
233331 1.855587e+12 5.852248e+05 9.174641e+05 
244442 1.855587e+12 8.167197e+05 9.782636e+05 
0 1.861898e+12 1.055669e+03 8.437793e+02 
11111 1.861898e+12 2.463886e+05 3.763016e+04 
22222 1.861898e+12 4.983307e+05 7.314564e+04 
33333 1.861898e+12 7.372455e+05 1.126229e+05 
44444 1.861898e+12 9.180561e+05 2.683818e+05 
55555 1.861898e+12 1.096997e+05 2.185392e+05 
66666 1.861898e+12 3.373962e+05 2.450566e+05 
77777 1.861898e+12 5.667378e+05 2.848915e+05 
88888 1.861898e+12 7.850505e+05 3.377492e+05 
99999 1.861898e+12 9.988241e+05 5.548775e+05 
111110 1.861898e+12 2.206935e+05 4.190557e+05 
122221 1.861898e+12 4.424229e+05 4.509610e+05 
133332 1.861898e+12 6.685552e+05 4.936998e+05 
144443 1.861898e+12 8.749631e+05 6.692629e+05 
155554 1.861898e+12 1.091556e+05 6.188575e+05 
166665 1.861898e+12 3.280500e+05 6.437092e+05 
177776 1.861898e+12 5.477483e+05 6.763515e+05 
188887 1.861898e+12 7.386579e+05 7.537756e+05 
199998 1.861898e+12 9.954795e+05 8.777685e+05 
211109 1.861898e+12 2.378489e+05 8.239653e+05 
222220 1.861898e+12 4.049742e+05 8.687165e+05 
233331 1.861898e+12 5.853014e+05 9.174663e+05 
244442 1.861898e+12 8.167782e+05 9.782590e+05 
0 1.868210e+12 1.055669e+03 8.437787e+02 
11111 1.868210e+12 2.463704e+05 3.763814e+04 
22222 1.868210e+12 4.982622e+05 7.315162e+04 
33333 1.868210e+12 7.371986e+05 1.125805e+05 
44444 1.868210e+12 9.180098e+05 2.683192e+05 
55555 1.868210e+12 1.096890e+05 2.185538e+05 
66666 1.868210e+12 3.373724e+05 2.451033e+05 
77777 1.868210e+12 5.666894e+05 2.849094e+05 
88888 1.868210e+12 7.849907e+05 3.376945e+05 
99999 1.868210e+12 9.988242e+05 5.547296e+05 
111110 1.868210e+12 2.206802e+05 4.191081e+05 
122221 1.868210e+12 4.424156e+05 4.510125e+05 
133332 1.868210e+12 6.685546e+05 4.937014e+05 
144443 1.868210e+12 8.749980e+05 6.691643e+05 
155554 1.868210e+12 1.091655e+05 6.188794e+05 
166665 1.868210e+12 3.280697e+05 6.437626e+05 
177776 1.868210e+12 5.477833e+05 6.763838e+05 
188887 1.868210e+12 7.387204e+05 7.537551e+05 
199998 1.868210e+12 9.954812e+05 8.777217e+05 
211109 1.868210e+12 2.378673e+05 8.240011e+05 
222220 1.868210e+12 4.050266e+05 8.687382e+05 
233331 1.868210e+12 5.853773e+05 9.174685e+05 
244442 1.868210e+12 8.168362e+05 9.782544e+05 
0 1.874521e+12 1.055670e+03 8.437781e+02 
11111 1.874521e+12 2.463525e+05 3.764603e+04 
22222 1.874521e+12 4.981945e+05 7.315750e+04 
33333 1.874521e+12 7.371523e+05 1.125387e+05 
44444 1.874521e+12 9.179638e+05 2.682573e+05 
55555 1.874521e+12 1.096788e+05 2.185683e+05 
66666 1.874521e+12 3.373490e+05 2.451498e+05 
77777 1.874521e+12 5.666408e+05 2.849271e+05 
88888 1.874521e+12 7.849303e+05 3.376401e+05 
99999 1.874521e+12 9.988242e+05 5.545830e+05 
111110 1.874521e+12 2.206671e+05 4.191603e+05 
122221 1.874521e+12 4.424087e+05 4.510639e+05 
133332 1.874521e+12 6.685543e+05 4.937026e+05 
144443 1.874521e+12 8.750325e+05 6.690665e+05 
155554 1.874521e+12 1.091751e+05 6.189009e+05 
166665 1.874521e+12 3.280889e+05 6.438153e+05 
177776 1.874521e+12 5.478185e+05 6.764152e+05 
188887 1.874521e+12 7.387834e+05 7.537347e+05 
199998 1.874521e+12 9.954830e+05 8.776751e+05 
211109 1.874521e+12 2.378855e+05 8.240367e+05 
222220 1.874521e+12 4.050786e+05 8.687597e+05 
233331 1.874521e+12 5.854526e+05 9.174707e+05 
244442 1.874521e+12 8.168940e+05 9.782498e+05 
0 1.880833e+12 1.055671e+03 8.437775e+02 
11111 1.880833e+12 2.463348e+05 3.765382e+04 
22222 1.880833e+12 4.981277e+05 7.316332e+04 
33333 1.880833e+12 7.371065e+05 1.124973e+05 
44444 1.880833e+12 9.179183e+05 2.681961e+05 
55555 1.880833e+12 1.096686e+05 2.185826e+05 
66666 1.880833e+12 3.373256e+05 2.451953e+05 
77777 1.880833e+12 5.665930e+05 2.849445e+05 
88888 1.880833e+12 7.848710e+05 3.375854e+05 
99999 1.880833e+12 9.988243e+05 5.544376e+05 
111110 1.880833e+12 2.206535e+05 4.192119e+05 
122221 1.880833e+12 4.424016e+05 4.511147e+05 
133332 1.880833e+12 6.685539e+05 4.937037e+05 
144443 1.880833e+12 8.750665e+05 6.689695e+05 
155554 1.880833e+12 1.091845e+05 6.189225e+05 
166665 1.880833e+12 3.281079e+05 6.438673e+05 
177776 1.880833e+12 5.478529e+05 6.764466e+05 
188887 1.880833e+12 7.388461e+05 7.537184e+05 
199998 1.880833e+12 9.954848e+05 8.776287e+05 
211109 1.880833e+12 2.379036e+05 8.240720e+05 
222220 1.880833e+12 4.051301e+05 8.687809e+05 
233331 1.880833e+12 5.855273e+05 9.174729e+05 
244442 1.880833e+12 8.169514e+05 9.782452e+05 
0 1.887144e+12 1.055672e+03 8.437769e+02 
11111 1.887144e+12 2.463175e+05 3.766151e+04 
22222 1.887144e+12 4.980617e+05 7.316910e+04 
33333 1.887144e+12 7.370613e+05 1.124565e+05 
44444 1.887144e+12 9.178732e+05 2.681357e+05 
55555 1.887144e+12 1.096583e+05 2.185974e+05 
66666 1.887144e+12 3.373012e+05 2.452391e+05 
77777 1.887144e+12 5.665449e+05 2.849620e+05 
88888 1.887144e+12 7.848132e+05 3.375314e+05 
99999 1.887144e+12 9.988243e+05 5.542937e+05 
111110 1.887144e+12 2.206401e+05 4.192633e+05 
122221 1.887144e+12 4.423947e+05 4.511647e+05 
133332 1.887144e+12 6.685538e+05 4.937050e+05 
144443 1.887144e+12 8.751001e+05 6.688733e+05 
155554 1.887144e+12 1.091938e+05 6.189435e+05 
166665 1.887144e+12 3.281267e+05 6.439187e+05 
177776 1.887144e+12 5.478868e+05 6.764774e+05 
188887 1.887144e+12 7.389052e+05 7.536980e+05 
199998 1.887144e+12 9.954865e+05 8.775826e+05 
211109 1.887144e+12 2.379214e+05 8.241070e+05 
222220 1.887144e+12 4.051811e+05 8.688019e+05 
233331 1.887144e+12 5.856012e+05 9.174751e+05 
244442 1.887144e+12 8.170084e+05 9.782407e+05 
0 1.893456e+12 1.055673e+03 8.437762e+02 
11111 1.893456e+12 2.463004e+05 3.766910e+04 
22222 1.893456e+12 4.979965e+05 7.317479e+04 
33333 1.893456e+12 7.370167e+05 1.124162e+05 
44444 1.893456e+12 9.178286e+05 2.680760e+05 
55555 1.893456e+12 1.096481e+05 2.186115e+05 
66666 1.893456e+12 3.372785e+05 2.452838e+05 
77777 1.893456e+12 5.664977e+05 2.849793e+05 
88888 1.893456e+12 7.847543e+05 3.374825e+05 
99999 1.893456e+12 9.988244e+05 5.541510e+05 
111110 1.893456e+12 2.206267e+05 4.193138e+05 
122221 1.893456e+12 4.423877e+05 4.512144e+05 
133332 1.893456e+12 6.685536e+05 4.937064e+05 
144443 1.893456e+12 8.751332e+05 6.687780e+05 
155554 1.893456e+12 1.092030e+05 6.189643e+05 
166665 1.893456e+12 3.281450e+05 6.439696e+05 
177776 1.893456e+12 5.479206e+05 6.765077e+05 
188887 1.893456e+12 7.389587e+05 7.536775e+05 
199998 1.893456e+12 9.954883e+05 8.775368e+05 
211109 1.893456e+12 2.379391e+05 8.241416e+05 
222220 1.893456e+12 4.052317e+05 8.688226e+05 
233331 1.893456e+12 5.856745e+05 9.174773e+05 
244442 1.893456e+12 8.170650e+05 9.782362e+05 
0 1.899768e+12 1.055674e+03 8.437756e+02 
11111 1.899768e+12 2.462835e+05 3.767659e+04 
22222 1.899768e+12 4.979321e+05 7.318042e+04 
33333 1.899768e+12 7.369726e+05 1.123763e+05 
44444 1.899768e+12 9.177844e+05 2.680169e+05 
55555 1.899768e+12 1.096382e+05 2.186256e+05 
66666 1.899768e+12 3.372560e+05 2.453282e+05 
77777 1.899768e+12 5.664522e+05 2.849962e+05 
88888 1.899768e+12 7.846962e+05 3.374319e+05 
99999 1.899768e+12 9.988244e+05 5.540096e+05 
111110 1.899768e+12 2.206131e+05 4.193636e+05 
122221 1.899768e+12 4.423812e+05 4.512629e+05 
133332 1.899768e+12 6.685526e+05 4.937075e+05 
144443 1.899768e+12 8.751660e+05 6.686836e+05 
155554 1.899768e+12 1.092123e+05 6.189847e+05 
166665 1.899768e+12 3.281630e+05 6.440189e+05 
177776 1.899768e+12 5.479532e+05 6.765375e+05 
188887 1.899768e+12 7.390157e+05 7.536585e+05 
199998 1.899768e+12 9.954900e+05 8.774914e+05 
211109 1.899768e+12 2.379566e+05 8.241758e+05 
222220 1.899768e+12 4.052816e+05 8.688430e+05 
233331 1.899768e+12 5.857470e+05 9.174795e+05 
244442 1.899768e+12 8.171212e+05 9.782317e+05 
