0 0.000000e+00 6.573310e+02 1.270936e+03 
11111 0.000000e+00 2.233347e+05 4.310002e+04 
22222 0.000000e+00 4.451189e+05 8.494671e+04 
33333 0.000000e+00 6.672667e+05 1.271274e+05 
44444 0.000000e+00 8.889298e+05 1.692217e+05 
55555 0.000000e+00 1.108439e+05 2.309280e+05 
66666 0.000000e+00 3.333223e+05 2.731319e+05 
77777 0.000000e+00 5.550676e+05 3.151556e+05 
88888 0.000000e+00 7.773381e+05 3.572465e+05 
99999 0.000000e+00 9.989651e+05 3.987069e+05 
111110 0.000000e+00 2.207468e+05 4.433888e+05 
122221 0.000000e+00 4.433778e+05 4.846135e+05 
133332 0.000000e+00 6.652363e+05 5.272757e+05 
144443 0.000000e+00 8.869128e+05 5.688260e+05 
155554 0.000000e+00 1.089184e+05 6.310141e+05 
166665 0.000000e+00 3.307954e+05 6.733333e+05 
177776 0.000000e+00 5.528194e+05 7.146710e+05 
188887 0.000000e+00 7.753331e+05 7.566076e+05 
199998 0.000000e+00 9.970808e+05 7.986099e+05 
211109 0.000000e+00 2.387284e+05 8.409329e+05 
222220 0.000000e+00 4.407688e+05 8.847877e+05 
233331 0.000000e+00 6.631201e+05 9.270124e+05 
244442 0.000000e+00 8.849814e+05 9.688184e+05 
0 6.311520e+09 6.573412e+02 1.270903e+03 
11111 6.311520e+09 2.240493e+05 4.289465e+04 
22222 6.311520e+09 4.468968e+05 8.452829e+04 
33333 6.311520e+09 6.699116e+05 1.267421e+05 
44444 6.311520e+09 8.904223e+05 1.715071e+05 
55555 6.311520e+09 1.110397e+05 2.300841e+05 
66666 6.311520e+09 3.343670e+05 2.718315e+05 
77777 6.311520e+09 5.573155e+05 3.136441e+05 
88888 6.311520e+09 7.790807e+05 3.595626e+05 
99999 6.311520e+09 9.989711e+05 4.036920e+05 
111110 6.311520e+09 2.208636e+05 4.416313e+05 
122221 6.311520e+09 4.435336e+05 4.823640e+05 
133332 6.311520e+09 6.647890e+05 5.263890e+05 
144443 6.311520e+09 8.864594e+05 5.735955e+05 
155554 6.311520e+09 1.088956e+05 6.298825e+05 
166665 6.311520e+09 3.299476e+05 6.717458e+05 
177776 6.311520e+09 5.504443e+05 7.133439e+05 
188887 6.311520e+09 7.724906e+05 7.575461e+05 
199998 6.311520e+09 9.970428e+05 8.016401e+05 
211109 6.311520e+09 2.378880e+05 8.401984e+05 
222220 6.311520e+09 4.390259e+05 8.842287e+05 
233331 6.311520e+09 6.603599e+05 9.267863e+05 
244442 6.311520e+09 8.832351e+05 9.692350e+05 
0 1.262304e+10 6.573513e+02 1.270870e+03 
11111 1.262304e+10 2.247523e+05 4.268932e+04 
22222 1.262304e+10 4.486878e+05 8.410919e+04 
33333 1.262304e+10 6.725290e+05 1.264624e+05 
44444 1.262304e+10 8.918359e+05 1.737115e+05 
55555 1.262304e+10 1.112337e+05 2.292680e+05 
66666 1.262304e+10 3.353903e+05 2.705225e+05 
77777 1.262304e+10 5.593446e+05 3.122892e+05 
88888 1.262304e+10 7.806050e+05 3.617643e+05 
99999 1.262304e+10 9.989763e+05 4.084446e+05 
111110 1.262304e+10 2.209961e+05 4.399046e+05 
122221 1.262304e+10 4.437151e+05 4.802714e+05 
133332 1.262304e+10 6.644606e+05 5.257306e+05 
144443 1.262304e+10 8.860262e+05 5.780110e+05 
155554 1.262304e+10 1.088684e+05 6.287574e+05 
166665 1.262304e+10 3.291547e+05 6.701588e+05 
177776 1.262304e+10 5.482948e+05 7.120869e+05 
188887 1.262304e+10 7.699642e+05 7.587036e+05 
199998 1.262304e+10 9.970054e+05 8.044987e+05 
211109 1.262304e+10 2.370634e+05 8.394422e+05 
222220 1.262304e+10 4.372644e+05 8.836550e+05 
233331 1.262304e+10 6.576345e+05 9.266104e+05 
244442 1.262304e+10 8.815596e+05 9.696221e+05 
0 1.893456e+10 6.573612e+02 1.270839e+03 
11111 1.893456e+10 2.254430e+05 4.248501e+04 
22222 1.893456e+10 4.504812e+05 8.369225e+04 
33333 1.893456e+10 6.751102e+05 1.262651e+05 
44444 1.893456e+10 8.931829e+05 1.758513e+05 
55555 1.893456e+10 1.114226e+05 2.284797e+05 
66666 1.893456e+10 3.363870e+05 2.692155e+05 
77777 1.893456e+10 5.611889e+05 3.110565e+05 
88888 1.893456e+10 7.819617e+05 3.638514e+05 
99999 1.893456e+10 9.989808e+05 4.130137e+05 
111110 1.893456e+10 2.211330e+05 4.382208e+05 
122221 1.893456e+10 4.438978e+05 4.783132e+05 
133332 1.893456e+10 6.641795e+05 5.252168e+05 
144443 1.893456e+10 8.856044e+05 5.821456e+05 
155554 1.893456e+10 1.088404e+05 6.276608e+05 
166665 1.893456e+10 3.284080e+05 6.685805e+05 
177776 1.893456e+10 5.463575e+05 7.109130e+05 
188887 1.893456e+10 7.676740e+05 7.598116e+05 
199998 1.893456e+10 9.969685e+05 8.072009e+05 
211109 1.893456e+10 2.362747e+05 8.386787e+05 
222220 1.893456e+10 4.355171e+05 8.830716e+05 
233331 1.893456e+10 6.549647e+05 9.264687e+05 
244442 1.893456e+10 8.799483e+05 9.699837e+05 
0 2.524608e+10 6.573710e+02 1.270808e+03 
11111 2.524608e+10 2.261166e+05 4.228379e+04 
22222 2.524608e+10 4.522641e+05 8.327981e+04 
33333 2.524608e+10 6.776406e+05 1.261299e+05 
44444 2.524608e+10 8.944725e+05 1.779370e+05 
55555 2.524608e+10 1.116062e+05 2.277259e+05 
66666 2.524608e+10 3.373582e+05 2.679166e+05 
77777 2.524608e+10 5.628916e+05 3.099211e+05 
88888 2.524608e+10 7.831977e+05 3.658069e+05 
99999 2.524608e+10 9.989848e+05 4.174431e+05 
111110 2.524608e+10 2.212727e+05 4.365831e+05 
122221 2.524608e+10 4.440857e+05 4.764596e+05 
133332 2.524608e+10 6.639399e+05 5.248004e+05 
144443 2.524608e+10 8.851882e+05 5.860669e+05 
155554 2.524608e+10 1.088008e+05 6.266016e+05 
166665 2.524608e+10 3.277071e+05 6.670175e+05 
177776 2.524608e+10 5.445780e+05 7.097778e+05 
188887 2.524608e+10 7.655437e+05 7.608801e+05 
199998 2.524608e+10 9.969319e+05 8.097754e+05 
211109 2.524608e+10 2.355207e+05 8.379125e+05 
222220 2.524608e+10 4.337951e+05 8.824814e+05 
233331 2.524608e+10 6.523474e+05 9.263493e+05 
244442 2.524608e+10 8.783835e+05 9.703250e+05 
0 3.155760e+10 6.573804e+02 1.270779e+03 
11111 3.155760e+10 2.267724e+05 4.208488e+04 
22222 3.155760e+10 4.540369e+05 8.286949e+04 
33333 3.155760e+10 6.801247e+05 1.260496e+05 
44444 3.155760e+10 8.957133e+05 1.799816e+05 
55555 3.155760e+10 1.117825e+05 2.270084e+05 
66666 3.155760e+10 3.382999e+05 2.666275e+05 
77777 3.155760e+10 5.644737e+05 3.088611e+05 
88888 3.155760e+10 7.843332e+05 3.676410e+05 
99999 3.155760e+10 9.989885e+05 4.217636e+05 
111110 3.155760e+10 2.214152e+05 4.349906e+05 
122221 3.155760e+10 4.442706e+05 4.746867e+05 
133332 3.155760e+10 6.637259e+05 5.244454e+05 
144443 3.155760e+10 8.847687e+05 5.898148e+05 
155554 3.155760e+10 1.087554e+05 6.255823e+05 
166665 3.155760e+10 3.270415e+05 6.654742e+05 
177776 3.155760e+10 5.429231e+05 7.086874e+05 
188887 3.155760e+10 7.635240e+05 7.619019e+05 
199998 3.155760e+10 9.968955e+05 8.122367e+05 
211109 3.155760e+10 2.348054e+05 8.371529e+05 
222220 3.155760e+10 4.321119e+05 8.818900e+05 
233331 3.155760e+10 6.497932e+05 9.262438e+05 
244442 3.155760e+10 8.768584e+05 9.706484e+05 
0 3.786912e+10 6.573897e+02 1.270751e+03 
11111 3.786912e+10 2.274119e+05 4.189002e+04 
22222 3.786912e+10 4.557897e+05 8.246548e+04 
33333 3.786912e+10 6.825546e+05 1.260108e+05 
44444 3.786912e+10 8.969099e+05 1.819887e+05 
55555 3.786912e+10 1.119537e+05 2.263182e+05 
66666 3.786912e+10 3.392167e+05 2.653551e+05 
77777 3.786912e+10 5.659647e+05 3.078608e+05 
88888 3.786912e+10 7.853924e+05 3.693667e+05 
99999 3.786912e+10 9.989918e+05 4.259927e+05 
111110 3.786912e+10 2.215612e+05 4.334432e+05 
122221 3.786912e+10 4.444582e+05 4.729820e+05 
133332 3.786912e+10 6.635418e+05 5.241378e+05 
144443 3.786912e+10 8.843447e+05 5.934188e+05 
155554 3.786912e+10 1.087015e+05 6.246036e+05 
166665 3.786912e+10 3.264101e+05 6.639514e+05 
177776 3.786912e+10 5.413832e+05 7.076184e+05 
188887 3.786912e+10 7.615892e+05 7.629068e+05 
199998 3.786912e+10 9.968595e+05 8.146028e+05 
211109 3.786912e+10 2.341260e+05 8.363968e+05 
222220 3.786912e+10 4.304642e+05 8.812952e+05 
233331 3.786912e+10 6.472904e+05 9.261496e+05 
244442 3.786912e+10 8.753635e+05 9.709566e+05 
0 4.418064e+10 6.573986e+02 1.270725e+03 
11111 4.418064e+10 2.280334e+05 4.169801e+04 
22222 4.418064e+10 4.575297e+05 8.206471e+04 
33333 4.418064e+10 6.849369e+05 1.260107e+05 
44444 4.418064e+10 8.980674e+05 1.839670e+05 
55555 4.418064e+10 1.121167e+05 2.256650e+05 
66666 4.418064e+10 3.401086e+05 2.640947e+05 
77777 4.418064e+10 5.673719e+05 3.069120e+05 
88888 4.418064e+10 7.863864e+05 3.709942e+05 
99999 4.418064e+10 9.989949e+05 4.301450e+05 
111110 4.418064e+10 2.217104e+05 4.319405e+05 
122221 4.418064e+10 4.446454e+05 4.713353e+05 
133332 4.418064e+10 6.633775e+05 5.238597e+05 
144443 4.418064e+10 8.839137e+05 5.968972e+05 
155554 4.418064e+10 1.086434e+05 6.236618e+05 
166665 4.418064e+10 3.258070e+05 6.624469e+05 
177776 4.418064e+10 5.399344e+05 7.065806e+05 
188887 4.418064e+10 7.597191e+05 7.638888e+05 
199998 4.418064e+10 9.968236e+05 8.168821e+05 
211109 4.418064e+10 2.334791e+05 8.356495e+05 
222220 4.418064e+10 4.288554e+05 8.807015e+05 
233331 4.418064e+10 6.448415e+05 9.260628e+05 
244442 4.418064e+10 8.738965e+05 9.712509e+05 
0 5.049216e+10 6.574074e+02 1.270699e+03 
11111 5.049216e+10 2.286404e+05 4.150973e+04 
22222 5.049216e+10 4.592481e+05 8.167060e+04 
33333 5.049216e+10 6.872674e+05 1.260414e+05 
44444 5.049216e+10 8.991883e+05 1.859177e+05 
55555 5.049216e+10 1.122739e+05 2.250388e+05 
66666 5.049216e+10 3.409756e+05 2.628545e+05 
77777 5.049216e+10 5.687129e+05 3.060051e+05 
88888 5.049216e+10 7.873266e+05 3.725254e+05 
99999 5.049216e+10 9.989976e+05 4.342283e+05 
111110 5.049216e+10 2.218611e+05 4.304818e+05 
122221 5.049216e+10 4.448361e+05 4.697396e+05 
133332 5.049216e+10 6.632329e+05 5.236061e+05 
144443 5.049216e+10 8.834765e+05 6.002649e+05 
155554 5.049216e+10 1.085801e+05 6.227561e+05 
166665 5.049216e+10 3.252344e+05 6.609654e+05 
177776 5.049216e+10 5.385759e+05 7.055632e+05 
188887 5.049216e+10 7.578976e+05 7.648498e+05 
199998 5.049216e+10 9.967878e+05 8.190844e+05 
211109 5.049216e+10 2.328643e+05 8.349076e+05 
222220 5.049216e+10 4.272809e+05 8.801062e+05 
233331 5.049216e+10 6.424390e+05 9.259825e+05 
244442 5.049216e+10 8.724526e+05 9.715329e+05 
0 5.680368e+10 6.574158e+02 1.270674e+03 
11111 5.680368e+10 2.292312e+05 4.132468e+04 
22222 5.680368e+10 4.609501e+05 8.128131e+04 
33333 5.680368e+10 6.895501e+05 1.261002e+05 
44444 5.680368e+10 9.002764e+05 1.878461e+05 
55555 5.680368e+10 1.124254e+05 2.244413e+05 
66666 5.680368e+10 3.418194e+05 2.616294e+05 
77777 5.680368e+10 5.699911e+05 3.051401e+05 
88888 5.680368e+10 7.882192e+05 3.739720e+05 
99999 5.680368e+10 9.990002e+05 4.382506e+05 
111110 5.680368e+10 2.220147e+05 4.290632e+05 
122221 5.680368e+10 4.450211e+05 4.681901e+05 
133332 5.680368e+10 6.631059e+05 5.233668e+05 
144443 5.680368e+10 8.830319e+05 6.035327e+05 
155554 5.680368e+10 1.085131e+05 6.218829e+05 
166665 5.680368e+10 3.246892e+05 6.595061e+05 
177776 5.680368e+10 5.372900e+05 7.045633e+05 
188887 5.680368e+10 7.560854e+05 7.657435e+05 
199998 5.680368e+10 9.967521e+05 8.212149e+05 
211109 5.680368e+10 2.322779e+05 8.341750e+05 
222220 5.680368e+10 4.257441e+05 8.795136e+05 
233331 5.680368e+10 6.400847e+05 9.259056e+05 
244442 5.680368e+10 8.710303e+05 9.718034e+05 
0 6.311520e+10 6.574241e+02 1.270650e+03 
11111 6.311520e+10 2.298078e+05 4.114312e+04 
22222 6.311520e+10 4.626320e+05 8.089815e+04 
33333 6.311520e+10 6.917846e+05 1.261822e+05 
44444 6.311520e+10 9.013339e+05 1.897545e+05 
55555 6.311520e+10 1.125691e+05 2.238724e+05 
66666 6.311520e+10 3.426400e+05 2.604252e+05 
77777 6.311520e+10 5.712163e+05 3.043059e+05 
88888 6.311520e+10 7.890751e+05 3.753399e+05 
99999 6.311520e+10 9.990025e+05 4.422177e+05 
111110 6.311520e+10 2.221717e+05 4.276814e+05 
122221 6.311520e+10 4.452105e+05 4.666830e+05 
133332 6.311520e+10 6.629947e+05 5.231395e+05 
144443 6.311520e+10 8.825806e+05 6.067113e+05 
155554 6.311520e+10 1.084448e+05 6.210421e+05 
166665 6.311520e+10 3.241698e+05 6.580685e+05 
177776 6.311520e+10 5.360726e+05 7.035742e+05 
188887 6.311520e+10 7.542810e+05 7.665802e+05 
199998 6.311520e+10 9.967165e+05 8.232809e+05 
211109 6.311520e+10 2.317193e+05 8.334502e+05 
222220 6.311520e+10 4.242412e+05 8.789210e+05 
233331 6.311520e+10 6.377718e+05 9.258317e+05 
244442 6.311520e+10 8.696257e+05 9.720638e+05 
0 6.942672e+10 6.574321e+02 1.270627e+03 
11111 6.942672e+10 2.303702e+05 4.096505e+04 
22222 6.942672e+10 4.642957e+05 8.052038e+04 
33333 6.942672e+10 6.939737e+05 1.262860e+05 
44444 6.942672e+10 9.023633e+05 1.916456e+05 
55555 6.942672e+10 1.127071e+05 2.233281e+05 
66666 6.942672e+10 3.434386e+05 2.592402e+05 
77777 6.942672e+10 5.723918e+05 3.035030e+05 
88888 6.942672e+10 7.898975e+05 3.766363e+05 
99999 6.942672e+10 9.990047e+05 4.461344e+05 
111110 6.942672e+10 2.223297e+05 4.263382e+05 
122221 6.942672e+10 4.454049e+05 4.652164e+05 
133332 6.942672e+10 6.629011e+05 5.229169e+05 
144443 6.942672e+10 8.821223e+05 6.098083e+05 
155554 6.942672e+10 1.083753e+05 6.202307e+05 
166665 6.942672e+10 3.236740e+05 6.566495e+05 
177776 6.942672e+10 5.349171e+05 7.025977e+05 
188887 6.942672e+10 7.525014e+05 7.673538e+05 
199998 6.942672e+10 9.966809e+05 8.252864e+05 
211109 6.942672e+10 2.311847e+05 8.327341e+05 
222220 6.942672e+10 4.227721e+05 8.783312e+05 
233331 6.942672e+10 6.355000e+05 9.257591e+05 
244442 6.942672e+10 8.682377e+05 9.723147e+05 
0 7.573824e+10 6.574399e+02 1.270605e+03 
11111 7.573824e+10 2.309204e+05 4.079005e+04 
22222 7.573824e+10 4.659408e+05 8.014892e+04 
33333 7.573824e+10 6.961181e+05 1.264085e+05 
44444 7.573824e+10 9.033664e+05 1.935206e+05 
55555 7.573824e+10 1.128379e+05 2.228062e+05 
66666 7.573824e+10 3.442163e+05 2.580752e+05 
77777 7.573824e+10 5.735248e+05 3.027286e+05 
88888 7.573824e+10 7.906925e+05 3.778688e+05 
99999 7.573824e+10 9.990066e+05 4.500023e+05 
111110 7.573824e+10 2.224876e+05 4.250311e+05 
122221 7.573824e+10 4.456040e+05 4.637863e+05 
133332 7.573824e+10 6.628190e+05 5.227009e+05 
144443 7.573824e+10 8.816575e+05 6.128279e+05 
155554 7.573824e+10 1.083043e+05 6.194460e+05 
166665 7.573824e+10 3.231983e+05 6.552506e+05 
177776 7.573824e+10 5.338161e+05 7.016343e+05 
188887 7.573824e+10 7.507581e+05 7.680682e+05 
199998 7.573824e+10 9.966454e+05 8.272342e+05 
211109 7.573824e+10 2.306745e+05 8.320270e+05 
222220 7.573824e+10 4.213367e+05 8.777437e+05 
233331 7.573824e+10 6.332677e+05 9.256867e+05 
244442 7.573824e+10 8.668665e+05 9.725567e+05 
0 8.204976e+10 6.574476e+02 1.270584e+03 
11111 8.204976e+10 2.314585e+05 4.061811e+04 
22222 8.204976e+10 4.675687e+05 7.978306e+04 
33333 8.204976e+10 6.982208e+05 1.265491e+05 
44444 8.204976e+10 9.043466e+05 1.953796e+05 
55555 8.204976e+10 1.129625e+05 2.223056e+05 
66666 8.204976e+10 3.449752e+05 2.569280e+05 
77777 8.204976e+10 5.746164e+05 3.019795e+05 
88888 8.204976e+10 7.914638e+05 3.790408e+05 
99999 8.204976e+10 9.990084e+05 4.538233e+05 
111110 8.204976e+10 2.226482e+05 4.237596e+05 
122221 8.204976e+10 4.458004e+05 4.623907e+05 
133332 8.204976e+10 6.627494e+05 5.224864e+05 
144443 8.204976e+10 8.811869e+05 6.157755e+05 
155554 8.204976e+10 1.082319e+05 6.186855e+05 
166665 8.204976e+10 3.227426e+05 6.538750e+05 
177776 8.204976e+10 5.327713e+05 7.006793e+05 
188887 8.204976e+10 7.490427e+05 7.687414e+05 
199998 8.204976e+10 9.966099e+05 8.291267e+05 
211109 8.204976e+10 2.301864e+05 8.313290e+05 
222220 8.204976e+10 4.199339e+05 8.771587e+05 
233331 8.204976e+10 6.310735e+05 9.256143e+05 
244442 8.204976e+10 8.655104e+05 9.727906e+05 
0 8.836128e+10 6.574550e+02 1.270563e+03 
11111 8.836128e+10 2.319849e+05 4.044914e+04 
22222 8.836128e+10 4.691806e+05 7.942256e+04 
33333 8.836128e+10 7.002832e+05 1.267067e+05 
44444 8.836128e+10 9.053047e+05 1.972232e+05 
55555 8.836128e+10 1.130798e+05 2.218266e+05 
66666 8.836128e+10 3.457156e+05 2.557958e+05 
77777 8.836128e+10 5.756694e+05 3.012566e+05 
88888 8.836128e+10 7.922157e+05 3.801536e+05 
99999 8.836128e+10 9.990099e+05 4.576003e+05 
111110 8.836128e+10 2.228095e+05 4.225237e+05 
122221 8.836128e+10 4.459922e+05 4.610284e+05 
133332 8.836128e+10 6.626911e+05 5.222728e+05 
144443 8.836128e+10 8.807090e+05 6.186554e+05 
155554 8.836128e+10 1.081586e+05 6.179475e+05 
166665 8.836128e+10 3.223049e+05 6.525203e+05 
177776 8.836128e+10 5.317733e+05 6.997377e+05 
188887 8.836128e+10 7.473448e+05 7.693861e+05 
199998 8.836128e+10 9.965745e+05 8.309668e+05 
211109 8.836128e+10 2.297192e+05 8.306409e+05 
222220 8.836128e+10 4.185649e+05 8.765778e+05 
233331 8.836128e+10 6.289181e+05 9.255407e+05 
244442 8.836128e+10 8.641679e+05 9.730168e+05 
0 9.467280e+10 6.574623e+02 1.270543e+03 
11111 9.467280e+10 2.325017e+05 4.028306e+04 
22222 9.467280e+10 4.707754e+05 7.906811e+04 
33333 9.467280e+10 7.023067e+05 1.268784e+05 
44444 9.467280e+10 9.062417e+05 1.990536e+05 
55555 9.467280e+10 1.131920e+05 2.213646e+05 
66666 9.467280e+10 3.464384e+05 2.546851e+05 
77777 9.467280e+10 5.766868e+05 3.005558e+05 
88888 9.467280e+10 7.929554e+05 3.812166e+05 
99999 9.467280e+10 9.990113e+05 4.613365e+05 
111110 9.467280e+10 2.229702e+05 4.213183e+05 
122221 9.467280e+10 4.461906e+05 4.597021e+05 
133332 9.467280e+10 6.626432e+05 5.220594e+05 
144443 9.467280e+10 8.802237e+05 6.214729e+05 
155554 9.467280e+10 1.080851e+05 6.172303e+05 
166665 9.467280e+10 3.218870e+05 6.511851e+05 
177776 9.467280e+10 5.308196e+05 6.988041e+05 
188887 9.467280e+10 7.456689e+05 7.700100e+05 
199998 9.467280e+10 9.965392e+05 8.327591e+05 
211109 9.467280e+10 2.292712e+05 8.299613e+05 
222220 9.467280e+10 4.172237e+05 8.759990e+05 
233331 9.467280e+10 6.267964e+05 9.254667e+05 
244442 9.467280e+10 8.628369e+05 9.732360e+05 
0 1.009843e+11 6.574694e+02 1.270523e+03 
11111 1.009843e+11 2.330075e+05 4.011990e+04 
22222 1.009843e+11 4.723543e+05 7.871903e+04 
33333 1.009843e+11 7.042917e+05 1.270638e+05 
44444 1.009843e+11 9.071585e+05 2.008721e+05 
55555 1.009843e+11 1.132969e+05 2.209213e+05 
66666 1.009843e+11 3.471442e+05 2.535895e+05 
77777 1.009843e+11 5.776689e+05 2.998794e+05 
88888 1.009843e+11 7.936688e+05 3.822377e+05 
99999 1.009843e+11 9.990125e+05 4.650333e+05 
111110 1.009843e+11 2.231314e+05 4.201452e+05 
122221 1.009843e+11 4.463953e+05 4.584039e+05 
133332 1.009843e+11 6.626087e+05 5.218436e+05 
144443 1.009843e+11 8.797302e+05 6.242302e+05 
155554 1.009843e+11 1.080108e+05 6.165339e+05 
166665 1.009843e+11 3.214859e+05 6.498704e+05 
177776 1.009843e+11 5.299017e+05 6.978802e+05 
188887 1.009843e+11 7.440188e+05 7.706116e+05 
199998 1.009843e+11 9.965040e+05 8.345054e+05 
211109 1.009843e+11 2.288419e+05 8.292899e+05 
222220 1.009843e+11 4.159134e+05 8.754249e+05 
233331 1.009843e+11 6.247101e+05 9.253910e+05 
244442 1.009843e+11 8.615170e+05 9.734486e+05 
0 1.072958e+11 6.574765e+02 1.270504e+03 
11111 1.072958e+11 2.335055e+05 3.995944e+04 
22222 1.072958e+11 4.739158e+05 7.837661e+04 
33333 1.072958e+11 7.062387e+05 1.272606e+05 
44444 1.072958e+11 9.080559e+05 2.026794e+05 
55555 1.072958e+11 1.133944e+05 2.204913e+05 
66666 1.072958e+11 3.478325e+05 2.525149e+05 
77777 1.072958e+11 5.786277e+05 2.992201e+05 
88888 1.072958e+11 7.943644e+05 3.832233e+05 
99999 1.072958e+11 9.990136e+05 4.686921e+05 
111110 1.072958e+11 2.232920e+05 4.190045e+05 
122221 1.072958e+11 4.465932e+05 4.571264e+05 
133332 1.072958e+11 6.625842e+05 5.216242e+05 
144443 1.072958e+11 8.792288e+05 6.269302e+05 
155554 1.072958e+11 1.079361e+05 6.158540e+05 
166665 1.072958e+11 3.210992e+05 6.485794e+05 
177776 1.072958e+11 5.290246e+05 6.969624e+05 
188887 1.072958e+11 7.423978e+05 7.711954e+05 
199998 1.072958e+11 9.964689e+05 8.362089e+05 
211109 1.072958e+11 2.284301e+05 8.286286e+05 
222220 1.072958e+11 4.146311e+05 8.748533e+05 
233331 1.072958e+11 6.226565e+05 9.253137e+05 
244442 1.072958e+11 8.602071e+05 9.736548e+05 
0 1.136074e+11 6.574834e+02 1.270485e+03 
11111 1.136074e+11 2.339937e+05 3.980177e+04 
22222 1.136074e+11 4.754617e+05 7.803986e+04 
33333 1.136074e+11 7.081497e+05 1.274681e+05 
44444 1.136074e+11 9.089351e+05 2.044777e+05 
55555 1.136074e+11 1.134836e+05 2.200772e+05 
66666 1.136074e+11 3.485055e+05 2.514548e+05 
77777 1.136074e+11 5.795613e+05 2.985812e+05 
88888 1.136074e+11 7.950424e+05 3.841772e+05 
99999 1.136074e+11 9.990145e+05 4.723150e+05 
111110 1.136074e+11 2.234542e+05 4.178911e+05 
122221 1.136074e+11 4.467945e+05 4.558739e+05 
133332 1.136074e+11 6.625684e+05 5.214044e+05 
144443 1.136074e+11 8.787193e+05 6.295758e+05 
155554 1.136074e+11 1.078623e+05 6.151922e+05 
166665 1.136074e+11 3.207275e+05 6.473085e+05 
177776 1.136074e+11 5.281778e+05 6.960518e+05 
188887 1.136074e+11 7.407966e+05 7.717557e+05 
199998 1.136074e+11 9.964338e+05 8.378720e+05 
211109 1.136074e+11 2.280340e+05 8.279751e+05 
222220 1.136074e+11 4.133768e+05 8.742860e+05 
233331 1.136074e+11 6.206341e+05 9.252341e+05 
244442 1.136074e+11 8.589059e+05 9.738553e+05 
0 1.199189e+11 6.574903e+02 1.270467e+03 
11111 1.199189e+11 2.344745e+05 3.964671e+04 
22222 1.199189e+11 4.769922e+05 7.770903e+04 
33333 1.199189e+11 7.100256e+05 1.276846e+05 
44444 1.199189e+11 9.097964e+05 2.062683e+05 
55555 1.199189e+11 1.135674e+05 2.196766e+05 
66666 1.199189e+11 3.491646e+05 2.504173e+05 
77777 1.199189e+11 5.804709e+05 2.979555e+05 
88888 1.199189e+11 7.956995e+05 3.851049e+05 
99999 1.199189e+11 9.990152e+05 4.759035e+05 
111110 1.199189e+11 2.236155e+05 4.167960e+05 
122221 1.199189e+11 4.470058e+05 4.546409e+05 
133332 1.199189e+11 6.625601e+05 5.211822e+05 
144443 1.199189e+11 8.782015e+05 6.321700e+05 
155554 1.199189e+11 1.077882e+05 6.145459e+05 
166665 1.199189e+11 3.203729e+05 6.460565e+05 
177776 1.199189e+11 5.273617e+05 6.951500e+05 
188887 1.199189e+11 7.392092e+05 7.722975e+05 
199998 1.199189e+11 9.963987e+05 8.394969e+05 
211109 1.199189e+11 2.276529e+05 8.273301e+05 
222220 1.199189e+11 4.121481e+05 8.737226e+05 
233331 1.199189e+11 6.186413e+05 9.251525e+05 
244442 1.199189e+11 8.576126e+05 9.740503e+05 
0 1.262304e+11 6.574970e+02 1.270449e+03 
11111 1.262304e+11 2.349474e+05 3.949406e+04 
22222 1.262304e+11 4.785075e+05 7.738407e+04 
33333 1.262304e+11 7.118672e+05 1.279094e+05 
44444 1.262304e+11 9.106409e+05 2.080524e+05 
55555 1.262304e+11 1.136467e+05 2.192884e+05 
66666 1.262304e+11 3.498082e+05 2.493960e+05 
77777 1.262304e+11 5.813628e+05 2.973448e+05 
88888 1.262304e+11 7.963424e+05 3.860110e+05 
99999 1.262304e+11 9.990158e+05 4.794583e+05 
111110 1.262304e+11 2.237782e+05 4.157289e+05 
122221 1.262304e+11 4.472099e+05 4.534242e+05 
133332 1.262304e+11 6.625623e+05 5.209581e+05 
144443 1.262304e+11 8.776753e+05 6.347142e+05 
155554 1.262304e+11 1.077155e+05 6.139158e+05 
166665 1.262304e+11 3.200304e+05 6.448273e+05 
177776 1.262304e+11 5.265767e+05 6.942518e+05 
188887 1.262304e+11 7.376344e+05 7.728152e+05 
199998 1.262304e+11 9.963638e+05 8.410855e+05 
211109 1.262304e+11 2.272862e+05 8.266940e+05 
222220 1.262304e+11 4.109452e+05 8.731624e+05 
233331 1.262304e+11 6.166772e+05 9.250686e+05 
244442 1.262304e+11 8.563264e+05 9.742401e+05 
0 1.325419e+11 6.575036e+02 1.270432e+03 
11111 1.325419e+11 2.354116e+05 3.934413e+04 
22222 1.325419e+11 4.800075e+05 7.706450e+04 
33333 1.325419e+11 7.136756e+05 1.281411e+05 
44444 1.325419e+11 9.114688e+05 2.098308e+05 
55555 1.325419e+11 1.137208e+05 2.189116e+05 
66666 1.325419e+11 3.504382e+05 2.483920e+05 
77777 1.325419e+11 5.822394e+05 2.967412e+05 
88888 1.325419e+11 7.969653e+05 3.868991e+05 
99999 1.325419e+11 9.990162e+05 4.829803e+05 
111110 1.325419e+11 2.239431e+05 4.146806e+05 
122221 1.325419e+11 4.474174e+05 4.522341e+05 
133332 1.325419e+11 6.625706e+05 5.207289e+05 
144443 1.325419e+11 8.771411e+05 6.372103e+05 
155554 1.325419e+11 1.076437e+05 6.132983e+05 
166665 1.325419e+11 3.197018e+05 6.436180e+05 
177776 1.325419e+11 5.258188e+05 6.933635e+05 
188887 1.325419e+11 7.360627e+05 7.733027e+05 
199998 1.325419e+11 9.963289e+05 8.426392e+05 
211109 1.325419e+11 2.269333e+05 8.260640e+05 
222220 1.325419e+11 4.097671e+05 8.726076e+05 
233331 1.325419e+11 6.147417e+05 9.249820e+05 
244442 1.325419e+11 8.550466e+05 9.744251e+05 
0 1.388534e+11 6.575101e+02 1.270415e+03 
11111 1.388534e+11 2.358706e+05 3.919627e+04 
22222 1.388534e+11 4.814925e+05 7.675166e+04 
33333 1.388534e+11 7.154511e+05 1.283785e+05 
44444 1.388534e+11 9.122810e+05 2.116040e+05 
55555 1.388534e+11 1.137929e+05 2.185432e+05 
66666 1.388534e+11 3.510554e+05 2.474114e+05 
77777 1.388534e+11 5.831001e+05 2.961417e+05 
88888 1.388534e+11 7.975670e+05 3.877801e+05 
99999 1.388534e+11 9.990164e+05 4.864702e+05 
111110 1.388534e+11 2.241038e+05 4.136523e+05 
122221 1.388534e+11 4.476344e+05 4.510559e+05 
133332 1.388534e+11 6.625876e+05 5.204962e+05 
144443 1.388534e+11 8.766000e+05 6.396602e+05 
155554 1.388534e+11 1.075707e+05 6.126947e+05 
166665 1.388534e+11 3.193871e+05 6.424295e+05 
177776 1.388534e+11 5.250869e+05 6.924781e+05 
188887 1.388534e+11 7.344996e+05 7.737549e+05 
199998 1.388534e+11 9.962940e+05 8.441608e+05 
211109 1.388534e+11 2.265934e+05 8.254427e+05 
222220 1.388534e+11 4.086105e+05 8.720538e+05 
233331 1.388534e+11 6.128315e+05 9.248933e+05 
244442 1.388534e+11 8.537722e+05 9.746055e+05 
0 1.451650e+11 6.575165e+02 1.270398e+03 
11111 1.451650e+11 2.363207e+05 3.905100e+04 
22222 1.451650e+11 4.829634e+05 7.644427e+04 
33333 1.451650e+11 7.171949e+05 1.286213e+05 
44444 1.451650e+11 9.130775e+05 2.133726e+05 
55555 1.451650e+11 1.138642e+05 2.181852e+05 
66666 1.451650e+11 3.516607e+05 2.464411e+05 
77777 1.451650e+11 5.839434e+05 2.955521e+05 
88888 1.451650e+11 7.981537e+05 3.886436e+05 
99999 1.451650e+11 9.990165e+05 4.899269e+05 
111110 1.451650e+11 2.242664e+05 4.126438e+05 
122221 1.451650e+11 4.478392e+05 4.499000e+05 
133332 1.451650e+11 6.626117e+05 5.202610e+05 
144443 1.451650e+11 8.760522e+05 6.420638e+05 
155554 1.451650e+11 1.074997e+05 6.121039e+05 
166665 1.451650e+11 3.190817e+05 6.412649e+05 
177776 1.451650e+11 5.243852e+05 6.915993e+05 
188887 1.451650e+11 7.329403e+05 7.741669e+05 
199998 1.451650e+11 9.962591e+05 8.456496e+05 
211109 1.451650e+11 2.262646e+05 8.248292e+05 
222220 1.451650e+11 4.074793e+05 8.715058e+05 
233331 1.451650e+11 6.109489e+05 9.248013e+05 
244442 1.451650e+11 8.525050e+05 9.747812e+05 
0 1.514765e+11 6.575227e+02 1.270381e+03 
11111 1.514765e+11 2.367650e+05 3.890781e+04 
22222 1.514765e+11 4.844187e+05 7.614335e+04 
33333 1.514765e+11 7.189069e+05 1.288687e+05 
44444 1.514765e+11 9.138588e+05 2.151370e+05 
55555 1.514765e+11 1.139340e+05 2.178353e+05 
66666 1.514765e+11 3.522538e+05 2.455045e+05 
77777 1.514765e+11 5.847761e+05 2.949671e+05 
88888 1.514765e+11 7.987283e+05 3.895099e+05 
99999 1.514765e+11 9.990164e+05 4.933511e+05 
111110 1.514765e+11 2.244248e+05 4.116559e+05 
122221 1.514765e+11 4.480542e+05 4.487654e+05 
133332 1.514765e+11 6.626443e+05 5.200209e+05 
144443 1.514765e+11 8.754981e+05 6.444232e+05 
155554 1.514765e+11 1.074300e+05 6.115279e+05 
166665 1.514765e+11 3.187890e+05 6.401160e+05 
177776 1.514765e+11 5.237053e+05 6.907296e+05 
188887 1.514765e+11 7.314167e+05 7.745479e+05 
199998 1.514765e+11 9.962243e+05 8.471083e+05 
211109 1.514765e+11 2.259480e+05 8.242231e+05 
222220 1.514765e+11 4.063683e+05 8.709609e+05 
233331 1.514765e+11 6.090902e+05 9.247071e+05 
244442 1.514765e+11 8.512431e+05 9.749527e+05 
0 1.577880e+11 6.575288e+02 1.270366e+03 
11111 1.577880e+11 2.372001e+05 3.876728e+04 
22222 1.577880e+11 4.858615e+05 7.584809e+04 
33333 1.577880e+11 7.205887e+05 1.291208e+05 
44444 1.577880e+11 9.146256e+05 2.168974e+05 
55555 1.577880e+11 1.140040e+05 2.174948e+05 
66666 1.577880e+11 3.528388e+05 2.445863e+05 
77777 1.577880e+11 5.855939e+05 2.943867e+05 
88888 1.577880e+11 7.992757e+05 3.903786e+05 
99999 1.577880e+11 9.990163e+05 4.967426e+05 
111110 1.577880e+11 2.245804e+05 4.106850e+05 
122221 1.577880e+11 4.482720e+05 4.476485e+05 
133332 1.577880e+11 6.626846e+05 5.197785e+05 
144443 1.577880e+11 8.749381e+05 6.467395e+05 
155554 1.577880e+11 1.073601e+05 6.109656e+05 
166665 1.577880e+11 3.185102e+05 6.389816e+05 
177776 1.577880e+11 5.230500e+05 6.898672e+05 
188887 1.577880e+11 7.299114e+05 7.749039e+05 
199998 1.577880e+11 9.961896e+05 8.485371e+05 
211109 1.577880e+11 2.256430e+05 8.236219e+05 
222220 1.577880e+11 4.052790e+05 8.704215e+05 
233331 1.577880e+11 6.072565e+05 9.246101e+05 
244442 1.577880e+11 8.499868e+05 9.751201e+05 
0 1.640995e+11 6.575348e+02 1.270350e+03 
11111 1.640995e+11 2.376295e+05 3.862874e+04 
22222 1.640995e+11 4.872900e+05 7.555794e+04 
33333 1.640995e+11 7.222409e+05 1.293759e+05 
44444 1.640995e+11 9.153784e+05 2.186546e+05 
55555 1.640995e+11 1.140736e+05 2.171615e+05 
66666 1.640995e+11 3.534119e+05 2.436871e+05 
77777 1.640995e+11 5.864007e+05 2.938125e+05 
88888 1.640995e+11 7.998053e+05 3.912336e+05 
99999 1.640995e+11 9.990159e+05 5.001020e+05 
111110 1.640995e+11 2.247344e+05 4.097358e+05 
122221 1.640995e+11 4.484862e+05 4.465521e+05 
133332 1.640995e+11 6.627259e+05 5.195335e+05 
144443 1.640995e+11 8.743723e+05 6.490137e+05 
155554 1.640995e+11 1.072893e+05 6.104172e+05 
166665 1.640995e+11 3.182367e+05 6.378641e+05 
177776 1.640995e+11 5.224253e+05 6.890148e+05 
188887 1.640995e+11 7.284300e+05 7.752541e+05 
199998 1.640995e+11 9.961549e+05 8.499374e+05 
211109 1.640995e+11 2.253486e+05 8.230291e+05 
222220 1.640995e+11 4.042116e+05 8.698876e+05 
233331 1.640995e+11 6.054476e+05 9.245095e+05 
244442 1.640995e+11 8.487355e+05 9.752836e+05 
0 1.704110e+11 6.575405e+02 1.270335e+03 
11111 1.704110e+11 2.380524e+05 3.849202e+04 
22222 1.704110e+11 4.887051e+05 7.527296e+04 
33333 1.704110e+11 7.238653e+05 1.296343e+05 
44444 1.704110e+11 9.161185e+05 2.204091e+05 
55555 1.704110e+11 1.141441e+05 2.168348e+05 
66666 1.704110e+11 3.539705e+05 2.428040e+05 
77777 1.704110e+11 5.871916e+05 2.932429e+05 
88888 1.704110e+11 8.003214e+05 3.920826e+05 
99999 1.704110e+11 9.990155e+05 5.034293e+05 
111110 1.704110e+11 2.248843e+05 4.088012e+05 
122221 1.704110e+11 4.487117e+05 4.454706e+05 
133332 1.704110e+11 6.627750e+05 5.192830e+05 
144443 1.704110e+11 8.738024e+05 6.512478e+05 
155554 1.704110e+11 1.072195e+05 6.098835e+05 
166665 1.704110e+11 3.179745e+05 6.367497e+05 
177776 1.704110e+11 5.218195e+05 6.881732e+05 
188887 1.704110e+11 7.269625e+05 7.755899e+05 
199998 1.704110e+11 9.961202e+05 8.513117e+05 
211109 1.704110e+11 2.250646e+05 8.224435e+05 
222220 1.704110e+11 4.031627e+05 8.693573e+05 
233331 1.704110e+11 6.036610e+05 9.244065e+05 
244442 1.704110e+11 8.474876e+05 9.754434e+05 
0 1.767226e+11 6.575461e+02 1.270320e+03 
11111 1.767226e+11 2.384688e+05 3.835710e+04 
22222 1.767226e+11 4.901081e+05 7.499314e+04 
33333 1.767226e+11 7.254633e+05 1.298960e+05 
44444 1.767226e+11 9.168463e+05 2.221613e+05 
55555 1.767226e+11 1.142170e+05 2.165161e+05 
66666 1.767226e+11 3.545206e+05 2.419413e+05 
77777 1.767226e+11 5.879726e+05 2.926827e+05 
88888 1.767226e+11 8.008295e+05 3.929154e+05 
99999 1.767226e+11 9.990149e+05 5.067239e+05 
111110 1.767226e+11 2.250343e+05 4.078887e+05 
122221 1.767226e+11 4.489329e+05 4.444102e+05 
133332 1.767226e+11 6.628317e+05 5.190336e+05 
144443 1.767226e+11 8.732281e+05 6.534422e+05 
155554 1.767226e+11 1.071500e+05 6.093572e+05 
166665 1.767226e+11 3.177189e+05 6.356535e+05 
177776 1.767226e+11 5.212376e+05 6.873384e+05 
188887 1.767226e+11 7.255169e+05 7.759115e+05 
199998 1.767226e+11 9.960855e+05 8.526593e+05 
211109 1.767226e+11 2.247897e+05 8.218635e+05 
222220 1.767226e+11 4.021336e+05 8.688339e+05 
233331 1.767226e+11 6.018975e+05 9.242999e+05 
244442 1.767226e+11 8.462444e+05 9.755997e+05 
0 1.830341e+11 6.575515e+02 1.270306e+03 
11111 1.830341e+11 2.388807e+05 3.822390e+04 
22222 1.830341e+11 4.914974e+05 7.471702e+04 
33333 1.830341e+11 7.270349e+05 1.301615e+05 
44444 1.830341e+11 9.175625e+05 2.239105e+05 
55555 1.830341e+11 1.142900e+05 2.162018e+05 
66666 1.830341e+11 3.550570e+05 2.410888e+05 
77777 1.830341e+11 5.887384e+05 2.921281e+05 
88888 1.830341e+11 8.013337e+05 3.937246e+05 
99999 1.830341e+11 9.990142e+05 5.099857e+05 
111110 1.830341e+11 2.251805e+05 4.069922e+05 
122221 1.830341e+11 4.491584e+05 4.433667e+05 
133332 1.830341e+11 6.628958e+05 5.187796e+05 
144443 1.830341e+11 8.726504e+05 6.555978e+05 
155554 1.830341e+11 1.070805e+05 6.088460e+05 
166665 1.830341e+11 3.174753e+05 6.345641e+05 
177776 1.830341e+11 5.206806e+05 6.865145e+05 
188887 1.830341e+11 7.240942e+05 7.762217e+05 
199998 1.830341e+11 9.960509e+05 8.539820e+05 
211109 1.830341e+11 2.245249e+05 8.212921e+05 
222220 1.830341e+11 4.011217e+05 8.683140e+05 
233331 1.830341e+11 6.001557e+05 9.241905e+05 
244442 1.830341e+11 8.450049e+05 9.757524e+05 
0 1.893456e+11 6.575568e+02 1.270292e+03 
11111 1.893456e+11 2.392867e+05 3.809254e+04 
22222 1.893456e+11 4.928760e+05 7.444588e+04 
33333 1.893456e+11 7.285817e+05 1.304297e+05 
44444 1.893456e+11 9.182670e+05 2.256575e+05 
55555 1.893456e+11 1.143681e+05 2.158933e+05 
66666 1.893456e+11 3.555795e+05 2.402610e+05 
77777 1.893456e+11 5.894931e+05 2.915813e+05 
88888 1.893456e+11 8.018371e+05 3.945068e+05 
99999 1.893456e+11 9.990133e+05 5.132148e+05 
111110 1.893456e+11 2.253263e+05 4.061147e+05 
122221 1.893456e+11 4.493881e+05 4.423428e+05 
133332 1.893456e+11 6.629662e+05 5.185250e+05 
144443 1.893456e+11 8.720692e+05 6.577148e+05 
155554 1.893456e+11 1.070111e+05 6.083454e+05 
166665 1.893456e+11 3.172355e+05 6.334871e+05 
177776 1.893456e+11 5.201399e+05 6.856940e+05 
188887 1.893456e+11 7.226924e+05 7.765266e+05 
199998 1.893456e+11 9.960163e+05 8.552801e+05 
211109 1.893456e+11 2.242693e+05 8.207281e+05 
222220 1.893456e+11 4.001294e+05 8.677996e+05 
233331 1.893456e+11 5.984366e+05 9.240775e+05 
244442 1.893456e+11 8.437696e+05 9.759018e+05 
0 1.956571e+11 6.575619e+02 1.270278e+03 
11111 1.956571e+11 2.396895e+05 3.796260e+04 
22222 1.956571e+11 4.942425e+05 7.417969e+04 
33333 1.956571e+11 7.301037e+05 1.307006e+05 
44444 1.956571e+11 9.189603e+05 2.274027e+05 
55555 1.956571e+11 1.144455e+05 2.155900e+05 
66666 1.956571e+11 3.560902e+05 2.394453e+05 
77777 1.956571e+11 5.902350e+05 2.910448e+05 
88888 1.956571e+11 8.023358e+05 3.952728e+05 
99999 1.956571e+11 9.990124e+05 5.164112e+05 
111110 1.956571e+11 2.254687e+05 4.052532e+05 
122221 1.956571e+11 4.496163e+05 4.413370e+05 
133332 1.956571e+11 6.630416e+05 5.182670e+05 
144443 1.956571e+11 8.714843e+05 6.597945e+05 
155554 1.956571e+11 1.069425e+05 6.078537e+05 
166665 1.956571e+11 3.170065e+05 6.324254e+05 
177776 1.956571e+11 5.196216e+05 6.848852e+05 
188887 1.956571e+11 7.213126e+05 7.768268e+05 
199998 1.956571e+11 9.959817e+05 8.565540e+05 
211109 1.956571e+11 2.240211e+05 8.201708e+05 
222220 1.956571e+11 3.991532e+05 8.672901e+05 
233331 1.956571e+11 5.967395e+05 9.239620e+05 
244442 1.956571e+11 8.425384e+05 9.760480e+05 
0 2.019686e+11 6.575669e+02 1.270265e+03 
11111 2.019686e+11 2.400873e+05 3.783437e+04 
22222 2.019686e+11 4.955965e+05 7.391776e+04 
33333 2.019686e+11 7.316020e+05 1.309734e+05 
44444 2.019686e+11 9.196427e+05 2.291467e+05 
55555 2.019686e+11 1.145244e+05 2.152939e+05 
66666 2.019686e+11 3.565912e+05 2.386447e+05 
77777 2.019686e+11 5.909660e+05 2.905141e+05 
88888 2.019686e+11 8.028318e+05 3.960051e+05 
99999 2.019686e+11 9.990113e+05 5.195761e+05 
111110 2.019686e+11 2.256128e+05 4.044085e+05 
122221 2.019686e+11 4.498500e+05 4.403479e+05 
133332 2.019686e+11 6.631226e+05 5.180080e+05 
144443 2.019686e+11 8.708967e+05 6.618391e+05 
155554 2.019686e+11 1.068734e+05 6.073732e+05 
166665 2.019686e+11 3.167865e+05 6.313717e+05 
177776 2.019686e+11 5.191210e+05 6.840820e+05 
188887 2.019686e+11 7.199478e+05 7.771161e+05 
199998 2.019686e+11 9.959472e+05 8.578055e+05 
211109 2.019686e+11 2.237808e+05 8.196212e+05 
222220 2.019686e+11 3.981930e+05 8.667833e+05 
233331 2.019686e+11 5.950622e+05 9.238439e+05 
244442 2.019686e+11 8.413100e+05 9.761911e+05 
0 2.082802e+11 6.575717e+02 1.270252e+03 
11111 2.082802e+11 2.404802e+05 3.770779e+04 
22222 2.082802e+11 4.969398e+05 7.366046e+04 
33333 2.082802e+11 7.330778e+05 1.312483e+05 
44444 2.082802e+11 9.203143e+05 2.308899e+05 
55555 2.082802e+11 1.146074e+05 2.150013e+05 
66666 2.082802e+11 3.570882e+05 2.378568e+05 
77777 2.082802e+11 5.916848e+05 2.899934e+05 
88888 2.082802e+11 8.033273e+05 3.967201e+05 
99999 2.082802e+11 9.990101e+05 5.227094e+05 
111110 2.082802e+11 2.257527e+05 4.035807e+05 
122221 2.082802e+11 4.500820e+05 4.393777e+05 
133332 2.082802e+11 6.632082e+05 5.177430e+05 
144443 2.082802e+11 8.703061e+05 6.638485e+05 
155554 2.082802e+11 1.068058e+05 6.068995e+05 
166665 2.082802e+11 3.165707e+05 6.303370e+05 
177776 2.082802e+11 5.186331e+05 6.832815e+05 
188887 2.082802e+11 7.185972e+05 7.773974e+05 
199998 2.082802e+11 9.959127e+05 8.590346e+05 
211109 2.082802e+11 2.235477e+05 8.190768e+05 
222220 2.082802e+11 3.972505e+05 8.662828e+05 
233331 2.082802e+11 5.934071e+05 9.237228e+05 
244442 2.082802e+11 8.400849e+05 9.763313e+05 
0 2.145917e+11 6.575765e+02 1.270239e+03 
11111 2.145917e+11 2.408700e+05 3.758272e+04 
22222 2.145917e+11 4.982703e+05 7.340772e+04 
33333 2.145917e+11 7.345296e+05 1.315237e+05 
44444 2.145917e+11 9.209747e+05 2.326314e+05 
55555 2.145917e+11 1.146923e+05 2.147131e+05 
66666 2.145917e+11 3.575724e+05 2.370765e+05 
77777 2.145917e+11 5.923975e+05 2.894833e+05 
88888 2.145917e+11 8.038194e+05 3.974091e+05 
99999 2.145917e+11 9.990088e+05 5.258100e+05 
111110 2.145917e+11 2.258937e+05 4.027716e+05 
122221 2.145917e+11 4.503190e+05 4.384169e+05 
133332 2.145917e+11 6.632986e+05 5.174822e+05 
144443 2.145917e+11 8.697137e+05 6.658225e+05 
155554 2.145917e+11 1.067392e+05 6.064373e+05 
166665 2.145917e+11 3.163675e+05 6.293053e+05 
177776 2.145917e+11 5.181597e+05 6.824846e+05 
188887 2.145917e+11 7.172612e+05 7.776642e+05 
199998 2.145917e+11 9.958783e+05 8.602424e+05 
211109 2.145917e+11 2.233217e+05 8.185396e+05 
222220 2.145917e+11 3.963227e+05 8.657850e+05 
233331 2.145917e+11 5.917722e+05 9.235997e+05 
244442 2.145917e+11 8.388627e+05 9.764686e+05 
0 2.209032e+11 6.575812e+02 1.270226e+03 
11111 2.209032e+11 2.412561e+05 3.745932e+04 
22222 2.209032e+11 4.995917e+05 7.315915e+04 
33333 2.209032e+11 7.359607e+05 1.318014e+05 
44444 2.209032e+11 9.216246e+05 2.343736e+05 
55555 2.209032e+11 1.147801e+05 2.144307e+05 
66666 2.209032e+11 3.580579e+05 2.363094e+05 
77777 2.209032e+11 5.930926e+05 2.889778e+05 
88888 2.209032e+11 8.043124e+05 3.980768e+05 
99999 2.209032e+11 9.990074e+05 5.288799e+05 
111110 2.209032e+11 2.260297e+05 4.019770e+05 
122221 2.209032e+11 4.505520e+05 4.374707e+05 
133332 2.209032e+11 6.633905e+05 5.172156e+05 
144443 2.209032e+11 8.691186e+05 6.677635e+05 
155554 2.209032e+11 1.066727e+05 6.059834e+05 
166665 2.209032e+11 3.161632e+05 6.282940e+05 
177776 2.209032e+11 5.177024e+05 6.816906e+05 
188887 2.209032e+11 7.159187e+05 7.779055e+05 
199998 2.209032e+11 9.958438e+05 8.614294e+05 
211109 2.209032e+11 2.231029e+05 8.180094e+05 
222220 2.209032e+11 3.954112e+05 8.652915e+05 
233331 2.209032e+11 5.901576e+05 9.234738e+05 
244442 2.209032e+11 8.376435e+05 9.766031e+05 
0 2.272147e+11 6.575858e+02 1.270214e+03 
11111 2.272147e+11 2.416392e+05 3.733741e+04 
22222 2.272147e+11 5.009015e+05 7.291519e+04 
33333 2.272147e+11 7.373704e+05 1.320798e+05 
44444 2.272147e+11 9.222639e+05 2.361163e+05 
55555 2.272147e+11 1.148668e+05 2.141522e+05 
66666 2.272147e+11 3.585259e+05 2.355482e+05 
77777 2.272147e+11 5.937807e+05 2.884835e+05 
88888 2.272147e+11 8.048086e+05 3.987352e+05 
99999 2.272147e+11 9.990059e+05 5.319187e+05 
111110 2.272147e+11 2.261637e+05 4.011979e+05 
122221 2.272147e+11 4.507880e+05 4.365321e+05 
133332 2.272147e+11 6.634853e+05 5.169473e+05 
144443 2.272147e+11 8.685215e+05 6.696724e+05 
155554 2.272147e+11 1.066073e+05 6.055380e+05 
166665 2.272147e+11 3.159744e+05 6.272911e+05 
177776 2.272147e+11 5.172531e+05 6.809077e+05 
188887 2.272147e+11 7.145867e+05 7.781119e+05 
199998 2.272147e+11 9.958094e+05 8.625959e+05 
211109 2.272147e+11 2.228908e+05 8.174847e+05 
222220 2.272147e+11 3.945166e+05 8.648033e+05 
233331 2.272147e+11 5.885642e+05 9.233448e+05 
244442 2.272147e+11 8.364279e+05 9.767347e+05 
0 2.335262e+11 6.575904e+02 1.270202e+03 
11111 2.335262e+11 2.420198e+05 3.721685e+04 
22222 2.335262e+11 5.022019e+05 7.267517e+04 
33333 2.335262e+11 7.387599e+05 1.323594e+05 
44444 2.335262e+11 9.228927e+05 2.378600e+05 
55555 2.335262e+11 1.149570e+05 2.138774e+05 
66666 2.335262e+11 3.589967e+05 2.348004e+05 
77777 2.335262e+11 5.944627e+05 2.879995e+05 
88888 2.335262e+11 8.053060e+05 3.993705e+05 
99999 2.335262e+11 9.990042e+05 5.349274e+05 
111110 2.335262e+11 2.262971e+05 4.004342e+05 
122221 2.335262e+11 4.510209e+05 4.356034e+05 
133332 2.335262e+11 6.635839e+05 5.166772e+05 
144443 2.335262e+11 8.679227e+05 6.715503e+05 
155554 2.335262e+11 1.065456e+05 6.050982e+05 
166665 2.335262e+11 3.157869e+05 6.263088e+05 
177776 2.335262e+11 5.168203e+05 6.801226e+05 
188887 2.335262e+11 7.132759e+05 7.782823e+05 
199998 2.335262e+11 9.957750e+05 8.637431e+05 
211109 2.335262e+11 2.226842e+05 8.169648e+05 
222220 2.335262e+11 3.936354e+05 8.643181e+05 
233331 2.335262e+11 5.869887e+05 9.232138e+05 
244442 2.335262e+11 8.352149e+05 9.768638e+05 
0 2.398378e+11 6.575949e+02 1.270189e+03 
11111 2.398378e+11 2.423971e+05 3.709803e+04 
22222 2.398378e+11 5.034922e+05 7.243967e+04 
33333 2.398378e+11 7.401291e+05 1.326399e+05 
44444 2.398378e+11 9.235112e+05 2.396039e+05 
55555 2.398378e+11 1.150470e+05 2.136065e+05 
66666 2.398378e+11 3.594554e+05 2.340642e+05 
77777 2.398378e+11 5.951280e+05 2.875208e+05 
88888 2.398378e+11 8.057993e+05 3.999865e+05 
99999 2.398378e+11 9.990025e+05 5.379045e+05 
111110 2.398378e+11 2.264260e+05 3.996867e+05 
122221 2.398378e+11 4.512548e+05 4.346868e+05 
133332 2.398378e+11 6.636907e+05 5.164066e+05 
144443 2.398378e+11 8.673221e+05 6.733960e+05 
155554 2.398378e+11 1.064825e+05 6.046691e+05 
166665 2.398378e+11 3.156085e+05 6.253363e+05 
177776 2.398378e+11 5.163921e+05 6.793484e+05 
188887 2.398378e+11 7.119776e+05 7.784246e+05 
199998 2.398378e+11 9.957406e+05 8.648706e+05 
211109 2.398378e+11 2.224839e+05 8.164508e+05 
222220 2.398378e+11 3.927703e+05 8.638390e+05 
233331 2.398378e+11 5.854339e+05 9.230805e+05 
244442 2.398378e+11 8.340054e+05 9.769902e+05 
0 2.461493e+11 6.575994e+02 1.270177e+03 
11111 2.461493e+11 2.427716e+05 3.698055e+04 
22222 2.461493e+11 5.047720e+05 7.220785e+04 
33333 2.461493e+11 7.414786e+05 1.329214e+05 
44444 2.461493e+11 9.241193e+05 2.413489e+05 
55555 2.461493e+11 1.151378e+05 2.133404e+05 
66666 2.461493e+11 3.599117e+05 2.333348e+05 
77777 2.461493e+11 5.957894e+05 2.870583e+05 
88888 2.461493e+11 8.062918e+05 4.005923e+05 
99999 2.461493e+11 9.990007e+05 5.408508e+05 
111110 2.461493e+11 2.265562e+05 3.989502e+05 
122221 2.461493e+11 4.514880e+05 4.337808e+05 
133332 2.461493e+11 6.637941e+05 5.161346e+05 
144443 2.461493e+11 8.667200e+05 6.752111e+05 
155554 2.461493e+11 1.064218e+05 6.042450e+05 
166665 2.461493e+11 3.154324e+05 6.243761e+05 
177776 2.461493e+11 5.159801e+05 6.785779e+05 
188887 2.461493e+11 7.106883e+05 7.785596e+05 
199998 2.461493e+11 9.957063e+05 8.659792e+05 
211109 2.461493e+11 2.222891e+05 8.159423e+05 
222220 2.461493e+11 3.919191e+05 8.633636e+05 
233331 2.461493e+11 5.838977e+05 9.229454e+05 
244442 2.461493e+11 8.327993e+05 9.771140e+05 
0 2.524608e+11 6.576039e+02 1.270166e+03 
11111 2.524608e+11 2.431433e+05 3.686453e+04 
22222 2.524608e+11 5.060430e+05 7.198024e+04 
33333 2.524608e+11 7.428101e+05 1.332028e+05 
44444 2.524608e+11 9.247172e+05 2.430963e+05 
55555 2.524608e+11 1.152291e+05 2.130782e+05 
66666 2.524608e+11 3.603599e+05 2.326156e+05 
77777 2.524608e+11 5.964395e+05 2.866011e+05 
88888 2.524608e+11 8.067770e+05 4.011835e+05 
99999 2.524608e+11 9.989988e+05 5.437681e+05 
111110 2.524608e+11 2.266852e+05 3.982244e+05 
122221 2.524608e+11 4.517226e+05 4.328840e+05 
133332 2.524608e+11 6.638995e+05 5.158601e+05 
144443 2.524608e+11 8.661169e+05 6.769980e+05 
155554 2.524608e+11 1.063626e+05 6.038291e+05 
166665 2.524608e+11 3.152721e+05 6.234340e+05 
177776 2.524608e+11 5.155804e+05 6.778016e+05 
188887 2.524608e+11 7.094179e+05 7.786670e+05 
199998 2.524608e+11 9.956720e+05 8.670706e+05 
211109 2.524608e+11 2.220993e+05 8.154382e+05 
222220 2.524608e+11 3.910797e+05 8.628903e+05 
233331 2.524608e+11 5.823776e+05 9.228083e+05 
244442 2.524608e+11 8.315948e+05 9.772355e+05 
0 2.587723e+11 6.576083e+02 1.270154e+03 
11111 2.587723e+11 2.435134e+05 3.674973e+04 
22222 2.587723e+11 5.073042e+05 7.175695e+04 
33333 2.587723e+11 7.441232e+05 1.334840e+05 
44444 2.587723e+11 9.253050e+05 2.448450e+05 
55555 2.587723e+11 1.153225e+05 2.128179e+05 
66666 2.587723e+11 3.607976e+05 2.319084e+05 
77777 2.587723e+11 5.970783e+05 2.861578e+05 
88888 2.587723e+11 8.072524e+05 4.017595e+05 
99999 2.587723e+11 9.989967e+05 5.466542e+05 
111110 2.587723e+11 2.268140e+05 3.975092e+05 
122221 2.587723e+11 4.519535e+05 4.319983e+05 
133332 2.587723e+11 6.640081e+05 5.155846e+05 
144443 2.587723e+11 8.655130e+05 6.787551e+05 
155554 2.587723e+11 1.063044e+05 6.034217e+05 
166665 2.587723e+11 3.151072e+05 6.224973e+05 
177776 2.587723e+11 5.151869e+05 6.770346e+05 
188887 2.587723e+11 7.081674e+05 7.787684e+05 
199998 2.587723e+11 9.956376e+05 8.681439e+05 
211109 2.587723e+11 2.219154e+05 8.149381e+05 
222220 2.587723e+11 3.902563e+05 8.624244e+05 
233331 2.587723e+11 5.808775e+05 9.226685e+05 
244442 2.587723e+11 8.303939e+05 9.773546e+05 
0 2.650838e+11 6.576128e+02 1.270142e+03 
11111 2.650838e+11 2.438806e+05 3.663638e+04 
22222 2.650838e+11 5.085562e+05 7.153734e+04 
33333 2.650838e+11 7.454184e+05 1.337655e+05 
44444 2.650838e+11 9.258826e+05 2.465960e+05 
55555 2.650838e+11 1.154161e+05 2.125633e+05 
66666 2.650838e+11 3.612336e+05 2.312067e+05 
77777 2.650838e+11 5.977094e+05 2.857259e+05 
88888 2.650838e+11 8.077157e+05 4.023228e+05 
99999 2.650838e+11 9.989947e+05 5.495112e+05 
111110 2.650838e+11 2.269455e+05 3.968006e+05 
122221 2.650838e+11 4.521837e+05 4.311212e+05 
133332 2.650838e+11 6.641211e+05 5.153067e+05 
144443 2.650838e+11 8.649083e+05 6.804847e+05 
155554 2.650838e+11 1.062479e+05 6.030190e+05 
166665 2.650838e+11 3.149619e+05 6.215862e+05 
177776 2.650838e+11 5.148127e+05 6.762624e+05 
188887 2.650838e+11 7.069370e+05 7.788607e+05 
199998 2.650838e+11 9.956033e+05 8.692004e+05 
211109 2.650838e+11 2.217363e+05 8.144431e+05 
222220 2.650838e+11 3.894450e+05 8.619606e+05 
233331 2.650838e+11 5.793940e+05 9.225270e+05 
244442 2.650838e+11 8.291956e+05 9.774714e+05 
0 2.713954e+11 6.576172e+02 1.270130e+03 
11111 2.713954e+11 2.442451e+05 3.652460e+04 
22222 2.713954e+11 5.097991e+05 7.132171e+04 
33333 2.713954e+11 7.466959e+05 1.340472e+05 
44444 2.713954e+11 9.264503e+05 2.483488e+05 
55555 2.713954e+11 1.155083e+05 2.123117e+05 
66666 2.713954e+11 3.616594e+05 2.305176e+05 
77777 2.713954e+11 5.983341e+05 2.853034e+05 
88888 2.713954e+11 8.081703e+05 4.028680e+05 
99999 2.713954e+11 9.989925e+05 5.523381e+05 
111110 2.713954e+11 2.270743e+05 3.961014e+05 
122221 2.713954e+11 4.524147e+05 4.302581e+05 
133332 2.713954e+11 6.642330e+05 5.150307e+05 
144443 2.713954e+11 8.643031e+05 6.821863e+05 
155554 2.713954e+11 1.061933e+05 6.026240e+05 
166665 2.713954e+11 3.148127e+05 6.206817e+05 
177776 2.713954e+11 5.144446e+05 6.754947e+05 
188887 2.713954e+11 7.057241e+05 7.789557e+05 
199998 2.713954e+11 9.955690e+05 8.702401e+05 
211109 2.713954e+11 2.215624e+05 8.139535e+05 
222220 2.713954e+11 3.886474e+05 8.615016e+05 
233331 2.713954e+11 5.779282e+05 9.223833e+05 
244442 2.713954e+11 8.280000e+05 9.775859e+05 
0 2.777069e+11 6.576217e+02 1.270119e+03 
11111 2.777069e+11 2.446080e+05 3.641384e+04 
22222 2.777069e+11 5.110318e+05 7.110934e+04 
33333 2.777069e+11 7.479565e+05 1.343283e+05 
44444 2.777069e+11 9.270083e+05 2.501039e+05 
55555 2.777069e+11 1.156020e+05 2.120637e+05 
66666 2.777069e+11 3.620793e+05 2.298385e+05 
77777 2.777069e+11 5.989454e+05 2.848922e+05 
88888 2.777069e+11 8.086118e+05 4.034107e+05 
99999 2.777069e+11 9.989902e+05 5.551350e+05 
111110 2.777069e+11 2.272024e+05 3.954095e+05 
122221 2.777069e+11 4.526439e+05 4.294034e+05 
133332 2.777069e+11 6.643502e+05 5.147519e+05 
144443 2.777069e+11 8.636975e+05 6.838605e+05 
155554 2.777069e+11 1.061404e+05 6.022377e+05 
166665 2.777069e+11 3.146717e+05 6.197923e+05 
177776 2.777069e+11 5.140856e+05 6.747297e+05 
188887 2.777069e+11 7.045322e+05 7.790400e+05 
199998 2.777069e+11 9.955347e+05 8.712632e+05 
211109 2.777069e+11 2.213938e+05 8.134680e+05 
222220 2.777069e+11 3.878637e+05 8.610479e+05 
233331 2.777069e+11 5.764803e+05 9.222372e+05 
244442 2.777069e+11 8.268074e+05 9.776982e+05 
0 2.840184e+11 6.576262e+02 1.270107e+03 
11111 2.840184e+11 2.449688e+05 3.630472e+04 
22222 2.840184e+11 5.122559e+05 7.090097e+04 
33333 2.840184e+11 7.492008e+05 1.346091e+05 
44444 2.840184e+11 9.275565e+05 2.518606e+05 
55555 2.840184e+11 1.156975e+05 2.118188e+05 
66666 2.840184e+11 3.624943e+05 2.291667e+05 
77777 2.840184e+11 5.995485e+05 2.844886e+05 
88888 2.840184e+11 8.090411e+05 4.039368e+05 
99999 2.840184e+11 9.989879e+05 5.579019e+05 
111110 2.840184e+11 2.273318e+05 3.947273e+05 
122221 2.840184e+11 4.528734e+05 4.285652e+05 
133332 2.840184e+11 6.644702e+05 5.144717e+05 
144443 2.840184e+11 8.630922e+05 6.855075e+05 
155554 2.840184e+11 1.060874e+05 6.018548e+05 
166665 2.840184e+11 3.145416e+05 6.189242e+05 
177776 2.840184e+11 5.137435e+05 6.739647e+05 
188887 2.840184e+11 7.033556e+05 7.791256e+05 
199998 2.840184e+11 9.955005e+05 8.722705e+05 
211109 2.840184e+11 2.212302e+05 8.129876e+05 
222220 2.840184e+11 3.870912e+05 8.605964e+05 
233331 2.840184e+11 5.750487e+05 9.220902e+05 
244442 2.840184e+11 8.256176e+05 9.778083e+05 
0 2.903299e+11 6.576307e+02 1.270096e+03 
11111 2.903299e+11 2.453280e+05 3.619673e+04 
22222 2.903299e+11 5.134719e+05 7.069682e+04 
33333 2.903299e+11 7.504292e+05 1.348894e+05 
44444 2.903299e+11 9.280952e+05 2.536199e+05 
55555 2.903299e+11 1.157923e+05 2.115773e+05 
66666 2.903299e+11 3.628967e+05 2.285070e+05 
77777 2.903299e+11 6.001516e+05 2.841015e+05 
88888 2.903299e+11 8.094635e+05 4.044492e+05 
99999 2.903299e+11 9.989854e+05 5.606406e+05 
111110 2.903299e+11 2.274602e+05 3.940556e+05 
122221 2.903299e+11 4.531044e+05 4.277287e+05 
133332 2.903299e+11 6.645920e+05 5.141936e+05 
144443 2.903299e+11 8.624865e+05 6.871294e+05 
155554 2.903299e+11 1.060346e+05 6.014817e+05 
166665 2.903299e+11 3.144068e+05 6.180560e+05 
177776 2.903299e+11 5.134067e+05 6.732044e+05 
188887 2.903299e+11 7.021973e+05 7.792124e+05 
199998 2.903299e+11 9.954662e+05 8.732628e+05 
211109 2.903299e+11 2.210706e+05 8.125125e+05 
222220 2.903299e+11 3.863298e+05 8.601483e+05 
233331 2.903299e+11 5.736320e+05 9.219414e+05 
244442 2.903299e+11 8.244295e+05 9.779164e+05 
0 2.966414e+11 6.576352e+02 1.270084e+03 
11111 2.966414e+11 2.456865e+05 3.608964e+04 
22222 2.966414e+11 5.146794e+05 7.049555e+04 
33333 2.966414e+11 7.516428e+05 1.351698e+05 
44444 2.966414e+11 9.286249e+05 2.553816e+05 
55555 2.966414e+11 1.158884e+05 2.113390e+05 
66666 2.966414e+11 3.632956e+05 2.278557e+05 
77777 2.966414e+11 6.007351e+05 2.837165e+05 
88888 2.966414e+11 8.098783e+05 4.049574e+05 
99999 2.966414e+11 9.989830e+05 5.633497e+05 
111110 2.966414e+11 2.275828e+05 3.933898e+05 
122221 2.966414e+11 4.533318e+05 4.269117e+05 
133332 2.966414e+11 6.647148e+05 5.139119e+05 
144443 2.966414e+11 8.618810e+05 6.887257e+05 
155554 2.966414e+11 1.059864e+05 6.011137e+05 
166665 2.966414e+11 3.142834e+05 6.172002e+05 
177776 2.966414e+11 5.130877e+05 6.724412e+05 
188887 2.966414e+11 7.010578e+05 7.792964e+05 
199998 2.966414e+11 9.954319e+05 8.742399e+05 
211109 2.966414e+11 2.209154e+05 8.120401e+05 
222220 2.966414e+11 3.855814e+05 8.597064e+05 
233331 2.966414e+11 5.722327e+05 9.217907e+05 
244442 2.966414e+11 8.232439e+05 9.780226e+05 
0 3.029530e+11 6.576397e+02 1.270072e+03 
11111 3.029530e+11 2.460423e+05 3.598409e+04 
22222 3.029530e+11 5.158794e+05 7.029778e+04 
33333 3.029530e+11 7.528416e+05 1.354501e+05 
44444 3.029530e+11 9.291454e+05 2.571465e+05 
55555 3.029530e+11 1.159812e+05 2.111068e+05 
66666 3.029530e+11 3.636881e+05 2.272142e+05 
77777 3.029530e+11 6.013231e+05 2.833370e+05 
88888 3.029530e+11 8.102824e+05 4.054526e+05 
99999 3.029530e+11 9.989804e+05 5.660307e+05 
111110 3.029530e+11 2.277077e+05 3.927344e+05 
122221 3.029530e+11 4.535565e+05 4.260973e+05 
133332 3.029530e+11 6.648391e+05 5.136289e+05 
144443 3.029530e+11 8.612755e+05 6.902981e+05 
155554 3.029530e+11 1.059410e+05 6.007551e+05 
166665 3.029530e+11 3.141558e+05 6.163487e+05 
177776 3.029530e+11 5.127796e+05 6.716818e+05 
188887 3.029530e+11 6.999373e+05 7.793875e+05 
199998 3.029530e+11 9.953977e+05 8.752028e+05 
211109 3.029530e+11 2.207645e+05 8.115707e+05 
222220 3.029530e+11 3.848435e+05 8.592700e+05 
233331 3.029530e+11 5.708485e+05 9.216381e+05 
244442 3.029530e+11 8.220598e+05 9.781269e+05 
0 3.092645e+11 6.576443e+02 1.270061e+03 
11111 3.092645e+11 2.463959e+05 3.587988e+04 
22222 3.092645e+11 5.170713e+05 7.010407e+04 
33333 3.092645e+11 7.540255e+05 1.357303e+05 
44444 3.092645e+11 9.296570e+05 2.589137e+05 
55555 3.092645e+11 1.160744e+05 2.108758e+05 
66666 3.092645e+11 3.640695e+05 2.265834e+05 
77777 3.092645e+11 6.019037e+05 2.829608e+05 
88888 3.092645e+11 8.106797e+05 4.059333e+05 
99999 3.092645e+11 9.989778e+05 5.686828e+05 
111110 3.092645e+11 2.278285e+05 3.920839e+05 
122221 3.092645e+11 4.537873e+05 4.252986e+05 
133332 3.092645e+11 6.649642e+05 5.133474e+05 
144443 3.092645e+11 8.606706e+05 6.918470e+05 
155554 3.092645e+11 1.058977e+05 6.004080e+05 
166665 3.092645e+11 3.140290e+05 6.154945e+05 
177776 3.092645e+11 5.124773e+05 6.709299e+05 
188887 3.092645e+11 6.988290e+05 7.794784e+05 
199998 3.092645e+11 9.953634e+05 8.761517e+05 
211109 3.092645e+11 2.206186e+05 8.111044e+05 
222220 3.092645e+11 3.841158e+05 8.588376e+05 
233331 3.092645e+11 5.694788e+05 9.214838e+05 
244442 3.092645e+11 8.208772e+05 9.782294e+05 
0 3.155760e+11 6.576489e+02 1.270049e+03 
11111 3.155760e+11 2.467481e+05 3.577672e+04 
22222 3.155760e+11 5.182543e+05 6.991331e+04 
33333 3.155760e+11 7.551949e+05 1.360099e+05 
44444 3.155760e+11 9.301599e+05 2.606829e+05 
55555 3.155760e+11 1.161659e+05 2.106489e+05 
66666 3.155760e+11 3.644493e+05 2.259592e+05 
77777 3.155760e+11 6.024778e+05 2.825837e+05 
88888 3.155760e+11 8.110680e+05 4.064092e+05 
99999 3.155760e+11 9.989751e+05 5.713065e+05 
111110 3.155760e+11 2.279502e+05 3.914428e+05 
122221 3.155760e+11 4.540122e+05 4.245118e+05 
133332 3.155760e+11 6.650954e+05 5.130647e+05 
144443 3.155760e+11 8.600661e+05 6.933717e+05 
155554 3.155760e+11 1.058535e+05 6.000630e+05 
166665 3.155760e+11 3.139059e+05 6.146526e+05 
177776 3.155760e+11 5.121947e+05 6.701754e+05 
188887 3.155760e+11 6.977248e+05 7.795505e+05 
199998 3.155760e+11 9.953292e+05 8.770864e+05 
211109 3.155760e+11 2.204768e+05 8.106421e+05 
222220 3.155760e+11 3.834009e+05 8.584115e+05 
233331 3.155760e+11 5.681254e+05 9.213271e+05 
244442 3.155760e+11 8.196974e+05 9.783300e+05 
0 3.218875e+11 6.576536e+02 1.270038e+03 
11111 3.218875e+11 2.470985e+05 3.567485e+04 
22222 3.218875e+11 5.194291e+05 6.972562e+04 
33333 3.218875e+11 7.563507e+05 1.362893e+05 
44444 3.218875e+11 9.306539e+05 2.624547e+05 
55555 3.218875e+11 1.162559e+05 2.104268e+05 
66666 3.218875e+11 3.648200e+05 2.253446e+05 
77777 3.218875e+11 6.030493e+05 2.822081e+05 
88888 3.218875e+11 8.114509e+05 4.068741e+05 
99999 3.218875e+11 9.989724e+05 5.739024e+05 
111110 3.218875e+11 2.280688e+05 3.908091e+05 
122221 3.218875e+11 4.542424e+05 4.237320e+05 
133332 3.218875e+11 6.652281e+05 5.127858e+05 
144443 3.218875e+11 8.594625e+05 6.948741e+05 
155554 3.218875e+11 1.058129e+05 5.997299e+05 
166665 3.218875e+11 3.137831e+05 6.138065e+05 
177776 3.218875e+11 5.119131e+05 6.694309e+05 
188887 3.218875e+11 6.966200e+05 7.796101e+05 
199998 3.218875e+11 9.952949e+05 8.780076e+05 
211109 3.218875e+11 2.203391e+05 8.101825e+05 
222220 3.218875e+11 3.826961e+05 8.579921e+05 
233331 3.218875e+11 5.667871e+05 9.211682e+05 
244442 3.218875e+11 8.185195e+05 9.784288e+05 
0 3.281990e+11 6.576583e+02 1.270026e+03 
11111 3.281990e+11 2.474458e+05 3.557454e+04 
22222 3.281990e+11 5.205968e+05 6.954176e+04 
33333 3.281990e+11 7.574931e+05 1.365687e+05 
44444 3.281990e+11 9.311392e+05 2.642292e+05 
55555 3.281990e+11 1.163468e+05 2.102063e+05 
66666 3.281990e+11 3.651802e+05 2.247434e+05 
77777 3.281990e+11 6.036167e+05 2.818347e+05 
88888 3.281990e+11 8.118255e+05 4.073303e+05 
99999 3.281990e+11 9.989696e+05 5.764714e+05 
111110 3.281990e+11 2.281834e+05 3.901845e+05 
122221 3.281990e+11 4.544681e+05 4.229753e+05 
133332 3.281990e+11 6.653647e+05 5.125027e+05 
144443 3.281990e+11 8.588591e+05 6.963542e+05 
155554 3.281990e+11 1.057730e+05 5.993990e+05 
166665 3.281990e+11 3.136682e+05 6.129696e+05 
177776 3.281990e+11 5.116474e+05 6.686858e+05 
188887 3.281990e+11 6.955301e+05 7.796378e+05 
199998 3.281990e+11 9.952607e+05 8.789159e+05 
211109 3.281990e+11 2.202047e+05 8.097278e+05 
222220 3.281990e+11 3.820014e+05 8.575771e+05 
233331 3.281990e+11 5.654642e+05 9.210077e+05 
244442 3.281990e+11 8.173437e+05 9.785258e+05 
0 3.345106e+11 6.576630e+02 1.270015e+03 
11111 3.345106e+11 2.477920e+05 3.547498e+04 
22222 3.345106e+11 5.217572e+05 6.936108e+04 
33333 3.345106e+11 7.586218e+05 1.368475e+05 
44444 3.345106e+11 9.316157e+05 2.660064e+05 
55555 3.345106e+11 1.164367e+05 2.099872e+05 
66666 3.345106e+11 3.655449e+05 2.241473e+05 
77777 3.345106e+11 6.041813e+05 2.814648e+05 
88888 3.345106e+11 8.121932e+05 4.077768e+05 
99999 3.345106e+11 9.989667e+05 5.790131e+05 
111110 3.345106e+11 2.283007e+05 3.895623e+05 
122221 3.345106e+11 4.546939e+05 4.222182e+05 
133332 3.345106e+11 6.654979e+05 5.122227e+05 
144443 3.345106e+11 8.582565e+05 6.978127e+05 
155554 3.345106e+11 1.057319e+05 5.990710e+05 
166665 3.345106e+11 3.135531e+05 6.121402e+05 
177776 3.345106e+11 5.113882e+05 6.679434e+05 
188887 3.345106e+11 6.944532e+05 7.796394e+05 
199998 3.345106e+11 9.952264e+05 8.798110e+05 
211109 3.345106e+11 2.200734e+05 8.092756e+05 
222220 3.345106e+11 3.813148e+05 8.571662e+05 
233331 3.345106e+11 5.641556e+05 9.208461e+05 
244442 3.345106e+11 8.161703e+05 9.786211e+05 
0 3.408221e+11 6.576678e+02 1.270003e+03 
11111 3.408221e+11 2.481375e+05 3.537639e+04 
22222 3.408221e+11 5.229089e+05 6.918352e+04 
33333 3.408221e+11 7.597374e+05 1.371254e+05 
44444 3.408221e+11 9.320837e+05 2.677858e+05 
55555 3.408221e+11 1.165294e+05 2.097717e+05 
66666 3.408221e+11 3.658980e+05 2.235627e+05 
77777 3.408221e+11 6.047403e+05 2.811002e+05 
88888 3.408221e+11 8.125529e+05 4.082194e+05 
99999 3.408221e+11 9.989638e+05 5.815277e+05 
111110 3.408221e+11 2.284142e+05 3.889525e+05 
122221 3.408221e+11 4.549222e+05 4.214814e+05 
133332 3.408221e+11 6.656374e+05 5.119435e+05 
144443 3.408221e+11 8.576551e+05 6.992501e+05 
155554 3.408221e+11 1.056920e+05 5.987512e+05 
166665 3.408221e+11 3.134359e+05 6.113131e+05 
177776 3.408221e+11 5.111309e+05 6.672123e+05 
188887 3.408221e+11 6.933860e+05 7.796205e+05 
199998 3.408221e+11 9.951921e+05 8.806936e+05 
211109 3.408221e+11 2.199458e+05 8.088284e+05 
222220 3.408221e+11 3.806398e+05 8.567614e+05 
233331 3.408221e+11 5.628624e+05 9.206821e+05 
244442 3.408221e+11 8.149990e+05 9.787146e+05 
0 3.471336e+11 6.576726e+02 1.269991e+03 
11111 3.471336e+11 2.484795e+05 3.527944e+04 
22222 3.471336e+11 5.240529e+05 6.900960e+04 
33333 3.471336e+11 7.608396e+05 1.374027e+05 
44444 3.471336e+11 9.325430e+05 2.695673e+05 
55555 3.471336e+11 1.166192e+05 2.095574e+05 
66666 3.471336e+11 3.662402e+05 2.229863e+05 
77777 3.471336e+11 6.052982e+05 2.807360e+05 
88888 3.471336e+11 8.129078e+05 4.086527e+05 
99999 3.471336e+11 9.989609e+05 5.840157e+05 
111110 3.471336e+11 2.285269e+05 3.883438e+05 
122221 3.471336e+11 4.551474e+05 4.207568e+05 
133332 3.471336e+11 6.657743e+05 5.116618e+05 
144443 3.471336e+11 8.570545e+05 7.006667e+05 
155554 3.471336e+11 1.056533e+05 5.984313e+05 
166665 3.471336e+11 3.133256e+05 6.104930e+05 
177776 3.471336e+11 5.108909e+05 6.664838e+05 
188887 3.471336e+11 6.923273e+05 7.795879e+05 
199998 3.471336e+11 9.951578e+05 8.815638e+05 
211109 3.471336e+11 2.198208e+05 8.083853e+05 
222220 3.471336e+11 3.799737e+05 8.563606e+05 
233331 3.471336e+11 5.615834e+05 9.205167e+05 
244442 3.471336e+11 8.138300e+05 9.788064e+05 
0 3.534451e+11 6.576774e+02 1.269980e+03 
11111 3.534451e+11 2.488186e+05 3.518397e+04 
22222 3.534451e+11 5.251885e+05 6.883956e+04 
33333 3.534451e+11 7.619285e+05 1.376788e+05 
44444 3.534451e+11 9.329934e+05 2.713509e+05 
55555 3.534451e+11 1.167085e+05 2.093465e+05 
66666 3.534451e+11 3.665872e+05 2.224255e+05 
77777 3.534451e+11 6.058505e+05 2.803770e+05 
88888 3.534451e+11 8.132552e+05 4.090788e+05 
99999 3.534451e+11 9.989579e+05 5.864777e+05 
111110 3.534451e+11 2.286359e+05 3.877470e+05 
122221 3.534451e+11 4.553799e+05 4.200419e+05 
133332 3.534451e+11 6.659149e+05 5.113812e+05 
144443 3.534451e+11 8.564548e+05 7.020629e+05 
155554 3.534451e+11 1.056126e+05 5.981173e+05 
166665 3.534451e+11 3.132194e+05 6.096809e+05 
177776 3.534451e+11 5.106542e+05 6.657597e+05 
188887 3.534451e+11 6.912797e+05 7.795371e+05 
199998 3.534451e+11 9.951235e+05 8.824220e+05 
211109 3.534451e+11 2.196990e+05 8.079461e+05 
222220 3.534451e+11 3.793158e+05 8.559626e+05 
233331 3.534451e+11 5.603181e+05 9.203501e+05 
244442 3.534451e+11 8.126633e+05 9.788965e+05 
0 3.597566e+11 6.576822e+02 1.269968e+03 
11111 3.597566e+11 2.491557e+05 3.508931e+04 
22222 3.597566e+11 5.263159e+05 6.867296e+04 
33333 3.597566e+11 7.630042e+05 1.379532e+05 
44444 3.597566e+11 9.334352e+05 2.731361e+05 
55555 3.597566e+11 1.167993e+05 2.091359e+05 
66666 3.597566e+11 3.669288e+05 2.218690e+05 
77777 3.597566e+11 6.064042e+05 2.800199e+05 
88888 3.597566e+11 8.135941e+05 4.094988e+05 
99999 3.597566e+11 9.989548e+05 5.889131e+05 
111110 3.597566e+11 2.287460e+05 3.871538e+05 
122221 3.597566e+11 4.556073e+05 4.193521e+05 
133332 3.597566e+11 6.660569e+05 5.111016e+05 
144443 3.597566e+11 8.558567e+05 7.034393e+05 
155554 3.597566e+11 1.055732e+05 5.978034e+05 
166665 3.597566e+11 3.131102e+05 6.088785e+05 
177776 3.597566e+11 5.104250e+05 6.650482e+05 
188887 3.597566e+11 6.902487e+05 7.794755e+05 
199998 3.597566e+11 9.950892e+05 8.832683e+05 
211109 3.597566e+11 2.195796e+05 8.075119e+05 
222220 3.597566e+11 3.786671e+05 8.555694e+05 
233331 3.597566e+11 5.590671e+05 9.201823e+05 
244442 3.597566e+11 8.114994e+05 9.789849e+05 
0 3.660682e+11 6.576870e+02 1.269957e+03 
11111 3.660682e+11 2.494892e+05 3.499608e+04 
22222 3.660682e+11 5.274350e+05 6.851031e+04 
33333 3.660682e+11 7.640674e+05 1.382260e+05 
44444 3.660682e+11 9.338680e+05 2.749229e+05 
55555 3.660682e+11 1.168889e+05 2.089291e+05 
66666 3.660682e+11 3.672555e+05 2.213339e+05 
77777 3.660682e+11 6.069523e+05 2.796650e+05 
88888 3.660682e+11 8.139294e+05 4.099066e+05 
99999 3.660682e+11 9.989517e+05 5.913220e+05 
111110 3.660682e+11 2.288521e+05 3.865648e+05 
122221 3.660682e+11 4.558364e+05 4.186610e+05 
133332 3.660682e+11 6.662020e+05 5.108194e+05 
144443 3.660682e+11 8.552598e+05 7.047952e+05 
155554 3.660682e+11 1.055330e+05 5.974939e+05 
166665 3.660682e+11 3.130085e+05 6.080819e+05 
177776 3.660682e+11 5.101984e+05 6.643363e+05 
188887 3.660682e+11 6.892295e+05 7.794007e+05 
199998 3.660682e+11 9.950549e+05 8.841025e+05 
211109 3.660682e+11 2.194628e+05 8.070835e+05 
222220 3.660682e+11 3.780287e+05 8.551822e+05 
233331 3.660682e+11 5.578312e+05 9.200126e+05 
244442 3.660682e+11 8.103383e+05 9.790717e+05 
0 3.723797e+11 6.576918e+02 1.269945e+03 
11111 3.723797e+11 2.498192e+05 3.490379e+04 
22222 3.723797e+11 5.285466e+05 6.835158e+04 
33333 3.723797e+11 7.651183e+05 1.384978e+05 
44444 3.723797e+11 9.342926e+05 2.767113e+05 
55555 3.723797e+11 1.169779e+05 2.087249e+05 
66666 3.723797e+11 3.675850e+05 2.208134e+05 
77777 3.723797e+11 6.074927e+05 2.793095e+05 
88888 3.723797e+11 8.142587e+05 4.103104e+05 
99999 3.723797e+11 9.989486e+05 5.937054e+05 
111110 3.723797e+11 2.289550e+05 3.859864e+05 
122221 3.723797e+11 4.560635e+05 4.179796e+05 
133332 3.723797e+11 6.663479e+05 5.105380e+05 
144443 3.723797e+11 8.546638e+05 7.061318e+05 
155554 3.723797e+11 1.054949e+05 5.971890e+05 
166665 3.723797e+11 3.129065e+05 6.072983e+05 
177776 3.723797e+11 5.099813e+05 6.636316e+05 
188887 3.723797e+11 6.882280e+05 7.793160e+05 
199998 3.723797e+11 9.950206e+05 8.849252e+05 
211109 3.723797e+11 2.193487e+05 8.066608e+05 
222220 3.723797e+11 3.773980e+05 8.547965e+05 
233331 3.723797e+11 5.566089e+05 9.198423e+05 
244442 3.723797e+11 8.091799e+05 9.791569e+05 
0 3.786912e+11 6.576966e+02 1.269934e+03 
11111 3.786912e+11 2.501469e+05 3.481272e+04 
22222 3.786912e+11 5.296500e+05 6.819585e+04 
33333 3.786912e+11 7.661566e+05 1.387684e+05 
44444 3.786912e+11 9.347081e+05 2.785011e+05 
55555 3.786912e+11 1.170692e+05 2.085212e+05 
66666 3.786912e+11 3.679133e+05 2.202972e+05 
77777 3.786912e+11 6.080247e+05 2.789585e+05 
88888 3.786912e+11 8.145861e+05 4.107042e+05 
99999 3.786912e+11 9.989454e+05 5.960633e+05 
111110 3.786912e+11 2.290596e+05 3.854175e+05 
122221 3.786912e+11 4.562921e+05 4.173132e+05 
133332 3.786912e+11 6.664986e+05 5.102542e+05 
144443 3.786912e+11 8.540693e+05 7.074500e+05 
155554 3.786912e+11 1.054559e+05 5.968821e+05 
166665 3.786912e+11 3.128114e+05 6.065226e+05 
177776 3.786912e+11 5.097725e+05 6.629338e+05 
188887 3.786912e+11 6.872400e+05 7.792271e+05 
199998 3.786912e+11 9.949863e+05 8.857369e+05 
211109 3.786912e+11 2.192367e+05 8.062415e+05 
222220 3.786912e+11 3.767740e+05 8.544132e+05 
233331 3.786912e+11 5.553986e+05 9.196715e+05 
244442 3.786912e+11 8.080235e+05 9.792406e+05 
0 3.850027e+11 6.577013e+02 1.269923e+03 
11111 3.850027e+11 2.504726e+05 3.472223e+04 
22222 3.850027e+11 5.307446e+05 6.804227e+04 
33333 3.850027e+11 7.671826e+05 1.390383e+05 
44444 3.850027e+11 9.351153e+05 2.802921e+05 
55555 3.850027e+11 1.171595e+05 2.083188e+05 
66666 3.850027e+11 3.682323e+05 2.197842e+05 
77777 3.850027e+11 6.085520e+05 2.786076e+05 
88888 3.850027e+11 8.149073e+05 4.110917e+05 
99999 3.850027e+11 9.989422e+05 5.983951e+05 
111110 3.850027e+11 2.291596e+05 3.848546e+05 
122221 3.850027e+11 4.565151e+05 4.166428e+05 
133332 3.850027e+11 6.666457e+05 5.099714e+05 
144443 3.850027e+11 8.534760e+05 7.087488e+05 
155554 3.850027e+11 1.054177e+05 5.965832e+05 
166665 3.850027e+11 3.127255e+05 6.057550e+05 
177776 3.850027e+11 5.095677e+05 6.622459e+05 
188887 3.850027e+11 6.862639e+05 7.791396e+05 
199998 3.850027e+11 9.949520e+05 8.865369e+05 
211109 3.850027e+11 2.191276e+05 8.058276e+05 
222220 3.850027e+11 3.761595e+05 8.540351e+05 
233331 3.850027e+11 5.542034e+05 9.194995e+05 
244442 3.850027e+11 8.068706e+05 9.793228e+05 
0 3.913142e+11 6.577059e+02 1.269911e+03 
11111 3.913142e+11 2.507948e+05 3.463293e+04 
22222 3.913142e+11 5.318327e+05 6.789225e+04 
33333 3.913142e+11 7.681965e+05 1.393065e+05 
44444 3.913142e+11 9.355133e+05 2.820840e+05 
55555 3.913142e+11 1.172501e+05 2.081192e+05 
66666 3.913142e+11 3.685448e+05 2.192912e+05 
77777 3.913142e+11 6.090691e+05 2.782567e+05 
88888 3.913142e+11 8.152238e+05 4.114682e+05 
99999 3.913142e+11 9.989390e+05 6.007014e+05 
111110 3.913142e+11 2.292582e+05 3.843007e+05 
122221 3.913142e+11 4.567399e+05 4.159923e+05 
133332 3.913142e+11 6.667972e+05 5.096904e+05 
144443 3.913142e+11 8.528846e+05 7.100284e+05 
155554 3.913142e+11 1.053775e+05 5.962851e+05 
166665 3.913142e+11 3.126330e+05 6.050010e+05 
177776 3.913142e+11 5.093658e+05 6.615642e+05 
188887 3.913142e+11 6.853084e+05 7.790521e+05 
199998 3.913142e+11 9.949177e+05 8.873260e+05 
211109 3.913142e+11 2.190215e+05 8.054179e+05 
222220 3.913142e+11 3.755537e+05 8.536613e+05 
233331 3.913142e+11 5.530228e+05 9.193267e+05 
244442 3.913142e+11 8.057207e+05 9.794033e+05 
0 3.976258e+11 6.577106e+02 1.269900e+03 
11111 3.976258e+11 2.511140e+05 3.454442e+04 
22222 3.976258e+11 5.329140e+05 6.774497e+04 
33333 3.976258e+11 7.691989e+05 1.395732e+05 
44444 3.976258e+11 9.359025e+05 2.838773e+05 
55555 3.976258e+11 1.173422e+05 2.079204e+05 
66666 3.976258e+11 3.688594e+05 2.187952e+05 
77777 3.976258e+11 6.095811e+05 2.779045e+05 
88888 3.976258e+11 8.155385e+05 4.118335e+05 
99999 3.976258e+11 9.989357e+05 6.029829e+05 
111110 3.976258e+11 2.293526e+05 3.837555e+05 
122221 3.976258e+11 4.569601e+05 4.153459e+05 
133332 3.976258e+11 6.669523e+05 5.094088e+05 
144443 3.976258e+11 8.522949e+05 7.112903e+05 
155554 3.976258e+11 1.053391e+05 5.959898e+05 
166665 3.976258e+11 3.125508e+05 6.042567e+05 
177776 3.976258e+11 5.091719e+05 6.608892e+05 
188887 3.976258e+11 6.843639e+05 7.789690e+05 
199998 3.976258e+11 9.948834e+05 8.881044e+05 
211109 3.976258e+11 2.189181e+05 8.050133e+05 
222220 3.976258e+11 3.749559e+05 8.532881e+05 
233331 3.976258e+11 5.518541e+05 9.191533e+05 
244442 3.976258e+11 8.045732e+05 9.794825e+05 
0 4.039373e+11 6.577151e+02 1.269890e+03 
11111 4.039373e+11 2.514312e+05 3.445645e+04 
22222 4.039373e+11 5.339879e+05 6.760010e+04 
33333 4.039373e+11 7.701898e+05 1.398393e+05 
44444 4.039373e+11 9.362832e+05 2.856715e+05 
55555 4.039373e+11 1.174305e+05 2.077227e+05 
66666 4.039373e+11 3.691728e+05 2.183069e+05 
77777 4.039373e+11 6.100809e+05 2.775570e+05 
88888 4.039373e+11 8.158522e+05 4.121914e+05 
99999 4.039373e+11 9.989324e+05 6.052394e+05 
111110 4.039373e+11 2.294431e+05 3.832184e+05 
122221 4.039373e+11 4.571836e+05 4.147020e+05 
133332 4.039373e+11 6.671054e+05 5.091262e+05 
144443 4.039373e+11 8.517070e+05 7.125339e+05 
155554 4.039373e+11 1.052996e+05 5.956978e+05 
166665 4.039373e+11 3.124725e+05 6.035214e+05 
177776 4.039373e+11 5.089776e+05 6.602255e+05 
188887 4.039373e+11 6.834372e+05 7.788834e+05 
199998 4.039373e+11 9.948492e+05 8.888722e+05 
211109 4.039373e+11 2.188180e+05 8.046142e+05 
222220 4.039373e+11 3.743660e+05 8.529176e+05 
233331 4.039373e+11 5.506992e+05 9.189799e+05 
244442 4.039373e+11 8.034291e+05 9.795602e+05 
0 4.102488e+11 6.577197e+02 1.269879e+03 
11111 4.102488e+11 2.517460e+05 3.436930e+04 
22222 4.102488e+11 5.350541e+05 6.745747e+04 
33333 4.102488e+11 7.711698e+05 1.401034e+05 
44444 4.102488e+11 9.366554e+05 2.874666e+05 
55555 4.102488e+11 1.175189e+05 2.075277e+05 
66666 4.102488e+11 3.694801e+05 2.178252e+05 
77777 4.102488e+11 6.105796e+05 2.772121e+05 
88888 4.102488e+11 8.161572e+05 4.125441e+05 
99999 4.102488e+11 9.989290e+05 6.074712e+05 
111110 4.102488e+11 2.295337e+05 3.826892e+05 
122221 4.102488e+11 4.574064e+05 4.140754e+05 
133332 4.102488e+11 6.672603e+05 5.088431e+05 
144443 4.102488e+11 8.511206e+05 7.137596e+05 
155554 4.102488e+11 1.052622e+05 5.954110e+05 
166665 4.102488e+11 3.123889e+05 6.027927e+05 
177776 4.102488e+11 5.087859e+05 6.595666e+05 
188887 4.102488e+11 6.825255e+05 7.788069e+05 
199998 4.102488e+11 9.948149e+05 8.896294e+05 
211109 4.102488e+11 2.187205e+05 8.042190e+05 
222220 4.102488e+11 3.737852e+05 8.525534e+05 
233331 4.102488e+11 5.495583e+05 9.188052e+05 
244442 4.102488e+11 8.022880e+05 9.796364e+05 
0 4.165603e+11 6.577242e+02 1.269868e+03 
11111 4.165603e+11 2.520579e+05 3.428291e+04 
22222 4.165603e+11 5.361136e+05 6.731808e+04 
33333 4.165603e+11 7.721386e+05 1.403662e+05 
44444 4.165603e+11 9.370191e+05 2.892625e+05 
55555 4.165603e+11 1.176064e+05 2.073352e+05 
66666 4.165603e+11 3.697812e+05 2.173558e+05 
77777 4.165603e+11 6.110680e+05 2.768674e+05 
88888 4.165603e+11 8.164532e+05 4.128900e+05 
99999 4.165603e+11 9.989257e+05 6.096781e+05 
111110 4.165603e+11 2.296208e+05 3.821724e+05 
122221 4.165603e+11 4.576240e+05 4.134469e+05 
133332 4.165603e+11 6.674151e+05 5.085641e+05 
144443 4.165603e+11 8.505362e+05 7.149678e+05 
155554 4.165603e+11 1.052263e+05 5.951248e+05 
166665 4.165603e+11 3.123197e+05 6.020833e+05 
177776 4.165603e+11 5.086000e+05 6.589125e+05 
188887 4.165603e+11 6.816227e+05 7.787402e+05 
199998 4.165603e+11 9.947806e+05 8.903763e+05 
211109 4.165603e+11 2.186251e+05 8.038280e+05 
222220 4.165603e+11 3.732115e+05 8.521923e+05 
233331 4.165603e+11 5.484303e+05 9.186302e+05 
244442 4.165603e+11 8.011498e+05 9.797112e+05 
0 4.228718e+11 6.577287e+02 1.269857e+03 
11111 4.228718e+11 2.523675e+05 3.419738e+04 
22222 4.228718e+11 5.371663e+05 6.718068e+04 
33333 4.228718e+11 7.730965e+05 1.406278e+05 
44444 4.228718e+11 9.373747e+05 2.910583e+05 
55555 4.228718e+11 1.176922e+05 2.071446e+05 
66666 4.228718e+11 3.700869e+05 2.168875e+05 
77777 4.228718e+11 6.115493e+05 2.765280e+05 
88888 4.228718e+11 8.167442e+05 4.132443e+05 
99999 4.228718e+11 9.989223e+05 6.118609e+05 
111110 4.228718e+11 2.297063e+05 3.816606e+05 
122221 4.228718e+11 4.578440e+05 4.128325e+05 
133332 4.228718e+11 6.675703e+05 5.082800e+05 
144443 4.228718e+11 8.499539e+05 7.161590e+05 
155554 4.228718e+11 1.051854e+05 5.948410e+05 
166665 4.228718e+11 3.122532e+05 6.013847e+05 
177776 4.228718e+11 5.084243e+05 6.582613e+05 
188887 4.228718e+11 6.807326e+05 7.786712e+05 
199998 4.228718e+11 9.947464e+05 8.911134e+05 
211109 4.228718e+11 2.185328e+05 8.034418e+05 
222220 4.228718e+11 3.726458e+05 8.518316e+05 
233331 4.228718e+11 5.473143e+05 9.184554e+05 
244442 4.228718e+11 8.000147e+05 9.797847e+05 
0 4.291834e+11 6.577332e+02 1.269847e+03 
11111 4.291834e+11 2.526760e+05 3.411225e+04 
22222 4.291834e+11 5.382129e+05 6.704455e+04 
33333 4.291834e+11 7.740445e+05 1.408885e+05 
44444 4.291834e+11 9.377219e+05 2.928553e+05 
55555 4.291834e+11 1.177772e+05 2.069541e+05 
66666 4.291834e+11 3.703905e+05 2.164172e+05 
77777 4.291834e+11 6.120296e+05 2.761885e+05 
88888 4.291834e+11 8.170270e+05 4.135929e+05 
99999 4.291834e+11 9.989188e+05 6.140209e+05 
111110 4.291834e+11 2.297872e+05 3.811592e+05 
122221 4.291834e+11 4.580606e+05 4.122243e+05 
133332 4.291834e+11 6.677240e+05 5.080002e+05 
144443 4.291834e+11 8.493728e+05 7.173342e+05 
155554 4.291834e+11 1.051466e+05 5.945611e+05 
166665 4.291834e+11 3.121895e+05 6.006929e+05 
177776 4.291834e+11 5.082532e+05 6.576093e+05 
188887 4.291834e+11 6.798513e+05 7.786016e+05 
199998 4.291834e+11 9.947121e+05 8.918407e+05 
211109 4.291834e+11 2.184426e+05 8.030598e+05 
222220 4.291834e+11 3.720872e+05 8.514743e+05 
233331 4.291834e+11 5.462107e+05 9.182802e+05 
244442 4.291834e+11 7.988825e+05 9.798567e+05 
0 4.354949e+11 6.577377e+02 1.269836e+03 
11111 4.354949e+11 2.529818e+05 3.402777e+04 
22222 4.354949e+11 5.392525e+05 6.691103e+04 
33333 4.354949e+11 7.749823e+05 1.411473e+05 
44444 4.354949e+11 9.380606e+05 2.946527e+05 
55555 4.354949e+11 1.178620e+05 2.067654e+05 
66666 4.354949e+11 3.706864e+05 2.159630e+05 
77777 4.354949e+11 6.124982e+05 2.758512e+05 
88888 4.354949e+11 8.173027e+05 4.139343e+05 
99999 4.354949e+11 9.989154e+05 6.161572e+05 
111110 4.354949e+11 2.298706e+05 3.806689e+05 
122221 4.354949e+11 4.582749e+05 4.116248e+05 
133332 4.354949e+11 6.678809e+05 5.077162e+05 
144443 4.354949e+11 8.487934e+05 7.184927e+05 
155554 4.354949e+11 1.051101e+05 5.942822e+05 
166665 4.354949e+11 3.121276e+05 6.000184e+05 
177776 4.354949e+11 5.080911e+05 6.569605e+05 
188887 4.354949e+11 6.789812e+05 7.785277e+05 
199998 4.354949e+11 9.946779e+05 8.925581e+05 
211109 4.354949e+11 2.183553e+05 8.026804e+05 
222220 4.354949e+11 3.715367e+05 8.511228e+05 
233331 4.354949e+11 5.451207e+05 9.181045e+05 
244442 4.354949e+11 7.977542e+05 9.799274e+05 
0 4.418064e+11 6.577421e+02 1.269826e+03 
11111 4.418064e+11 2.532866e+05 3.394400e+04 
22222 4.418064e+11 5.402870e+05 6.677877e+04 
33333 4.418064e+11 7.759105e+05 1.414062e+05 
44444 4.418064e+11 9.383910e+05 2.964508e+05 
55555 4.418064e+11 1.179455e+05 2.065811e+05 
66666 4.418064e+11 3.709801e+05 2.155073e+05 
77777 4.418064e+11 6.129631e+05 2.755195e+05 
88888 4.418064e+11 8.175713e+05 4.142706e+05 
99999 4.418064e+11 9.989119e+05 6.182706e+05 
111110 4.418064e+11 2.299467e+05 3.801800e+05 
122221 4.418064e+11 4.584849e+05 4.110291e+05 
133332 4.418064e+11 6.680384e+05 5.074368e+05 
144443 4.418064e+11 8.482158e+05 7.196353e+05 
155554 4.418064e+11 1.050735e+05 5.940071e+05 
166665 4.418064e+11 3.120742e+05 5.993553e+05 
177776 4.418064e+11 5.079325e+05 6.563145e+05 
188887 4.418064e+11 6.781172e+05 7.784433e+05 
199998 4.418064e+11 9.946436e+05 8.932661e+05 
211109 4.418064e+11 2.182705e+05 8.023037e+05 
222220 4.418064e+11 3.709939e+05 8.507740e+05 
233331 4.418064e+11 5.440423e+05 9.179287e+05 
244442 4.418064e+11 7.966290e+05 9.799967e+05 
0 4.481179e+11 6.577465e+02 1.269815e+03 
11111 4.481179e+11 2.535901e+05 3.386063e+04 
22222 4.481179e+11 5.413155e+05 6.664910e+04 
33333 4.481179e+11 7.768292e+05 1.416635e+05 
44444 4.481179e+11 9.387127e+05 2.982501e+05 
55555 4.481179e+11 1.180293e+05 2.063951e+05 
66666 4.481179e+11 3.712760e+05 2.150590e+05 
77777 4.481179e+11 6.134180e+05 2.751896e+05 
88888 4.481179e+11 8.178362e+05 4.146010e+05 
99999 4.481179e+11 9.989084e+05 6.203620e+05 
111110 4.481179e+11 2.300198e+05 3.797037e+05 
122221 4.481179e+11 4.586969e+05 4.104482e+05 
133332 4.481179e+11 6.681944e+05 5.071539e+05 
144443 4.481179e+11 8.476395e+05 7.207623e+05 
155554 4.481179e+11 1.050359e+05 5.937338e+05 
166665 4.481179e+11 3.120220e+05 5.986954e+05 
177776 4.481179e+11 5.077836e+05 6.556681e+05 
188887 4.481179e+11 6.772671e+05 7.783415e+05 
199998 4.481179e+11 9.946094e+05 8.939648e+05 
211109 4.481179e+11 2.181888e+05 8.019317e+05 
222220 4.481179e+11 3.704585e+05 8.504264e+05 
233331 4.481179e+11 5.429759e+05 9.177529e+05 
244442 4.481179e+11 7.955070e+05 9.800648e+05 
0 4.544294e+11 6.577509e+02 1.269805e+03 
11111 4.544294e+11 2.538930e+05 3.377781e+04 
22222 4.544294e+11 5.423377e+05 6.652062e+04 
33333 4.544294e+11 7.777388e+05 1.419197e+05 
44444 4.544294e+11 9.390260e+05 3.000494e+05 
55555 4.544294e+11 1.181101e+05 2.062144e+05 
66666 4.544294e+11 3.715666e+05 2.146142e+05 
77777 4.544294e+11 6.138661e+05 2.748647e+05 
88888 4.544294e+11 8.180947e+05 4.149351e+05 
99999 4.544294e+11 9.989048e+05 6.224306e+05 
111110 4.544294e+11 2.300939e+05 3.792356e+05 
122221 4.544294e+11 4.589072e+05 4.098713e+05 
133332 4.544294e+11 6.683550e+05 5.068774e+05 
144443 4.544294e+11 8.470651e+05 7.218737e+05 
155554 4.544294e+11 1.049982e+05 5.934669e+05 
166665 4.544294e+11 3.119663e+05 5.980371e+05 
177776 4.544294e+11 5.076383e+05 6.550220e+05 
188887 4.544294e+11 6.764290e+05 7.782245e+05 
199998 4.544294e+11 9.945752e+05 8.946542e+05 
211109 4.544294e+11 2.181098e+05 8.015635e+05 
222220 4.544294e+11 3.699300e+05 8.500821e+05 
233331 4.544294e+11 5.419210e+05 9.175770e+05 
244442 4.544294e+11 7.943885e+05 9.801315e+05 
0 4.607410e+11 6.577553e+02 1.269794e+03 
11111 4.607410e+11 2.541942e+05 3.369568e+04 
22222 4.607410e+11 5.433542e+05 6.639439e+04 
33333 4.607410e+11 7.786394e+05 1.421754e+05 
44444 4.607410e+11 9.393305e+05 3.018490e+05 
55555 4.607410e+11 1.181900e+05 2.060336e+05 
66666 4.607410e+11 3.718490e+05 2.141719e+05 
77777 4.607410e+11 6.143093e+05 2.745451e+05 
88888 4.607410e+11 8.183438e+05 4.152643e+05 
99999 4.607410e+11 9.989013e+05 6.244768e+05 
111110 4.607410e+11 2.301669e+05 3.787662e+05 
122221 4.607410e+11 4.591122e+05 4.093008e+05 
133332 4.607410e+11 6.685127e+05 5.065941e+05 
144443 4.607410e+11 8.464926e+05 7.229698e+05 
155554 4.607410e+11 1.049627e+05 5.932019e+05 
166665 4.607410e+11 3.119117e+05 5.973859e+05 
177776 4.607410e+11 5.074970e+05 6.543858e+05 
188887 4.607410e+11 6.756031e+05 7.780904e+05 
199998 4.607410e+11 9.945410e+05 8.953346e+05 
211109 4.607410e+11 2.180332e+05 8.011978e+05 
222220 4.607410e+11 3.694096e+05 8.497437e+05 
233331 4.607410e+11 5.408790e+05 9.174004e+05 
244442 4.607410e+11 7.932735e+05 9.801970e+05 
0 4.670525e+11 6.577596e+02 1.269784e+03 
11111 4.670525e+11 2.544933e+05 3.361415e+04 
22222 4.670525e+11 5.443655e+05 6.627032e+04 
33333 4.670525e+11 7.795311e+05 1.424306e+05 
44444 4.670525e+11 9.396267e+05 3.036488e+05 
55555 4.670525e+11 1.182693e+05 2.058556e+05 
66666 4.670525e+11 3.721315e+05 2.137408e+05 
77777 4.670525e+11 6.147461e+05 2.742280e+05 
88888 4.670525e+11 8.185923e+05 4.155950e+05 
99999 4.670525e+11 9.988977e+05 6.265012e+05 
111110 4.670525e+11 2.302400e+05 3.783027e+05 
122221 4.670525e+11 4.593209e+05 4.087406e+05 
133332 4.670525e+11 6.686681e+05 5.063149e+05 
144443 4.670525e+11 8.459215e+05 7.240506e+05 
155554 4.670525e+11 1.049281e+05 5.929407e+05 
166665 4.670525e+11 3.118573e+05 5.967302e+05 
177776 4.670525e+11 5.073645e+05 6.537473e+05 
188887 4.670525e+11 6.747871e+05 7.779415e+05 
199998 4.670525e+11 9.945068e+05 8.960059e+05 
211109 4.670525e+11 2.179592e+05 8.008360e+05 
222220 4.670525e+11 3.688966e+05 8.494074e+05 
233331 4.670525e+11 5.398487e+05 9.172237e+05 
244442 4.670525e+11 7.921624e+05 9.802612e+05 
0 4.733640e+11 6.577640e+02 1.269774e+03 
11111 4.733640e+11 2.547912e+05 3.353323e+04 
22222 4.733640e+11 5.453711e+05 6.614751e+04 
33333 4.733640e+11 7.804142e+05 1.426852e+05 
44444 4.733640e+11 9.399143e+05 3.054483e+05 
55555 4.733640e+11 1.183475e+05 2.056794e+05 
66666 4.733640e+11 3.724178e+05 2.133096e+05 
77777 4.733640e+11 6.151730e+05 2.739154e+05 
88888 4.733640e+11 8.188368e+05 4.159216e+05 
99999 4.733640e+11 9.988941e+05 6.285046e+05 
111110 4.733640e+11 2.303151e+05 3.778436e+05 
122221 4.733640e+11 4.595228e+05 4.081937e+05 
133332 4.733640e+11 6.688242e+05 5.060335e+05 
144443 4.733640e+11 8.453520e+05 7.251169e+05 
155554 4.733640e+11 1.048919e+05 5.926800e+05 
166665 4.733640e+11 3.118035e+05 5.960857e+05 
177776 4.733640e+11 5.072377e+05 6.531199e+05 
188887 4.733640e+11 6.739840e+05 7.777811e+05 
199998 4.733640e+11 9.944726e+05 8.966686e+05 
211109 4.733640e+11 2.178875e+05 8.004770e+05 
222220 4.733640e+11 3.683902e+05 8.490729e+05 
233331 4.733640e+11 5.388288e+05 9.170468e+05 
244442 4.733640e+11 7.910546e+05 9.803243e+05 
0 4.796755e+11 6.577683e+02 1.269764e+03 
11111 4.796755e+11 2.550884e+05 3.345263e+04 
22222 4.796755e+11 5.463705e+05 6.602617e+04 
33333 4.796755e+11 7.812886e+05 1.429387e+05 
44444 4.796755e+11 9.401937e+05 3.072474e+05 
55555 4.796755e+11 1.184240e+05 2.055061e+05 
66666 4.796755e+11 3.726935e+05 2.128794e+05 
77777 4.796755e+11 6.155958e+05 2.736078e+05 
88888 4.796755e+11 8.190798e+05 4.162611e+05 
99999 4.796755e+11 9.988905e+05 6.304866e+05 
111110 4.796755e+11 2.303918e+05 3.773867e+05 
122221 4.796755e+11 4.597234e+05 4.076462e+05 
133332 4.796755e+11 6.689830e+05 5.057559e+05 
144443 4.796755e+11 8.447843e+05 7.261695e+05 
155554 4.796755e+11 1.048557e+05 5.924219e+05 
166665 4.796755e+11 3.117534e+05 5.954471e+05 
177776 4.796755e+11 5.071174e+05 6.524875e+05 
188887 4.796755e+11 6.731916e+05 7.776184e+05 
199998 4.796755e+11 9.944384e+05 8.973230e+05 
211109 4.796755e+11 2.178188e+05 8.001219e+05 
222220 4.796755e+11 3.678909e+05 8.487392e+05 
233331 4.796755e+11 5.378195e+05 9.168700e+05 
244442 4.796755e+11 7.899500e+05 9.803861e+05 
0 4.859870e+11 6.577726e+02 1.269754e+03 
11111 4.859870e+11 2.553848e+05 3.337270e+04 
22222 4.859870e+11 5.473655e+05 6.590626e+04 
33333 4.859870e+11 7.821551e+05 1.431913e+05 
44444 4.859870e+11 9.404651e+05 3.090463e+05 
55555 4.859870e+11 1.184981e+05 2.053351e+05 
66666 4.859870e+11 3.729675e+05 2.124559e+05 
77777 4.859870e+11 6.160128e+05 2.733059e+05 
88888 4.859870e+11 8.193131e+05 4.165904e+05 
99999 4.859870e+11 9.988868e+05 6.324477e+05 
111110 4.859870e+11 2.304626e+05 3.769359e+05 
122221 4.859870e+11 4.599232e+05 4.071068e+05 
133332 4.859870e+11 6.691390e+05 5.054786e+05 
144443 4.859870e+11 8.442184e+05 7.272079e+05 
155554 4.859870e+11 1.048185e+05 5.921703e+05 
166665 4.859870e+11 3.116997e+05 5.948150e+05 
177776 4.859870e+11 5.069986e+05 6.518527e+05 
188887 4.859870e+11 6.724108e+05 7.774404e+05 
199998 4.859870e+11 9.944043e+05 8.979690e+05 
211109 4.859870e+11 2.177522e+05 7.997678e+05 
222220 4.859870e+11 3.673972e+05 8.484114e+05 
233331 4.859870e+11 5.368214e+05 9.166935e+05 
244442 4.859870e+11 7.888491e+05 9.804468e+05 
0 4.922986e+11 6.577769e+02 1.269744e+03 
11111 4.922986e+11 2.556793e+05 3.329373e+04 
22222 4.922986e+11 5.483542e+05 6.578774e+04 
33333 4.922986e+11 7.830127e+05 1.434431e+05 
44444 4.922986e+11 9.407281e+05 3.108433e+05 
55555 4.922986e+11 1.185710e+05 2.051638e+05 
66666 4.922986e+11 3.732336e+05 2.120401e+05 
77777 4.922986e+11 6.164213e+05 2.730073e+05 
88888 4.922986e+11 8.195447e+05 4.169171e+05 
99999 4.922986e+11 9.988832e+05 6.343872e+05 
111110 4.922986e+11 2.305328e+05 3.764901e+05 
122221 4.922986e+11 4.601195e+05 4.065837e+05 
133332 4.922986e+11 6.692965e+05 5.052009e+05 
144443 4.922986e+11 8.436545e+05 7.282320e+05 
155554 4.922986e+11 1.047844e+05 5.919265e+05 
166665 4.922986e+11 3.116460e+05 5.941755e+05 
177776 4.922986e+11 5.068958e+05 6.512301e+05 
188887 4.922986e+11 6.716400e+05 7.772534e+05 
199998 4.922986e+11 9.943701e+05 8.986065e+05 
211109 4.922986e+11 2.176875e+05 7.994173e+05 
222220 4.922986e+11 3.669115e+05 8.480894e+05 
233331 4.922986e+11 5.358354e+05 9.165165e+05 
244442 4.922986e+11 7.877524e+05 9.805062e+05 
0 4.986101e+11 6.577812e+02 1.269734e+03 
11111 4.986101e+11 2.559724e+05 3.321510e+04 
22222 4.986101e+11 5.493373e+05 6.567064e+04 
33333 4.986101e+11 7.838625e+05 1.436937e+05 
44444 4.986101e+11 9.409831e+05 3.126405e+05 
55555 4.986101e+11 1.186400e+05 2.049963e+05 
66666 4.986101e+11 3.735010e+05 2.116269e+05 
77777 4.986101e+11 6.168278e+05 2.727119e+05 
88888 4.986101e+11 8.197738e+05 4.172447e+05 
99999 4.986101e+11 9.988795e+05 6.363076e+05 
111110 4.986101e+11 2.306058e+05 3.760507e+05 
122221 4.986101e+11 4.603133e+05 4.060563e+05 
133332 4.986101e+11 6.694563e+05 5.049215e+05 
144443 4.986101e+11 8.430921e+05 7.292430e+05 
155554 4.986101e+11 1.047513e+05 5.916828e+05 
166665 4.986101e+11 3.115954e+05 5.935482e+05 
177776 4.986101e+11 5.067994e+05 6.506091e+05 
188887 4.986101e+11 6.708819e+05 7.770603e+05 
199998 4.986101e+11 9.943359e+05 8.992363e+05 
211109 4.986101e+11 2.176251e+05 7.990681e+05 
222220 4.986101e+11 3.664314e+05 8.477718e+05 
233331 4.986101e+11 5.348598e+05 9.163393e+05 
244442 4.986101e+11 7.866587e+05 9.805645e+05 
0 5.049216e+11 6.577856e+02 1.269724e+03 
11111 5.049216e+11 2.562649e+05 3.313714e+04 
22222 5.049216e+11 5.503144e+05 6.555449e+04 
33333 5.049216e+11 7.847052e+05 1.439431e+05 
44444 5.049216e+11 9.412301e+05 3.144373e+05 
55555 5.049216e+11 1.187064e+05 2.048305e+05 
66666 5.049216e+11 3.737690e+05 2.112182e+05 
77777 5.049216e+11 6.172305e+05 2.724245e+05 
88888 5.049216e+11 8.200030e+05 4.175736e+05 
99999 5.049216e+11 9.988758e+05 6.382096e+05 
111110 5.049216e+11 2.306772e+05 3.756123e+05 
122221 5.049216e+11 4.605071e+05 4.055372e+05 
133332 5.049216e+11 6.696115e+05 5.046470e+05 
144443 5.049216e+11 8.425307e+05 7.302414e+05 
155554 5.049216e+11 1.047194e+05 5.914426e+05 
166665 5.049216e+11 3.115403e+05 5.929237e+05 
177776 5.049216e+11 5.067010e+05 6.499866e+05 
188887 5.049216e+11 6.701305e+05 7.768618e+05 
199998 5.049216e+11 9.943018e+05 8.998586e+05 
211109 5.049216e+11 2.175652e+05 7.987193e+05 
222220 5.049216e+11 3.659562e+05 8.474575e+05 
233331 5.049216e+11 5.338932e+05 9.161622e+05 
244442 5.049216e+11 7.855679e+05 9.806218e+05 
0 5.112331e+11 6.577900e+02 1.269714e+03 
11111 5.112331e+11 2.565560e+05 3.305998e+04 
22222 5.112331e+11 5.512871e+05 6.543992e+04 
33333 5.112331e+11 7.855404e+05 1.441927e+05 
44444 5.112331e+11 9.414701e+05 3.162334e+05 
55555 5.112331e+11 1.187726e+05 2.046642e+05 
66666 5.112331e+11 3.740238e+05 2.108075e+05 
77777 5.112331e+11 6.176247e+05 2.721387e+05 
88888 5.112331e+11 8.202305e+05 4.178938e+05 
99999 5.112331e+11 9.988721e+05 6.400924e+05 
111110 5.112331e+11 2.307463e+05 3.751761e+05 
122221 5.112331e+11 4.607025e+05 4.050259e+05 
133332 5.112331e+11 6.697751e+05 5.043711e+05 
144443 5.112331e+11 8.419709e+05 7.312272e+05 
155554 5.112331e+11 1.046867e+05 5.912116e+05 
166665 5.112331e+11 3.114870e+05 5.922939e+05 
177776 5.112331e+11 5.066105e+05 6.493731e+05 
188887 5.112331e+11 6.693912e+05 7.766512e+05 
199998 5.112331e+11 9.942676e+05 9.004734e+05 
211109 5.112331e+11 2.175071e+05 7.983727e+05 
222220 5.112331e+11 3.654880e+05 8.471489e+05 
233331 5.112331e+11 5.329382e+05 9.159845e+05 
244442 5.112331e+11 7.844803e+05 9.806779e+05 
0 5.175446e+11 6.577943e+02 1.269704e+03 
11111 5.175446e+11 2.568454e+05 3.298322e+04 
22222 5.175446e+11 5.522557e+05 6.532696e+04 
33333 5.175446e+11 7.863678e+05 1.444419e+05 
44444 5.175446e+11 9.417020e+05 3.180278e+05 
55555 5.175446e+11 1.188375e+05 2.044982e+05 
66666 5.175446e+11 3.742779e+05 2.104047e+05 
77777 5.175446e+11 6.180120e+05 2.718618e+05 
88888 5.175446e+11 8.204523e+05 4.182271e+05 
99999 5.175446e+11 9.988684e+05 6.419556e+05 
111110 5.175446e+11 2.308167e+05 3.747454e+05 
122221 5.175446e+11 4.608989e+05 4.045150e+05 
133332 5.175446e+11 6.699354e+05 5.040999e+05 
144443 5.175446e+11 8.414130e+05 7.322006e+05 
155554 5.175446e+11 1.046543e+05 5.909820e+05 
166665 5.175446e+11 3.114329e+05 5.916712e+05 
177776 5.175446e+11 5.065251e+05 6.487644e+05 
188887 5.175446e+11 6.686636e+05 7.764431e+05 
199998 5.175446e+11 9.942334e+05 9.010806e+05 
211109 5.175446e+11 2.174502e+05 7.980278e+05 
222220 5.175446e+11 3.650246e+05 8.468446e+05 
233331 5.175446e+11 5.319928e+05 9.158064e+05 
244442 5.175446e+11 7.833958e+05 9.807330e+05 
0 5.238562e+11 6.577987e+02 1.269694e+03 
11111 5.238562e+11 2.571347e+05 3.290711e+04 
22222 5.238562e+11 5.532185e+05 6.521558e+04 
33333 5.238562e+11 7.871875e+05 1.446898e+05 
44444 5.238562e+11 9.419262e+05 3.198201e+05 
55555 5.238562e+11 1.189004e+05 2.043331e+05 
66666 5.238562e+11 3.745343e+05 2.100037e+05 
77777 5.238562e+11 6.183943e+05 2.715902e+05 
88888 5.238562e+11 8.206752e+05 4.185624e+05 
99999 5.238562e+11 9.988646e+05 6.437994e+05 
111110 5.238562e+11 2.308901e+05 3.743193e+05 
122221 5.238562e+11 4.610884e+05 4.040086e+05 
133332 5.238562e+11 6.700928e+05 5.038285e+05 
144443 5.238562e+11 8.408570e+05 7.331607e+05 
155554 5.238562e+11 1.046235e+05 5.907497e+05 
166665 5.238562e+11 3.113808e+05 5.910584e+05 
177776 5.238562e+11 5.064441e+05 6.481613e+05 
188887 5.238562e+11 6.679407e+05 7.762415e+05 
199998 5.238562e+11 9.941993e+05 9.016803e+05 
211109 5.238562e+11 2.173955e+05 7.976851e+05 
222220 5.238562e+11 3.645672e+05 8.465450e+05 
233331 5.238562e+11 5.310581e+05 9.156283e+05 
244442 5.238562e+11 7.823152e+05 9.807871e+05 
0 5.301677e+11 6.578030e+02 1.269684e+03 
11111 5.301677e+11 2.574233e+05 3.283131e+04 
22222 5.301677e+11 5.541768e+05 6.510514e+04 
33333 5.301677e+11 7.880005e+05 1.449378e+05 
44444 5.301677e+11 9.421425e+05 3.216118e+05 
55555 5.301677e+11 1.189599e+05 2.041676e+05 
66666 5.301677e+11 3.747886e+05 2.096069e+05 
77777 5.301677e+11 6.187812e+05 2.713255e+05 
88888 5.301677e+11 8.209033e+05 4.188932e+05 
99999 5.301677e+11 9.988609e+05 6.456254e+05 
111110 5.301677e+11 2.309599e+05 3.738943e+05 
122221 5.301677e+11 4.612816e+05 4.035103e+05 
133332 5.301677e+11 6.702492e+05 5.035665e+05 
144443 5.301677e+11 8.403024e+05 7.341092e+05 
155554 5.301677e+11 1.045897e+05 5.905261e+05 
166665 5.301677e+11 3.113277e+05 5.904421e+05 
177776 5.301677e+11 5.063611e+05 6.475627e+05 
188887 5.301677e+11 6.672276e+05 7.760428e+05 
199998 5.301677e+11 9.941651e+05 9.022731e+05 
211109 5.301677e+11 2.173419e+05 7.973437e+05 
222220 5.301677e+11 3.641146e+05 8.462506e+05 
233331 5.301677e+11 5.301340e+05 9.154498e+05 
244442 5.301677e+11 7.812370e+05 9.808401e+05 
0 5.364792e+11 6.578073e+02 1.269674e+03 
11111 5.364792e+11 2.577108e+05 3.275632e+04 
22222 5.364792e+11 5.551303e+05 6.499590e+04 
33333 5.364792e+11 7.888069e+05 1.451848e+05 
44444 5.364792e+11 9.423514e+05 3.234020e+05 
55555 5.364792e+11 1.190174e+05 2.040063e+05 
66666 5.364792e+11 3.750340e+05 2.092126e+05 
77777 5.364792e+11 6.191536e+05 2.710633e+05 
88888 5.364792e+11 8.211272e+05 4.192196e+05 
99999 5.364792e+11 9.988571e+05 6.474337e+05 
111110 5.364792e+11 2.310286e+05 3.734719e+05 
122221 5.364792e+11 4.614709e+05 4.030140e+05 
133332 5.364792e+11 6.704075e+05 5.033021e+05 
144443 5.364792e+11 8.397491e+05 7.350464e+05 
155554 5.364792e+11 1.045599e+05 5.903048e+05 
166665 5.364792e+11 3.112746e+05 5.898290e+05 
177776 5.364792e+11 5.062890e+05 6.469684e+05 
188887 5.364792e+11 6.665238e+05 7.758424e+05 
199998 5.364792e+11 9.941309e+05 9.028590e+05 
211109 5.364792e+11 2.172900e+05 7.970051e+05 
222220 5.364792e+11 3.636683e+05 8.459592e+05 
233331 5.364792e+11 5.292188e+05 9.152711e+05 
244442 5.364792e+11 7.801620e+05 9.808921e+05 
0 5.427907e+11 6.578116e+02 1.269664e+03 
11111 5.427907e+11 2.579977e+05 3.268175e+04 
22222 5.427907e+11 5.560806e+05 6.488819e+04 
33333 5.427907e+11 7.896075e+05 1.454324e+05 
44444 5.427907e+11 9.425530e+05 3.251917e+05 
55555 5.427907e+11 1.190713e+05 2.038453e+05 
66666 5.427907e+11 3.752756e+05 2.088244e+05 
77777 5.427907e+11 6.195234e+05 2.708122e+05 
88888 5.427907e+11 8.213502e+05 4.195428e+05 
99999 5.427907e+11 9.988533e+05 6.492248e+05 
111110 5.427907e+11 2.310996e+05 3.730567e+05 
122221 5.427907e+11 4.616610e+05 4.025206e+05 
133332 5.427907e+11 6.705649e+05 5.030373e+05 
144443 5.427907e+11 8.391970e+05 7.359728e+05 
155554 5.427907e+11 1.045289e+05 5.900856e+05 
166665 5.427907e+11 3.112289e+05 5.892218e+05 
177776 5.427907e+11 5.062242e+05 6.463775e+05 
188887 5.427907e+11 6.658266e+05 7.756363e+05 
199998 5.427907e+11 9.940967e+05 9.034383e+05 
211109 5.427907e+11 2.172399e+05 7.966679e+05 
222220 5.427907e+11 3.632259e+05 8.456708e+05 
233331 5.427907e+11 5.283128e+05 9.150925e+05 
244442 5.427907e+11 7.790898e+05 9.809431e+05 
0 5.491022e+11 6.578159e+02 1.269654e+03 
11111 5.491022e+11 2.582835e+05 3.260763e+04 
22222 5.491022e+11 5.570256e+05 6.478181e+04 
33333 5.491022e+11 7.904008e+05 1.456786e+05 
44444 5.491022e+11 9.427481e+05 3.269791e+05 
55555 5.491022e+11 1.191256e+05 2.036843e+05 
66666 5.491022e+11 3.755208e+05 2.084364e+05 
77777 5.491022e+11 6.198865e+05 2.705645e+05 
88888 5.491022e+11 8.215728e+05 4.198678e+05 
99999 5.491022e+11 9.988496e+05 6.509977e+05 
111110 5.491022e+11 2.311679e+05 3.726438e+05 
122221 5.491022e+11 4.618469e+05 4.020367e+05 
133332 5.491022e+11 6.707198e+05 5.027724e+05 
144443 5.491022e+11 8.386468e+05 7.368878e+05 
155554 5.491022e+11 1.044983e+05 5.898681e+05 
166665 5.491022e+11 3.111849e+05 5.886265e+05 
177776 5.491022e+11 5.061542e+05 6.457941e+05 
188887 5.491022e+11 6.651372e+05 7.754337e+05 
199998 5.491022e+11 9.940625e+05 9.040107e+05 
211109 5.491022e+11 2.171913e+05 7.963321e+05 
222220 5.491022e+11 3.627887e+05 8.453851e+05 
233331 5.491022e+11 5.274162e+05 9.149141e+05 
244442 5.491022e+11 7.780208e+05 9.809932e+05 
0 5.554138e+11 6.578202e+02 1.269645e+03 
11111 5.554138e+11 2.585694e+05 3.253397e+04 
22222 5.554138e+11 5.579659e+05 6.467600e+04 
33333 5.554138e+11 7.911878e+05 1.459253e+05 
44444 5.554138e+11 9.429356e+05 3.287648e+05 
55555 5.554138e+11 1.191775e+05 2.035234e+05 
66666 5.554138e+11 3.757606e+05 2.080550e+05 
77777 5.554138e+11 6.202454e+05 2.703246e+05 
88888 5.554138e+11 8.217945e+05 4.201908e+05 
99999 5.554138e+11 9.988458e+05 6.527535e+05 
111110 5.554138e+11 2.312390e+05 3.722333e+05 
122221 5.554138e+11 4.620352e+05 4.015625e+05 
133332 5.554138e+11 6.708804e+05 5.025111e+05 
144443 5.554138e+11 8.380974e+05 7.377912e+05 
155554 5.554138e+11 1.044665e+05 5.896556e+05 
166665 5.554138e+11 3.111359e+05 5.880284e+05 
177776 5.554138e+11 5.060893e+05 6.452170e+05 
188887 5.554138e+11 6.644577e+05 7.752300e+05 
199998 5.554138e+11 9.940283e+05 9.045762e+05 
211109 5.554138e+11 2.171436e+05 7.959999e+05 
222220 5.554138e+11 3.623571e+05 8.451038e+05 
233331 5.554138e+11 5.265301e+05 9.147358e+05 
244442 5.554138e+11 7.769562e+05 9.810422e+05 
0 5.617253e+11 6.578246e+02 1.269635e+03 
11111 5.617253e+11 2.588550e+05 3.246086e+04 
22222 5.617253e+11 5.589021e+05 6.457147e+04 
33333 5.617253e+11 7.919685e+05 1.461712e+05 
44444 5.617253e+11 9.431165e+05 3.305488e+05 
55555 5.617253e+11 1.192281e+05 2.033610e+05 
66666 5.617253e+11 3.759923e+05 2.076723e+05 
77777 5.617253e+11 6.206032e+05 2.700826e+05 
88888 5.617253e+11 8.220179e+05 4.205022e+05 
99999 5.617253e+11 9.988419e+05 6.544922e+05 
111110 5.617253e+11 2.313118e+05 3.718246e+05 
122221 5.617253e+11 4.622237e+05 4.010870e+05 
133332 5.617253e+11 6.710341e+05 5.022501e+05 
144443 5.617253e+11 8.375491e+05 7.386832e+05 
155554 5.617253e+11 1.044360e+05 5.894453e+05 
166665 5.617253e+11 3.110860e+05 5.874369e+05 
177776 5.617253e+11 5.060192e+05 6.446468e+05 
188887 5.617253e+11 6.637815e+05 7.750180e+05 
199998 5.617253e+11 9.939941e+05 9.051346e+05 
211109 5.617253e+11 2.170973e+05 7.956706e+05 
222220 5.617253e+11 3.619316e+05 8.448263e+05 
233331 5.617253e+11 5.256542e+05 9.145573e+05 
244442 5.617253e+11 7.758958e+05 9.810902e+05 
0 5.680368e+11 6.578289e+02 1.269625e+03 
11111 5.680368e+11 2.591400e+05 3.238851e+04 
22222 5.680368e+11 5.598346e+05 6.446864e+04 
33333 5.680368e+11 7.927426e+05 1.464171e+05 
44444 5.680368e+11 9.432902e+05 3.323304e+05 
55555 5.680368e+11 1.192738e+05 2.032001e+05 
66666 5.680368e+11 3.762208e+05 2.072962e+05 
77777 5.680368e+11 6.209533e+05 2.698405e+05 
88888 5.680368e+11 8.222400e+05 4.208099e+05 
99999 5.680368e+11 9.988381e+05 6.562139e+05 
111110 5.680368e+11 2.313792e+05 3.714240e+05 
122221 5.680368e+11 4.624100e+05 4.006137e+05 
133332 5.680368e+11 6.711946e+05 5.019928e+05 
144443 5.680368e+11 8.370022e+05 7.395646e+05 
155554 5.680368e+11 1.044069e+05 5.892394e+05 
166665 5.680368e+11 3.110443e+05 5.868576e+05 
177776 5.680368e+11 5.059568e+05 6.440761e+05 
188887 5.680368e+11 6.631208e+05 7.748146e+05 
199998 5.680368e+11 9.939600e+05 9.056867e+05 
211109 5.680368e+11 2.170517e+05 7.953440e+05 
222220 5.680368e+11 3.615112e+05 8.445522e+05 
233331 5.680368e+11 5.247879e+05 9.143788e+05 
244442 5.680368e+11 7.748389e+05 9.811372e+05 
0 5.743483e+11 6.578333e+02 1.269615e+03 
11111 5.743483e+11 2.594238e+05 3.231668e+04 
22222 5.743483e+11 5.607626e+05 6.436677e+04 
33333 5.743483e+11 7.935109e+05 1.466624e+05 
44444 5.743483e+11 9.434573e+05 3.341103e+05 
55555 5.743483e+11 1.193162e+05 2.030378e+05 
66666 5.743483e+11 3.764510e+05 2.069237e+05 
77777 5.743483e+11 6.213048e+05 2.696005e+05 
88888 5.743483e+11 8.224585e+05 4.211142e+05 
99999 5.743483e+11 9.988343e+05 6.579198e+05 
111110 5.743483e+11 2.314431e+05 3.710256e+05 
122221 5.743483e+11 4.625950e+05 4.001488e+05 
133332 5.743483e+11 6.713523e+05 5.017376e+05 
144443 5.743483e+11 8.364566e+05 7.404358e+05 
155554 5.743483e+11 1.043792e+05 5.890324e+05 
166665 5.743483e+11 3.110064e+05 5.862856e+05 
177776 5.743483e+11 5.058942e+05 6.435102e+05 
188887 5.743483e+11 6.624611e+05 7.746116e+05 
199998 5.743483e+11 9.939258e+05 9.062326e+05 
211109 5.743483e+11 2.170069e+05 7.950201e+05 
222220 5.743483e+11 3.610949e+05 8.442799e+05 
233331 5.743483e+11 5.239299e+05 9.142004e+05 
244442 5.743483e+11 7.737847e+05 9.811833e+05 
0 5.806598e+11 6.578377e+02 1.269605e+03 
11111 5.806598e+11 2.597071e+05 3.224536e+04 
22222 5.806598e+11 5.616864e+05 6.426600e+04 
33333 5.806598e+11 7.942737e+05 1.469073e+05 
44444 5.806598e+11 9.436182e+05 3.358883e+05 
55555 5.806598e+11 1.193576e+05 2.028756e+05 
66666 5.806598e+11 3.766759e+05 2.065553e+05 
77777 5.806598e+11 6.216514e+05 2.693567e+05 
88888 5.806598e+11 8.226798e+05 4.214119e+05 
99999 5.806598e+11 9.988304e+05 6.596101e+05 
111110 5.806598e+11 2.315136e+05 3.706295e+05 
122221 5.806598e+11 4.627763e+05 3.996943e+05 
133332 5.806598e+11 6.715089e+05 5.014774e+05 
144443 5.806598e+11 8.359119e+05 7.412965e+05 
155554 5.806598e+11 1.043504e+05 5.888296e+05 
166665 5.806598e+11 3.109651e+05 5.857119e+05 
177776 5.806598e+11 5.058347e+05 6.429543e+05 
188887 5.806598e+11 6.618161e+05 7.744082e+05 
199998 5.806598e+11 9.938916e+05 9.067723e+05 
211109 5.806598e+11 2.169635e+05 7.946998e+05 
222220 5.806598e+11 3.606843e+05 8.440083e+05 
233331 5.806598e+11 5.230807e+05 9.140225e+05 
244442 5.806598e+11 7.727341e+05 9.812285e+05 
0 5.869714e+11 6.578421e+02 1.269596e+03 
11111 5.869714e+11 2.599904e+05 3.217451e+04 
22222 5.869714e+11 5.626064e+05 6.416615e+04 
33333 5.869714e+11 7.950302e+05 1.471526e+05 
44444 5.869714e+11 9.437717e+05 3.376635e+05 
55555 5.869714e+11 1.193959e+05 2.027166e+05 
66666 5.869714e+11 3.768959e+05 2.061854e+05 
77777 5.869714e+11 6.219916e+05 2.691098e+05 
88888 5.869714e+11 8.229015e+05 4.217074e+05 
99999 5.869714e+11 9.988265e+05 6.612842e+05 
111110 5.869714e+11 2.315817e+05 3.702357e+05 
122221 5.869714e+11 4.629582e+05 3.992384e+05 
133332 5.869714e+11 6.716658e+05 5.012241e+05 
144443 5.869714e+11 8.353683e+05 7.421469e+05 
155554 5.869714e+11 1.043241e+05 5.886238e+05 
166665 5.869714e+11 3.109267e+05 5.851526e+05 
177776 5.869714e+11 5.057787e+05 6.424051e+05 
188887 5.869714e+11 6.611754e+05 7.741961e+05 
199998 5.869714e+11 9.938574e+05 9.073058e+05 
211109 5.869714e+11 2.169208e+05 7.943811e+05 
222220 5.869714e+11 3.602771e+05 8.437393e+05 
233331 5.869714e+11 5.222397e+05 9.138453e+05 
244442 5.869714e+11 7.716872e+05 9.812728e+05 
0 5.932829e+11 6.578465e+02 1.269586e+03 
11111 5.932829e+11 2.602738e+05 3.210395e+04 
22222 5.932829e+11 5.635218e+05 6.406744e+04 
33333 5.932829e+11 7.957811e+05 1.473969e+05 
44444 5.932829e+11 9.439192e+05 3.394365e+05 
55555 5.932829e+11 1.194300e+05 2.025560e+05 
66666 5.932829e+11 3.771120e+05 2.058202e+05 
77777 5.932829e+11 6.223341e+05 2.688674e+05 
88888 5.932829e+11 8.231167e+05 4.220012e+05 
99999 5.932829e+11 9.988226e+05 6.629420e+05 
111110 5.932829e+11 2.316474e+05 3.698497e+05 
122221 5.932829e+11 4.631372e+05 3.987798e+05 
133332 5.932829e+11 6.718208e+05 5.009727e+05 
144443 5.932829e+11 8.348258e+05 7.429863e+05 
155554 5.932829e+11 1.042948e+05 5.884272e+05 
166665 5.932829e+11 3.108901e+05 5.846007e+05 
177776 5.932829e+11 5.057107e+05 6.418596e+05 
188887 5.932829e+11 6.605440e+05 7.739839e+05 
199998 5.932829e+11 9.938232e+05 9.078328e+05 
211109 5.932829e+11 2.168790e+05 7.940662e+05 
222220 5.932829e+11 3.598754e+05 8.434740e+05 
233331 5.932829e+11 5.214087e+05 9.136684e+05 
244442 5.932829e+11 7.706450e+05 9.813161e+05 
0 5.995944e+11 6.578509e+02 1.269576e+03 
11111 5.995944e+11 2.605567e+05 3.203435e+04 
22222 5.995944e+11 5.644332e+05 6.397017e+04 
33333 5.995944e+11 7.965257e+05 1.476415e+05 
44444 5.995944e+11 9.440599e+05 3.412059e+05 
55555 5.995944e+11 1.194603e+05 2.023947e+05 
66666 5.995944e+11 3.773263e+05 2.054607e+05 
77777 5.995944e+11 6.226725e+05 2.686244e+05 
88888 5.995944e+11 8.233353e+05 4.222827e+05 
99999 5.995944e+11 9.988187e+05 6.645838e+05 
111110 5.995944e+11 2.317094e+05 3.694662e+05 
122221 5.995944e+11 4.633152e+05 3.983255e+05 
133332 5.995944e+11 6.719754e+05 5.007230e+05 
144443 5.995944e+11 8.342846e+05 7.438156e+05 
155554 5.995944e+11 1.042666e+05 5.882356e+05 
166665 5.995944e+11 3.108587e+05 5.840510e+05 
177776 5.995944e+11 5.056466e+05 6.413253e+05 
188887 5.995944e+11 6.599235e+05 7.737745e+05 
199998 5.995944e+11 9.937890e+05 9.083538e+05 
211109 5.995944e+11 2.168380e+05 7.937529e+05 
222220 5.995944e+11 3.594776e+05 8.432106e+05 
233331 5.995944e+11 5.205856e+05 9.134917e+05 
244442 5.995944e+11 7.696062e+05 9.813585e+05 
0 6.059059e+11 6.578553e+02 1.269566e+03 
11111 6.059059e+11 2.608386e+05 3.196534e+04 
22222 6.059059e+11 5.653401e+05 6.387376e+04 
33333 6.059059e+11 7.972644e+05 1.478860e+05 
44444 6.059059e+11 9.441945e+05 3.429718e+05 
55555 6.059059e+11 1.194892e+05 2.022345e+05 
66666 6.059059e+11 3.775385e+05 2.051002e+05 
77777 6.059059e+11 6.230065e+05 2.683777e+05 
88888 6.059059e+11 8.235512e+05 4.225644e+05 
99999 6.059059e+11 9.988148e+05 6.662096e+05 
111110 6.059059e+11 2.317752e+05 3.690855e+05 
122221 6.059059e+11 4.634877e+05 3.978769e+05 
133332 6.059059e+11 6.721329e+05 5.004742e+05 
144443 6.059059e+11 8.337452e+05 7.446348e+05 
155554 6.059059e+11 1.042400e+05 5.880402e+05 
166665 6.059059e+11 3.108250e+05 5.835065e+05 
177776 6.059059e+11 5.055854e+05 6.407943e+05 
188887 6.059059e+11 6.593097e+05 7.735709e+05 
199998 6.059059e+11 9.937548e+05 9.088689e+05 
211109 6.059059e+11 2.167981e+05 7.934431e+05 
222220 6.059059e+11 3.590850e+05 8.429490e+05 
233331 6.059059e+11 5.197712e+05 9.133153e+05 
244442 6.059059e+11 7.685711e+05 9.814001e+05 
0 6.122174e+11 6.578598e+02 1.269556e+03 
11111 6.122174e+11 2.611195e+05 3.189664e+04 
22222 6.122174e+11 5.662429e+05 6.377781e+04 
33333 6.122174e+11 7.979975e+05 1.481302e+05 
44444 6.122174e+11 9.443230e+05 3.447343e+05 
55555 6.122174e+11 1.195144e+05 2.020719e+05 
66666 6.122174e+11 3.777472e+05 2.047459e+05 
77777 6.122174e+11 6.233381e+05 2.681329e+05 
88888 6.122174e+11 8.237638e+05 4.228390e+05 
99999 6.122174e+11 9.988109e+05 6.678194e+05 
111110 6.122174e+11 2.318408e+05 3.687086e+05 
122221 6.122174e+11 4.636609e+05 3.974234e+05 
133332 6.122174e+11 6.722877e+05 5.002283e+05 
144443 6.122174e+11 8.332069e+05 7.454436e+05 
155554 6.122174e+11 1.042136e+05 5.878469e+05 
166665 6.122174e+11 3.107962e+05 5.829694e+05 
177776 6.122174e+11 5.055216e+05 6.402679e+05 
188887 6.122174e+11 6.587089e+05 7.733505e+05 
199998 6.122174e+11 9.937207e+05 9.093777e+05 
211109 6.122174e+11 2.167593e+05 7.931352e+05 
222220 6.122174e+11 3.586962e+05 8.426881e+05 
233331 6.122174e+11 5.189637e+05 9.131400e+05 
244442 6.122174e+11 7.675404e+05 9.814408e+05 
0 6.185290e+11 6.578643e+02 1.269547e+03 
11111 6.185290e+11 2.614009e+05 3.182836e+04 
22222 6.185290e+11 5.671424e+05 6.368273e+04 
33333 6.185290e+11 7.987261e+05 1.483748e+05 
44444 6.185290e+11 9.444451e+05 3.464946e+05 
55555 6.185290e+11 1.195374e+05 2.019087e+05 
66666 6.185290e+11 3.779491e+05 2.043926e+05 
77777 6.185290e+11 6.236710e+05 2.678868e+05 
88888 6.185290e+11 8.239799e+05 4.231181e+05 
99999 6.185290e+11 9.988070e+05 6.694156e+05 
111110 6.185290e+11 2.319049e+05 3.683336e+05 
122221 6.185290e+11 4.638356e+05 3.969706e+05 
133332 6.185290e+11 6.724408e+05 4.999818e+05 
144443 6.185290e+11 8.326692e+05 7.462440e+05 
155554 6.185290e+11 1.041867e+05 5.876531e+05 
166665 6.185290e+11 3.107698e+05 5.824526e+05 
177776 6.185290e+11 5.054552e+05 6.397510e+05 
188887 6.185290e+11 6.581127e+05 7.731274e+05 
199998 6.185290e+11 9.936865e+05 9.098813e+05 
211109 6.185290e+11 2.167213e+05 7.928307e+05 
222220 6.185290e+11 3.583113e+05 8.424271e+05 
233331 6.185290e+11 5.181631e+05 9.129652e+05 
244442 6.185290e+11 7.665123e+05 9.814807e+05 
0 6.248405e+11 6.578688e+02 1.269537e+03 
11111 6.248405e+11 2.616821e+05 3.176053e+04 
22222 6.248405e+11 5.680385e+05 6.358837e+04 
33333 6.248405e+11 7.994499e+05 1.486187e+05 
44444 6.248405e+11 9.445616e+05 3.482526e+05 
55555 6.248405e+11 1.195571e+05 2.017482e+05 
66666 6.248405e+11 3.781476e+05 2.040420e+05 
77777 6.248405e+11 6.239945e+05 2.676385e+05 
88888 6.248405e+11 8.241873e+05 4.233967e+05 
99999 6.248405e+11 9.988030e+05 6.709976e+05 
111110 6.248405e+11 2.319671e+05 3.679667e+05 
122221 6.248405e+11 4.640002e+05 3.965159e+05 
133332 6.248405e+11 6.725918e+05 4.997387e+05 
144443 6.248405e+11 8.321321e+05 7.470349e+05 
155554 6.248405e+11 1.041635e+05 5.874645e+05 
166665 6.248405e+11 3.107520e+05 5.819405e+05 
177776 6.248405e+11 5.053901e+05 6.392317e+05 
188887 6.248405e+11 6.575274e+05 7.728925e+05 
199998 6.248405e+11 9.936524e+05 9.103793e+05 
211109 6.248405e+11 2.166835e+05 7.925282e+05 
222220 6.248405e+11 3.579304e+05 8.421691e+05 
233331 6.248405e+11 5.173701e+05 9.127910e+05 
244442 6.248405e+11 7.654879e+05 9.815198e+05 
0 6.311520e+11 6.578735e+02 1.269527e+03 
11111 6.311520e+11 2.619619e+05 3.169367e+04 
22222 6.311520e+11 5.689296e+05 6.349504e+04 
33333 6.311520e+11 8.001677e+05 1.488621e+05 
44444 6.311520e+11 9.446719e+05 3.500054e+05 
55555 6.311520e+11 1.195743e+05 2.015914e+05 
66666 6.311520e+11 3.783470e+05 2.036965e+05 
77777 6.311520e+11 6.243184e+05 2.673901e+05 
88888 6.311520e+11 8.243934e+05 4.236653e+05 
99999 6.311520e+11 9.987991e+05 6.725634e+05 
111110 6.311520e+11 2.320294e+05 3.676007e+05 
122221 6.311520e+11 4.641604e+05 3.960729e+05 
133332 6.311520e+11 6.727458e+05 4.994933e+05 
144443 6.311520e+11 8.315968e+05 7.478152e+05 
155554 6.311520e+11 1.041397e+05 5.872805e+05 
166665 6.311520e+11 3.107264e+05 5.814326e+05 
177776 6.311520e+11 5.053387e+05 6.387210e+05 
188887 6.311520e+11 6.569541e+05 7.726513e+05 
199998 6.311520e+11 9.936182e+05 9.108712e+05 
211109 6.311520e+11 2.166473e+05 7.922290e+05 
222220 6.311520e+11 3.575547e+05 8.419144e+05 
233331 6.311520e+11 5.165871e+05 9.126175e+05 
244442 6.311520e+11 7.644689e+05 9.815580e+05 
0 6.374635e+11 6.578739e+02 1.269534e+03 
11111 6.374635e+11 2.615686e+05 3.177345e+04 
22222 6.374635e+11 5.676074e+05 6.368701e+04 
33333 6.374635e+11 7.986286e+05 1.483073e+05 
44444 6.374635e+11 9.444459e+05 3.475204e+05 
55555 6.374635e+11 1.193944e+05 2.019361e+05 
66666 6.374635e+11 3.772718e+05 2.044235e+05 
77777 6.374635e+11 6.224945e+05 2.677924e+05 
88888 6.374635e+11 8.239676e+05 4.206703e+05 
99999 6.374635e+11 9.988060e+05 6.701400e+05 
111110 6.374635e+11 2.315949e+05 3.686920e+05 
122221 6.374635e+11 4.634173e+05 3.973945e+05 
133332 6.374635e+11 6.726691e+05 4.998623e+05 
144443 6.374635e+11 8.328813e+05 7.462702e+05 
155554 6.374635e+11 1.039636e+05 5.884063e+05 
166665 6.374635e+11 3.108410e+05 5.824606e+05 
177776 6.374635e+11 5.067308e+05 6.397851e+05 
188887 6.374635e+11 6.588971e+05 7.733922e+05 
199998 6.374635e+11 9.936668e+05 9.102020e+05 
211109 6.374635e+11 2.174969e+05 7.927603e+05 
222220 6.374635e+11 3.584607e+05 8.422760e+05 
233331 6.374635e+11 5.178030e+05 9.128843e+05 
244442 6.374635e+11 7.658763e+05 9.815010e+05 
0 6.437750e+11 6.578749e+02 1.269540e+03 
11111 6.437750e+11 2.611874e+05 3.185235e+04 
22222 6.437750e+11 5.663094e+05 6.387406e+04 
33333 6.437750e+11 7.971468e+05 1.477472e+05 
44444 6.437750e+11 9.442348e+05 3.452178e+05 
55555 6.437750e+11 1.192005e+05 2.022871e+05 
66666 6.437750e+11 3.762933e+05 2.051054e+05 
77777 6.437750e+11 6.209412e+05 2.682344e+05 
88888 6.437750e+11 8.235133e+05 4.179308e+05 
99999 6.437750e+11 9.988123e+05 6.678676e+05 
111110 6.437750e+11 2.312230e+05 3.696974e+05 
122221 6.437750e+11 4.627092e+05 3.986001e+05 
133332 6.437750e+11 6.724920e+05 5.001720e+05 
144443 6.437750e+11 8.340515e+05 7.448099e+05 
155554 6.437750e+11 1.038426e+05 5.894045e+05 
166665 6.437750e+11 3.109566e+05 5.835010e+05 
177776 6.437750e+11 5.080049e+05 6.408470e+05 
188887 6.437750e+11 6.607162e+05 7.738363e+05 
199998 6.437750e+11 9.937121e+05 9.095667e+05 
211109 6.437750e+11 2.182526e+05 7.932921e+05 
222220 6.437750e+11 3.593280e+05 8.426592e+05 
233331 6.437750e+11 5.189864e+05 9.131282e+05 
244442 6.437750e+11 7.672036e+05 9.814459e+05 
0 6.500866e+11 6.578764e+02 1.269545e+03 
11111 6.500866e+11 2.608189e+05 3.192957e+04 
22222 6.500866e+11 5.650379e+05 6.405568e+04 
33333 6.500866e+11 7.957182e+05 1.471913e+05 
44444 6.500866e+11 9.440296e+05 3.430497e+05 
55555 6.500866e+11 1.190071e+05 2.026351e+05 
66666 6.500866e+11 3.753408e+05 2.057761e+05 
77777 6.500866e+11 6.194558e+05 2.686649e+05 
88888 6.500866e+11 8.230801e+05 4.153765e+05 
99999 6.500866e+11 9.988181e+05 6.657058e+05 
111110 6.500866e+11 2.308838e+05 3.706771e+05 
122221 6.500866e+11 4.620687e+05 3.997654e+05 
133332 6.500866e+11 6.723490e+05 5.004162e+05 
144443 6.500866e+11 8.351383e+05 7.434107e+05 
155554 6.500866e+11 1.037625e+05 5.903241e+05 
166665 6.500866e+11 3.110892e+05 5.845316e+05 
177776 6.500866e+11 5.091757e+05 6.418504e+05 
188887 6.500866e+11 6.624461e+05 7.741133e+05 
199998 6.500866e+11 9.937549e+05 9.089567e+05 
211109 6.500866e+11 2.189362e+05 7.938203e+05 
222220 6.500866e+11 3.601639e+05 8.430554e+05 
233331 6.500866e+11 5.201420e+05 9.133545e+05 
244442 6.500866e+11 7.684681e+05 9.813923e+05 
0 6.563981e+11 6.578783e+02 1.269550e+03 
11111 6.563981e+11 2.604637e+05 3.200564e+04 
22222 6.563981e+11 5.637932e+05 6.423275e+04 
33333 6.563981e+11 7.943382e+05 1.466419e+05 
44444 6.563981e+11 9.438279e+05 3.409949e+05 
55555 6.563981e+11 1.188168e+05 2.029807e+05 
66666 6.563981e+11 3.744134e+05 2.064292e+05 
77777 6.563981e+11 6.180484e+05 2.690872e+05 
88888 6.563981e+11 8.226576e+05 4.129724e+05 
99999 6.563981e+11 9.988235e+05 6.636352e+05 
111110 6.563981e+11 2.305661e+05 3.716360e+05 
122221 6.563981e+11 4.614622e+05 4.008854e+05 
133332 6.563981e+11 6.722336e+05 5.005908e+05 
144443 6.563981e+11 8.361575e+05 7.420633e+05 
155554 6.563981e+11 1.037124e+05 5.911761e+05 
166665 6.563981e+11 3.112486e+05 5.855528e+05 
177776 6.563981e+11 5.102740e+05 6.427876e+05 
188887 6.563981e+11 6.640986e+05 7.742961e+05 
199998 6.563981e+11 9.937956e+05 9.083687e+05 
211109 6.563981e+11 2.195616e+05 7.943443e+05 
222220 6.563981e+11 3.609739e+05 8.434606e+05 
233331 6.563981e+11 5.212730e+05 9.135653e+05 
244442 6.563981e+11 7.696772e+05 9.813398e+05 
0 6.627096e+11 6.578806e+02 1.269554e+03 
11111 6.627096e+11 2.601215e+05 3.208061e+04 
22222 6.627096e+11 5.625754e+05 6.440595e+04 
33333 6.627096e+11 7.930041e+05 1.461004e+05 
44444 6.627096e+11 9.436269e+05 3.390401e+05 
55555 6.627096e+11 1.186322e+05 2.033230e+05 
66666 6.627096e+11 3.735144e+05 2.070642e+05 
77777 6.627096e+11 6.167148e+05 2.694784e+05 
88888 6.627096e+11 8.222472e+05 4.106920e+05 
99999 6.627096e+11 9.988286e+05 6.616446e+05 
111110 6.627096e+11 2.302638e+05 3.725730e+05 
122221 6.627096e+11 4.608973e+05 4.019649e+05 
133332 6.627096e+11 6.721356e+05 5.007137e+05 
144443 6.627096e+11 8.371190e+05 7.407615e+05 
155554 6.627096e+11 1.036873e+05 5.919753e+05 
166665 6.627096e+11 3.114188e+05 5.865722e+05 
177776 6.627096e+11 5.112974e+05 6.436691e+05 
188887 6.627096e+11 6.656891e+05 7.744082e+05 
199998 6.627096e+11 9.938344e+05 9.078002e+05 
211109 6.627096e+11 2.201386e+05 7.948617e+05 
222220 6.627096e+11 3.617602e+05 8.438741e+05 
233331 6.627096e+11 5.223822e+05 9.137621e+05 
244442 6.627096e+11 7.708361e+05 9.812885e+05 
0 6.690211e+11 6.578834e+02 1.269556e+03 
11111 6.690211e+11 2.597921e+05 3.215411e+04 
22222 6.690211e+11 5.613852e+05 6.457534e+04 
33333 6.690211e+11 7.917140e+05 1.455672e+05 
44444 6.690211e+11 9.434260e+05 3.371746e+05 
55555 6.690211e+11 1.184497e+05 2.036548e+05 
66666 6.690211e+11 3.726498e+05 2.076899e+05 
77777 6.690211e+11 6.154395e+05 2.698452e+05 
88888 6.690211e+11 8.218550e+05 4.085216e+05 
99999 6.690211e+11 9.988333e+05 6.597245e+05 
111110 6.690211e+11 2.299825e+05 3.734828e+05 
122221 6.690211e+11 4.603497e+05 4.030154e+05 
133332 6.690211e+11 6.720542e+05 5.007844e+05 
144443 6.690211e+11 8.380300e+05 7.395000e+05 
155554 6.690211e+11 1.036819e+05 5.927194e+05 
166665 6.690211e+11 3.115913e+05 5.875736e+05 
177776 6.690211e+11 5.122735e+05 6.445030e+05 
188887 6.690211e+11 6.672255e+05 7.744568e+05 
199998 6.690211e+11 9.938715e+05 9.072492e+05 
211109 6.690211e+11 2.206742e+05 7.953731e+05 
222220 6.690211e+11 3.625267e+05 8.442928e+05 
233331 6.690211e+11 5.234707e+05 9.139461e+05 
244442 6.690211e+11 7.719498e+05 9.812383e+05 
0 6.753326e+11 6.578865e+02 1.269558e+03 
11111 6.753326e+11 2.594755e+05 3.222660e+04 
22222 6.753326e+11 5.602230e+05 6.474136e+04 
33333 6.753326e+11 7.904652e+05 1.450438e+05 
44444 6.753326e+11 9.432241e+05 3.353911e+05 
55555 6.753326e+11 1.182764e+05 2.039811e+05 
66666 6.753326e+11 3.718147e+05 2.083061e+05 
77777 6.753326e+11 6.142213e+05 2.701929e+05 
88888 6.753326e+11 8.214783e+05 4.064406e+05 
99999 6.753326e+11 9.988378e+05 6.578688e+05 
111110 6.753326e+11 2.297103e+05 3.743729e+05 
122221 6.753326e+11 4.598295e+05 4.040313e+05 
133332 6.753326e+11 6.719862e+05 5.008224e+05 
144443 6.753326e+11 8.388960e+05 7.382760e+05 
155554 6.753326e+11 1.036915e+05 5.934196e+05 
166665 6.753326e+11 3.117752e+05 5.885738e+05 
177776 6.753326e+11 5.131934e+05 6.452969e+05 
188887 6.753326e+11 6.687202e+05 7.744584e+05 
199998 6.753326e+11 9.939071e+05 9.067145e+05 
211109 6.753326e+11 2.211737e+05 7.958779e+05 
222220 6.753326e+11 3.632738e+05 8.447141e+05 
233331 6.753326e+11 5.245390e+05 9.141184e+05 
244442 6.753326e+11 7.730215e+05 9.811891e+05 
0 6.816442e+11 6.578901e+02 1.269559e+03 
11111 6.816442e+11 2.591714e+05 3.229812e+04 
22222 6.816442e+11 5.590878e+05 6.490510e+04 
33333 6.816442e+11 7.892560e+05 1.445300e+05 
44444 6.816442e+11 9.430201e+05 3.336817e+05 
55555 6.816442e+11 1.181076e+05 2.042962e+05 
66666 6.816442e+11 3.709988e+05 2.089140e+05 
77777 6.816442e+11 6.130546e+05 2.705205e+05 
88888 6.816442e+11 8.211062e+05 4.044554e+05 
99999 6.816442e+11 9.988420e+05 6.560704e+05 
111110 6.816442e+11 2.294530e+05 3.752379e+05 
122221 6.816442e+11 4.593327e+05 4.050127e+05 
133332 6.816442e+11 6.719241e+05 5.008306e+05 
144443 6.816442e+11 8.397224e+05 7.370858e+05 
155554 6.816442e+11 1.037136e+05 5.940802e+05 
166665 6.816442e+11 3.119590e+05 5.895570e+05 
177776 6.816442e+11 5.140595e+05 6.460501e+05 
188887 6.816442e+11 6.701670e+05 7.744184e+05 
199998 6.816442e+11 9.939413e+05 9.061945e+05 
211109 6.816442e+11 2.216423e+05 7.963759e+05 
222220 6.816442e+11 3.640043e+05 8.451368e+05 
233331 6.816442e+11 5.255890e+05 9.142802e+05 
244442 6.816442e+11 7.740546e+05 9.811408e+05 
0 6.879557e+11 6.578942e+02 1.269559e+03 
11111 6.879557e+11 2.588791e+05 3.236872e+04 
22222 6.879557e+11 5.579791e+05 6.506634e+04 
33333 6.879557e+11 7.880847e+05 1.440255e+05 
44444 6.879557e+11 9.428140e+05 3.320415e+05 
55555 6.879557e+11 1.179404e+05 2.046070e+05 
66666 6.879557e+11 3.702138e+05 2.095152e+05 
77777 6.879557e+11 6.119385e+05 2.708326e+05 
88888 6.879557e+11 8.207387e+05 4.025456e+05 
99999 6.879557e+11 9.988460e+05 6.543256e+05 
111110 6.879557e+11 2.292052e+05 3.760830e+05 
122221 6.879557e+11 4.588496e+05 4.059631e+05 
133332 6.879557e+11 6.718743e+05 5.008105e+05 
144443 6.879557e+11 8.405127e+05 7.359275e+05 
155554 6.879557e+11 1.037440e+05 5.947056e+05 
166665 6.879557e+11 3.121487e+05 5.905266e+05 
177776 6.879557e+11 5.148918e+05 6.467743e+05 
188887 6.879557e+11 6.715742e+05 7.743478e+05 
199998 6.879557e+11 9.939742e+05 9.056885e+05 
211109 6.879557e+11 2.220821e+05 7.968672e+05 
222220 6.879557e+11 3.647186e+05 8.455589e+05 
233331 6.879557e+11 5.266204e+05 9.144322e+05 
244442 6.879557e+11 7.750517e+05 9.810935e+05 
0 6.942672e+11 6.578986e+02 1.269558e+03 
11111 6.942672e+11 2.585986e+05 3.243813e+04 
22222 6.942672e+11 5.568967e+05 6.522450e+04 
33333 6.942672e+11 7.869495e+05 1.435310e+05 
44444 6.942672e+11 9.426051e+05 3.304652e+05 
55555 6.942672e+11 1.177820e+05 2.049109e+05 
66666 6.942672e+11 3.694501e+05 2.100983e+05 
77777 6.942672e+11 6.108612e+05 2.711334e+05 
88888 6.942672e+11 8.203647e+05 4.007114e+05 
99999 6.942672e+11 9.988498e+05 6.526302e+05 
111110 6.942672e+11 2.289621e+05 3.769112e+05 
122221 6.942672e+11 4.583886e+05 4.068767e+05 
133332 6.942672e+11 6.718261e+05 5.007723e+05 
144443 6.942672e+11 8.412702e+05 7.347984e+05 
155554 6.942672e+11 1.037867e+05 5.952997e+05 
166665 6.942672e+11 3.123405e+05 5.914914e+05 
177776 6.942672e+11 5.156757e+05 6.474696e+05 
188887 6.942672e+11 6.729376e+05 7.742503e+05 
199998 6.942672e+11 9.940059e+05 9.051955e+05 
211109 6.942672e+11 2.224979e+05 7.973513e+05 
222220 6.942672e+11 3.654174e+05 8.459813e+05 
233331 6.942672e+11 5.276343e+05 9.145750e+05 
244442 6.942672e+11 7.760152e+05 9.810471e+05 
0 7.005787e+11 6.579034e+02 1.269556e+03 
11111 7.005787e+11 2.583292e+05 3.250656e+04 
22222 7.005787e+11 5.558399e+05 6.538009e+04 
33333 7.005787e+11 7.858494e+05 1.430462e+05 
44444 7.005787e+11 9.423949e+05 3.289493e+05 
55555 7.005787e+11 1.176295e+05 2.052014e+05 
66666 7.005787e+11 3.687168e+05 2.106833e+05 
77777 7.005787e+11 6.098295e+05 2.714181e+05 
88888 7.005787e+11 8.199763e+05 3.989636e+05 
99999 7.005787e+11 9.988535e+05 6.509807e+05 
111110 7.005787e+11 2.287278e+05 3.777234e+05 
122221 7.005787e+11 4.579385e+05 4.077574e+05 
133332 7.005787e+11 6.717814e+05 5.007181e+05 
144443 7.005787e+11 8.419976e+05 7.336971e+05 
155554 7.005787e+11 1.038385e+05 5.958681e+05 
166665 7.005787e+11 3.125367e+05 5.924401e+05 
177776 7.005787e+11 5.164264e+05 6.481319e+05 
188887 7.005787e+11 6.742558e+05 7.741344e+05 
199998 7.005787e+11 9.940366e+05 9.047148e+05 
211109 7.005787e+11 2.228909e+05 7.978281e+05 
222220 7.005787e+11 3.661018e+05 8.464013e+05 
233331 7.005787e+11 5.286309e+05 9.147097e+05 
244442 7.005787e+11 7.769469e+05 9.810016e+05 
0 7.068902e+11 6.579084e+02 1.269554e+03 
11111 7.068902e+11 2.580704e+05 3.257426e+04 
22222 7.068902e+11 5.548069e+05 6.553323e+04 
33333 7.068902e+11 7.847822e+05 1.425704e+05 
44444 7.068902e+11 9.421834e+05 3.274890e+05 
55555 7.068902e+11 1.174827e+05 2.054847e+05 
66666 7.068902e+11 3.679966e+05 2.112600e+05 
77777 7.068902e+11 6.088367e+05 2.716941e+05 
88888 7.068902e+11 8.195792e+05 3.972850e+05 
99999 7.068902e+11 9.988570e+05 6.493736e+05 
111110 7.068902e+11 2.285023e+05 3.785147e+05 
122221 7.068902e+11 4.575078e+05 4.086140e+05 
133332 7.068902e+11 6.717358e+05 5.006444e+05 
144443 7.068902e+11 8.426981e+05 7.326218e+05 
155554 7.068902e+11 1.038970e+05 5.964048e+05 
166665 7.068902e+11 3.127359e+05 5.933794e+05 
177776 7.068902e+11 5.171449e+05 6.487751e+05 
188887 7.068902e+11 6.755310e+05 7.740017e+05 
199998 7.068902e+11 9.940662e+05 9.042460e+05 
211109 7.068902e+11 2.232633e+05 7.982976e+05 
222220 7.068902e+11 3.667722e+05 8.468172e+05 
233331 7.068902e+11 5.296095e+05 9.148369e+05 
244442 7.068902e+11 7.778482e+05 9.809569e+05 
0 7.132018e+11 6.579138e+02 1.269551e+03 
11111 7.132018e+11 2.578218e+05 3.264117e+04 
22222 7.132018e+11 5.537987e+05 6.568426e+04 
33333 7.132018e+11 7.837474e+05 1.421043e+05 
44444 7.132018e+11 9.419699e+05 3.260811e+05 
55555 7.132018e+11 1.173388e+05 2.057643e+05 
66666 7.132018e+11 3.673020e+05 2.118261e+05 
77777 7.132018e+11 6.078772e+05 2.719606e+05 
88888 7.132018e+11 8.191888e+05 3.956796e+05 
99999 7.132018e+11 9.988603e+05 6.478069e+05 
111110 7.132018e+11 2.282763e+05 3.792905e+05 
122221 7.132018e+11 4.570938e+05 4.094391e+05 
133332 7.132018e+11 6.716917e+05 5.005634e+05 
144443 7.132018e+11 8.433732e+05 7.315714e+05 
155554 7.132018e+11 1.039601e+05 5.969231e+05 
166665 7.132018e+11 3.129372e+05 5.943070e+05 
177776 7.132018e+11 5.178257e+05 6.493945e+05 
188887 7.132018e+11 6.767727e+05 7.738549e+05 
199998 7.132018e+11 9.940948e+05 9.037884e+05 
211109 7.132018e+11 2.236174e+05 7.987586e+05 
222220 7.132018e+11 3.674287e+05 8.472296e+05 
233331 7.132018e+11 5.305709e+05 9.149571e+05 
244442 7.132018e+11 7.787209e+05 9.809130e+05 
0 7.195133e+11 6.579194e+02 1.269547e+03 
11111 7.195133e+11 2.575832e+05 3.270679e+04 
22222 7.195133e+11 5.528131e+05 6.583257e+04 
33333 7.195133e+11 7.827432e+05 1.416461e+05 
44444 7.195133e+11 9.417550e+05 3.247237e+05 
55555 7.195133e+11 1.171976e+05 2.060397e+05 
66666 7.195133e+11 3.666310e+05 2.123796e+05 
77777 7.195133e+11 6.069511e+05 2.722196e+05 
88888 7.195133e+11 8.188086e+05 3.941274e+05 
99999 7.195133e+11 9.988635e+05 6.462786e+05 
111110 7.195133e+11 2.280639e+05 3.800480e+05 
122221 7.195133e+11 4.566917e+05 4.102393e+05 
133332 7.195133e+11 6.716479e+05 5.004748e+05 
144443 7.195133e+11 8.440250e+05 7.305450e+05 
155554 7.195133e+11 1.040268e+05 5.974149e+05 
166665 7.195133e+11 3.131343e+05 5.952176e+05 
177776 7.195133e+11 5.184816e+05 6.499896e+05 
188887 7.195133e+11 6.779740e+05 7.736997e+05 
199998 7.195133e+11 9.941224e+05 9.033418e+05 
211109 7.195133e+11 2.239552e+05 7.992116e+05 
222220 7.195133e+11 3.680716e+05 8.476386e+05 
233331 7.195133e+11 5.315154e+05 9.150707e+05 
244442 7.195133e+11 7.795659e+05 9.808700e+05 
0 7.258248e+11 6.579252e+02 1.269543e+03 
11111 7.258248e+11 2.573538e+05 3.277161e+04 
22222 7.258248e+11 5.518502e+05 6.597881e+04 
33333 7.258248e+11 7.817684e+05 1.411966e+05 
44444 7.258248e+11 9.415382e+05 3.234132e+05 
55555 7.258248e+11 1.170627e+05 2.063061e+05 
66666 7.258248e+11 3.659799e+05 2.129302e+05 
77777 7.258248e+11 6.060588e+05 2.724711e+05 
88888 7.258248e+11 8.184403e+05 3.926285e+05 
99999 7.258248e+11 9.988666e+05 6.447864e+05 
111110 7.258248e+11 2.278527e+05 3.807890e+05 
122221 7.258248e+11 4.563036e+05 4.110215e+05 
133332 7.258248e+11 6.716040e+05 5.003727e+05 
144443 7.258248e+11 8.446548e+05 7.295408e+05 
155554 7.258248e+11 1.041021e+05 5.978842e+05 
166665 7.258248e+11 3.133329e+05 5.961238e+05 
177776 7.258248e+11 5.191083e+05 6.505778e+05 
188887 7.258248e+11 6.791390e+05 7.735324e+05 
199998 7.258248e+11 9.941492e+05 9.029055e+05 
211109 7.258248e+11 2.242771e+05 7.996571e+05 
222220 7.258248e+11 3.687020e+05 8.480413e+05 
233331 7.258248e+11 5.324423e+05 9.151781e+05 
244442 7.258248e+11 7.803846e+05 9.808278e+05 
0 7.321363e+11 6.579312e+02 1.269538e+03 
11111 7.321363e+11 2.571336e+05 3.283552e+04 
22222 7.321363e+11 5.509093e+05 6.612287e+04 
33333 7.321363e+11 7.808223e+05 1.407555e+05 
44444 7.321363e+11 9.413192e+05 3.221477e+05 
55555 7.321363e+11 1.169292e+05 2.065625e+05 
66666 7.321363e+11 3.653396e+05 2.134681e+05 
77777 7.321363e+11 6.051939e+05 2.727166e+05 
88888 7.321363e+11 8.180867e+05 3.911913e+05 
99999 7.321363e+11 9.988696e+05 6.433284e+05 
111110 7.321363e+11 2.276494e+05 3.815113e+05 
122221 7.321363e+11 4.559248e+05 4.117769e+05 
133332 7.321363e+11 6.715614e+05 5.002672e+05 
144443 7.321363e+11 8.452642e+05 7.285580e+05 
155554 7.321363e+11 1.041780e+05 5.983393e+05 
166665 7.321363e+11 3.135373e+05 5.970138e+05 
177776 7.321363e+11 5.197090e+05 6.511395e+05 
188887 7.321363e+11 6.802649e+05 7.733623e+05 
199998 7.321363e+11 9.941752e+05 9.024791e+05 
211109 7.321363e+11 2.245846e+05 8.000959e+05 
222220 7.321363e+11 3.693207e+05 8.484379e+05 
233331 7.321363e+11 5.333534e+05 9.152797e+05 
244442 7.321363e+11 7.811780e+05 9.807865e+05 
0 7.384478e+11 6.579373e+02 1.269533e+03 
11111 7.384478e+11 2.569221e+05 3.289858e+04 
22222 7.384478e+11 5.499892e+05 6.626419e+04 
33333 7.384478e+11 7.799032e+05 1.403226e+05 
44444 7.384478e+11 9.410984e+05 3.209251e+05 
55555 7.384478e+11 1.168022e+05 2.068122e+05 
66666 7.384478e+11 3.647247e+05 2.139974e+05 
77777 7.384478e+11 6.043608e+05 2.729582e+05 
88888 7.384478e+11 8.177342e+05 3.897975e+05 
99999 7.384478e+11 9.988725e+05 6.419031e+05 
111110 7.384478e+11 2.274590e+05 3.822163e+05 
122221 7.384478e+11 4.555613e+05 4.125134e+05 
133332 7.384478e+11 6.715166e+05 5.001573e+05 
144443 7.384478e+11 8.458545e+05 7.275964e+05 
155554 7.384478e+11 1.042588e+05 5.987726e+05 
166665 7.384478e+11 3.137361e+05 5.978957e+05 
177776 7.384478e+11 5.202804e+05 6.516781e+05 
188887 7.384478e+11 6.813581e+05 7.731789e+05 
199998 7.384478e+11 9.942004e+05 9.020623e+05 
211109 7.384478e+11 2.248794e+05 8.005270e+05 
222220 7.384478e+11 3.699278e+05 8.488295e+05 
233331 7.384478e+11 5.342489e+05 9.153757e+05 
244442 7.384478e+11 7.819471e+05 9.807460e+05 
0 7.447594e+11 6.579437e+02 1.269528e+03 
11111 7.447594e+11 2.567191e+05 3.296069e+04 
22222 7.447594e+11 5.490905e+05 6.640303e+04 
33333 7.447594e+11 7.790113e+05 1.398979e+05 
44444 7.447594e+11 9.408765e+05 3.197434e+05 
55555 7.447594e+11 1.166757e+05 2.070586e+05 
66666 7.447594e+11 3.641239e+05 2.145161e+05 
77777 7.447594e+11 6.035541e+05 2.731981e+05 
88888 7.447594e+11 8.173925e+05 3.884682e+05 
99999 7.447594e+11 9.988752e+05 6.405085e+05 
111110 7.447594e+11 2.272757e+05 3.828963e+05 
122221 7.447594e+11 4.552088e+05 4.132257e+05 
133332 7.447594e+11 6.714720e+05 5.000427e+05 
144443 7.447594e+11 8.464272e+05 7.266548e+05 
155554 7.447594e+11 1.043417e+05 5.991932e+05 
166665 7.447594e+11 3.139386e+05 5.987676e+05 
177776 7.447594e+11 5.208288e+05 6.522043e+05 
188887 7.447594e+11 6.824273e+05 7.729762e+05 
199998 7.447594e+11 9.942248e+05 9.016549e+05 
211109 7.447594e+11 2.251621e+05 8.009511e+05 
222220 7.447594e+11 3.705230e+05 8.492149e+05 
233331 7.447594e+11 5.351290e+05 9.154667e+05 
244442 7.447594e+11 7.826934e+05 9.807063e+05 
0 7.510709e+11 6.579502e+02 1.269522e+03 
11111 7.510709e+11 2.565235e+05 3.302189e+04 
22222 7.510709e+11 5.482116e+05 6.653957e+04 
33333 7.510709e+11 7.781446e+05 1.394809e+05 
44444 7.510709e+11 9.406536e+05 3.186007e+05 
55555 7.510709e+11 1.165510e+05 2.072960e+05 
66666 7.510709e+11 3.635382e+05 2.150248e+05 
77777 7.510709e+11 6.027695e+05 2.734327e+05 
88888 7.510709e+11 8.170549e+05 3.871824e+05 
99999 7.510709e+11 9.988779e+05 6.391434e+05 
111110 7.510709e+11 2.270988e+05 3.835601e+05 
122221 7.510709e+11 4.548677e+05 4.139202e+05 
133332 7.510709e+11 6.714218e+05 4.999244e+05 
144443 7.510709e+11 8.469833e+05 7.257328e+05 
155554 7.510709e+11 1.044278e+05 5.995977e+05 
166665 7.510709e+11 3.141441e+05 5.996181e+05 
177776 7.510709e+11 5.213591e+05 6.527142e+05 
188887 7.510709e+11 6.834719e+05 7.727625e+05 
199998 7.510709e+11 9.942486e+05 9.012564e+05 
211109 7.510709e+11 2.254334e+05 8.013679e+05 
222220 7.510709e+11 3.711075e+05 8.495931e+05 
233331 7.510709e+11 5.359932e+05 9.155528e+05 
244442 7.510709e+11 7.834176e+05 9.806674e+05 
0 7.573824e+11 6.579569e+02 1.269515e+03 
11111 7.573824e+11 2.563355e+05 3.308236e+04 
22222 7.573824e+11 5.473520e+05 6.667376e+04 
33333 7.573824e+11 7.773023e+05 1.390716e+05 
44444 7.573824e+11 9.404302e+05 3.174938e+05 
55555 7.573824e+11 1.164326e+05 2.075310e+05 
66666 7.573824e+11 3.629703e+05 2.155231e+05 
77777 7.573824e+11 6.020136e+05 2.736607e+05 
88888 7.573824e+11 8.167164e+05 3.859480e+05 
99999 7.573824e+11 9.988805e+05 6.378055e+05 
111110 7.573824e+11 2.269322e+05 3.842070e+05 
122221 7.573824e+11 4.545383e+05 4.145972e+05 
133332 7.573824e+11 6.713695e+05 4.998056e+05 
144443 7.573824e+11 8.475245e+05 7.248292e+05 
155554 7.573824e+11 1.045165e+05 5.999860e+05 
166665 7.573824e+11 3.143519e+05 6.004690e+05 
177776 7.573824e+11 5.218622e+05 6.531909e+05 
188887 7.573824e+11 6.844935e+05 7.725304e+05 
199998 7.573824e+11 9.942716e+05 9.008663e+05 
211109 7.573824e+11 2.256945e+05 8.017785e+05 
222220 7.573824e+11 3.716819e+05 8.499630e+05 
233331 7.573824e+11 5.368419e+05 9.156349e+05 
244442 7.573824e+11 7.841214e+05 9.806291e+05 
0 7.636939e+11 6.579636e+02 1.269509e+03 
11111 7.636939e+11 2.561546e+05 3.314203e+04 
22222 7.636939e+11 5.465103e+05 6.680558e+04 
33333 7.636939e+11 7.764835e+05 1.386687e+05 
44444 7.636939e+11 9.402062e+05 3.164220e+05 
55555 7.636939e+11 1.163178e+05 2.077624e+05 
66666 7.636939e+11 3.624177e+05 2.160145e+05 
77777 7.636939e+11 6.012793e+05 2.738905e+05 
88888 7.636939e+11 8.163582e+05 3.847561e+05 
99999 7.636939e+11 9.988830e+05 6.364947e+05 
111110 7.636939e+11 2.267749e+05 3.848350e+05 
122221 7.636939e+11 4.542170e+05 4.152583e+05 
133332 7.636939e+11 6.713153e+05 4.996857e+05 
144443 7.636939e+11 8.480509e+05 7.239433e+05 
155554 7.636939e+11 1.046064e+05 6.003600e+05 
166665 7.636939e+11 3.145533e+05 6.013031e+05 
177776 7.636939e+11 5.223506e+05 6.536639e+05 
188887 7.636939e+11 6.854978e+05 7.722890e+05 
199998 7.636939e+11 9.942940e+05 9.004845e+05 
211109 7.636939e+11 2.259459e+05 8.021827e+05 
222220 7.636939e+11 3.722460e+05 8.503251e+05 
233331 7.636939e+11 5.376755e+05 9.157128e+05 
244442 7.636939e+11 7.848054e+05 9.805915e+05 
0 7.700054e+11 6.579706e+02 1.269502e+03 
11111 7.700054e+11 2.559803e+05 3.320097e+04 
22222 7.700054e+11 5.456869e+05 6.693474e+04 
33333 7.700054e+11 7.756878e+05 1.382729e+05 
44444 7.700054e+11 9.399816e+05 3.153837e+05 
55555 7.700054e+11 1.162011e+05 2.079866e+05 
66666 7.700054e+11 3.618796e+05 2.164984e+05 
77777 7.700054e+11 6.005636e+05 2.741142e+05 
88888 7.700054e+11 8.160031e+05 3.836126e+05 
99999 7.700054e+11 9.988854e+05 6.352100e+05 
111110 7.700054e+11 2.266226e+05 3.854500e+05 
122221 7.700054e+11 4.539023e+05 4.159053e+05 
133332 7.700054e+11 6.712614e+05 4.995583e+05 
144443 7.700054e+11 8.485632e+05 7.230751e+05 
155554 7.700054e+11 1.046950e+05 6.007259e+05 
166665 7.700054e+11 3.147485e+05 6.021179e+05 
177776 7.700054e+11 5.228223e+05 6.541196e+05 
188887 7.700054e+11 6.864824e+05 7.720323e+05 
199998 7.700054e+11 9.943158e+05 9.001109e+05 
211109 7.700054e+11 2.261884e+05 8.025794e+05 
222220 7.700054e+11 3.727997e+05 8.506803e+05 
233331 7.700054e+11 5.384941e+05 9.157867e+05 
244442 7.700054e+11 7.854700e+05 9.805547e+05 
0 7.763170e+11 6.579776e+02 1.269494e+03 
11111 7.763170e+11 2.558119e+05 3.325911e+04 
22222 7.763170e+11 5.448803e+05 6.706177e+04 
33333 7.763170e+11 7.749139e+05 1.378836e+05 
44444 7.763170e+11 9.397561e+05 3.143765e+05 
55555 7.763170e+11 1.160897e+05 2.082022e+05 
66666 7.763170e+11 3.613475e+05 2.169656e+05 
77777 7.763170e+11 5.998665e+05 2.743344e+05 
88888 7.763170e+11 8.156256e+05 3.825167e+05 
99999 7.763170e+11 9.988877e+05 6.339506e+05 
111110 7.763170e+11 2.264773e+05 3.860520e+05 
122221 7.763170e+11 4.535997e+05 4.165363e+05 
133332 7.763170e+11 6.712123e+05 4.994301e+05 
144443 7.763170e+11 8.490623e+05 7.222240e+05 
155554 7.763170e+11 1.047817e+05 6.010769e+05 
166665 7.763170e+11 3.149442e+05 6.029147e+05 
177776 7.763170e+11 5.232783e+05 6.545523e+05 
188887 7.763170e+11 6.874523e+05 7.717690e+05 
199998 7.763170e+11 9.943370e+05 8.997452e+05 
211109 7.763170e+11 2.264221e+05 8.029689e+05 
222220 7.763170e+11 3.733430e+05 8.510282e+05 
233331 7.763170e+11 5.392976e+05 9.158567e+05 
244442 7.763170e+11 7.861162e+05 9.805185e+05 
0 7.826285e+11 6.579847e+02 1.269487e+03 
11111 7.826285e+11 2.556496e+05 3.331640e+04 
22222 7.826285e+11 5.440902e+05 6.718642e+04 
33333 7.826285e+11 7.741608e+05 1.375006e+05 
44444 7.826285e+11 9.395297e+05 3.133998e+05 
55555 7.826285e+11 1.159760e+05 2.084102e+05 
66666 7.826285e+11 3.608334e+05 2.174253e+05 
77777 7.826285e+11 5.991926e+05 2.745517e+05 
88888 7.826285e+11 8.152501e+05 3.814642e+05 
99999 7.826285e+11 9.988900e+05 6.327162e+05 
111110 7.826285e+11 2.263360e+05 3.866323e+05 
122221 7.826285e+11 4.533050e+05 4.171518e+05 
133332 7.826285e+11 6.711593e+05 4.993044e+05 
144443 7.826285e+11 8.495483e+05 7.213899e+05 
155554 7.826285e+11 1.048651e+05 6.014202e+05 
166665 7.826285e+11 3.151380e+05 6.036946e+05 
177776 7.826285e+11 5.237132e+05 6.549690e+05 
188887 7.826285e+11 6.884021e+05 7.714981e+05 
199998 7.826285e+11 9.943577e+05 8.993872e+05 
211109 7.826285e+11 2.266478e+05 8.033513e+05 
222220 7.826285e+11 3.738764e+05 8.513689e+05 
233331 7.826285e+11 5.400859e+05 9.159231e+05 
244442 7.826285e+11 7.867444e+05 9.804830e+05 
0 7.889400e+11 6.579918e+02 1.269479e+03 
11111 7.889400e+11 2.554926e+05 3.337290e+04 
22222 7.889400e+11 5.433156e+05 6.730870e+04 
33333 7.889400e+11 7.734275e+05 1.371234e+05 
44444 7.889400e+11 9.393035e+05 3.124522e+05 
55555 7.889400e+11 1.158669e+05 2.086108e+05 
66666 7.889400e+11 3.603372e+05 2.178784e+05 
77777 7.889400e+11 5.985406e+05 2.747622e+05 
88888 7.889400e+11 8.148662e+05 3.804544e+05 
99999 7.889400e+11 9.988922e+05 6.315054e+05 
111110 7.889400e+11 2.262011e+05 3.872032e+05 
122221 7.889400e+11 4.530239e+05 4.177562e+05 
133332 7.889400e+11 6.711063e+05 4.991782e+05 
144443 7.889400e+11 8.500227e+05 7.205720e+05 
155554 7.889400e+11 1.049452e+05 6.017486e+05 
166665 7.889400e+11 3.153231e+05 6.044613e+05 
177776 7.889400e+11 5.241359e+05 6.553662e+05 
188887 7.889400e+11 6.893310e+05 7.712266e+05 
199998 7.889400e+11 9.943777e+05 8.990368e+05 
211109 7.889400e+11 2.268654e+05 8.037261e+05 
222220 7.889400e+11 3.743995e+05 8.517015e+05 
233331 7.889400e+11 5.408592e+05 9.159864e+05 
244442 7.889400e+11 7.873550e+05 9.804482e+05 
0 7.952515e+11 6.579989e+02 1.269471e+03 
11111 7.952515e+11 2.553413e+05 3.342880e+04 
22222 7.952515e+11 5.425569e+05 6.742896e+04 
33333 7.952515e+11 7.727136e+05 1.367527e+05 
44444 7.952515e+11 9.390762e+05 3.115324e+05 
55555 7.952515e+11 1.157564e+05 2.088074e+05 
66666 7.952515e+11 3.598465e+05 2.183240e+05 
77777 7.952515e+11 5.979088e+05 2.749615e+05 
88888 7.952515e+11 8.144667e+05 3.794952e+05 
99999 7.952515e+11 9.988944e+05 6.303175e+05 
111110 7.952515e+11 2.260697e+05 3.877619e+05 
122221 7.952515e+11 4.527482e+05 4.183429e+05 
133332 7.952515e+11 6.710494e+05 4.990555e+05 
144443 7.952515e+11 8.504857e+05 7.197700e+05 
155554 7.952515e+11 1.050243e+05 6.020693e+05 
166665 7.952515e+11 3.155075e+05 6.052105e+05 
177776 7.952515e+11 5.245479e+05 6.557597e+05 
188887 7.952515e+11 6.902457e+05 7.709529e+05 
199998 7.952515e+11 9.943972e+05 8.986939e+05 
211109 7.952515e+11 2.270755e+05 8.040942e+05 
222220 7.952515e+11 3.749129e+05 8.520262e+05 
233331 7.952515e+11 5.416174e+05 9.160467e+05 
244442 7.952515e+11 7.879489e+05 9.804141e+05 
0 8.015630e+11 6.580061e+02 1.269463e+03 
11111 8.015630e+11 2.551949e+05 3.348398e+04 
22222 8.015630e+11 5.418131e+05 6.754677e+04 
33333 8.015630e+11 7.720182e+05 1.363876e+05 
44444 8.015630e+11 9.388493e+05 3.106385e+05 
55555 8.015630e+11 1.156520e+05 2.089983e+05 
66666 8.015630e+11 3.593634e+05 2.187552e+05 
77777 8.015630e+11 5.972901e+05 2.751516e+05 
88888 8.015630e+11 8.140847e+05 3.785643e+05 
99999 8.015630e+11 9.988965e+05 6.291513e+05 
111110 8.015630e+11 2.259459e+05 3.883061e+05 
122221 8.015630e+11 4.524789e+05 4.189172e+05 
133332 8.015630e+11 6.709935e+05 4.989303e+05 
144443 8.015630e+11 8.509386e+05 7.189834e+05 
155554 8.015630e+11 1.051004e+05 6.023813e+05 
166665 8.015630e+11 3.156886e+05 6.059439e+05 
177776 8.015630e+11 5.249474e+05 6.561404e+05 
188887 8.015630e+11 6.911446e+05 7.706791e+05 
199998 8.015630e+11 9.944162e+05 8.983583e+05 
211109 8.015630e+11 2.272796e+05 8.044543e+05 
222220 8.015630e+11 3.754158e+05 8.523453e+05 
233331 8.015630e+11 5.423614e+05 9.161040e+05 
244442 8.015630e+11 7.885262e+05 9.803806e+05 
0 8.078746e+11 6.580134e+02 1.269455e+03 
11111 8.078746e+11 2.550532e+05 3.353847e+04 
22222 8.078746e+11 5.410834e+05 6.766242e+04 
33333 8.078746e+11 7.713403e+05 1.360276e+05 
44444 8.078746e+11 9.386221e+05 3.097704e+05 
55555 8.078746e+11 1.155491e+05 2.091834e+05 
66666 8.078746e+11 3.588917e+05 2.191735e+05 
77777 8.078746e+11 5.966913e+05 2.753349e+05 
88888 8.078746e+11 8.137075e+05 3.776693e+05 
99999 8.078746e+11 9.988985e+05 6.280071e+05 
111110 8.078746e+11 2.258255e+05 3.888379e+05 
122221 8.078746e+11 4.522255e+05 4.194845e+05 
133332 8.078746e+11 6.709343e+05 4.988028e+05 
144443 8.078746e+11 8.513808e+05 7.182121e+05 
155554 8.078746e+11 1.051762e+05 6.026857e+05 
166665 8.078746e+11 3.158673e+05 6.066603e+05 
177776 8.078746e+11 5.253358e+05 6.565134e+05 
188887 8.078746e+11 6.920262e+05 7.704115e+05 
199998 8.078746e+11 9.944347e+05 8.980299e+05 
211109 8.078746e+11 2.274775e+05 8.048071e+05 
222220 8.078746e+11 3.759088e+05 8.526577e+05 
233331 8.078746e+11 5.430909e+05 9.161581e+05 
244442 8.078746e+11 7.890877e+05 9.803477e+05 
0 8.141861e+11 6.580206e+02 1.269446e+03 
11111 8.141861e+11 2.549161e+05 3.359218e+04 
22222 8.141861e+11 5.403679e+05 6.777573e+04 
33333 8.141861e+11 7.706800e+05 1.356732e+05 
44444 8.141861e+11 9.383953e+05 3.089260e+05 
55555 8.141861e+11 1.154482e+05 2.093638e+05 
66666 8.141861e+11 3.584317e+05 2.195798e+05 
77777 8.141861e+11 5.961052e+05 2.755114e+05 
88888 8.141861e+11 8.133389e+05 3.767951e+05 
99999 8.141861e+11 9.989005e+05 6.268829e+05 
111110 8.141861e+11 2.257093e+05 3.893610e+05 
122221 8.141861e+11 4.519754e+05 4.200360e+05 
133332 8.141861e+11 6.708787e+05 4.986806e+05 
144443 8.141861e+11 8.518133e+05 7.174548e+05 
155554 8.141861e+11 1.052491e+05 6.029843e+05 
166665 8.141861e+11 3.160407e+05 6.073640e+05 
177776 8.141861e+11 5.257133e+05 6.568718e+05 
188887 8.141861e+11 6.928917e+05 7.701536e+05 
199998 8.141861e+11 9.944528e+05 8.977080e+05 
211109 8.141861e+11 2.276698e+05 8.051534e+05 
222220 8.141861e+11 3.763928e+05 8.529637e+05 
233331 8.141861e+11 5.438072e+05 9.162095e+05 
244442 8.141861e+11 7.896346e+05 9.803154e+05 
0 8.204976e+11 6.580279e+02 1.269438e+03 
11111 8.204976e+11 2.547834e+05 3.364531e+04 
22222 8.204976e+11 5.396662e+05 6.788666e+04 
33333 8.204976e+11 7.700370e+05 1.353237e+05 
44444 8.204976e+11 9.381696e+05 3.081047e+05 
55555 8.204976e+11 1.153481e+05 2.095403e+05 
66666 8.204976e+11 3.579816e+05 2.199785e+05 
77777 8.204976e+11 5.955391e+05 2.756827e+05 
88888 8.204976e+11 8.129834e+05 3.759485e+05 
99999 8.204976e+11 9.989025e+05 6.257783e+05 
111110 8.204976e+11 2.255961e+05 3.898730e+05 
122221 8.204976e+11 4.517337e+05 4.205767e+05 
133332 8.204976e+11 6.708260e+05 4.985634e+05 
144443 8.204976e+11 8.522370e+05 7.167113e+05 
155554 8.204976e+11 1.053200e+05 6.032728e+05 
166665 8.204976e+11 3.162127e+05 6.080500e+05 
177776 8.204976e+11 5.260816e+05 6.572201e+05 
188887 8.204976e+11 6.937375e+05 7.698966e+05 
199998 8.204976e+11 9.944703e+05 8.973928e+05 
211109 8.204976e+11 2.278565e+05 8.054928e+05 
222220 8.204976e+11 3.768680e+05 8.532626e+05 
233331 8.204976e+11 5.445096e+05 9.162587e+05 
244442 8.204976e+11 7.901670e+05 9.802837e+05 
0 8.268091e+11 6.580352e+02 1.269429e+03 
11111 8.268091e+11 2.546549e+05 3.369780e+04 
22222 8.268091e+11 5.389777e+05 6.799546e+04 
33333 8.268091e+11 7.694100e+05 1.349788e+05 
44444 8.268091e+11 9.379448e+05 3.073058e+05 
55555 8.268091e+11 1.152472e+05 2.097134e+05 
66666 8.268091e+11 3.575371e+05 2.203610e+05 
77777 8.268091e+11 5.949866e+05 2.758488e+05 
88888 8.268091e+11 8.126407e+05 3.751201e+05 
99999 8.268091e+11 9.989043e+05 6.246930e+05 
111110 8.268091e+11 2.254874e+05 3.903717e+05 
122221 8.268091e+11 4.514990e+05 4.211051e+05 
133332 8.268091e+11 6.707671e+05 4.984450e+05 
144443 8.268091e+11 8.526517e+05 7.159815e+05 
155554 8.268091e+11 1.053863e+05 6.035556e+05 
166665 8.268091e+11 3.163840e+05 6.087228e+05 
177776 8.268091e+11 5.264356e+05 6.575665e+05 
188887 8.268091e+11 6.945639e+05 7.696531e+05 
199998 8.268091e+11 9.944874e+05 8.970840e+05 
211109 8.268091e+11 2.280378e+05 8.058253e+05 
222220 8.268091e+11 3.773342e+05 8.535549e+05 
233331 8.268091e+11 5.451986e+05 9.163055e+05 
244442 8.268091e+11 7.906853e+05 9.802526e+05 
0 8.331206e+11 6.580424e+02 1.269420e+03 
11111 8.331206e+11 2.545300e+05 3.374968e+04 
22222 8.331206e+11 5.383011e+05 6.810192e+04 
33333 8.331206e+11 7.687979e+05 1.346386e+05 
44444 8.331206e+11 9.377208e+05 3.065281e+05 
55555 8.331206e+11 1.151515e+05 2.098811e+05 
66666 8.331206e+11 3.571014e+05 2.207431e+05 
77777 8.331206e+11 5.944512e+05 2.760092e+05 
88888 8.331206e+11 8.123018e+05 3.743158e+05 
99999 8.331206e+11 9.989062e+05 6.236265e+05 
111110 8.331206e+11 2.253822e+05 3.908622e+05 
122221 8.331206e+11 4.512714e+05 4.216231e+05 
133332 8.331206e+11 6.707107e+05 4.983305e+05 
144443 8.331206e+11 8.530574e+05 7.152649e+05 
155554 8.331206e+11 1.054541e+05 6.038305e+05 
166665 8.331206e+11 3.165486e+05 6.093814e+05 
177776 8.331206e+11 5.267786e+05 6.579013e+05 
188887 8.331206e+11 6.953646e+05 7.694144e+05 
199998 8.331206e+11 9.945042e+05 8.967815e+05 
211109 8.331206e+11 2.282142e+05 8.061509e+05 
222220 8.331206e+11 3.777914e+05 8.538417e+05 
233331 8.331206e+11 5.458745e+05 9.163498e+05 
244442 8.331206e+11 7.911900e+05 9.802222e+05 
0 8.394322e+11 6.580497e+02 1.269412e+03 
11111 8.394322e+11 2.544086e+05 3.380096e+04 
22222 8.394322e+11 5.376368e+05 6.820635e+04 
33333 8.394322e+11 7.682009e+05 1.343024e+05 
44444 8.394322e+11 9.374979e+05 3.057710e+05 
55555 8.394322e+11 1.150582e+05 2.100429e+05 
66666 8.394322e+11 3.566798e+05 2.211202e+05 
77777 8.394322e+11 5.939252e+05 2.761628e+05 
88888 8.394322e+11 8.119631e+05 3.735350e+05 
99999 8.394322e+11 9.989080e+05 6.225787e+05 
111110 8.394322e+11 2.252779e+05 3.913406e+05 
122221 8.394322e+11 4.510445e+05 4.221271e+05 
133332 8.394322e+11 6.706539e+05 4.982167e+05 
144443 8.394322e+11 8.534546e+05 7.145612e+05 
155554 8.394322e+11 1.055206e+05 6.041002e+05 
166665 8.394322e+11 3.167125e+05 6.100274e+05 
177776 8.394322e+11 5.271192e+05 6.582300e+05 
188887 8.394322e+11 6.961509e+05 7.691896e+05 
199998 8.394322e+11 9.945205e+05 8.964850e+05 
211109 8.394322e+11 2.283858e+05 8.064695e+05 
222220 8.394322e+11 3.782397e+05 8.541229e+05 
233331 8.394322e+11 5.465379e+05 9.163918e+05 
244442 8.394322e+11 7.916815e+05 9.801923e+05 
0 8.457437e+11 6.580569e+02 1.269403e+03 
11111 8.457437e+11 2.542906e+05 3.385156e+04 
22222 8.457437e+11 5.369842e+05 6.830862e+04 
33333 8.457437e+11 7.676180e+05 1.339701e+05 
44444 8.457437e+11 9.372761e+05 3.050338e+05 
55555 8.457437e+11 1.149626e+05 2.102033e+05 
66666 8.457437e+11 3.562696e+05 2.214903e+05 
77777 8.457437e+11 5.934148e+05 2.763096e+05 
88888 8.457437e+11 8.116315e+05 3.727772e+05 
99999 8.457437e+11 9.989097e+05 6.215490e+05 
111110 8.457437e+11 2.251782e+05 3.918119e+05 
122221 8.457437e+11 4.508302e+05 4.226161e+05 
133332 8.457437e+11 6.705970e+05 4.981068e+05 
144443 8.457437e+11 8.538437e+05 7.138704e+05 
155554 8.457437e+11 1.055830e+05 6.043627e+05 
166665 8.457437e+11 3.168773e+05 6.106605e+05 
177776 8.457437e+11 5.274456e+05 6.585523e+05 
188887 8.457437e+11 6.969194e+05 7.689697e+05 
199998 8.457437e+11 9.945363e+05 8.961945e+05 
211109 8.457437e+11 2.285528e+05 8.067812e+05 
222220 8.457437e+11 3.786792e+05 8.543983e+05 
233331 8.457437e+11 5.471885e+05 9.164318e+05 
244442 8.457437e+11 7.921604e+05 9.801629e+05 
0 8.520552e+11 6.580640e+02 1.269394e+03 
11111 8.520552e+11 2.541763e+05 3.390138e+04 
22222 8.520552e+11 5.363437e+05 6.840863e+04 
33333 8.520552e+11 7.670494e+05 1.336430e+05 
44444 8.520552e+11 9.370547e+05 3.043157e+05 
55555 8.520552e+11 1.148713e+05 2.103579e+05 
66666 8.520552e+11 3.558746e+05 2.218502e+05 
77777 8.520552e+11 5.929188e+05 2.764551e+05 
88888 8.520552e+11 8.112981e+05 3.720397e+05 
99999 8.520552e+11 9.989115e+05 6.205367e+05 
111110 8.520552e+11 2.250818e+05 3.922723e+05 
122221 8.520552e+11 4.506221e+05 4.230958e+05 
133332 8.520552e+11 6.705432e+05 4.979985e+05 
144443 8.520552e+11 8.542248e+05 7.131916e+05 
155554 8.520552e+11 1.056441e+05 6.046193e+05 
166665 8.520552e+11 3.170362e+05 6.112794e+05 
177776 8.520552e+11 5.277676e+05 6.588610e+05 
188887 8.520552e+11 6.976655e+05 7.687524e+05 
199998 8.520552e+11 9.945519e+05 8.959099e+05 
211109 8.520552e+11 2.287156e+05 8.070862e+05 
222220 8.520552e+11 3.791103e+05 8.546679e+05 
233331 8.520552e+11 5.478268e+05 9.164699e+05 
244442 8.520552e+11 7.926270e+05 9.801341e+05 
0 8.583667e+11 6.580712e+02 1.269385e+03 
11111 8.583667e+11 2.540653e+05 3.395072e+04 
22222 8.583667e+11 5.357144e+05 6.850656e+04 
33333 8.583667e+11 7.664936e+05 1.333194e+05 
44444 8.583667e+11 9.368340e+05 3.036162e+05 
55555 8.583667e+11 1.147805e+05 2.105104e+05 
66666 8.583667e+11 3.554875e+05 2.222053e+05 
77777 8.583667e+11 5.924344e+05 2.765990e+05 
88888 8.583667e+11 8.109643e+05 3.713291e+05 
99999 8.583667e+11 9.989131e+05 6.195419e+05 
111110 8.583667e+11 2.249885e+05 3.927229e+05 
122221 8.583667e+11 4.504146e+05 4.235652e+05 
133332 8.583667e+11 6.704864e+05 4.978903e+05 
144443 8.583667e+11 8.545981e+05 7.125251e+05 
155554 8.583667e+11 1.057053e+05 6.048708e+05 
166665 8.583667e+11 3.171951e+05 6.118848e+05 
177776 8.583667e+11 5.280815e+05 6.591641e+05 
188887 8.583667e+11 6.984021e+05 7.685471e+05 
199998 8.583667e+11 9.945670e+05 8.956310e+05 
211109 8.583667e+11 2.288741e+05 8.073853e+05 
222220 8.583667e+11 3.795337e+05 8.549314e+05 
233331 8.583667e+11 5.484523e+05 9.165060e+05 
244442 8.583667e+11 7.930816e+05 9.801059e+05 
0 8.646782e+11 6.580783e+02 1.269376e+03 
11111 8.646782e+11 2.539572e+05 3.399960e+04 
22222 8.646782e+11 5.350958e+05 6.860260e+04 
33333 8.646782e+11 7.659503e+05 1.330003e+05 
44444 8.646782e+11 9.366149e+05 3.029350e+05 
55555 8.646782e+11 1.146913e+05 2.106587e+05 
66666 8.646782e+11 3.551062e+05 2.225604e+05 
77777 8.646782e+11 5.919608e+05 2.767381e+05 
88888 8.646782e+11 8.106434e+05 3.706406e+05 
99999 8.646782e+11 9.989148e+05 6.185644e+05 
111110 8.646782e+11 2.248962e+05 3.931682e+05 
122221 8.646782e+11 4.502140e+05 4.240225e+05 
133332 8.646782e+11 6.704309e+05 4.977852e+05 
144443 8.646782e+11 8.549635e+05 7.118709e+05 
155554 8.646782e+11 1.057643e+05 6.051171e+05 
166665 8.646782e+11 3.173561e+05 6.124793e+05 
177776 8.646782e+11 5.283864e+05 6.594629e+05 
188887 8.646782e+11 6.991171e+05 7.683449e+05 
199998 8.646782e+11 9.945818e+05 8.953577e+05 
211109 8.646782e+11 2.290289e+05 8.076782e+05 
222220 8.646782e+11 3.799494e+05 8.551894e+05 
233331 8.646782e+11 5.490661e+05 9.165400e+05 
244442 8.646782e+11 7.935250e+05 9.800781e+05 
0 8.709898e+11 6.580854e+02 1.269368e+03 
11111 8.709898e+11 2.538518e+05 3.404787e+04 
22222 8.709898e+11 5.344881e+05 6.869660e+04 
33333 8.709898e+11 7.654196e+05 1.326854e+05 
44444 8.709898e+11 9.363974e+05 3.022708e+05 
55555 8.709898e+11 1.146035e+05 2.108017e+05 
66666 8.709898e+11 3.547370e+05 2.229128e+05 
77777 8.709898e+11 5.915020e+05 2.768742e+05 
88888 8.709898e+11 8.103231e+05 3.699684e+05 
99999 8.709898e+11 9.989164e+05 6.176031e+05 
111110 8.709898e+11 2.248052e+05 3.936017e+05 
122221 8.709898e+11 4.500212e+05 4.244694e+05 
133332 8.709898e+11 6.703777e+05 4.976849e+05 
144443 8.709898e+11 8.553214e+05 7.112283e+05 
155554 8.709898e+11 1.058182e+05 6.053582e+05 
166665 8.709898e+11 3.175116e+05 6.130599e+05 
177776 8.709898e+11 5.286811e+05 6.597556e+05 
188887 8.709898e+11 6.998168e+05 7.681469e+05 
199998 8.709898e+11 9.945962e+05 8.950896e+05 
211109 8.709898e+11 2.291798e+05 8.079648e+05 
222220 8.709898e+11 3.803574e+05 8.554426e+05 
233331 8.709898e+11 5.496688e+05 9.165721e+05 
244442 8.709898e+11 7.939576e+05 9.800509e+05 
0 8.773013e+11 6.580924e+02 1.269359e+03 
11111 8.773013e+11 2.537493e+05 3.409556e+04 
22222 8.773013e+11 5.338910e+05 6.878862e+04 
33333 8.773013e+11 7.649011e+05 1.323747e+05 
44444 8.773013e+11 9.361815e+05 3.016230e+05 
55555 8.773013e+11 1.145163e+05 2.109439e+05 
66666 8.773013e+11 3.543751e+05 2.232546e+05 
77777 8.773013e+11 5.910506e+05 2.770078e+05 
88888 8.773013e+11 8.100027e+05 3.693107e+05 
99999 8.773013e+11 9.989179e+05 6.166572e+05 
111110 8.773013e+11 2.247183e+05 3.940275e+05 
122221 8.773013e+11 4.498342e+05 4.249068e+05 
133332 8.773013e+11 6.703256e+05 4.975862e+05 
144443 8.773013e+11 8.556724e+05 7.105964e+05 
155554 8.773013e+11 1.058730e+05 6.055932e+05 
166665 8.773013e+11 3.176629e+05 6.136300e+05 
177776 8.773013e+11 5.289662e+05 6.600473e+05 
188887 8.773013e+11 7.004919e+05 7.679556e+05 
199998 8.773013e+11 9.946103e+05 8.948265e+05 
211109 8.773013e+11 2.293274e+05 8.082456e+05 
222220 8.773013e+11 3.807583e+05 8.556909e+05 
233331 8.773013e+11 5.502608e+05 9.166024e+05 
244442 8.773013e+11 7.943797e+05 9.800242e+05 
0 8.836128e+11 6.580994e+02 1.269350e+03 
11111 8.836128e+11 2.536492e+05 3.414267e+04 
22222 8.836128e+11 5.333039e+05 6.887852e+04 
33333 8.836128e+11 7.643938e+05 1.320685e+05 
44444 8.836128e+11 9.359670e+05 3.009914e+05 
55555 8.836128e+11 1.144302e+05 2.110807e+05 
66666 8.836128e+11 3.540255e+05 2.235915e+05 
77777 8.836128e+11 5.906138e+05 2.771379e+05 
88888 8.836128e+11 8.096929e+05 3.686781e+05 
99999 8.836128e+11 9.989195e+05 6.157272e+05 
111110 8.836128e+11 2.246323e+05 3.944476e+05 
122221 8.836128e+11 4.496519e+05 4.253357e+05 
133332 8.836128e+11 6.702738e+05 4.974891e+05 
144443 8.836128e+11 8.560161e+05 7.099758e+05 
155554 8.836128e+11 1.059267e+05 6.058253e+05 
166665 8.836128e+11 3.178156e+05 6.141944e+05 
177776 8.836128e+11 5.292459e+05 6.603299e+05 
188887 8.836128e+11 7.011589e+05 7.677531e+05 
199998 8.836128e+11 9.946241e+05 8.945684e+05 
211109 8.836128e+11 2.294717e+05 8.085207e+05 
222220 8.836128e+11 3.811522e+05 8.559344e+05 
233331 8.836128e+11 5.508421e+05 9.166307e+05 
244442 8.836128e+11 7.947914e+05 9.799981e+05 
0 8.899243e+11 6.581064e+02 1.269341e+03 
11111 8.899243e+11 2.535519e+05 3.418908e+04 
22222 8.899243e+11 5.327271e+05 6.896633e+04 
33333 8.899243e+11 7.638978e+05 1.317662e+05 
44444 8.899243e+11 9.357542e+05 3.003748e+05 
55555 8.899243e+11 1.143448e+05 2.112158e+05 
66666 8.899243e+11 3.536869e+05 2.239176e+05 
77777 8.899243e+11 5.901866e+05 2.772676e+05 
88888 8.899243e+11 8.093853e+05 3.680604e+05 
99999 8.899243e+11 9.989209e+05 6.148125e+05 
111110 8.899243e+11 2.245498e+05 3.948591e+05 
122221 8.899243e+11 4.494711e+05 4.257555e+05 
133332 8.899243e+11 6.702214e+05 4.973961e+05 
144443 8.899243e+11 8.563532e+05 7.093658e+05 
155554 8.899243e+11 1.059786e+05 6.060531e+05 
166665 8.899243e+11 3.179659e+05 6.147428e+05 
177776 8.899243e+11 5.295209e+05 6.606015e+05 
188887 8.899243e+11 7.017991e+05 7.675479e+05 
199998 8.899243e+11 9.946375e+05 8.943153e+05 
211109 8.899243e+11 2.296128e+05 8.087903e+05 
222220 8.899243e+11 3.815388e+05 8.561730e+05 
233331 8.899243e+11 5.514128e+05 9.166576e+05 
244442 8.899243e+11 7.951933e+05 9.799723e+05 
0 8.962358e+11 6.581133e+02 1.269332e+03 
11111 8.962358e+11 2.534572e+05 3.423493e+04 
22222 8.962358e+11 5.321604e+05 6.905214e+04 
33333 8.962358e+11 7.634129e+05 1.314677e+05 
44444 8.962358e+11 9.355428e+05 2.997729e+05 
55555 8.962358e+11 1.142609e+05 2.113471e+05 
66666 8.962358e+11 3.533564e+05 2.242475e+05 
77777 8.962358e+11 5.897691e+05 2.773935e+05 
88888 8.962358e+11 8.090814e+05 3.674592e+05 
99999 8.962358e+11 9.989224e+05 6.139123e+05 
111110 8.962358e+11 2.244697e+05 3.952640e+05 
122221 8.962358e+11 4.492976e+05 4.261635e+05 
133332 8.962358e+11 6.701715e+05 4.973046e+05 
144443 8.962358e+11 8.566837e+05 7.087660e+05 
155554 8.962358e+11 1.060297e+05 6.062754e+05 
166665 8.962358e+11 3.181175e+05 6.152822e+05 
177776 8.962358e+11 5.297936e+05 6.608651e+05 
188887 8.962358e+11 7.024317e+05 7.673415e+05 
199998 8.962358e+11 9.946507e+05 8.940668e+05 
211109 8.962358e+11 2.297502e+05 8.090548e+05 
222220 8.962358e+11 3.819189e+05 8.564062e+05 
233331 8.962358e+11 5.519728e+05 9.166831e+05 
244442 8.962358e+11 7.955859e+05 9.799471e+05 
0 9.025474e+11 6.581201e+02 1.269323e+03 
11111 9.025474e+11 2.533647e+05 3.428031e+04 
22222 9.025474e+11 5.316033e+05 6.913606e+04 
33333 9.025474e+11 7.629386e+05 1.311740e+05 
44444 9.025474e+11 9.353326e+05 2.991850e+05 
55555 9.025474e+11 1.141776e+05 2.114761e+05 
66666 9.025474e+11 3.530317e+05 2.245712e+05 
77777 9.025474e+11 5.893586e+05 2.775151e+05 
88888 9.025474e+11 8.087782e+05 3.668780e+05 
99999 9.025474e+11 9.989238e+05 6.130262e+05 
111110 9.025474e+11 2.243894e+05 3.956600e+05 
122221 9.025474e+11 4.491278e+05 4.265646e+05 
133332 9.025474e+11 6.701192e+05 4.972161e+05 
144443 9.025474e+11 8.570080e+05 7.081759e+05 
155554 9.025474e+11 1.060804e+05 6.064929e+05 
166665 9.025474e+11 3.182655e+05 6.158127e+05 
177776 9.025474e+11 5.300606e+05 6.611255e+05 
188887 9.025474e+11 7.030529e+05 7.671341e+05 
199998 9.025474e+11 9.946636e+05 8.938228e+05 
211109 9.025474e+11 2.298843e+05 8.093139e+05 
222220 9.025474e+11 3.822922e+05 8.566342e+05 
233331 9.025474e+11 5.525226e+05 9.167074e+05 
244442 9.025474e+11 7.959695e+05 9.799223e+05 
0 9.088589e+11 6.581269e+02 1.269315e+03 
11111 9.088589e+11 2.532741e+05 3.432520e+04 
22222 9.088589e+11 5.310554e+05 6.921834e+04 
33333 9.088589e+11 7.624741e+05 1.308836e+05 
44444 9.088589e+11 9.351239e+05 2.986111e+05 
55555 9.088589e+11 1.140951e+05 2.116006e+05 
66666 9.088589e+11 3.527154e+05 2.248915e+05 
77777 9.088589e+11 5.889587e+05 2.776323e+05 
88888 9.088589e+11 8.084793e+05 3.663147e+05 
99999 9.088589e+11 9.989252e+05 6.121548e+05 
111110 9.088589e+11 2.243108e+05 3.960505e+05 
122221 9.088589e+11 4.489641e+05 4.269571e+05 
133332 9.088589e+11 6.700713e+05 4.971306e+05 
144443 9.088589e+11 8.573260e+05 7.075961e+05 
155554 9.088589e+11 1.061274e+05 6.067070e+05 
166665 9.088589e+11 3.184117e+05 6.163334e+05 
177776 9.088589e+11 5.303258e+05 6.613841e+05 
188887 9.088589e+11 7.036611e+05 7.669221e+05 
199998 9.088589e+11 9.946762e+05 8.935837e+05 
211109 9.088589e+11 2.300155e+05 8.095677e+05 
222220 9.088589e+11 3.826585e+05 8.568577e+05 
233331 9.088589e+11 5.530619e+05 9.167303e+05 
244442 9.088589e+11 7.963438e+05 9.798979e+05 
0 9.151704e+11 6.581336e+02 1.269306e+03 
11111 9.151704e+11 2.531854e+05 3.436950e+04 
22222 9.151704e+11 5.305169e+05 6.929890e+04 
33333 9.151704e+11 7.620191e+05 1.305969e+05 
44444 9.151704e+11 9.349168e+05 2.980502e+05 
55555 9.151704e+11 1.140144e+05 2.117204e+05 
66666 9.151704e+11 3.524048e+05 2.252082e+05 
77777 9.151704e+11 5.885694e+05 2.777502e+05 
88888 9.151704e+11 8.081809e+05 3.657596e+05 
99999 9.151704e+11 9.989266e+05 6.112972e+05 
111110 9.151704e+11 2.242332e+05 3.964347e+05 
122221 9.151704e+11 4.488064e+05 4.273412e+05 
133332 9.151704e+11 6.700239e+05 4.970453e+05 
144443 9.151704e+11 8.576382e+05 7.070259e+05 
155554 9.151704e+11 1.061752e+05 6.069182e+05 
166665 9.151704e+11 3.185606e+05 6.168439e+05 
177776 9.151704e+11 5.305854e+05 6.616333e+05 
188887 9.151704e+11 7.042573e+05 7.667059e+05 
199998 9.151704e+11 9.946885e+05 8.933489e+05 
211109 9.151704e+11 2.301444e+05 8.098167e+05 
222220 9.151704e+11 3.830185e+05 8.570766e+05 
233331 9.151704e+11 5.535917e+05 9.167520e+05 
244442 9.151704e+11 7.967096e+05 9.798740e+05 
0 9.214819e+11 6.581402e+02 1.269297e+03 
11111 9.214819e+11 2.530989e+05 3.441321e+04 
22222 9.214819e+11 5.299878e+05 6.937754e+04 
33333 9.214819e+11 7.615739e+05 1.303144e+05 
44444 9.214819e+11 9.347106e+05 2.975019e+05 
55555 9.214819e+11 1.139358e+05 2.118381e+05 
66666 9.214819e+11 3.521009e+05 2.255171e+05 
77777 9.214819e+11 5.881864e+05 2.778676e+05 
88888 9.214819e+11 8.078832e+05 3.652223e+05 
99999 9.214819e+11 9.989279e+05 6.104531e+05 
111110 9.214819e+11 2.241565e+05 3.968121e+05 
122221 9.214819e+11 4.486505e+05 4.277196e+05 
133332 9.214819e+11 6.699781e+05 4.969642e+05 
144443 9.214819e+11 8.579447e+05 7.064651e+05 
155554 9.214819e+11 1.062198e+05 6.071238e+05 
166665 9.214819e+11 3.187052e+05 6.173460e+05 
177776 9.214819e+11 5.308417e+05 6.618797e+05 
188887 9.214819e+11 7.048477e+05 7.664910e+05 
199998 9.214819e+11 9.947006e+05 8.931183e+05 
211109 9.214819e+11 2.302707e+05 8.100612e+05 
222220 9.214819e+11 3.833726e+05 8.572913e+05 
233331 9.214819e+11 5.541121e+05 9.167723e+05 
244442 9.214819e+11 7.970670e+05 9.798504e+05 
0 9.277934e+11 6.581468e+02 1.269289e+03 
11111 9.277934e+11 2.530140e+05 3.445639e+04 
22222 9.277934e+11 5.294670e+05 6.945449e+04 
33333 9.277934e+11 7.611376e+05 1.300351e+05 
44444 9.277934e+11 9.345054e+05 2.969661e+05 
55555 9.277934e+11 1.138594e+05 2.119537e+05 
66666 9.277934e+11 3.518071e+05 2.258200e+05 
77777 9.277934e+11 5.878156e+05 2.779805e+05 
88888 9.277934e+11 8.075871e+05 3.647009e+05 
99999 9.277934e+11 9.989292e+05 6.096228e+05 
111110 9.277934e+11 2.240820e+05 3.971837e+05 
122221 9.277934e+11 4.484995e+05 4.280894e+05 
133332 9.277934e+11 6.699307e+05 4.968841e+05 
144443 9.277934e+11 8.582453e+05 7.059138e+05 
155554 9.277934e+11 1.062633e+05 6.073276e+05 
166665 9.277934e+11 3.188518e+05 6.178360e+05 
177776 9.277934e+11 5.310945e+05 6.621216e+05 
188887 9.277934e+11 7.054227e+05 7.662744e+05 
199998 9.277934e+11 9.947124e+05 8.928921e+05 
211109 9.277934e+11 2.303943e+05 8.103011e+05 
222220 9.277934e+11 3.837202e+05 8.575012e+05 
233331 9.277934e+11 5.546225e+05 9.167916e+05 
244442 9.277934e+11 7.974163e+05 9.798273e+05 
0 9.341050e+11 6.581532e+02 1.269280e+03 
11111 9.341050e+11 2.529310e+05 3.449901e+04 
22222 9.341050e+11 5.289549e+05 6.952988e+04 
33333 9.341050e+11 7.607101e+05 1.297601e+05 
44444 9.341050e+11 9.343015e+05 2.964420e+05 
55555 9.341050e+11 1.137841e+05 2.120653e+05 
66666 9.341050e+11 3.515215e+05 2.261200e+05 
77777 9.341050e+11 5.874516e+05 2.780935e+05 
88888 9.341050e+11 8.072898e+05 3.641969e+05 
99999 9.341050e+11 9.989304e+05 6.088054e+05 
111110 9.341050e+11 2.240092e+05 3.975476e+05 
122221 9.341050e+11 4.483529e+05 4.284524e+05 
133332 9.341050e+11 6.698838e+05 4.968068e+05 
144443 9.341050e+11 8.585405e+05 7.053714e+05 
155554 9.341050e+11 1.063057e+05 6.075240e+05 
166665 9.341050e+11 3.189964e+05 6.183197e+05 
177776 9.341050e+11 5.313411e+05 6.623552e+05 
188887 9.341050e+11 7.059915e+05 7.660576e+05 
199998 9.341050e+11 9.947240e+05 8.926700e+05 
211109 9.341050e+11 2.305154e+05 8.105364e+05 
222220 9.341050e+11 3.840622e+05 8.577068e+05 
233331 9.341050e+11 5.551237e+05 9.168098e+05 
244442 9.341050e+11 7.977579e+05 9.798046e+05 
0 9.404165e+11 6.581596e+02 1.269272e+03 
11111 9.404165e+11 2.528500e+05 3.454113e+04 
22222 9.404165e+11 5.284517e+05 6.960347e+04 
33333 9.404165e+11 7.602911e+05 1.294883e+05 
44444 9.404165e+11 9.340988e+05 2.959298e+05 
55555 9.404165e+11 1.137104e+05 2.121744e+05 
66666 9.404165e+11 3.512439e+05 2.264089e+05 
77777 9.404165e+11 5.870991e+05 2.782018e+05 
88888 9.404165e+11 8.069937e+05 3.637102e+05 
99999 9.404165e+11 9.989317e+05 6.080007e+05 
111110 9.404165e+11 2.239373e+05 3.979060e+05 
122221 9.404165e+11 4.482101e+05 4.288059e+05 
133332 9.404165e+11 6.698389e+05 4.967322e+05 
144443 9.404165e+11 8.588304e+05 7.048380e+05 
155554 9.404165e+11 1.063474e+05 6.077178e+05 
166665 9.404165e+11 3.191404e+05 6.187930e+05 
177776 9.404165e+11 5.315857e+05 6.625862e+05 
188887 9.404165e+11 7.065512e+05 7.658493e+05 
199998 9.404165e+11 9.947353e+05 8.924520e+05 
211109 9.404165e+11 2.306338e+05 8.107669e+05 
222220 9.404165e+11 3.843983e+05 8.579081e+05 
233331 9.404165e+11 5.556157e+05 9.168271e+05 
244442 9.404165e+11 7.980915e+05 9.797823e+05 
0 9.467280e+11 6.581660e+02 1.269263e+03 
11111 9.467280e+11 2.527707e+05 3.458272e+04 
22222 9.467280e+11 5.279567e+05 6.967545e+04 
33333 9.467280e+11 7.598803e+05 1.292204e+05 
44444 9.467280e+11 9.338976e+05 2.954283e+05 
55555 9.467280e+11 1.136365e+05 2.122820e+05 
66666 9.467280e+11 3.509734e+05 2.267000e+05 
77777 9.467280e+11 5.867507e+05 2.783105e+05 
88888 9.467280e+11 8.067056e+05 3.632288e+05 
99999 9.467280e+11 9.989329e+05 6.072080e+05 
111110 9.467280e+11 2.238653e+05 3.982609e+05 
122221 9.467280e+11 4.480717e+05 4.291549e+05 
133332 9.467280e+11 6.697968e+05 4.966596e+05 
144443 9.467280e+11 8.591153e+05 7.043127e+05 
155554 9.467280e+11 1.063876e+05 6.079099e+05 
166665 9.467280e+11 3.192817e+05 6.192605e+05 
177776 9.467280e+11 5.318280e+05 6.628150e+05 
188887 9.467280e+11 7.071059e+05 7.656384e+05 
199998 9.467280e+11 9.947463e+05 8.922377e+05 
211109 9.467280e+11 2.307501e+05 8.109929e+05 
222220 9.467280e+11 3.847287e+05 8.581054e+05 
233331 9.467280e+11 5.560989e+05 9.168434e+05 
244442 9.467280e+11 7.984183e+05 9.797603e+05 
0 9.530395e+11 6.581722e+02 1.269255e+03 
11111 9.530395e+11 2.526928e+05 3.462387e+04 
22222 9.530395e+11 5.274703e+05 6.974586e+04 
33333 9.530395e+11 7.594779e+05 1.289564e+05 
44444 9.530395e+11 9.336976e+05 2.949369e+05 
55555 9.530395e+11 1.135634e+05 2.123865e+05 
66666 9.530395e+11 3.507086e+05 2.269883e+05 
77777 9.530395e+11 5.864082e+05 2.784176e+05 
88888 9.530395e+11 8.064130e+05 3.627686e+05 
99999 9.530395e+11 9.989341e+05 6.064268e+05 
111110 9.530395e+11 2.237945e+05 3.986089e+05 
122221 9.530395e+11 4.479370e+05 4.294978e+05 
133332 9.530395e+11 6.697533e+05 4.965887e+05 
144443 9.530395e+11 8.593953e+05 7.037954e+05 
155554 9.530395e+11 1.064278e+05 6.080976e+05 
166665 9.530395e+11 3.194269e+05 6.197186e+05 
177776 9.530395e+11 5.320665e+05 6.630377e+05 
188887 9.530395e+11 7.076483e+05 7.654319e+05 
199998 9.530395e+11 9.947572e+05 8.920270e+05 
211109 9.530395e+11 2.308644e+05 8.112150e+05 
222220 9.530395e+11 3.850533e+05 8.582989e+05 
233331 9.530395e+11 5.565738e+05 9.168589e+05 
244442 9.530395e+11 7.987382e+05 9.797386e+05 
0 9.593510e+11 6.581784e+02 1.269247e+03 
11111 9.593510e+11 2.526162e+05 3.466461e+04 
22222 9.593510e+11 5.269918e+05 6.981481e+04 
33333 9.593510e+11 7.590834e+05 1.286960e+05 
44444 9.593510e+11 9.334993e+05 2.944557e+05 
55555 9.593510e+11 1.134904e+05 2.124877e+05 
66666 9.593510e+11 3.504482e+05 2.272756e+05 
77777 9.593510e+11 5.860727e+05 2.785234e+05 
88888 9.593510e+11 8.061239e+05 3.623121e+05 
99999 9.593510e+11 9.989352e+05 6.056568e+05 
111110 9.593510e+11 2.237216e+05 3.989519e+05 
122221 9.593510e+11 4.478058e+05 4.298352e+05 
133332 9.593510e+11 6.697126e+05 4.965210e+05 
144443 9.593510e+11 8.596707e+05 7.032860e+05 
155554 9.593510e+11 1.064672e+05 6.082832e+05 
166665 9.593510e+11 3.195686e+05 6.201713e+05 
177776 9.593510e+11 5.323032e+05 6.632578e+05 
188887 9.593510e+11 7.081916e+05 7.652240e+05 
199998 9.593510e+11 9.947679e+05 8.918197e+05 
211109 9.593510e+11 2.309768e+05 8.114330e+05 
222220 9.593510e+11 3.853728e+05 8.584888e+05 
233331 9.593510e+11 5.570409e+05 9.168736e+05 
244442 9.593510e+11 7.990517e+05 9.797174e+05 
0 9.656626e+11 6.581845e+02 1.269239e+03 
11111 9.656626e+11 2.525406e+05 3.470502e+04 
22222 9.656626e+11 5.265211e+05 6.988250e+04 
33333 9.656626e+11 7.586963e+05 1.284392e+05 
44444 9.656626e+11 9.333026e+05 2.939843e+05 
55555 9.656626e+11 1.134187e+05 2.125854e+05 
66666 9.656626e+11 3.501930e+05 2.275626e+05 
77777 9.656626e+11 5.857440e+05 2.786285e+05 
88888 9.656626e+11 8.058328e+05 3.618657e+05 
99999 9.656626e+11 9.989363e+05 6.048979e+05 
111110 9.656626e+11 2.236496e+05 3.992899e+05 
122221 9.656626e+11 4.476793e+05 4.301657e+05 
133332 9.656626e+11 6.696695e+05 4.964529e+05 
144443 9.656626e+11 8.599416e+05 7.027842e+05 
155554 9.656626e+11 1.065045e+05 6.084643e+05 
166665 9.656626e+11 3.197089e+05 6.206141e+05 
177776 9.656626e+11 5.325365e+05 6.634733e+05 
188887 9.656626e+11 7.087265e+05 7.650238e+05 
199998 9.656626e+11 9.947783e+05 8.916161e+05 
211109 9.656626e+11 2.310870e+05 8.116470e+05 
222220 9.656626e+11 3.856872e+05 8.586749e+05 
233331 9.656626e+11 5.575001e+05 9.168875e+05 
244442 9.656626e+11 7.993587e+05 9.796964e+05 
0 9.719741e+11 6.581906e+02 1.269231e+03 
11111 9.719741e+11 2.524661e+05 3.474509e+04 
22222 9.719741e+11 5.260581e+05 6.994893e+04 
33333 9.719741e+11 7.583167e+05 1.281861e+05 
44444 9.719741e+11 9.331078e+05 2.935221e+05 
55555 9.719741e+11 1.133490e+05 2.126823e+05 
66666 9.719741e+11 3.499429e+05 2.278447e+05 
77777 9.719741e+11 5.854196e+05 2.787292e+05 
88888 9.719741e+11 8.055420e+05 3.614262e+05 
99999 9.719741e+11 9.989375e+05 6.041492e+05 
111110 9.719741e+11 2.235809e+05 3.996222e+05 
122221 9.719741e+11 4.475549e+05 4.304926e+05 
133332 9.719741e+11 6.696294e+05 4.963883e+05 
144443 9.719741e+11 8.602083e+05 7.022896e+05 
155554 9.719741e+11 1.065402e+05 6.086428e+05 
166665 9.719741e+11 3.198443e+05 6.210475e+05 
177776 9.719741e+11 5.327647e+05 6.636844e+05 
188887 9.719741e+11 7.092555e+05 7.648218e+05 
199998 9.719741e+11 9.947886e+05 8.914156e+05 
211109 9.719741e+11 2.311956e+05 8.118571e+05 
222220 9.719741e+11 3.859970e+05 8.588575e+05 
233331 9.719741e+11 5.579519e+05 9.169008e+05 
244442 9.719741e+11 7.996599e+05 9.796757e+05 
0 9.782856e+11 6.581965e+02 1.269223e+03 
11111 9.782856e+11 2.523927e+05 3.478479e+04 
22222 9.782856e+11 5.256026e+05 7.001410e+04 
33333 9.782856e+11 7.579438e+05 1.279361e+05 
44444 9.782856e+11 9.329149e+05 2.930688e+05 
55555 9.782856e+11 1.132805e+05 2.127768e+05 
66666 9.782856e+11 3.496977e+05 2.281239e+05 
77777 9.782856e+11 5.851029e+05 2.788280e+05 
88888 9.782856e+11 8.052545e+05 3.609948e+05 
99999 9.782856e+11 9.989385e+05 6.034112e+05 
111110 9.782856e+11 2.235087e+05 3.999506e+05 
122221 9.782856e+11 4.474341e+05 4.308136e+05 
133332 9.782856e+11 6.695915e+05 4.963254e+05 
144443 9.782856e+11 8.604702e+05 7.018022e+05 
155554 9.782856e+11 1.065758e+05 6.088193e+05 
166665 9.782856e+11 3.199778e+05 6.214731e+05 
177776 9.782856e+11 5.329908e+05 6.638901e+05 
188887 9.782856e+11 7.097745e+05 7.646276e+05 
199998 9.782856e+11 9.947986e+05 8.912182e+05 
211109 9.782856e+11 2.313023e+05 8.120635e+05 
222220 9.782856e+11 3.863020e+05 8.590365e+05 
233331 9.782856e+11 5.583961e+05 9.169135e+05 
244442 9.782856e+11 7.999552e+05 9.796554e+05 
0 9.845971e+11 6.582024e+02 1.269215e+03 
11111 9.845971e+11 2.523201e+05 3.482409e+04 
22222 9.845971e+11 5.251543e+05 7.007795e+04 
33333 9.845971e+11 7.575780e+05 1.276898e+05 
44444 9.845971e+11 9.327236e+05 2.926240e+05 
55555 9.845971e+11 1.132123e+05 2.128693e+05 
66666 9.845971e+11 3.494595e+05 2.283993e+05 
77777 9.845971e+11 5.847920e+05 2.789271e+05 
88888 9.845971e+11 8.049677e+05 3.605736e+05 
99999 9.845971e+11 9.989396e+05 6.026830e+05 
111110 9.845971e+11 2.234386e+05 4.002748e+05 
122221 9.845971e+11 4.473164e+05 4.311310e+05 
133332 9.845971e+11 6.695547e+05 4.962653e+05 
144443 9.845971e+11 8.607280e+05 7.013215e+05 
155554 9.845971e+11 1.066106e+05 6.089906e+05 
166665 9.845971e+11 3.201047e+05 6.218919e+05 
177776 9.845971e+11 5.332136e+05 6.640963e+05 
188887 9.845971e+11 7.102893e+05 7.644393e+05 
199998 9.845971e+11 9.948085e+05 8.910237e+05 
211109 9.845971e+11 2.314072e+05 8.122664e+05 
222220 9.845971e+11 3.866022e+05 8.592120e+05 
233331 9.845971e+11 5.588331e+05 9.169256e+05 
244442 9.845971e+11 8.002450e+05 9.796353e+05 
0 9.909086e+11 6.582082e+02 1.269207e+03 
11111 9.909086e+11 2.522485e+05 3.486303e+04 
22222 9.909086e+11 5.247131e+05 7.014050e+04 
33333 9.909086e+11 7.572188e+05 1.274468e+05 
44444 9.909086e+11 9.325338e+05 2.921881e+05 
55555 9.909086e+11 1.131462e+05 2.129581e+05 
66666 9.909086e+11 3.492273e+05 2.286713e+05 
77777 9.909086e+11 5.844837e+05 2.790242e+05 
88888 9.909086e+11 8.046745e+05 3.601614e+05 
99999 9.909086e+11 9.989406e+05 6.019649e+05 
111110 9.909086e+11 2.233707e+05 4.005937e+05 
122221 9.909086e+11 4.472007e+05 4.314427e+05 
133332 9.909086e+11 6.695171e+05 4.962060e+05 
144443 9.909086e+11 8.609813e+05 7.008477e+05 
155554 9.909086e+11 1.066454e+05 6.091596e+05 
166665 9.909086e+11 3.202295e+05 6.223033e+05 
177776 9.909086e+11 5.334352e+05 6.642987e+05 
188887 9.909086e+11 7.107991e+05 7.642522e+05 
199998 9.909086e+11 9.948182e+05 8.908322e+05 
211109 9.909086e+11 2.315102e+05 8.124655e+05 
222220 9.909086e+11 3.868978e+05 8.593844e+05 
233331 9.909086e+11 5.592629e+05 9.169371e+05 
244442 9.909086e+11 8.005293e+05 9.796156e+05 
0 9.972202e+11 6.582139e+02 1.269199e+03 
11111 9.972202e+11 2.521774e+05 3.490161e+04 
22222 9.972202e+11 5.242784e+05 7.020183e+04 
33333 9.972202e+11 7.568658e+05 1.272070e+05 
44444 9.972202e+11 9.323459e+05 2.917611e+05 
55555 9.972202e+11 1.130815e+05 2.130456e+05 
66666 9.972202e+11 3.490013e+05 2.289424e+05 
77777 9.972202e+11 5.841848e+05 2.791197e+05 
88888 9.972202e+11 8.043801e+05 3.597605e+05 
99999 9.972202e+11 9.989417e+05 6.012573e+05 
111110 9.972202e+11 2.233032e+05 4.009058e+05 
122221 9.972202e+11 4.470900e+05 4.317488e+05 
133332 9.972202e+11 6.694823e+05 4.961494e+05 
144443 9.972202e+11 8.612306e+05 7.003813e+05 
155554 9.972202e+11 1.066781e+05 6.093254e+05 
166665 9.972202e+11 3.203505e+05 6.227052e+05 
177776 9.972202e+11 5.336518e+05 6.644964e+05 
188887 9.972202e+11 7.113015e+05 7.640707e+05 
199998 9.972202e+11 9.948277e+05 8.906440e+05 
211109 9.972202e+11 2.316112e+05 8.126606e+05 
222220 9.972202e+11 3.871883e+05 8.595535e+05 
233331 9.972202e+11 5.596854e+05 9.169479e+05 
244442 9.972202e+11 8.008080e+05 9.795962e+05 
0 1.003532e+12 6.582195e+02 1.269192e+03 
11111 1.003532e+12 2.521071e+05 3.493980e+04 
22222 1.003532e+12 5.238507e+05 7.026189e+04 
33333 1.003532e+12 7.565193e+05 1.269705e+05 
44444 1.003532e+12 9.321598e+05 2.913419e+05 
55555 1.003532e+12 1.130174e+05 2.131325e+05 
66666 1.003532e+12 3.487828e+05 2.292083e+05 
77777 1.003532e+12 5.838892e+05 2.792144e+05 
88888 1.003532e+12 8.040945e+05 3.593684e+05 
99999 1.003532e+12 9.989427e+05 6.005590e+05 
111110 1.003532e+12 2.232372e+05 4.012115e+05 
122221 1.003532e+12 4.469810e+05 4.320509e+05 
133332 1.003532e+12 6.694474e+05 4.960940e+05 
144443 1.003532e+12 8.614758e+05 6.999212e+05 
155554 1.003532e+12 1.067115e+05 6.094890e+05 
166665 1.003532e+12 3.204693e+05 6.230994e+05 
177776 1.003532e+12 5.338662e+05 6.646896e+05 
188887 1.003532e+12 7.117964e+05 7.638922e+05 
199998 1.003532e+12 9.948371e+05 8.904585e+05 
211109 1.003532e+12 2.317108e+05 8.128527e+05 
222220 1.003532e+12 3.874745e+05 8.597195e+05 
233331 1.003532e+12 5.601014e+05 9.169583e+05 
244442 1.003532e+12 8.010817e+05 9.795770e+05 
0 1.009843e+12 6.582250e+02 1.269184e+03 
11111 1.009843e+12 2.520373e+05 3.497764e+04 
22222 1.009843e+12 5.234293e+05 7.032067e+04 
33333 1.009843e+12 7.561790e+05 1.267374e+05 
44444 1.009843e+12 9.319755e+05 2.909303e+05 
55555 1.009843e+12 1.129529e+05 2.132170e+05 
66666 1.009843e+12 3.485675e+05 2.294715e+05 
77777 1.009843e+12 5.835986e+05 2.793095e+05 
88888 1.009843e+12 8.038111e+05 3.589717e+05 
99999 1.009843e+12 9.989437e+05 5.998703e+05 
111110 1.009843e+12 2.231760e+05 4.015126e+05 
122221 1.009843e+12 4.468763e+05 4.323486e+05 
133332 1.009843e+12 6.694144e+05 4.960381e+05 
144443 1.009843e+12 8.617173e+05 6.994679e+05 
155554 1.009843e+12 1.067425e+05 6.096499e+05 
166665 1.009843e+12 3.205849e+05 6.234861e+05 
177776 1.009843e+12 5.340777e+05 6.648820e+05 
188887 1.009843e+12 7.122814e+05 7.637226e+05 
199998 1.009843e+12 9.948462e+05 8.902759e+05 
211109 1.009843e+12 2.318083e+05 8.130412e+05 
222220 1.009843e+12 3.877560e+05 8.598824e+05 
233331 1.009843e+12 5.605104e+05 9.169682e+05 
244442 1.009843e+12 8.013502e+05 9.795581e+05 
0 1.016155e+12 6.582304e+02 1.269177e+03 
11111 1.016155e+12 2.519679e+05 3.501518e+04 
22222 1.016155e+12 5.230141e+05 7.037834e+04 
33333 1.016155e+12 7.558447e+05 1.265073e+05 
44444 1.016155e+12 9.317932e+05 2.905265e+05 
55555 1.016155e+12 1.128901e+05 2.132996e+05 
66666 1.016155e+12 3.483548e+05 2.297339e+05 
77777 1.016155e+12 5.833110e+05 2.794016e+05 
88888 1.016155e+12 8.035345e+05 3.585809e+05 
99999 1.016155e+12 9.989446e+05 5.991909e+05 
111110 1.016155e+12 2.231153e+05 4.018075e+05 
122221 1.016155e+12 4.467748e+05 4.326429e+05 
133332 1.016155e+12 6.693841e+05 4.959845e+05 
144443 1.016155e+12 8.619551e+05 6.990210e+05 
155554 1.016155e+12 1.067740e+05 6.098074e+05 
166665 1.016155e+12 3.206965e+05 6.238638e+05 
177776 1.016155e+12 5.342866e+05 6.650706e+05 
188887 1.016155e+12 7.127579e+05 7.635517e+05 
199998 1.016155e+12 9.948553e+05 8.900962e+05 
211109 1.016155e+12 2.319041e+05 8.132262e+05 
222220 1.016155e+12 3.880331e+05 8.600424e+05 
233331 1.016155e+12 5.609128e+05 9.169775e+05 
244442 1.016155e+12 8.016138e+05 9.795395e+05 
0 1.022466e+12 6.582357e+02 1.269170e+03 
11111 1.022466e+12 2.518989e+05 3.505243e+04 
22222 1.022466e+12 5.226049e+05 7.043492e+04 
33333 1.022466e+12 7.555158e+05 1.262801e+05 
44444 1.022466e+12 9.316127e+05 2.901302e+05 
55555 1.022466e+12 1.128277e+05 2.133804e+05 
66666 1.022466e+12 3.481464e+05 2.299923e+05 
77777 1.022466e+12 5.830314e+05 2.794929e+05 
88888 1.022466e+12 8.032645e+05 3.581957e+05 
99999 1.022466e+12 9.989456e+05 5.985211e+05 
111110 1.022466e+12 2.230557e+05 4.020983e+05 
122221 1.022466e+12 4.466757e+05 4.329320e+05 
133332 1.022466e+12 6.693536e+05 4.959320e+05 
144443 1.022466e+12 8.621887e+05 6.985804e+05 
155554 1.022466e+12 1.068057e+05 6.099621e+05 
166665 1.022466e+12 3.208061e+05 6.242353e+05 
177776 1.022466e+12 5.344926e+05 6.652548e+05 
188887 1.022466e+12 7.132274e+05 7.633874e+05 
199998 1.022466e+12 9.948641e+05 8.899190e+05 
211109 1.022466e+12 2.319982e+05 8.134078e+05 
222220 1.022466e+12 3.883059e+05 8.601993e+05 
233331 1.022466e+12 5.613086e+05 9.169864e+05 
244442 1.022466e+12 8.018727e+05 9.795212e+05 
0 1.028778e+12 6.582410e+02 1.269162e+03 
11111 1.028778e+12 2.518306e+05 3.508935e+04 
22222 1.028778e+12 5.222024e+05 7.049055e+04 
33333 1.028778e+12 7.551928e+05 1.260564e+05 
44444 1.028778e+12 9.314338e+05 2.897408e+05 
55555 1.028778e+12 1.127668e+05 2.134588e+05 
66666 1.028778e+12 3.479421e+05 2.302471e+05 
77777 1.028778e+12 5.827549e+05 2.795818e+05 
88888 1.028778e+12 8.029970e+05 3.578164e+05 
99999 1.028778e+12 9.989465e+05 5.978599e+05 
111110 1.028778e+12 2.229970e+05 4.023838e+05 
122221 1.028778e+12 4.465802e+05 4.332178e+05 
133332 1.028778e+12 6.693251e+05 4.958813e+05 
144443 1.028778e+12 8.624188e+05 6.981454e+05 
155554 1.028778e+12 1.068350e+05 6.101145e+05 
166665 1.028778e+12 3.209118e+05 6.246016e+05 
177776 1.028778e+12 5.346964e+05 6.654388e+05 
188887 1.028778e+12 7.136903e+05 7.632281e+05 
199998 1.028778e+12 9.948728e+05 8.897444e+05 
211109 1.028778e+12 2.320910e+05 8.135862e+05 
222220 1.028778e+12 3.885747e+05 8.603534e+05 
233331 1.028778e+12 5.616981e+05 9.169949e+05 
244442 1.028778e+12 8.021271e+05 9.795031e+05 
0 1.035089e+12 6.582462e+02 1.269155e+03 
11111 1.035089e+12 2.517626e+05 3.512594e+04 
22222 1.035089e+12 5.218056e+05 7.054515e+04 
33333 1.035089e+12 7.548751e+05 1.258354e+05 
44444 1.035089e+12 9.312567e+05 2.893585e+05 
55555 1.035089e+12 1.127063e+05 2.135368e+05 
66666 1.035089e+12 3.477452e+05 2.304990e+05 
77777 1.035089e+12 5.824837e+05 2.796696e+05 
88888 1.035089e+12 8.027337e+05 3.574412e+05 
99999 1.035089e+12 9.989474e+05 5.972078e+05 
111110 1.035089e+12 2.229401e+05 4.026626e+05 
122221 1.035089e+12 4.464862e+05 4.335006e+05 
133332 1.035089e+12 6.692977e+05 4.958314e+05 
144443 1.035089e+12 8.626452e+05 6.977167e+05 
155554 1.035089e+12 1.068639e+05 6.102644e+05 
166665 1.035089e+12 3.210171e+05 6.249577e+05 
177776 1.035089e+12 5.348980e+05 6.656196e+05 
188887 1.035089e+12 7.141469e+05 7.630664e+05 
199998 1.035089e+12 9.948814e+05 8.895724e+05 
211109 1.035089e+12 2.321822e+05 8.137619e+05 
222220 1.035089e+12 3.888394e+05 8.605048e+05 
233331 1.035089e+12 5.620814e+05 9.170029e+05 
244442 1.035089e+12 8.023770e+05 9.794853e+05 
0 1.041401e+12 6.582512e+02 1.269149e+03 
11111 1.041401e+12 2.516951e+05 3.516221e+04 
22222 1.041401e+12 5.214146e+05 7.059869e+04 
33333 1.041401e+12 7.545627e+05 1.256176e+05 
44444 1.041401e+12 9.310811e+05 2.889830e+05 
55555 1.041401e+12 1.126473e+05 2.136129e+05 
66666 1.041401e+12 3.475512e+05 2.307474e+05 
77777 1.041401e+12 5.822176e+05 2.797567e+05 
88888 1.041401e+12 8.024745e+05 3.570712e+05 
99999 1.041401e+12 9.989483e+05 5.965647e+05 
111110 1.041401e+12 2.228875e+05 4.029367e+05 
122221 1.041401e+12 4.463953e+05 4.337789e+05 
133332 1.041401e+12 6.692685e+05 4.957855e+05 
144443 1.041401e+12 8.628679e+05 6.972938e+05 
155554 1.041401e+12 1.068931e+05 6.104110e+05 
166665 1.041401e+12 3.211185e+05 6.253086e+05 
177776 1.041401e+12 5.350960e+05 6.657933e+05 
188887 1.041401e+12 7.145937e+05 7.629145e+05 
199998 1.041401e+12 9.948898e+05 8.894029e+05 
211109 1.041401e+12 2.322720e+05 8.139346e+05 
222220 1.041401e+12 3.891000e+05 8.606531e+05 
233331 1.041401e+12 5.624586e+05 9.170106e+05 
244442 1.041401e+12 8.026227e+05 9.794677e+05 
0 1.047712e+12 6.582562e+02 1.269142e+03 
11111 1.047712e+12 2.516280e+05 3.519816e+04 
22222 1.047712e+12 5.210293e+05 7.065110e+04 
33333 1.047712e+12 7.542557e+05 1.254027e+05 
44444 1.047712e+12 9.309071e+05 2.886145e+05 
55555 1.047712e+12 1.125894e+05 2.136885e+05 
66666 1.047712e+12 3.473624e+05 2.309940e+05 
77777 1.047712e+12 5.819553e+05 2.798448e+05 
88888 1.047712e+12 8.022190e+05 3.567059e+05 
99999 1.047712e+12 9.989491e+05 5.959302e+05 
111110 1.047712e+12 2.228348e+05 4.032078e+05 
122221 1.047712e+12 4.463068e+05 4.340522e+05 
133332 1.047712e+12 6.692423e+05 4.957382e+05 
144443 1.047712e+12 8.630869e+05 6.968770e+05 
155554 1.047712e+12 1.069210e+05 6.105579e+05 
166665 1.047712e+12 3.212191e+05 6.256510e+05 
177776 1.047712e+12 5.352911e+05 6.659646e+05 
188887 1.047712e+12 7.150379e+05 7.627652e+05 
199998 1.047712e+12 9.948981e+05 8.892359e+05 
211109 1.047712e+12 2.323604e+05 8.141044e+05 
222220 1.047712e+12 3.893567e+05 8.607987e+05 
233331 1.047712e+12 5.628299e+05 9.170179e+05 
244442 1.047712e+12 8.028640e+05 9.794503e+05 
0 1.054024e+12 6.582611e+02 1.269135e+03 
11111 1.054024e+12 2.515613e+05 3.523375e+04 
22222 1.054024e+12 5.206497e+05 7.070250e+04 
33333 1.054024e+12 7.539540e+05 1.251906e+05 
44444 1.054024e+12 9.307351e+05 2.882526e+05 
55555 1.054024e+12 1.125329e+05 2.137621e+05 
66666 1.054024e+12 3.471763e+05 2.312371e+05 
77777 1.054024e+12 5.816970e+05 2.799319e+05 
88888 1.054024e+12 8.019695e+05 3.563464e+05 
99999 1.054024e+12 9.989500e+05 5.953041e+05 
111110 1.054024e+12 2.227834e+05 4.034764e+05 
122221 1.054024e+12 4.462186e+05 4.343212e+05 
133332 1.054024e+12 6.692151e+05 4.956921e+05 
144443 1.054024e+12 8.633028e+05 6.964659e+05 
155554 1.054024e+12 1.069487e+05 6.107031e+05 
166665 1.054024e+12 3.213179e+05 6.259881e+05 
177776 1.054024e+12 5.354867e+05 6.661349e+05 
188887 1.054024e+12 7.154702e+05 7.626278e+05 
199998 1.054024e+12 9.949062e+05 8.890713e+05 
211109 1.054024e+12 2.324476e+05 8.142713e+05 
222220 1.054024e+12 3.896094e+05 8.609417e+05 
233331 1.054024e+12 5.631953e+05 9.170249e+05 
244442 1.054024e+12 8.031011e+05 9.794332e+05 
0 1.060335e+12 6.582659e+02 1.269129e+03 
11111 1.060335e+12 2.514952e+05 3.526898e+04 
22222 1.060335e+12 5.202756e+05 7.075290e+04 
33333 1.060335e+12 7.536573e+05 1.249815e+05 
44444 1.060335e+12 9.305647e+05 2.878974e+05 
55555 1.060335e+12 1.124762e+05 2.138349e+05 
66666 1.060335e+12 3.469934e+05 2.314731e+05 
77777 1.060335e+12 5.814432e+05 2.800167e+05 
88888 1.060335e+12 8.017240e+05 3.559914e+05 
99999 1.060335e+12 9.989508e+05 5.946864e+05 
111110 1.060335e+12 2.227336e+05 4.037359e+05 
122221 1.060335e+12 4.461340e+05 4.345865e+05 
133332 1.060335e+12 6.691878e+05 4.956487e+05 
144443 1.060335e+12 8.635155e+05 6.960604e+05 
155554 1.060335e+12 1.069771e+05 6.108442e+05 
166665 1.060335e+12 3.214141e+05 6.263211e+05 
177776 1.060335e+12 5.356772e+05 6.663020e+05 
188887 1.060335e+12 7.158946e+05 7.624907e+05 
199998 1.060335e+12 9.949142e+05 8.889094e+05 
211109 1.060335e+12 2.325332e+05 8.144354e+05 
222220 1.060335e+12 3.898580e+05 8.610820e+05 
233331 1.060335e+12 5.635548e+05 9.170317e+05 
244442 1.060335e+12 8.033339e+05 9.794163e+05 
0 1.066647e+12 6.582706e+02 1.269122e+03 
11111 1.066647e+12 2.514298e+05 3.530385e+04 
22222 1.066647e+12 5.199072e+05 7.080221e+04 
33333 1.066647e+12 7.533658e+05 1.247755e+05 
44444 1.066647e+12 9.303960e+05 2.875485e+05 
55555 1.066647e+12 1.124212e+05 2.139068e+05 
66666 1.066647e+12 3.468136e+05 2.317074e+05 
77777 1.066647e+12 5.811942e+05 2.801022e+05 
88888 1.066647e+12 8.014760e+05 3.556387e+05 
99999 1.066647e+12 9.989516e+05 5.940769e+05 
111110 1.066647e+12 2.226851e+05 4.039927e+05 
122221 1.066647e+12 4.460517e+05 4.348482e+05 
133332 1.066647e+12 6.691605e+05 4.956062e+05 
144443 1.066647e+12 8.637247e+05 6.956604e+05 
155554 1.066647e+12 1.070030e+05 6.109818e+05 
166665 1.066647e+12 3.215072e+05 6.266475e+05 
177776 1.066647e+12 5.358657e+05 6.664662e+05 
188887 1.066647e+12 7.163164e+05 7.623540e+05 
199998 1.066647e+12 9.949220e+05 8.887496e+05 
211109 1.066647e+12 2.326175e+05 8.145966e+05 
222220 1.066647e+12 3.901031e+05 8.612196e+05 
233331 1.066647e+12 5.639089e+05 9.170381e+05 
244442 1.066647e+12 8.035630e+05 9.793997e+05 
0 1.072958e+12 6.582752e+02 1.269116e+03 
11111 1.072958e+12 2.513651e+05 3.533836e+04 
22222 1.072958e+12 5.195443e+05 7.085046e+04 
33333 1.072958e+12 7.530793e+05 1.245724e+05 
44444 1.072958e+12 9.302291e+05 2.872058e+05 
55555 1.072958e+12 1.123667e+05 2.139768e+05 
66666 1.072958e+12 3.466364e+05 2.319398e+05 
77777 1.072958e+12 5.809469e+05 2.801850e+05 
88888 1.072958e+12 8.012365e+05 3.552854e+05 
99999 1.072958e+12 9.989524e+05 5.934752e+05 
111110 1.072958e+12 2.226377e+05 4.042467e+05 
122221 1.072958e+12 4.459708e+05 4.351068e+05 
133332 1.072958e+12 6.691367e+05 4.955648e+05 
144443 1.072958e+12 8.639307e+05 6.952654e+05 
155554 1.072958e+12 1.070298e+05 6.111192e+05 
166665 1.072958e+12 3.216009e+05 6.269680e+05 
177776 1.072958e+12 5.360528e+05 6.666281e+05 
188887 1.072958e+12 7.167304e+05 7.622259e+05 
199998 1.072958e+12 9.949297e+05 8.885920e+05 
211109 1.072958e+12 2.327005e+05 8.147553e+05 
222220 1.072958e+12 3.903446e+05 8.613548e+05 
233331 1.072958e+12 5.642575e+05 9.170442e+05 
244442 1.072958e+12 8.037883e+05 9.793832e+05 
0 1.079270e+12 6.582798e+02 1.269110e+03 
11111 1.079270e+12 2.513008e+05 3.537250e+04 
22222 1.079270e+12 5.191866e+05 7.089767e+04 
33333 1.079270e+12 7.527976e+05 1.243723e+05 
44444 1.079270e+12 9.300640e+05 2.868691e+05 
55555 1.079270e+12 1.123118e+05 2.140463e+05 
66666 1.079270e+12 3.464683e+05 2.321682e+05 
77777 1.079270e+12 5.807042e+05 2.802672e+05 
88888 1.079270e+12 8.010023e+05 3.549353e+05 
99999 1.079270e+12 9.989532e+05 5.928815e+05 
111110 1.079270e+12 2.225919e+05 4.044960e+05 
122221 1.079270e+12 4.458917e+05 4.353620e+05 
133332 1.079270e+12 6.691134e+05 4.955245e+05 
144443 1.079270e+12 8.641334e+05 6.948757e+05 
155554 1.079270e+12 1.070551e+05 6.112541e+05 
166665 1.079270e+12 3.216910e+05 6.272818e+05 
177776 1.079270e+12 5.362358e+05 6.667862e+05 
188887 1.079270e+12 7.171391e+05 7.620943e+05 
199998 1.079270e+12 9.949373e+05 8.884366e+05 
211109 1.079270e+12 2.327824e+05 8.149112e+05 
222220 1.079270e+12 3.905826e+05 8.614874e+05 
233331 1.079270e+12 5.646007e+05 9.170501e+05 
244442 1.079270e+12 8.040101e+05 9.793670e+05 
0 1.085581e+12 6.582842e+02 1.269104e+03 
11111 1.085581e+12 2.512370e+05 3.540631e+04 
22222 1.085581e+12 5.188341e+05 7.094383e+04 
33333 1.085581e+12 7.525206e+05 1.241749e+05 
44444 1.085581e+12 9.299008e+05 2.865382e+05 
55555 1.085581e+12 1.122589e+05 2.141150e+05 
66666 1.085581e+12 3.463030e+05 2.323912e+05 
77777 1.085581e+12 5.804634e+05 2.803484e+05 
88888 1.085581e+12 8.007699e+05 3.545972e+05 
99999 1.085581e+12 9.989539e+05 5.922954e+05 
111110 1.085581e+12 2.225471e+05 4.047407e+05 
122221 1.085581e+12 4.458168e+05 4.356139e+05 
133332 1.085581e+12 6.690914e+05 4.954847e+05 
144443 1.085581e+12 8.643334e+05 6.944911e+05 
155554 1.085581e+12 1.070798e+05 6.113851e+05 
166665 1.085581e+12 3.217803e+05 6.275887e+05 
177776 1.085581e+12 5.364165e+05 6.669453e+05 
188887 1.085581e+12 7.175399e+05 7.619657e+05 
199998 1.085581e+12 9.949448e+05 8.882834e+05 
211109 1.085581e+12 2.328630e+05 8.150646e+05 
222220 1.085581e+12 3.908170e+05 8.616176e+05 
233331 1.085581e+12 5.649383e+05 9.170558e+05 
244442 1.085581e+12 8.042283e+05 9.793509e+05 
0 1.091893e+12 6.582886e+02 1.269098e+03 
11111 1.091893e+12 2.511737e+05 3.543984e+04 
22222 1.091893e+12 5.184867e+05 7.098909e+04 
33333 1.091893e+12 7.522483e+05 1.239802e+05 
44444 1.091893e+12 9.297393e+05 2.862130e+05 
55555 1.091893e+12 1.122066e+05 2.141833e+05 
66666 1.091893e+12 3.461405e+05 2.326139e+05 
77777 1.091893e+12 5.802271e+05 2.804280e+05 
88888 1.091893e+12 8.005401e+05 3.542585e+05 
99999 1.091893e+12 9.989547e+05 5.917170e+05 
111110 1.091893e+12 2.225051e+05 4.049814e+05 
122221 1.091893e+12 4.457435e+05 4.358632e+05 
133332 1.091893e+12 6.690679e+05 4.954463e+05 
144443 1.091893e+12 8.645301e+05 6.941115e+05 
155554 1.091893e+12 1.071046e+05 6.115137e+05 
166665 1.091893e+12 3.218659e+05 6.278920e+05 
177776 1.091893e+12 5.365956e+05 6.671012e+05 
188887 1.091893e+12 7.179318e+05 7.618471e+05 
199998 1.091893e+12 9.949522e+05 8.881323e+05 
211109 1.091893e+12 2.329424e+05 8.152151e+05 
222220 1.091893e+12 3.910481e+05 8.617457e+05 
233331 1.091893e+12 5.652707e+05 9.170612e+05 
244442 1.091893e+12 8.044430e+05 9.793351e+05 
0 1.098204e+12 6.582929e+02 1.269092e+03 
11111 1.098204e+12 2.511106e+05 3.547308e+04 
22222 1.098204e+12 5.181441e+05 7.103350e+04 
33333 1.098204e+12 7.519802e+05 1.237881e+05 
44444 1.098204e+12 9.295798e+05 2.858932e+05 
55555 1.098204e+12 1.121547e+05 2.142506e+05 
66666 1.098204e+12 3.459799e+05 2.328352e+05 
77777 1.098204e+12 5.799931e+05 2.805078e+05 
88888 1.098204e+12 8.003122e+05 3.539211e+05 
99999 1.098204e+12 9.989554e+05 5.911462e+05 
111110 1.098204e+12 2.224629e+05 4.052183e+05 
122221 1.098204e+12 4.456701e+05 4.361095e+05 
133332 1.098204e+12 6.690472e+05 4.954085e+05 
144443 1.098204e+12 8.647239e+05 6.937370e+05 
155554 1.098204e+12 1.071287e+05 6.116417e+05 
166665 1.098204e+12 3.219510e+05 6.281912e+05 
177776 1.098204e+12 5.367721e+05 6.672541e+05 
188887 1.098204e+12 7.183210e+05 7.617293e+05 
199998 1.098204e+12 9.949594e+05 8.879831e+05 
211109 1.098204e+12 2.330206e+05 8.153632e+05 
222220 1.098204e+12 3.912757e+05 8.618713e+05 
233331 1.098204e+12 5.655981e+05 9.170666e+05 
244442 1.098204e+12 8.046545e+05 9.793194e+05 
0 1.104516e+12 6.582972e+02 1.269086e+03 
11111 1.104516e+12 2.510477e+05 3.550606e+04 
22222 1.104516e+12 5.178061e+05 7.107703e+04 
33333 1.104516e+12 7.517166e+05 1.235985e+05 
44444 1.104516e+12 9.294220e+05 2.855790e+05 
55555 1.104516e+12 1.121032e+05 2.143167e+05 
66666 1.104516e+12 3.458217e+05 2.330538e+05 
77777 1.104516e+12 5.797630e+05 2.805849e+05 
88888 1.104516e+12 8.000920e+05 3.535840e+05 
99999 1.104516e+12 9.989561e+05 5.905827e+05 
111110 1.104516e+12 2.224225e+05 4.054525e+05 
122221 1.104516e+12 4.455986e+05 4.363522e+05 
133332 1.104516e+12 6.690257e+05 4.953719e+05 
144443 1.104516e+12 8.649146e+05 6.933674e+05 
155554 1.104516e+12 1.071529e+05 6.117680e+05 
166665 1.104516e+12 3.220362e+05 6.284838e+05 
177776 1.104516e+12 5.369482e+05 6.674051e+05 
188887 1.104516e+12 7.187049e+05 7.616163e+05 
199998 1.104516e+12 9.949665e+05 8.878359e+05 
211109 1.104516e+12 2.330977e+05 8.155092e+05 
222220 1.104516e+12 3.915002e+05 8.619946e+05 
233331 1.104516e+12 5.659206e+05 9.170717e+05 
244442 1.104516e+12 8.048629e+05 9.793039e+05 
0 1.110828e+12 6.583013e+02 1.269081e+03 
11111 1.110828e+12 2.509851e+05 3.553868e+04 
22222 1.110828e+12 5.174729e+05 7.111974e+04 
33333 1.110828e+12 7.514574e+05 1.234118e+05 
44444 1.110828e+12 9.292660e+05 2.852700e+05 
55555 1.110828e+12 1.120539e+05 2.143807e+05 
66666 1.110828e+12 3.456663e+05 2.332680e+05 
77777 1.110828e+12 5.795366e+05 2.806608e+05 
88888 1.110828e+12 7.998720e+05 3.532509e+05 
99999 1.110828e+12 9.989568e+05 5.900264e+05 
111110 1.110828e+12 2.223820e+05 4.056832e+05 
122221 1.110828e+12 4.455300e+05 4.365909e+05 
133332 1.110828e+12 6.690054e+05 4.953360e+05 
144443 1.110828e+12 8.651025e+05 6.930025e+05 
155554 1.110828e+12 1.071764e+05 6.118921e+05 
166665 1.110828e+12 3.221197e+05 6.287708e+05 
177776 1.110828e+12 5.371213e+05 6.675523e+05 
188887 1.110828e+12 7.190816e+05 7.615086e+05 
199998 1.110828e+12 9.949735e+05 8.876906e+05 
211109 1.110828e+12 2.331735e+05 8.156529e+05 
222220 1.110828e+12 3.917214e+05 8.621157e+05 
233331 1.110828e+12 5.662382e+05 9.170765e+05 
244442 1.110828e+12 8.050682e+05 9.792887e+05 
0 1.117139e+12 6.583054e+02 1.269075e+03 
11111 1.117139e+12 2.509229e+05 3.557104e+04 
22222 1.117139e+12 5.171444e+05 7.116160e+04 
33333 1.117139e+12 7.512022e+05 1.232275e+05 
44444 1.117139e+12 9.291119e+05 2.849663e+05 
55555 1.117139e+12 1.120039e+05 2.144442e+05 
66666 1.117139e+12 3.455135e+05 2.334787e+05 
77777 1.117139e+12 5.793141e+05 2.807333e+05 
88888 1.117139e+12 7.996544e+05 3.529294e+05 
99999 1.117139e+12 9.989575e+05 5.894774e+05 
111110 1.117139e+12 2.223434e+05 4.059101e+05 
122221 1.117139e+12 4.454646e+05 4.368269e+05 
133332 1.117139e+12 6.689858e+05 4.953017e+05 
144443 1.117139e+12 8.652873e+05 6.926426e+05 
155554 1.117139e+12 1.071996e+05 6.120132e+05 
166665 1.117139e+12 3.222007e+05 6.290545e+05 
177776 1.117139e+12 5.372921e+05 6.676982e+05 
188887 1.117139e+12 7.194535e+05 7.613999e+05 
199998 1.117139e+12 9.949804e+05 8.875473e+05 
211109 1.117139e+12 2.332481e+05 8.157942e+05 
222220 1.117139e+12 3.919393e+05 8.622344e+05 
233331 1.117139e+12 5.665511e+05 9.170813e+05 
244442 1.117139e+12 8.052700e+05 9.792736e+05 
0 1.123451e+12 6.583094e+02 1.269070e+03 
11111 1.123451e+12 2.508612e+05 3.560308e+04 
22222 1.123451e+12 5.168206e+05 7.120253e+04 
33333 1.123451e+12 7.509513e+05 1.230457e+05 
44444 1.123451e+12 9.289593e+05 2.846682e+05 
55555 1.123451e+12 1.119531e+05 2.145059e+05 
66666 1.123451e+12 3.453609e+05 2.336865e+05 
77777 1.123451e+12 5.790957e+05 2.808075e+05 
88888 1.123451e+12 7.994418e+05 3.526126e+05 
99999 1.123451e+12 9.989582e+05 5.889358e+05 
111110 1.123451e+12 2.223069e+05 4.061327e+05 
122221 1.123451e+12 4.453992e+05 4.370606e+05 
133332 1.123451e+12 6.689667e+05 4.952687e+05 
144443 1.123451e+12 8.654692e+05 6.922876e+05 
155554 1.123451e+12 1.072223e+05 6.121330e+05 
166665 1.123451e+12 3.222819e+05 6.293322e+05 
177776 1.123451e+12 5.374603e+05 6.678395e+05 
188887 1.123451e+12 7.198110e+05 7.613004e+05 
199998 1.123451e+12 9.949872e+05 8.874060e+05 
211109 1.123451e+12 2.333215e+05 8.159335e+05 
222220 1.123451e+12 3.921539e+05 8.623509e+05 
233331 1.123451e+12 5.668593e+05 9.170857e+05 
244442 1.123451e+12 8.054685e+05 9.792587e+05 
0 1.129762e+12 6.583133e+02 1.269064e+03 
11111 1.129762e+12 2.508000e+05 3.563478e+04 
22222 1.129762e+12 5.165017e+05 7.124260e+04 
33333 1.129762e+12 7.507049e+05 1.228667e+05 
44444 1.129762e+12 9.288085e+05 2.843749e+05 
55555 1.129762e+12 1.119042e+05 2.145691e+05 
66666 1.129762e+12 3.452141e+05 2.338885e+05 
77777 1.129762e+12 5.788799e+05 2.808773e+05 
88888 1.129762e+12 7.992333e+05 3.523010e+05 
99999 1.129762e+12 9.989588e+05 5.884010e+05 
111110 1.129762e+12 2.222692e+05 4.063513e+05 
122221 1.129762e+12 4.453370e+05 4.372910e+05 
133332 1.129762e+12 6.689482e+05 4.952364e+05 
144443 1.129762e+12 8.656484e+05 6.919372e+05 
155554 1.129762e+12 1.072439e+05 6.122508e+05 
166665 1.129762e+12 3.223614e+05 6.296051e+05 
177776 1.129762e+12 5.376254e+05 6.679799e+05 
188887 1.129762e+12 7.201631e+05 7.611973e+05 
199998 1.129762e+12 9.949939e+05 8.872665e+05 
211109 1.129762e+12 2.333938e+05 8.160706e+05 
222220 1.129762e+12 3.923656e+05 8.624652e+05 
233331 1.129762e+12 5.671631e+05 9.170901e+05 
244442 1.129762e+12 8.056640e+05 9.792441e+05 
0 1.136074e+12 6.583172e+02 1.269059e+03 
11111 1.136074e+12 2.507390e+05 3.566614e+04 
22222 1.136074e+12 5.161869e+05 7.128179e+04 
33333 1.136074e+12 7.504624e+05 1.226899e+05 
44444 1.136074e+12 9.286596e+05 2.840865e+05 
55555 1.136074e+12 1.118572e+05 2.146307e+05 
66666 1.136074e+12 3.450689e+05 2.340912e+05 
77777 1.136074e+12 5.786683e+05 2.809475e+05 
88888 1.136074e+12 7.990253e+05 3.519947e+05 
99999 1.136074e+12 9.989595e+05 5.878731e+05 
111110 1.136074e+12 2.222344e+05 4.065677e+05 
122221 1.136074e+12 4.452759e+05 4.375186e+05 
133332 1.136074e+12 6.689306e+05 4.952050e+05 
144443 1.136074e+12 8.658248e+05 6.915911e+05 
155554 1.136074e+12 1.072667e+05 6.123669e+05 
166665 1.136074e+12 3.224397e+05 6.298739e+05 
177776 1.136074e+12 5.377893e+05 6.681181e+05 
188887 1.136074e+12 7.205097e+05 7.610961e+05 
199998 1.136074e+12 9.950005e+05 8.871289e+05 
211109 1.136074e+12 2.334652e+05 8.162052e+05 
222220 1.136074e+12 3.925741e+05 8.625775e+05 
233331 1.136074e+12 5.674625e+05 9.170944e+05 
244442 1.136074e+12 8.058566e+05 9.792295e+05 
0 1.142385e+12 6.583210e+02 1.269054e+03 
11111 1.142385e+12 2.506786e+05 3.569718e+04 
22222 1.142385e+12 5.158766e+05 7.132021e+04 
33333 1.142385e+12 7.502241e+05 1.225157e+05 
44444 1.142385e+12 9.285121e+05 2.838032e+05 
55555 1.142385e+12 1.118110e+05 2.146913e+05 
66666 1.142385e+12 3.449283e+05 2.342886e+05 
77777 1.142385e+12 5.784592e+05 2.810169e+05 
88888 1.142385e+12 7.988225e+05 3.516919e+05 
99999 1.142385e+12 9.989601e+05 5.873521e+05 
111110 1.142385e+12 2.222001e+05 4.067817e+05 
122221 1.142385e+12 4.452154e+05 4.377440e+05 
133332 1.142385e+12 6.689121e+05 4.951724e+05 
144443 1.142385e+12 8.659986e+05 6.912498e+05 
155554 1.142385e+12 1.072881e+05 6.124810e+05 
166665 1.142385e+12 3.225166e+05 6.301389e+05 
177776 1.142385e+12 5.379516e+05 6.682529e+05 
188887 1.142385e+12 7.208514e+05 7.609927e+05 
199998 1.142385e+12 9.950070e+05 8.869931e+05 
211109 1.142385e+12 2.335354e+05 8.163375e+05 
222220 1.142385e+12 3.927795e+05 8.626878e+05 
233331 1.142385e+12 5.677575e+05 9.170986e+05 
244442 1.142385e+12 8.060460e+05 9.792152e+05 
0 1.148697e+12 6.583247e+02 1.269049e+03 
11111 1.148697e+12 2.506186e+05 3.572790e+04 
22222 1.148697e+12 5.155709e+05 7.135783e+04 
33333 1.148697e+12 7.499896e+05 1.223436e+05 
44444 1.148697e+12 9.283662e+05 2.835245e+05 
55555 1.148697e+12 1.117642e+05 2.147522e+05 
66666 1.148697e+12 3.447922e+05 2.344840e+05 
77777 1.148697e+12 5.782552e+05 2.810842e+05 
88888 1.148697e+12 7.986254e+05 3.513986e+05 
99999 1.148697e+12 9.989607e+05 5.868377e+05 
111110 1.148697e+12 2.221674e+05 4.069909e+05 
122221 1.148697e+12 4.451567e+05 4.379644e+05 
133332 1.148697e+12 6.688936e+05 4.951431e+05 
144443 1.148697e+12 8.661698e+05 6.909129e+05 
155554 1.148697e+12 1.073084e+05 6.125932e+05 
166665 1.148697e+12 3.225920e+05 6.303980e+05 
177776 1.148697e+12 5.381107e+05 6.683862e+05 
188887 1.148697e+12 7.211873e+05 7.608929e+05 
199998 1.148697e+12 9.950134e+05 8.868591e+05 
211109 1.148697e+12 2.336044e+05 8.164677e+05 
222220 1.148697e+12 3.929820e+05 8.627961e+05 
233331 1.148697e+12 5.680480e+05 9.171027e+05 
244442 1.148697e+12 8.062329e+05 9.792011e+05 
0 1.155008e+12 6.583283e+02 1.269044e+03 
11111 1.155008e+12 2.505592e+05 3.575827e+04 
22222 1.155008e+12 5.152696e+05 7.139467e+04 
33333 1.155008e+12 7.497591e+05 1.221741e+05 
44444 1.155008e+12 9.282218e+05 2.832502e+05 
55555 1.155008e+12 1.117171e+05 2.148116e+05 
66666 1.155008e+12 3.446578e+05 2.346772e+05 
77777 1.155008e+12 5.780535e+05 2.811506e+05 
88888 1.155008e+12 7.984291e+05 3.511135e+05 
99999 1.155008e+12 9.989613e+05 5.863296e+05 
111110 1.155008e+12 2.221354e+05 4.071977e+05 
122221 1.155008e+12 4.450998e+05 4.381828e+05 
133332 1.155008e+12 6.688760e+05 4.951133e+05 
144443 1.155008e+12 8.663384e+05 6.905800e+05 
155554 1.155008e+12 1.073301e+05 6.127044e+05 
166665 1.155008e+12 3.226670e+05 6.306530e+05 
177776 1.155008e+12 5.382676e+05 6.685176e+05 
188887 1.155008e+12 7.215142e+05 7.607917e+05 
199998 1.155008e+12 9.950197e+05 8.867266e+05 
211109 1.155008e+12 2.336724e+05 8.165958e+05 
222220 1.155008e+12 3.931817e+05 8.629024e+05 
233331 1.155008e+12 5.683344e+05 9.171067e+05 
244442 1.155008e+12 8.064171e+05 9.791871e+05 
0 1.161320e+12 6.583319e+02 1.269039e+03 
11111 1.161320e+12 2.505001e+05 3.578837e+04 
22222 1.161320e+12 5.149724e+05 7.143083e+04 
33333 1.161320e+12 7.495321e+05 1.220070e+05 
44444 1.161320e+12 9.280789e+05 2.829804e+05 
55555 1.161320e+12 1.116719e+05 2.148702e+05 
66666 1.161320e+12 3.445250e+05 2.348670e+05 
77777 1.161320e+12 5.778553e+05 2.812166e+05 
88888 1.161320e+12 7.982325e+05 3.508372e+05 
99999 1.161320e+12 9.989619e+05 5.858280e+05 
111110 1.161320e+12 2.221045e+05 4.074010e+05 
122221 1.161320e+12 4.450433e+05 4.383992e+05 
133332 1.161320e+12 6.688595e+05 4.950857e+05 
144443 1.161320e+12 8.665043e+05 6.902512e+05 
155554 1.161320e+12 1.073512e+05 6.128127e+05 
166665 1.161320e+12 3.227412e+05 6.309036e+05 
177776 1.161320e+12 5.384223e+05 6.686480e+05 
188887 1.161320e+12 7.218375e+05 7.606895e+05 
199998 1.161320e+12 9.950259e+05 8.865958e+05 
211109 1.161320e+12 2.337392e+05 8.167218e+05 
222220 1.161320e+12 3.933783e+05 8.630069e+05 
233331 1.161320e+12 5.686164e+05 9.171106e+05 
244442 1.161320e+12 8.065985e+05 9.791733e+05 
0 1.167631e+12 6.583354e+02 1.269034e+03 
11111 1.167631e+12 2.504413e+05 3.581821e+04 
22222 1.167631e+12 5.146793e+05 7.146637e+04 
33333 1.167631e+12 7.493087e+05 1.218422e+05 
44444 1.167631e+12 9.279374e+05 2.827152e+05 
55555 1.167631e+12 1.116274e+05 2.149276e+05 
66666 1.167631e+12 3.443936e+05 2.350551e+05 
77777 1.167631e+12 5.776602e+05 2.812809e+05 
88888 1.167631e+12 7.980405e+05 3.505642e+05 
99999 1.167631e+12 9.989625e+05 5.853331e+05 
111110 1.167631e+12 2.220729e+05 4.076008e+05 
122221 1.167631e+12 4.449902e+05 4.386124e+05 
133332 1.167631e+12 6.688427e+05 4.950573e+05 
144443 1.167631e+12 8.666675e+05 6.899269e+05 
155554 1.167631e+12 1.073713e+05 6.129200e+05 
166665 1.167631e+12 3.228155e+05 6.311510e+05 
177776 1.167631e+12 5.385750e+05 6.687739e+05 
188887 1.167631e+12 7.221581e+05 7.605808e+05 
199998 1.167631e+12 9.950320e+05 8.864666e+05 
211109 1.167631e+12 2.338052e+05 8.168460e+05 
222220 1.167631e+12 3.935724e+05 8.631093e+05 
233331 1.167631e+12 5.688944e+05 9.171144e+05 
244442 1.167631e+12 8.067772e+05 9.791597e+05 
0 1.173943e+12 6.583389e+02 1.269030e+03 
11111 1.173943e+12 2.503828e+05 3.584772e+04 
22222 1.173943e+12 5.143901e+05 7.150123e+04 
33333 1.173943e+12 7.490887e+05 1.216797e+05 
44444 1.173943e+12 9.277975e+05 2.824544e+05 
55555 1.173943e+12 1.115842e+05 2.149848e+05 
66666 1.173943e+12 3.442625e+05 2.352390e+05 
77777 1.173943e+12 5.774689e+05 2.813424e+05 
88888 1.173943e+12 7.978532e+05 3.502930e+05 
99999 1.173943e+12 9.989631e+05 5.848444e+05 
111110 1.173943e+12 2.220419e+05 4.077991e+05 
122221 1.173943e+12 4.449377e+05 4.388234e+05 
133332 1.173943e+12 6.688273e+05 4.950292e+05 
144443 1.173943e+12 8.668284e+05 6.896069e+05 
155554 1.173943e+12 1.073913e+05 6.130272e+05 
166665 1.173943e+12 3.228883e+05 6.313935e+05 
177776 1.173943e+12 5.387248e+05 6.688975e+05 
188887 1.173943e+12 7.224708e+05 7.604774e+05 
199998 1.173943e+12 9.950380e+05 8.863392e+05 
211109 1.173943e+12 2.338702e+05 8.169683e+05 
222220 1.173943e+12 3.937639e+05 8.632100e+05 
233331 1.173943e+12 5.691683e+05 9.171181e+05 
244442 1.173943e+12 8.069532e+05 9.791463e+05 
0 1.180254e+12 6.583423e+02 1.269025e+03 
11111 1.180254e+12 2.503247e+05 3.587693e+04 
22222 1.180254e+12 5.141051e+05 7.153542e+04 
33333 1.180254e+12 7.488722e+05 1.215196e+05 
44444 1.180254e+12 9.276592e+05 2.821978e+05 
55555 1.180254e+12 1.115404e+05 2.150409e+05 
66666 1.180254e+12 3.441345e+05 2.354193e+05 
77777 1.180254e+12 5.772799e+05 2.814043e+05 
88888 1.180254e+12 7.976724e+05 3.500241e+05 
99999 1.180254e+12 9.989636e+05 5.843617e+05 
111110 1.180254e+12 2.220110e+05 4.079925e+05 
122221 1.180254e+12 4.448885e+05 4.390322e+05 
133332 1.180254e+12 6.688118e+05 4.950018e+05 
144443 1.180254e+12 8.669869e+05 6.892907e+05 
155554 1.180254e+12 1.074120e+05 6.131316e+05 
166665 1.180254e+12 3.229594e+05 6.316311e+05 
177776 1.180254e+12 5.388718e+05 6.690232e+05 
188887 1.180254e+12 7.227803e+05 7.603742e+05 
199998 1.180254e+12 9.950440e+05 8.862134e+05 
211109 1.180254e+12 2.339342e+05 8.170888e+05 
222220 1.180254e+12 3.939528e+05 8.633090e+05 
233331 1.180254e+12 5.694381e+05 9.171216e+05 
244442 1.180254e+12 8.071266e+05 9.791330e+05 
0 1.186566e+12 6.583456e+02 1.269021e+03 
11111 1.186566e+12 2.502670e+05 3.590583e+04 
22222 1.186566e+12 5.138241e+05 7.156888e+04 
33333 1.186566e+12 7.486593e+05 1.213614e+05 
44444 1.186566e+12 9.275224e+05 2.819454e+05 
55555 1.186566e+12 1.114977e+05 2.150961e+05 
66666 1.186566e+12 3.440078e+05 2.355973e+05 
77777 1.186566e+12 5.770927e+05 2.814647e+05 
88888 1.186566e+12 7.974896e+05 3.497649e+05 
99999 1.186566e+12 9.989642e+05 5.838851e+05 
111110 1.186566e+12 2.219821e+05 4.081847e+05 
122221 1.186566e+12 4.448398e+05 4.392392e+05 
133332 1.186566e+12 6.687971e+05 4.949753e+05 
144443 1.186566e+12 8.671430e+05 6.889786e+05 
155554 1.186566e+12 1.074314e+05 6.132333e+05 
166665 1.186566e+12 3.230302e+05 6.318668e+05 
177776 1.186566e+12 5.390185e+05 6.691445e+05 
188887 1.186566e+12 7.230844e+05 7.602728e+05 
199998 1.186566e+12 9.950498e+05 8.860893e+05 
211109 1.186566e+12 2.339970e+05 8.172071e+05 
222220 1.186566e+12 3.941389e+05 8.634061e+05 
233331 1.186566e+12 5.697039e+05 9.171249e+05 
244442 1.186566e+12 8.072973e+05 9.791200e+05 
0 1.192877e+12 6.583488e+02 1.269016e+03 
11111 1.192877e+12 2.502095e+05 3.593446e+04 
22222 1.192877e+12 5.135467e+05 7.160165e+04 
33333 1.192877e+12 7.484496e+05 1.212054e+05 
44444 1.192877e+12 9.273873e+05 2.816970e+05 
55555 1.192877e+12 1.114549e+05 2.151513e+05 
66666 1.192877e+12 3.438852e+05 2.357698e+05 
77777 1.192877e+12 5.769095e+05 2.815252e+05 
88888 1.192877e+12 7.973074e+05 3.495090e+05 
99999 1.192877e+12 9.989647e+05 5.834142e+05 
111110 1.192877e+12 2.219545e+05 4.083742e+05 
122221 1.192877e+12 4.447920e+05 4.394432e+05 
133332 1.192877e+12 6.687843e+05 4.949494e+05 
144443 1.192877e+12 8.672968e+05 6.886703e+05 
155554 1.192877e+12 1.074507e+05 6.133336e+05 
166665 1.192877e+12 3.230989e+05 6.320979e+05 
177776 1.192877e+12 5.391621e+05 6.692633e+05 
188887 1.192877e+12 7.233799e+05 7.601744e+05 
199998 1.192877e+12 9.950556e+05 8.859666e+05 
211109 1.192877e+12 2.340592e+05 8.173241e+05 
222220 1.192877e+12 3.943226e+05 8.635017e+05 
233331 1.192877e+12 5.699660e+05 9.171282e+05 
244442 1.192877e+12 8.074655e+05 9.791070e+05 
0 1.199189e+12 6.583520e+02 1.269012e+03 
11111 1.199189e+12 2.501526e+05 3.596276e+04 
22222 1.199189e+12 5.132734e+05 7.163377e+04 
33333 1.199189e+12 7.482434e+05 1.210514e+05 
44444 1.199189e+12 9.272536e+05 2.814526e+05 
55555 1.199189e+12 1.114129e+05 2.152050e+05 
66666 1.199189e+12 3.437624e+05 2.359419e+05 
77777 1.199189e+12 5.767293e+05 2.815836e+05 
88888 1.199189e+12 7.971338e+05 3.492647e+05 
99999 1.199189e+12 9.989652e+05 5.829490e+05 
111110 1.199189e+12 2.219278e+05 4.085608e+05 
122221 1.199189e+12 4.447464e+05 4.396447e+05 
133332 1.199189e+12 6.687707e+05 4.949251e+05 
144443 1.199189e+12 8.674487e+05 6.883657e+05 
155554 1.199189e+12 1.074698e+05 6.134324e+05 
166665 1.199189e+12 3.231678e+05 6.323253e+05 
177776 1.199189e+12 5.393040e+05 6.693824e+05 
188887 1.199189e+12 7.236768e+05 7.600781e+05 
199998 1.199189e+12 9.950613e+05 8.858456e+05 
211109 1.199189e+12 2.341203e+05 8.174392e+05 
222220 1.199189e+12 3.945036e+05 8.635958e+05 
233331 1.199189e+12 5.702243e+05 9.171313e+05 
244442 1.199189e+12 8.076314e+05 9.790942e+05 
0 1.205500e+12 6.583552e+02 1.269008e+03 
11111 1.205500e+12 2.500961e+05 3.599077e+04 
22222 1.205500e+12 5.130037e+05 7.166529e+04 
33333 1.205500e+12 7.480404e+05 1.208993e+05 
44444 1.205500e+12 9.271214e+05 2.812122e+05 
55555 1.205500e+12 1.113720e+05 2.152583e+05 
66666 1.205500e+12 3.436437e+05 2.361130e+05 
77777 1.205500e+12 5.765521e+05 2.816421e+05 
88888 1.205500e+12 7.969600e+05 3.490220e+05 
99999 1.205500e+12 9.989657e+05 5.824899e+05 
111110 1.205500e+12 2.219010e+05 4.087443e+05 
122221 1.205500e+12 4.447005e+05 4.398437e+05 
133332 1.205500e+12 6.687576e+05 4.949012e+05 
144443 1.205500e+12 8.675979e+05 6.880650e+05 
155554 1.205500e+12 1.074895e+05 6.135299e+05 
166665 1.205500e+12 3.232358e+05 6.325490e+05 
177776 1.205500e+12 5.394431e+05 6.694985e+05 
188887 1.205500e+12 7.239649e+05 7.599707e+05 
199998 1.205500e+12 9.950669e+05 8.857260e+05 
211109 1.205500e+12 2.341804e+05 8.175526e+05 
222220 1.205500e+12 3.946821e+05 8.636883e+05 
233331 1.205500e+12 5.704790e+05 9.171342e+05 
244442 1.205500e+12 8.077948e+05 9.790816e+05 
0 1.211812e+12 6.583582e+02 1.269004e+03 
11111 1.211812e+12 2.500402e+05 3.601846e+04 
22222 1.211812e+12 5.127379e+05 7.169615e+04 
33333 1.211812e+12 7.478409e+05 1.207494e+05 
44444 1.211812e+12 9.269906e+05 2.809755e+05 
55555 1.211812e+12 1.113312e+05 2.153114e+05 
66666 1.211812e+12 3.435262e+05 2.362817e+05 
77777 1.211812e+12 5.763765e+05 2.816986e+05 
88888 1.211812e+12 7.967882e+05 3.487838e+05 
99999 1.211812e+12 9.989662e+05 5.820362e+05 
111110 1.211812e+12 2.218760e+05 4.089257e+05 
122221 1.211812e+12 4.446562e+05 4.400396e+05 
133332 1.211812e+12 6.687452e+05 4.948775e+05 
144443 1.211812e+12 8.677452e+05 6.877677e+05 
155554 1.211812e+12 1.075085e+05 6.136252e+05 
166665 1.211812e+12 3.233037e+05 6.327686e+05 
177776 1.211812e+12 5.395807e+05 6.696148e+05 
188887 1.211812e+12 7.242495e+05 7.598740e+05 
199998 1.211812e+12 9.950724e+05 8.856078e+05 
211109 1.211812e+12 2.342398e+05 8.176642e+05 
222220 1.211812e+12 3.948579e+05 8.637792e+05 
233331 1.211812e+12 5.707300e+05 9.171371e+05 
244442 1.211812e+12 8.079560e+05 9.790692e+05 
0 1.218123e+12 6.583613e+02 1.269000e+03 
11111 1.218123e+12 2.499846e+05 3.604584e+04 
22222 1.218123e+12 5.124759e+05 7.172643e+04 
33333 1.218123e+12 7.476444e+05 1.206017e+05 
44444 1.218123e+12 9.268612e+05 2.807425e+05 
55555 1.218123e+12 1.112894e+05 2.153638e+05 
66666 1.218123e+12 3.434115e+05 2.364477e+05 
77777 1.218123e+12 5.762045e+05 2.817530e+05 
88888 1.218123e+12 7.966194e+05 3.485480e+05 
99999 1.218123e+12 9.989667e+05 5.815881e+05 
111110 1.218123e+12 2.218507e+05 4.091048e+05 
122221 1.218123e+12 4.446139e+05 4.402327e+05 
133332 1.218123e+12 6.687325e+05 4.948545e+05 
144443 1.218123e+12 8.678901e+05 6.874741e+05 
155554 1.218123e+12 1.075273e+05 6.137195e+05 
166665 1.218123e+12 3.233701e+05 6.329841e+05 
177776 1.218123e+12 5.397168e+05 6.697269e+05 
188887 1.218123e+12 7.245295e+05 7.597739e+05 
199998 1.218123e+12 9.950778e+05 8.854911e+05 
211109 1.218123e+12 2.342983e+05 8.177744e+05 
222220 1.218123e+12 3.950314e+05 8.638685e+05 
233331 1.218123e+12 5.709776e+05 9.171398e+05 
244442 1.218123e+12 8.081148e+05 9.790569e+05 
0 1.224435e+12 6.583642e+02 1.268996e+03 
11111 1.224435e+12 2.499294e+05 3.607291e+04 
22222 1.224435e+12 5.122175e+05 7.175613e+04 
33333 1.224435e+12 7.474510e+05 1.204559e+05 
44444 1.224435e+12 9.267334e+05 2.805132e+05 
55555 1.224435e+12 1.112487e+05 2.154141e+05 
66666 1.224435e+12 3.432998e+05 2.366104e+05 
77777 1.224435e+12 5.760359e+05 2.818072e+05 
88888 1.224435e+12 7.964507e+05 3.483170e+05 
99999 1.224435e+12 9.989672e+05 5.811457e+05 
111110 1.224435e+12 2.218257e+05 4.092810e+05 
122221 1.224435e+12 4.445722e+05 4.404236e+05 
133332 1.224435e+12 6.687215e+05 4.948331e+05 
144443 1.224435e+12 8.680326e+05 6.871842e+05 
155554 1.224435e+12 1.075461e+05 6.138128e+05 
166665 1.224435e+12 3.234359e+05 6.331959e+05 
177776 1.224435e+12 5.398503e+05 6.698368e+05 
188887 1.224435e+12 7.248042e+05 7.596745e+05 
199998 1.224435e+12 9.950832e+05 8.853757e+05 
211109 1.224435e+12 2.343561e+05 8.178829e+05 
222220 1.224435e+12 3.952025e+05 8.639565e+05 
233331 1.224435e+12 5.712217e+05 9.171424e+05 
244442 1.224435e+12 8.082714e+05 9.790448e+05 
0 1.230746e+12 6.583671e+02 1.268992e+03 
11111 1.230746e+12 2.498747e+05 3.609969e+04 
22222 1.230746e+12 5.119627e+05 7.178532e+04 
33333 1.230746e+12 7.472606e+05 1.203121e+05 
44444 1.230746e+12 9.266070e+05 2.802873e+05 
55555 1.230746e+12 1.112090e+05 2.154650e+05 
66666 1.230746e+12 3.431886e+05 2.367689e+05 
77777 1.230746e+12 5.758679e+05 2.818617e+05 
88888 1.230746e+12 7.962892e+05 3.480909e+05 
99999 1.230746e+12 9.989677e+05 5.807087e+05 
111110 1.230746e+12 2.218022e+05 4.094546e+05 
122221 1.230746e+12 4.445326e+05 4.406116e+05 
133332 1.230746e+12 6.687110e+05 4.948120e+05 
144443 1.230746e+12 8.681732e+05 6.868977e+05 
155554 1.230746e+12 1.075636e+05 6.139033e+05 
166665 1.230746e+12 3.235003e+05 6.334043e+05 
177776 1.230746e+12 5.399827e+05 6.699463e+05 
188887 1.230746e+12 7.250788e+05 7.595813e+05 
199998 1.230746e+12 9.950885e+05 8.852617e+05 
211109 1.230746e+12 2.344129e+05 8.179894e+05 
222220 1.230746e+12 3.953710e+05 8.640430e+05 
233331 1.230746e+12 5.714623e+05 9.171449e+05 
244442 1.230746e+12 8.084258e+05 9.790328e+05 
0 1.237058e+12 6.583700e+02 1.268988e+03 
11111 1.237058e+12 2.498203e+05 3.612620e+04 
22222 1.237058e+12 5.117114e+05 7.181406e+04 
33333 1.237058e+12 7.470732e+05 1.201701e+05 
44444 1.237058e+12 9.264818e+05 2.800650e+05 
55555 1.237058e+12 1.111698e+05 2.155148e+05 
66666 1.237058e+12 3.430799e+05 2.369273e+05 
77777 1.237058e+12 5.757036e+05 2.819145e+05 
88888 1.237058e+12 7.961199e+05 3.478687e+05 
99999 1.237058e+12 9.989681e+05 5.802772e+05 
111110 1.237058e+12 2.217788e+05 4.096245e+05 
122221 1.237058e+12 4.444931e+05 4.407975e+05 
133332 1.237058e+12 6.686996e+05 4.947905e+05 
144443 1.237058e+12 8.683114e+05 6.866146e+05 
155554 1.237058e+12 1.075824e+05 6.139918e+05 
166665 1.237058e+12 3.235635e+05 6.336109e+05 
177776 1.237058e+12 5.401130e+05 6.700538e+05 
188887 1.237058e+12 7.253460e+05 7.594842e+05 
199998 1.237058e+12 9.950937e+05 8.851490e+05 
211109 1.237058e+12 2.344690e+05 8.180942e+05 
222220 1.237058e+12 3.955376e+05 8.641282e+05 
233331 1.237058e+12 5.716997e+05 9.171473e+05 
244442 1.237058e+12 8.085781e+05 9.790210e+05 
0 1.243369e+12 6.583728e+02 1.268985e+03 
11111 1.243369e+12 2.497663e+05 3.615244e+04 
22222 1.243369e+12 5.114635e+05 7.184225e+04 
33333 1.243369e+12 7.468886e+05 1.200298e+05 
44444 1.243369e+12 9.263581e+05 2.798461e+05 
55555 1.243369e+12 1.111311e+05 2.155639e+05 
66666 1.243369e+12 3.429699e+05 2.370810e+05 
77777 1.243369e+12 5.755411e+05 2.819662e+05 
88888 1.243369e+12 7.959558e+05 3.476521e+05 
99999 1.243369e+12 9.989686e+05 5.798510e+05 
111110 1.243369e+12 2.217554e+05 4.097926e+05 
122221 1.243369e+12 4.444543e+05 4.409805e+05 
133332 1.243369e+12 6.686892e+05 4.947700e+05 
144443 1.243369e+12 8.684475e+05 6.863350e+05 
155554 1.243369e+12 1.076000e+05 6.140805e+05 
166665 1.243369e+12 3.236278e+05 6.338124e+05 
177776 1.243369e+12 5.402416e+05 6.701609e+05 
188887 1.243369e+12 7.256105e+05 7.593837e+05 
199998 1.243369e+12 9.950989e+05 8.850376e+05 
211109 1.243369e+12 2.345245e+05 8.181978e+05 
222220 1.243369e+12 3.957018e+05 8.642121e+05 
233331 1.243369e+12 5.719339e+05 9.171495e+05 
244442 1.243369e+12 8.087284e+05 9.790093e+05 
0 1.249681e+12 6.583755e+02 1.268981e+03 
11111 1.249681e+12 2.497127e+05 3.617842e+04 
22222 1.249681e+12 5.112190e+05 7.187001e+04 
33333 1.249681e+12 7.467069e+05 1.198913e+05 
44444 1.249681e+12 9.262357e+05 2.796307e+05 
55555 1.249681e+12 1.110936e+05 2.156134e+05 
66666 1.249681e+12 3.428608e+05 2.372333e+05 
77777 1.249681e+12 5.753813e+05 2.820170e+05 
88888 1.249681e+12 7.957994e+05 3.474349e+05 
99999 1.249681e+12 9.989690e+05 5.794301e+05 
111110 1.249681e+12 2.217320e+05 4.099594e+05 
122221 1.249681e+12 4.444165e+05 4.411592e+05 
133332 1.249681e+12 6.686788e+05 4.947502e+05 
144443 1.249681e+12 8.685816e+05 6.860590e+05 
155554 1.249681e+12 1.076171e+05 6.141677e+05 
166665 1.249681e+12 3.236905e+05 6.340101e+05 
177776 1.249681e+12 5.403681e+05 6.702653e+05 
188887 1.249681e+12 7.258674e+05 7.592892e+05 
199998 1.249681e+12 9.951040e+05 8.849277e+05 
211109 1.249681e+12 2.345791e+05 8.182997e+05 
222220 1.249681e+12 3.958638e+05 8.642944e+05 
233331 1.249681e+12 5.721648e+05 9.171516e+05 
244442 1.249681e+12 8.088764e+05 9.789978e+05 
0 1.255992e+12 6.583782e+02 1.268977e+03 
11111 1.255992e+12 2.496596e+05 3.620408e+04 
22222 1.255992e+12 5.109782e+05 7.189730e+04 
33333 1.255992e+12 7.465285e+05 1.197547e+05 
44444 1.255992e+12 9.261147e+05 2.794186e+05 
55555 1.255992e+12 1.110552e+05 2.156615e+05 
66666 1.255992e+12 3.427541e+05 2.373827e+05 
77777 1.255992e+12 5.752253e+05 2.820667e+05 
88888 1.255992e+12 7.956433e+05 3.472241e+05 
99999 1.255992e+12 9.989694e+05 5.790140e+05 
111110 1.255992e+12 2.217092e+05 4.101237e+05 
122221 1.255992e+12 4.443782e+05 4.413358e+05 
133332 1.255992e+12 6.686669e+05 4.947317e+05 
144443 1.255992e+12 8.687139e+05 6.857861e+05 
155554 1.255992e+12 1.076349e+05 6.142529e+05 
166665 1.255992e+12 3.237522e+05 6.342066e+05 
177776 1.255992e+12 5.404925e+05 6.703678e+05 
188887 1.255992e+12 7.261257e+05 7.591933e+05 
199998 1.255992e+12 9.951090e+05 8.848189e+05 
211109 1.255992e+12 2.346332e+05 8.184001e+05 
222220 1.255992e+12 3.960237e+05 8.643755e+05 
233331 1.255992e+12 5.723927e+05 9.171538e+05 
244442 1.255992e+12 8.090226e+05 9.789864e+05 
0 1.262304e+12 6.583808e+02 1.268974e+03 
11111 1.262304e+12 2.496069e+05 3.622948e+04 
22222 1.262304e+12 5.107406e+05 7.192402e+04 
33333 1.262304e+12 7.463529e+05 1.196199e+05 
44444 1.262304e+12 9.259951e+05 2.792097e+05 
55555 1.262304e+12 1.110179e+05 2.157087e+05 
66666 1.262304e+12 3.426488e+05 2.375311e+05 
77777 1.262304e+12 5.750700e+05 2.821162e+05 
88888 1.262304e+12 7.954881e+05 3.470138e+05 
99999 1.262304e+12 9.989699e+05 5.786030e+05 
111110 1.262304e+12 2.216867e+05 4.102854e+05 
122221 1.262304e+12 4.443416e+05 4.415104e+05 
133332 1.262304e+12 6.686578e+05 4.947134e+05 
144443 1.262304e+12 8.688441e+05 6.855166e+05 
155554 1.262304e+12 1.076509e+05 6.143375e+05 
166665 1.262304e+12 3.238141e+05 6.344000e+05 
177776 1.262304e+12 5.406155e+05 6.704689e+05 
188887 1.262304e+12 7.263795e+05 7.591027e+05 
199998 1.262304e+12 9.951139e+05 8.847114e+05 
211109 1.262304e+12 2.346866e+05 8.184992e+05 
222220 1.262304e+12 3.961814e+05 8.644553e+05 
233331 1.262304e+12 5.726176e+05 9.171558e+05 
244442 1.262304e+12 8.091670e+05 9.789751e+05 
0 1.268616e+12 6.583834e+02 1.268970e+03 
11111 1.268616e+12 2.495545e+05 3.625461e+04 
22222 1.268616e+12 5.105060e+05 7.195020e+04 
33333 1.268616e+12 7.461798e+05 1.194864e+05 
44444 1.268616e+12 9.258768e+05 2.790040e+05 
55555 1.268616e+12 1.109810e+05 2.157547e+05 
66666 1.268616e+12 3.425459e+05 2.376750e+05 
77777 1.268616e+12 5.749194e+05 2.821651e+05 
88888 1.268616e+12 7.953313e+05 3.468101e+05 
99999 1.268616e+12 9.989703e+05 5.781972e+05 
111110 1.268616e+12 2.216660e+05 4.104462e+05 
122221 1.268616e+12 4.443056e+05 4.416806e+05 
133332 1.268616e+12 6.686481e+05 4.946961e+05 
144443 1.268616e+12 8.689725e+05 6.852504e+05 
155554 1.268616e+12 1.076670e+05 6.144222e+05 
166665 1.268616e+12 3.238752e+05 6.345890e+05 
177776 1.268616e+12 5.407362e+05 6.705704e+05 
188887 1.268616e+12 7.266271e+05 7.590098e+05 
199998 1.268616e+12 9.951188e+05 8.846051e+05 
211109 1.268616e+12 2.347393e+05 8.185972e+05 
222220 1.268616e+12 3.963367e+05 8.645337e+05 
233331 1.268616e+12 5.728393e+05 9.171578e+05 
244442 1.268616e+12 8.093094e+05 9.789640e+05 
0 1.274927e+12 6.583860e+02 1.268967e+03 
11111 1.274927e+12 2.495025e+05 3.627945e+04 
22222 1.274927e+12 5.102746e+05 7.197593e+04 
33333 1.274927e+12 7.460093e+05 1.193549e+05 
44444 1.274927e+12 9.257596e+05 2.788016e+05 
55555 1.274927e+12 1.109443e+05 2.157999e+05 
66666 1.274927e+12 3.424438e+05 2.378186e+05 
77777 1.274927e+12 5.747696e+05 2.822126e+05 
88888 1.274927e+12 7.951791e+05 3.466106e+05 
99999 1.274927e+12 9.989707e+05 5.777966e+05 
111110 1.274927e+12 2.216448e+05 4.106037e+05 
122221 1.274927e+12 4.442710e+05 4.418494e+05 
133332 1.274927e+12 6.686387e+05 4.946781e+05 
144443 1.274927e+12 8.690988e+05 6.849875e+05 
155554 1.274927e+12 1.076836e+05 6.145039e+05 
166665 1.274927e+12 3.239364e+05 6.347757e+05 
177776 1.274927e+12 5.408563e+05 6.706687e+05 
188887 1.274927e+12 7.268723e+05 7.589204e+05 
199998 1.274927e+12 9.951236e+05 8.845003e+05 
211109 1.274927e+12 2.347911e+05 8.186936e+05 
222220 1.274927e+12 3.964899e+05 8.646105e+05 
233331 1.274927e+12 5.730577e+05 9.171598e+05 
244442 1.274927e+12 8.094496e+05 9.789530e+05 
0 1.281239e+12 6.583885e+02 1.268964e+03 
11111 1.281239e+12 2.494510e+05 3.630397e+04 
22222 1.281239e+12 5.100463e+05 7.200120e+04 
33333 1.281239e+12 7.458415e+05 1.192247e+05 
44444 1.281239e+12 9.256435e+05 2.786022e+05 
55555 1.281239e+12 1.109086e+05 2.158448e+05 
66666 1.281239e+12 3.423441e+05 2.379602e+05 
77777 1.281239e+12 5.746232e+05 2.822582e+05 
88888 1.281239e+12 7.950253e+05 3.464161e+05 
99999 1.281239e+12 9.989711e+05 5.774010e+05 
111110 1.281239e+12 2.216249e+05 4.107595e+05 
122221 1.281239e+12 4.442365e+05 4.420153e+05 
133332 1.281239e+12 6.686292e+05 4.946611e+05 
144443 1.281239e+12 8.692232e+05 6.847280e+05 
155554 1.281239e+12 1.077001e+05 6.145843e+05 
166665 1.281239e+12 3.239967e+05 6.349598e+05 
177776 1.281239e+12 5.409735e+05 6.707660e+05 
188887 1.281239e+12 7.271144e+05 7.588319e+05 
199998 1.281239e+12 9.951284e+05 8.843966e+05 
211109 1.281239e+12 2.348423e+05 8.187884e+05 
222220 1.281239e+12 3.966410e+05 8.646862e+05 
233331 1.281239e+12 5.732732e+05 9.171618e+05 
244442 1.281239e+12 8.095880e+05 9.789422e+05 
0 1.287550e+12 6.583909e+02 1.268961e+03 
11111 1.287550e+12 2.493998e+05 3.632823e+04 
22222 1.287550e+12 5.098210e+05 7.202603e+04 
33333 1.287550e+12 7.456761e+05 1.190964e+05 
44444 1.287550e+12 9.255284e+05 2.784057e+05 
55555 1.287550e+12 1.108728e+05 2.158893e+05 
66666 1.287550e+12 3.422469e+05 2.380980e+05 
77777 1.287550e+12 5.744791e+05 2.823043e+05 
88888 1.287550e+12 7.948645e+05 3.462258e+05 
99999 1.287550e+12 9.989714e+05 5.770102e+05 
111110 1.287550e+12 2.216055e+05 4.109131e+05 
122221 1.287550e+12 4.442023e+05 4.421786e+05 
133332 1.287550e+12 6.686196e+05 4.946452e+05 
144443 1.287550e+12 8.693458e+05 6.844715e+05 
155554 1.287550e+12 1.077161e+05 6.146634e+05 
166665 1.287550e+12 3.240551e+05 6.351402e+05 
177776 1.287550e+12 5.410890e+05 6.708624e+05 
188887 1.287550e+12 7.273516e+05 7.587421e+05 
199998 1.287550e+12 9.951331e+05 8.842941e+05 
211109 1.287550e+12 2.348929e+05 8.188824e+05 
222220 1.287550e+12 3.967901e+05 8.647605e+05 
233331 1.287550e+12 5.734857e+05 9.171636e+05 
244442 1.287550e+12 8.097246e+05 9.789315e+05 
0 1.293862e+12 6.583933e+02 1.268957e+03 
11111 1.293862e+12 2.493492e+05 3.635219e+04 
22222 1.293862e+12 5.095989e+05 7.205038e+04 
33333 1.293862e+12 7.455134e+05 1.189698e+05 
44444 1.293862e+12 9.254143e+05 2.782120e+05 
55555 1.293862e+12 1.108378e+05 2.159333e+05 
66666 1.293862e+12 3.421505e+05 2.382345e+05 
77777 1.293862e+12 5.743364e+05 2.823491e+05 
88888 1.293862e+12 7.947061e+05 3.460429e+05 
99999 1.293862e+12 9.989718e+05 5.766241e+05 
111110 1.293862e+12 2.215863e+05 4.110645e+05 
122221 1.293862e+12 4.441681e+05 4.423393e+05 
133332 1.293862e+12 6.686092e+05 4.946293e+05 
144443 1.293862e+12 8.694666e+05 6.842181e+05 
155554 1.293862e+12 1.077323e+05 6.147424e+05 
166665 1.293862e+12 3.241150e+05 6.353170e+05 
177776 1.293862e+12 5.412037e+05 6.709569e+05 
188887 1.293862e+12 7.275859e+05 7.586518e+05 
199998 1.293862e+12 9.951377e+05 8.841927e+05 
211109 1.293862e+12 2.349429e+05 8.189750e+05 
222220 1.293862e+12 3.969372e+05 8.648337e+05 
233331 1.293862e+12 5.736953e+05 9.171653e+05 
244442 1.293862e+12 8.098596e+05 9.789209e+05 
0 1.300173e+12 6.583956e+02 1.268954e+03 
11111 1.300173e+12 2.492992e+05 3.637587e+04 
22222 1.300173e+12 5.093800e+05 7.207436e+04 
33333 1.300173e+12 7.453532e+05 1.188451e+05 
44444 1.300173e+12 9.253012e+05 2.780211e+05 
55555 1.300173e+12 1.108037e+05 2.159766e+05 
66666 1.300173e+12 3.420562e+05 2.383675e+05 
77777 1.300173e+12 5.741953e+05 2.823930e+05 
88888 1.300173e+12 7.945496e+05 3.458608e+05 
99999 1.300173e+12 9.989722e+05 5.762428e+05 
111110 1.300173e+12 2.215668e+05 4.112136e+05 
122221 1.300173e+12 4.441356e+05 4.424978e+05 
133332 1.300173e+12 6.686010e+05 4.946133e+05 
144443 1.300173e+12 8.695855e+05 6.839678e+05 
155554 1.300173e+12 1.077488e+05 6.148200e+05 
166665 1.300173e+12 3.241733e+05 6.354916e+05 
177776 1.300173e+12 5.413159e+05 6.710500e+05 
188887 1.300173e+12 7.278160e+05 7.585645e+05 
199998 1.300173e+12 9.951423e+05 8.840925e+05 
211109 1.300173e+12 2.349923e+05 8.190663e+05 
222220 1.300173e+12 3.970825e+05 8.649058e+05 
233331 1.300173e+12 5.739022e+05 9.171670e+05 
244442 1.300173e+12 8.099928e+05 9.789104e+05 
0 1.306485e+12 6.583979e+02 1.268951e+03 
11111 1.306485e+12 2.492496e+05 3.639921e+04 
22222 1.306485e+12 5.091644e+05 7.209805e+04 
33333 1.306485e+12 7.451961e+05 1.187221e+05 
44444 1.306485e+12 9.251891e+05 2.778329e+05 
55555 1.306485e+12 1.107693e+05 2.160199e+05 
66666 1.306485e+12 3.419629e+05 2.384989e+05 
77777 1.306485e+12 5.740569e+05 2.824365e+05 
88888 1.306485e+12 7.943933e+05 3.456850e+05 
99999 1.306485e+12 9.989726e+05 5.758659e+05 
111110 1.306485e+12 2.215476e+05 4.113602e+05 
122221 1.306485e+12 4.441028e+05 4.426538e+05 
133332 1.306485e+12 6.685931e+05 4.945998e+05 
144443 1.306485e+12 8.697027e+05 6.837203e+05 
155554 1.306485e+12 1.077649e+05 6.148953e+05 
166665 1.306485e+12 3.242314e+05 6.356625e+05 
177776 1.306485e+12 5.414264e+05 6.711412e+05 
188887 1.306485e+12 7.280425e+05 7.584785e+05 
199998 1.306485e+12 9.951468e+05 8.839934e+05 
211109 1.306485e+12 2.350411e+05 8.191564e+05 
222220 1.306485e+12 3.972258e+05 8.649768e+05 
233331 1.306485e+12 5.741061e+05 9.171686e+05 
244442 1.306485e+12 8.101243e+05 9.789001e+05 
0 1.312796e+12 6.584002e+02 1.268948e+03 
11111 1.312796e+12 2.492006e+05 3.642229e+04 
22222 1.312796e+12 5.089518e+05 7.212139e+04 
33333 1.312796e+12 7.450414e+05 1.186002e+05 
44444 1.312796e+12 9.250780e+05 2.776472e+05 
55555 1.312796e+12 1.107363e+05 2.160623e+05 
66666 1.312796e+12 3.418698e+05 2.386277e+05 
77777 1.312796e+12 5.739201e+05 2.824791e+05 
88888 1.312796e+12 7.942369e+05 3.455133e+05 
99999 1.312796e+12 9.989729e+05 5.754937e+05 
111110 1.312796e+12 2.215284e+05 4.115054e+05 
122221 1.312796e+12 4.440716e+05 4.428070e+05 
133332 1.312796e+12 6.685849e+05 4.945861e+05 
144443 1.312796e+12 8.698181e+05 6.834760e+05 
155554 1.312796e+12 1.077801e+05 6.149692e+05 
166665 1.312796e+12 3.242881e+05 6.358315e+05 
177776 1.312796e+12 5.415353e+05 6.712319e+05 
188887 1.312796e+12 7.282650e+05 7.583951e+05 
199998 1.312796e+12 9.951512e+05 8.838954e+05 
211109 1.312796e+12 2.350892e+05 8.192450e+05 
222220 1.312796e+12 3.973672e+05 8.650465e+05 
233331 1.312796e+12 5.743073e+05 9.171702e+05 
244442 1.312796e+12 8.102542e+05 9.788899e+05 
0 1.319108e+12 6.584024e+02 1.268946e+03 
11111 1.319108e+12 2.491519e+05 3.644509e+04 
22222 1.319108e+12 5.087420e+05 7.214442e+04 
33333 1.319108e+12 7.448889e+05 1.184799e+05 
44444 1.319108e+12 9.249680e+05 2.774644e+05 
55555 1.319108e+12 1.107030e+05 2.161041e+05 
66666 1.319108e+12 3.417787e+05 2.387541e+05 
77777 1.319108e+12 5.737860e+05 2.825204e+05 
88888 1.319108e+12 7.940801e+05 3.453474e+05 
99999 1.319108e+12 9.989733e+05 5.751261e+05 
111110 1.319108e+12 2.215100e+05 4.116479e+05 
122221 1.319108e+12 4.440412e+05 4.429585e+05 
133332 1.319108e+12 6.685761e+05 4.945738e+05 
144443 1.319108e+12 8.699319e+05 6.832346e+05 
155554 1.319108e+12 1.077962e+05 6.150418e+05 
166665 1.319108e+12 3.243440e+05 6.359977e+05 
177776 1.319108e+12 5.416426e+05 6.713213e+05 
188887 1.319108e+12 7.284843e+05 7.583134e+05 
199998 1.319108e+12 9.951556e+05 8.837985e+05 
211109 1.319108e+12 2.351368e+05 8.193324e+05 
222220 1.319108e+12 3.975067e+05 8.651152e+05 
233331 1.319108e+12 5.745057e+05 9.171717e+05 
244442 1.319108e+12 8.103823e+05 9.788798e+05 
0 1.325419e+12 6.584045e+02 1.268943e+03 
11111 1.325419e+12 2.491037e+05 3.646764e+04 
22222 1.325419e+12 5.085351e+05 7.216710e+04 
33333 1.325419e+12 7.447389e+05 1.183611e+05 
44444 1.325419e+12 9.248588e+05 2.772841e+05 
55555 1.325419e+12 1.106710e+05 2.161451e+05 
66666 1.325419e+12 3.416881e+05 2.388782e+05 
77777 1.325419e+12 5.736544e+05 2.825618e+05 
88888 1.325419e+12 7.939254e+05 3.451844e+05 
99999 1.325419e+12 9.989736e+05 5.747630e+05 
111110 1.325419e+12 2.214919e+05 4.117890e+05 
122221 1.325419e+12 4.440112e+05 4.431073e+05 
133332 1.325419e+12 6.685676e+05 4.945611e+05 
144443 1.325419e+12 8.700440e+05 6.829961e+05 
155554 1.325419e+12 1.078121e+05 6.151134e+05 
166665 1.325419e+12 3.244002e+05 6.361595e+05 
177776 1.325419e+12 5.417482e+05 6.714103e+05 
188887 1.325419e+12 7.287008e+05 7.582302e+05 
199998 1.325419e+12 9.951599e+05 8.837027e+05 
211109 1.325419e+12 2.351837e+05 8.194187e+05 
222220 1.325419e+12 3.976442e+05 8.651827e+05 
233331 1.325419e+12 5.747013e+05 9.171732e+05 
244442 1.325419e+12 8.105089e+05 9.788698e+05 
0 1.331731e+12 6.584066e+02 1.268940e+03 
11111 1.331731e+12 2.490560e+05 3.648993e+04 
22222 1.331731e+12 5.083311e+05 7.218942e+04 
33333 1.331731e+12 7.445911e+05 1.182437e+05 
44444 1.331731e+12 9.247506e+05 2.771064e+05 
55555 1.331731e+12 1.106380e+05 2.161842e+05 
66666 1.331731e+12 3.415984e+05 2.389996e+05 
77777 1.331731e+12 5.735250e+05 2.826024e+05 
88888 1.331731e+12 7.937712e+05 3.450262e+05 
99999 1.331731e+12 9.989739e+05 5.744041e+05 
111110 1.331731e+12 2.214743e+05 4.119274e+05 
122221 1.331731e+12 4.439824e+05 4.432541e+05 
133332 1.331731e+12 6.685598e+05 4.945491e+05 
144443 1.331731e+12 8.701547e+05 6.827605e+05 
155554 1.331731e+12 1.078269e+05 6.151840e+05 
166665 1.331731e+12 3.244552e+05 6.363197e+05 
177776 1.331731e+12 5.418514e+05 6.714974e+05 
188887 1.331731e+12 7.289148e+05 7.581435e+05 
199998 1.331731e+12 9.951642e+05 8.836081e+05 
211109 1.331731e+12 2.352300e+05 8.195037e+05 
222220 1.331731e+12 3.977799e+05 8.652491e+05 
233331 1.331731e+12 5.748943e+05 9.171747e+05 
244442 1.331731e+12 8.106338e+05 9.788599e+05 
0 1.338042e+12 6.584087e+02 1.268937e+03 
11111 1.338042e+12 2.490085e+05 3.651198e+04 
22222 1.338042e+12 5.081296e+05 7.221138e+04 
33333 1.338042e+12 7.444454e+05 1.181276e+05 
44444 1.338042e+12 9.246436e+05 2.769311e+05 
55555 1.338042e+12 1.106055e+05 2.162235e+05 
66666 1.338042e+12 3.415103e+05 2.391202e+05 
77777 1.338042e+12 5.733984e+05 2.826428e+05 
88888 1.338042e+12 7.936226e+05 3.448691e+05 
99999 1.338042e+12 9.989742e+05 5.740495e+05 
111110 1.338042e+12 2.214565e+05 4.120647e+05 
122221 1.338042e+12 4.439531e+05 4.433984e+05 
133332 1.338042e+12 6.685514e+05 4.945368e+05 
144443 1.338042e+12 8.702638e+05 6.825277e+05 
155554 1.338042e+12 1.078423e+05 6.152532e+05 
166665 1.338042e+12 3.245093e+05 6.364765e+05 
177776 1.338042e+12 5.419535e+05 6.715837e+05 
188887 1.338042e+12 7.291260e+05 7.580595e+05 
199998 1.338042e+12 9.951684e+05 8.835144e+05 
211109 1.338042e+12 2.352758e+05 8.195878e+05 
222220 1.338042e+12 3.979139e+05 8.653144e+05 
233331 1.338042e+12 5.750845e+05 9.171761e+05 
244442 1.338042e+12 8.107574e+05 9.788502e+05 
0 1.344354e+12 6.584107e+02 1.268935e+03 
11111 1.344354e+12 2.489615e+05 3.653379e+04 
22222 1.344354e+12 5.079308e+05 7.223300e+04 
33333 1.344354e+12 7.443020e+05 1.180128e+05 
44444 1.344354e+12 9.245375e+05 2.767581e+05 
55555 1.344354e+12 1.105745e+05 2.162623e+05 
66666 1.344354e+12 3.414221e+05 2.392398e+05 
77777 1.344354e+12 5.732734e+05 2.826824e+05 
88888 1.344354e+12 7.934762e+05 3.447142e+05 
99999 1.344354e+12 9.989746e+05 5.736993e+05 
111110 1.344354e+12 2.214392e+05 4.122009e+05 
122221 1.344354e+12 4.439244e+05 4.435397e+05 
133332 1.344354e+12 6.685441e+05 4.945258e+05 
144443 1.344354e+12 8.703712e+05 6.822977e+05 
155554 1.344354e+12 1.078574e+05 6.153218e+05 
166665 1.344354e+12 3.245639e+05 6.366315e+05 
177776 1.344354e+12 5.420540e+05 6.716702e+05 
188887 1.344354e+12 7.293347e+05 7.579790e+05 
199998 1.344354e+12 9.951726e+05 8.834218e+05 
211109 1.344354e+12 2.353210e+05 8.196708e+05 
222220 1.344354e+12 3.980461e+05 8.653788e+05 
233331 1.344354e+12 5.752722e+05 9.171776e+05 
244442 1.344354e+12 8.108794e+05 9.788405e+05 
0 1.350665e+12 6.584127e+02 1.268932e+03 
11111 1.350665e+12 2.489149e+05 3.655535e+04 
22222 1.350665e+12 5.077347e+05 7.225425e+04 
33333 1.350665e+12 7.441608e+05 1.178995e+05 
44444 1.350665e+12 9.244325e+05 2.765873e+05 
55555 1.350665e+12 1.105438e+05 2.163005e+05 
66666 1.350665e+12 3.413359e+05 2.393575e+05 
77777 1.350665e+12 5.731496e+05 2.827204e+05 
88888 1.350665e+12 7.933306e+05 3.445618e+05 
99999 1.350665e+12 9.989749e+05 5.733530e+05 
111110 1.350665e+12 2.214217e+05 4.123351e+05 
122221 1.350665e+12 4.438966e+05 4.436801e+05 
133332 1.350665e+12 6.685360e+05 4.945150e+05 
144443 1.350665e+12 8.704771e+05 6.820703e+05 
155554 1.350665e+12 1.078728e+05 6.153891e+05 
166665 1.350665e+12 3.246176e+05 6.367845e+05 
177776 1.350665e+12 5.421541e+05 6.717558e+05 
188887 1.350665e+12 7.295390e+05 7.579000e+05 
199998 1.350665e+12 9.951767e+05 8.833301e+05 
211109 1.350665e+12 2.353657e+05 8.197526e+05 
222220 1.350665e+12 3.981766e+05 8.654422e+05 
233331 1.350665e+12 5.754575e+05 9.171789e+05 
244442 1.350665e+12 8.110001e+05 9.788310e+05 
0 1.356977e+12 6.584147e+02 1.268930e+03 
11111 1.356977e+12 2.488686e+05 3.657665e+04 
22222 1.356977e+12 5.075411e+05 7.227516e+04 
33333 1.356977e+12 7.440216e+05 1.177877e+05 
44444 1.356977e+12 9.243286e+05 2.764189e+05 
55555 1.356977e+12 1.105127e+05 2.163397e+05 
66666 1.356977e+12 3.412504e+05 2.394718e+05 
77777 1.356977e+12 5.730266e+05 2.827592e+05 
88888 1.356977e+12 7.931876e+05 3.444098e+05 
99999 1.356977e+12 9.989752e+05 5.730108e+05 
111110 1.356977e+12 2.214055e+05 4.124677e+05 
122221 1.356977e+12 4.438693e+05 4.438180e+05 
133332 1.356977e+12 6.685285e+05 4.945038e+05 
144443 1.356977e+12 8.705816e+05 6.818454e+05 
155554 1.356977e+12 1.078870e+05 6.154560e+05 
166665 1.356977e+12 3.246712e+05 6.369349e+05 
177776 1.356977e+12 5.422532e+05 6.718402e+05 
188887 1.356977e+12 7.297434e+05 7.578271e+05 
199998 1.356977e+12 9.951808e+05 8.832393e+05 
211109 1.356977e+12 2.354100e+05 8.198334e+05 
222220 1.356977e+12 3.983053e+05 8.655046e+05 
233331 1.356977e+12 5.756402e+05 9.171804e+05 
244442 1.356977e+12 8.111193e+05 9.788215e+05 
0 1.363288e+12 6.584166e+02 1.268927e+03 
11111 1.363288e+12 2.488228e+05 3.659772e+04 
22222 1.363288e+12 5.073501e+05 7.229572e+04 
33333 1.363288e+12 7.438845e+05 1.176774e+05 
44444 1.363288e+12 9.242258e+05 2.762525e+05 
55555 1.363288e+12 1.104820e+05 2.163779e+05 
66666 1.363288e+12 3.411667e+05 2.395875e+05 
77777 1.363288e+12 5.729062e+05 2.827961e+05 
88888 1.363288e+12 7.930446e+05 3.442622e+05 
99999 1.363288e+12 9.989755e+05 5.726721e+05 
111110 1.363288e+12 2.213893e+05 4.125985e+05 
122221 1.363288e+12 4.438420e+05 4.439542e+05 
133332 1.363288e+12 6.685200e+05 4.944939e+05 
144443 1.363288e+12 8.706845e+05 6.816229e+05 
155554 1.363288e+12 1.079022e+05 6.155216e+05 
166665 1.363288e+12 3.247240e+05 6.370827e+05 
177776 1.363288e+12 5.423504e+05 6.719234e+05 
188887 1.363288e+12 7.299419e+05 7.577515e+05 
199998 1.363288e+12 9.951848e+05 8.831494e+05 
211109 1.363288e+12 2.354537e+05 8.199131e+05 
222220 1.363288e+12 3.984324e+05 8.655661e+05 
233331 1.363288e+12 5.758207e+05 9.171818e+05 
244442 1.363288e+12 8.112373e+05 9.788122e+05 
0 1.369600e+12 6.584185e+02 1.268925e+03 
11111 1.369600e+12 2.487775e+05 3.661850e+04 
22222 1.369600e+12 5.071617e+05 7.231602e+04 
33333 1.369600e+12 7.437495e+05 1.175681e+05 
44444 1.369600e+12 9.241239e+05 2.760883e+05 
55555 1.369600e+12 1.104523e+05 2.164153e+05 
66666 1.369600e+12 3.410839e+05 2.397003e+05 
77777 1.369600e+12 5.727872e+05 2.828339e+05 
88888 1.369600e+12 7.929036e+05 3.441143e+05 
99999 1.369600e+12 9.989758e+05 5.723374e+05 
111110 1.369600e+12 2.213732e+05 4.127281e+05 
122221 1.369600e+12 4.438152e+05 4.440884e+05 
133332 1.369600e+12 6.685129e+05 4.944841e+05 
144443 1.369600e+12 8.707860e+05 6.814028e+05 
155554 1.369600e+12 1.079163e+05 6.155859e+05 
166665 1.369600e+12 3.247757e+05 6.372275e+05 
177776 1.369600e+12 5.424455e+05 6.720044e+05 
188887 1.369600e+12 7.301393e+05 7.576726e+05 
199998 1.369600e+12 9.951888e+05 8.830604e+05 
211109 1.369600e+12 2.354969e+05 8.199917e+05 
222220 1.369600e+12 3.985580e+05 8.656268e+05 
233331 1.369600e+12 5.759988e+05 9.171832e+05 
244442 1.369600e+12 8.113540e+05 9.788029e+05 
0 1.375911e+12 6.584203e+02 1.268922e+03 
11111 1.375911e+12 2.487326e+05 3.663904e+04 
22222 1.375911e+12 5.069757e+05 7.233598e+04 
33333 1.375911e+12 7.436166e+05 1.174604e+05 
44444 1.375911e+12 9.240232e+05 2.759261e+05 
55555 1.375911e+12 1.104225e+05 2.164522e+05 
66666 1.375911e+12 3.410025e+05 2.398120e+05 
77777 1.375911e+12 5.726696e+05 2.828712e+05 
88888 1.375911e+12 7.927653e+05 3.439715e+05 
99999 1.375911e+12 9.989761e+05 5.720063e+05 
111110 1.375911e+12 2.213571e+05 4.128554e+05 
122221 1.375911e+12 4.437886e+05 4.442212e+05 
133332 1.375911e+12 6.685051e+05 4.944754e+05 
144443 1.375911e+12 8.708862e+05 6.811852e+05 
155554 1.375911e+12 1.079305e+05 6.156488e+05 
166665 1.375911e+12 3.248273e+05 6.373717e+05 
177776 1.375911e+12 5.425397e+05 6.720851e+05 
188887 1.375911e+12 7.303313e+05 7.575974e+05 
199998 1.375911e+12 9.951927e+05 8.829723e+05 
211109 1.375911e+12 2.355398e+05 8.200693e+05 
222220 1.375911e+12 3.986820e+05 8.656866e+05 
233331 1.375911e+12 5.761748e+05 9.171846e+05 
244442 1.375911e+12 8.114694e+05 9.787937e+05 
0 1.382223e+12 6.584221e+02 1.268920e+03 
11111 1.382223e+12 2.486881e+05 3.665936e+04 
22222 1.382223e+12 5.067921e+05 7.235557e+04 
33333 1.382223e+12 7.434856e+05 1.173542e+05 
44444 1.382223e+12 9.239233e+05 2.757661e+05 
55555 1.382223e+12 1.103936e+05 2.164893e+05 
66666 1.382223e+12 3.409214e+05 2.399193e+05 
77777 1.382223e+12 5.725545e+05 2.829080e+05 
88888 1.382223e+12 7.926275e+05 3.438294e+05 
99999 1.382223e+12 9.989763e+05 5.716791e+05 
111110 1.382223e+12 2.213415e+05 4.129817e+05 
122221 1.382223e+12 4.437625e+05 4.443516e+05 
133332 1.382223e+12 6.684977e+05 4.944668e+05 
144443 1.382223e+12 8.709851e+05 6.809700e+05 
155554 1.382223e+12 1.079441e+05 6.157122e+05 
166665 1.382223e+12 3.248787e+05 6.375129e+05 
177776 1.382223e+12 5.426321e+05 6.721656e+05 
188887 1.382223e+12 7.305245e+05 7.575234e+05 
199998 1.382223e+12 9.951966e+05 8.828850e+05 
211109 1.382223e+12 2.355821e+05 8.201463e+05 
222220 1.382223e+12 3.988043e+05 8.657455e+05 
233331 1.382223e+12 5.763484e+05 9.171860e+05 
244442 1.382223e+12 8.115836e+05 9.787847e+05 
0 1.388534e+12 6.584239e+02 1.268918e+03 
11111 1.388534e+12 2.486438e+05 3.667948e+04 
22222 1.388534e+12 5.066107e+05 7.237485e+04 
33333 1.388534e+12 7.433563e+05 1.172490e+05 
44444 1.388534e+12 9.238246e+05 2.756081e+05 
55555 1.388534e+12 1.103648e+05 2.165254e+05 
66666 1.388534e+12 3.408421e+05 2.400258e+05 
77777 1.388534e+12 5.724402e+05 2.829452e+05 
88888 1.388534e+12 7.924911e+05 3.436916e+05 
99999 1.388534e+12 9.989766e+05 5.713558e+05 
111110 1.388534e+12 2.213256e+05 4.131062e+05 
122221 1.388534e+12 4.437378e+05 4.444803e+05 
133332 1.388534e+12 6.684914e+05 4.944586e+05 
144443 1.388534e+12 8.710825e+05 6.807574e+05 
155554 1.388534e+12 1.079581e+05 6.157742e+05 
166665 1.388534e+12 3.249305e+05 6.376514e+05 
177776 1.388534e+12 5.427238e+05 6.722448e+05 
188887 1.388534e+12 7.307125e+05 7.574504e+05 
199998 1.388534e+12 9.952004e+05 8.827987e+05 
211109 1.388534e+12 2.356238e+05 8.202224e+05 
222220 1.388534e+12 3.989250e+05 8.658035e+05 
233331 1.388534e+12 5.765197e+05 9.171874e+05 
244442 1.388534e+12 8.116963e+05 9.787757e+05 
0 1.394846e+12 6.584257e+02 1.268915e+03 
11111 1.394846e+12 2.486001e+05 3.669934e+04 
22222 1.394846e+12 5.064318e+05 7.239388e+04 
33333 1.394846e+12 7.432290e+05 1.171450e+05 
44444 1.394846e+12 9.237268e+05 2.754521e+05 
55555 1.394846e+12 1.103367e+05 2.165608e+05 
66666 1.394846e+12 3.407656e+05 2.401303e+05 
77777 1.394846e+12 5.723282e+05 2.829804e+05 
88888 1.394846e+12 7.923542e+05 3.435572e+05 
99999 1.394846e+12 9.989769e+05 5.710359e+05 
111110 1.394846e+12 2.213102e+05 4.132287e+05 
122221 1.394846e+12 4.437136e+05 4.446068e+05 
133332 1.394846e+12 6.684840e+05 4.944504e+05 
144443 1.394846e+12 8.711787e+05 6.805470e+05 
155554 1.394846e+12 1.079721e+05 6.158354e+05 
166665 1.394846e+12 3.249817e+05 6.377869e+05 
177776 1.394846e+12 5.428135e+05 6.723236e+05 
188887 1.394846e+12 7.308980e+05 7.573792e+05 
199998 1.394846e+12 9.952042e+05 8.827133e+05 
211109 1.394846e+12 2.356649e+05 8.202976e+05 
222220 1.394846e+12 3.990442e+05 8.658607e+05 
233331 1.394846e+12 5.766889e+05 9.171888e+05 
244442 1.394846e+12 8.118078e+05 9.787668e+05 
0 1.401157e+12 6.584274e+02 1.268913e+03 
11111 1.401157e+12 2.485567e+05 3.671895e+04 
22222 1.401157e+12 5.062552e+05 7.241257e+04 
33333 1.401157e+12 7.431037e+05 1.170421e+05 
44444 1.401157e+12 9.236299e+05 2.752980e+05 
55555 1.401157e+12 1.103094e+05 2.165957e+05 
66666 1.401157e+12 3.406884e+05 2.402334e+05 
77777 1.401157e+12 5.722160e+05 2.830154e+05 
88888 1.401157e+12 7.922219e+05 3.434233e+05 
99999 1.401157e+12 9.989772e+05 5.707196e+05 
111110 1.401157e+12 2.212951e+05 4.133497e+05 
122221 1.401157e+12 4.436895e+05 4.447321e+05 
133332 1.401157e+12 6.684778e+05 4.944428e+05 
144443 1.401157e+12 8.712736e+05 6.803389e+05 
155554 1.401157e+12 1.079865e+05 6.158959e+05 
166665 1.401157e+12 3.250324e+05 6.379210e+05 
177776 1.401157e+12 5.429036e+05 6.724013e+05 
188887 1.401157e+12 7.310802e+05 7.573143e+05 
199998 1.401157e+12 9.952079e+05 8.826287e+05 
211109 1.401157e+12 2.357057e+05 8.203719e+05 
222220 1.401157e+12 3.991619e+05 8.659171e+05 
233331 1.401157e+12 5.768561e+05 9.171902e+05 
244442 1.401157e+12 8.119181e+05 9.787581e+05 
0 1.407469e+12 6.584290e+02 1.268911e+03 
11111 1.407469e+12 2.485136e+05 3.673838e+04 
22222 1.407469e+12 5.060806e+05 7.243095e+04 
33333 1.407469e+12 7.429799e+05 1.169405e+05 
44444 1.407469e+12 9.235342e+05 2.751459e+05 
55555 1.407469e+12 1.102818e+05 2.166302e+05 
66666 1.407469e+12 3.406139e+05 2.403356e+05 
77777 1.407469e+12 5.721067e+05 2.830508e+05 
88888 1.407469e+12 7.920932e+05 3.432928e+05 
99999 1.407469e+12 9.989774e+05 5.704070e+05 
111110 1.407469e+12 2.212799e+05 4.134693e+05 
122221 1.407469e+12 4.436663e+05 4.448565e+05 
133332 1.407469e+12 6.684720e+05 4.944350e+05 
144443 1.407469e+12 8.713671e+05 6.801332e+05 
155554 1.407469e+12 1.080003e+05 6.159554e+05 
166665 1.407469e+12 3.250826e+05 6.380529e+05 
177776 1.407469e+12 5.429921e+05 6.724780e+05 
188887 1.407469e+12 7.312583e+05 7.572447e+05 
199998 1.407469e+12 9.952116e+05 8.825450e+05 
211109 1.407469e+12 2.357461e+05 8.204455e+05 
222220 1.407469e+12 3.992782e+05 8.659725e+05 
233331 1.407469e+12 5.770211e+05 9.171915e+05 
244442 1.407469e+12 8.120272e+05 9.787494e+05 
0 1.413780e+12 6.584307e+02 1.268909e+03 
11111 1.413780e+12 2.484709e+05 3.675761e+04 
22222 1.413780e+12 5.059083e+05 7.244907e+04 
33333 1.413780e+12 7.428581e+05 1.168399e+05 
44444 1.413780e+12 9.234394e+05 2.749956e+05 
55555 1.413780e+12 1.102548e+05 2.166640e+05 
66666 1.413780e+12 3.405412e+05 2.404371e+05 
77777 1.413780e+12 5.719983e+05 2.830841e+05 
88888 1.413780e+12 7.919605e+05 3.431658e+05 
99999 1.413780e+12 9.989777e+05 5.700978e+05 
111110 1.413780e+12 2.212656e+05 4.135870e+05 
122221 1.413780e+12 4.436429e+05 4.449789e+05 
133332 1.413780e+12 6.684656e+05 4.944284e+05 
144443 1.413780e+12 8.714595e+05 6.799297e+05 
155554 1.413780e+12 1.080139e+05 6.160132e+05 
166665 1.413780e+12 3.251315e+05 6.381844e+05 
177776 1.413780e+12 5.430798e+05 6.725540e+05 
188887 1.413780e+12 7.314364e+05 7.571784e+05 
199998 1.413780e+12 9.952152e+05 8.824621e+05 
211109 1.413780e+12 2.357861e+05 8.205182e+05 
222220 1.413780e+12 3.993929e+05 8.660272e+05 
233331 1.413780e+12 5.771839e+05 9.171929e+05 
244442 1.413780e+12 8.121352e+05 9.787407e+05 
0 1.420092e+12 6.584323e+02 1.268907e+03 
11111 1.420092e+12 2.484285e+05 3.677662e+04 
22222 1.420092e+12 5.057383e+05 7.246690e+04 
33333 1.420092e+12 7.427380e+05 1.167404e+05 
44444 1.420092e+12 9.233455e+05 2.748474e+05 
55555 1.420092e+12 1.102284e+05 2.166984e+05 
66666 1.420092e+12 3.404693e+05 2.405375e+05 
77777 1.420092e+12 5.718916e+05 2.831186e+05 
88888 1.420092e+12 7.918296e+05 3.430411e+05 
99999 1.420092e+12 9.989779e+05 5.697922e+05 
111110 1.420092e+12 2.212509e+05 4.137035e+05 
122221 1.420092e+12 4.436201e+05 4.450998e+05 
133332 1.420092e+12 6.684593e+05 4.944212e+05 
144443 1.420092e+12 8.715504e+05 6.797286e+05 
155554 1.420092e+12 1.080280e+05 6.160702e+05 
166665 1.420092e+12 3.251806e+05 6.383129e+05 
177776 1.420092e+12 5.431660e+05 6.726294e+05 
188887 1.420092e+12 7.316136e+05 7.571134e+05 
199998 1.420092e+12 9.952188e+05 8.823801e+05 
211109 1.420092e+12 2.358256e+05 8.205900e+05 
222220 1.420092e+12 3.995061e+05 8.660811e+05 
233331 1.420092e+12 5.773446e+05 9.171942e+05 
244442 1.420092e+12 8.122417e+05 9.787322e+05 
0 1.426404e+12 6.584338e+02 1.268905e+03 
11111 1.426404e+12 2.483866e+05 3.679542e+04 
22222 1.426404e+12 5.055704e+05 7.248443e+04 
33333 1.426404e+12 7.426195e+05 1.166419e+05 
44444 1.426404e+12 9.232526e+05 2.747013e+05 
55555 1.426404e+12 1.102022e+05 2.167315e+05 
66666 1.426404e+12 3.403981e+05 2.406354e+05 
77777 1.426404e+12 5.717864e+05 2.831529e+05 
88888 1.426404e+12 7.917026e+05 3.429170e+05 
99999 1.426404e+12 9.989782e+05 5.694900e+05 
111110 1.426404e+12 2.212362e+05 4.138190e+05 
122221 1.426404e+12 4.435981e+05 4.452186e+05 
133332 1.426404e+12 6.684537e+05 4.944149e+05 
144443 1.426404e+12 8.716401e+05 6.795299e+05 
155554 1.426404e+12 1.080413e+05 6.161263e+05 
166665 1.426404e+12 3.252290e+05 6.384400e+05 
177776 1.426404e+12 5.432508e+05 6.727034e+05 
188887 1.426404e+12 7.317875e+05 7.570500e+05 
199998 1.426404e+12 9.952224e+05 8.822989e+05 
211109 1.426404e+12 2.358647e+05 8.206610e+05 
222220 1.426404e+12 3.996179e+05 8.661341e+05 
233331 1.426404e+12 5.775034e+05 9.171956e+05 
244442 1.426404e+12 8.123471e+05 9.787238e+05 
0 1.432715e+12 6.584354e+02 1.268903e+03 
11111 1.432715e+12 2.483450e+05 3.681400e+04 
22222 1.432715e+12 5.054047e+05 7.250168e+04 
33333 1.432715e+12 7.425029e+05 1.165446e+05 
44444 1.432715e+12 9.231606e+05 2.745571e+05 
55555 1.432715e+12 1.101762e+05 2.167642e+05 
66666 1.432715e+12 3.403295e+05 2.407339e+05 
77777 1.432715e+12 5.716829e+05 2.831863e+05 
88888 1.432715e+12 7.915745e+05 3.427958e+05 
99999 1.432715e+12 9.989784e+05 5.691912e+05 
111110 1.432715e+12 2.212216e+05 4.139330e+05 
122221 1.432715e+12 4.435768e+05 4.453354e+05 
133332 1.432715e+12 6.684495e+05 4.944085e+05 
144443 1.432715e+12 8.717285e+05 6.793333e+05 
155554 1.432715e+12 1.080548e+05 6.161816e+05 
166665 1.432715e+12 3.252775e+05 6.385634e+05 
177776 1.432715e+12 5.433340e+05 6.727753e+05 
188887 1.432715e+12 7.319530e+05 7.569919e+05 
199998 1.432715e+12 9.952259e+05 8.822187e+05 
211109 1.432715e+12 2.359032e+05 8.207313e+05 
222220 1.432715e+12 3.997281e+05 8.661863e+05 
233331 1.432715e+12 5.776602e+05 9.171970e+05 
244442 1.432715e+12 8.124511e+05 9.787155e+05 
0 1.439027e+12 6.584369e+02 1.268901e+03 
11111 1.439027e+12 2.483038e+05 3.683237e+04 
22222 1.439027e+12 5.052409e+05 7.251868e+04 
33333 1.439027e+12 7.423877e+05 1.164485e+05 
44444 1.439027e+12 9.230697e+05 2.744150e+05 
55555 1.439027e+12 1.101514e+05 2.167969e+05 
66666 1.439027e+12 3.402621e+05 2.408315e+05 
77777 1.439027e+12 5.715803e+05 2.832197e+05 
88888 1.439027e+12 7.914498e+05 3.426765e+05 
99999 1.439027e+12 9.989786e+05 5.688962e+05 
111110 1.439027e+12 2.212075e+05 4.140458e+05 
122221 1.439027e+12 4.435558e+05 4.454514e+05 
133332 1.439027e+12 6.684451e+05 4.944020e+05 
144443 1.439027e+12 8.718156e+05 6.791392e+05 
155554 1.439027e+12 1.080690e+05 6.162365e+05 
166665 1.439027e+12 3.253252e+05 6.386858e+05 
177776 1.439027e+12 5.434167e+05 6.728467e+05 
188887 1.439027e+12 7.321201e+05 7.569257e+05 
199998 1.439027e+12 9.952294e+05 8.821392e+05 
211109 1.439027e+12 2.359414e+05 8.208005e+05 
222220 1.439027e+12 3.998372e+05 8.662378e+05 
233331 1.439027e+12 5.778150e+05 9.171983e+05 
244442 1.439027e+12 8.125541e+05 9.787072e+05 
0 1.445338e+12 6.584384e+02 1.268899e+03 
11111 1.445338e+12 2.482629e+05 3.685053e+04 
22222 1.445338e+12 5.050794e+05 7.253537e+04 
33333 1.445338e+12 7.422741e+05 1.163535e+05 
44444 1.445338e+12 9.229795e+05 2.742747e+05 
55555 1.445338e+12 1.101265e+05 2.168293e+05 
66666 1.445338e+12 3.401974e+05 2.409280e+05 
77777 1.445338e+12 5.714794e+05 2.832529e+05 
88888 1.445338e+12 7.913257e+05 3.425581e+05 
99999 1.445338e+12 9.989789e+05 5.686043e+05 
111110 1.445338e+12 2.211929e+05 4.141568e+05 
122221 1.445338e+12 4.435355e+05 4.455654e+05 
133332 1.445338e+12 6.684412e+05 4.943963e+05 
144443 1.445338e+12 8.719016e+05 6.789472e+05 
155554 1.445338e+12 1.080822e+05 6.162907e+05 
166665 1.445338e+12 3.253731e+05 6.388054e+05 
177776 1.445338e+12 5.434981e+05 6.729190e+05 
188887 1.445338e+12 7.322835e+05 7.568636e+05 
199998 1.445338e+12 9.952328e+05 8.820605e+05 
211109 1.445338e+12 2.359792e+05 8.208693e+05 
222220 1.445338e+12 3.999448e+05 8.662884e+05 
233331 1.445338e+12 5.779679e+05 9.171996e+05 
244442 1.445338e+12 8.126560e+05 9.786991e+05 
0 1.451650e+12 6.584398e+02 1.268897e+03 
11111 1.451650e+12 2.482224e+05 3.686847e+04 
22222 1.451650e+12 5.049198e+05 7.255187e+04 
33333 1.451650e+12 7.421622e+05 1.162598e+05 
44444 1.451650e+12 9.228902e+05 2.741361e+05 
55555 1.451650e+12 1.101019e+05 2.168608e+05 
66666 1.451650e+12 3.401329e+05 2.410241e+05 
77777 1.451650e+12 5.713804e+05 2.832852e+05 
88888 1.451650e+12 7.912038e+05 3.424435e+05 
99999 1.451650e+12 9.989791e+05 5.683156e+05 
111110 1.451650e+12 2.211788e+05 4.142668e+05 
122221 1.451650e+12 4.435151e+05 4.456769e+05 
133332 1.451650e+12 6.684365e+05 4.943912e+05 
144443 1.451650e+12 8.719864e+05 6.787573e+05 
155554 1.451650e+12 1.080959e+05 6.163444e+05 
166665 1.451650e+12 3.254206e+05 6.389239e+05 
177776 1.451650e+12 5.435780e+05 6.729889e+05 
188887 1.451650e+12 7.324459e+05 7.568007e+05 
199998 1.451650e+12 9.952362e+05 8.819825e+05 
211109 1.451650e+12 2.360164e+05 8.209375e+05 
222220 1.451650e+12 4.000511e+05 8.663384e+05 
233331 1.451650e+12 5.781190e+05 9.172009e+05 
244442 1.451650e+12 8.127569e+05 9.786910e+05 
0 1.457961e+12 6.584413e+02 1.268896e+03 
11111 1.457961e+12 2.481823e+05 3.688623e+04 
22222 1.457961e+12 5.047622e+05 7.256813e+04 
33333 1.457961e+12 7.420517e+05 1.161671e+05 
44444 1.457961e+12 9.228018e+05 2.739993e+05 
55555 1.457961e+12 1.100782e+05 2.168918e+05 
66666 1.457961e+12 3.400697e+05 2.411180e+05 
77777 1.457961e+12 5.712831e+05 2.833175e+05 
88888 1.457961e+12 7.910836e+05 3.423299e+05 
99999 1.457961e+12 9.989793e+05 5.680300e+05 
111110 1.457961e+12 2.211651e+05 4.143756e+05 
122221 1.457961e+12 4.434949e+05 4.457877e+05 
133332 1.457961e+12 6.684320e+05 4.943856e+05 
144443 1.457961e+12 8.720700e+05 6.785694e+05 
155554 1.457961e+12 1.081096e+05 6.163964e+05 
166665 1.457961e+12 3.254680e+05 6.390408e+05 
177776 1.457961e+12 5.436577e+05 6.730582e+05 
188887 1.457961e+12 7.326030e+05 7.567394e+05 
199998 1.457961e+12 9.952396e+05 8.819052e+05 
211109 1.457961e+12 2.360532e+05 8.210048e+05 
222220 1.457961e+12 4.001559e+05 8.663876e+05 
233331 1.457961e+12 5.782682e+05 9.172023e+05 
244442 1.457961e+12 8.128566e+05 9.786830e+05 
0 1.464273e+12 6.584427e+02 1.268894e+03 
11111 1.464273e+12 2.481426e+05 3.690378e+04 
22222 1.464273e+12 5.046066e+05 7.258408e+04 
33333 1.464273e+12 7.419426e+05 1.160756e+05 
44444 1.464273e+12 9.227142e+05 2.738642e+05 
55555 1.464273e+12 1.100547e+05 2.169225e+05 
66666 1.464273e+12 3.400080e+05 2.412117e+05 
77777 1.464273e+12 5.711862e+05 2.833491e+05 
88888 1.464273e+12 7.909628e+05 3.422193e+05 
99999 1.464273e+12 9.989795e+05 5.677475e+05 
111110 1.464273e+12 2.211509e+05 4.144830e+05 
122221 1.464273e+12 4.434754e+05 4.458973e+05 
133332 1.464273e+12 6.684285e+05 4.943808e+05 
144443 1.464273e+12 8.721525e+05 6.783834e+05 
155554 1.464273e+12 1.081231e+05 6.164470e+05 
166665 1.464273e+12 3.255150e+05 6.391555e+05 
177776 1.464273e+12 5.437358e+05 6.731263e+05 
188887 1.464273e+12 7.327600e+05 7.566805e+05 
199998 1.464273e+12 9.952429e+05 8.818287e+05 
211109 1.464273e+12 2.360895e+05 8.210711e+05 
222220 1.464273e+12 4.002596e+05 8.664362e+05 
233331 1.464273e+12 5.784156e+05 9.172036e+05 
244442 1.464273e+12 8.129554e+05 9.786750e+05 
0 1.470584e+12 6.584440e+02 1.268892e+03 
11111 1.470584e+12 2.481032e+05 3.692112e+04 
22222 1.470584e+12 5.044530e+05 7.259976e+04 
33333 1.470584e+12 7.418351e+05 1.159850e+05 
44444 1.470584e+12 9.226276e+05 2.737307e+05 
55555 1.470584e+12 1.100313e+05 2.169533e+05 
66666 1.470584e+12 3.399469e+05 2.413048e+05 
77777 1.470584e+12 5.710896e+05 2.833804e+05 
88888 1.470584e+12 7.908453e+05 3.421057e+05 
99999 1.470584e+12 9.989797e+05 5.674681e+05 
111110 1.470584e+12 2.211369e+05 4.145897e+05 
122221 1.470584e+12 4.434560e+05 4.460055e+05 
133332 1.470584e+12 6.684249e+05 4.943756e+05 
144443 1.470584e+12 8.722339e+05 6.781995e+05 
155554 1.470584e+12 1.081360e+05 6.164975e+05 
166665 1.470584e+12 3.255611e+05 6.392691e+05 
177776 1.470584e+12 5.438137e+05 6.731943e+05 
188887 1.470584e+12 7.329162e+05 7.566223e+05 
199998 1.470584e+12 9.952462e+05 8.817528e+05 
211109 1.470584e+12 2.361255e+05 8.211365e+05 
222220 1.470584e+12 4.003621e+05 8.664841e+05 
233331 1.470584e+12 5.785614e+05 9.172050e+05 
244442 1.470584e+12 8.130532e+05 9.786672e+05 
0 1.476896e+12 6.584454e+02 1.268890e+03 
11111 1.476896e+12 2.480642e+05 3.693827e+04 
22222 1.476896e+12 5.043012e+05 7.261520e+04 
33333 1.476896e+12 7.417290e+05 1.158954e+05 
44444 1.476896e+12 9.225417e+05 2.735992e+05 
55555 1.476896e+12 1.100081e+05 2.169839e+05 
66666 1.476896e+12 3.398866e+05 2.413961e+05 
77777 1.476896e+12 5.709953e+05 2.834112e+05 
88888 1.476896e+12 7.907264e+05 3.419977e+05 
99999 1.476896e+12 9.989799e+05 5.671920e+05 
111110 1.476896e+12 2.211235e+05 4.146948e+05 
122221 1.476896e+12 4.434368e+05 4.461113e+05 
133332 1.476896e+12 6.684209e+05 4.943701e+05 
144443 1.476896e+12 8.723140e+05 6.780177e+05 
155554 1.476896e+12 1.081488e+05 6.165483e+05 
166665 1.476896e+12 3.256074e+05 6.393804e+05 
177776 1.476896e+12 5.438903e+05 6.732604e+05 
188887 1.476896e+12 7.330676e+05 7.565658e+05 
199998 1.476896e+12 9.952495e+05 8.816777e+05 
211109 1.476896e+12 2.361610e+05 8.212016e+05 
222220 1.476896e+12 4.004632e+05 8.665312e+05 
233331 1.476896e+12 5.787053e+05 9.172063e+05 
244442 1.476896e+12 8.131500e+05 9.786594e+05 
0 1.483207e+12 6.584467e+02 1.268889e+03 
11111 1.483207e+12 2.480257e+05 3.695518e+04 
22222 1.483207e+12 5.041514e+05 7.263039e+04 
33333 1.483207e+12 7.416244e+05 1.158074e+05 
44444 1.483207e+12 9.224566e+05 2.734693e+05 
55555 1.483207e+12 1.099848e+05 2.170147e+05 
66666 1.483207e+12 3.398276e+05 2.414870e+05 
77777 1.483207e+12 5.709020e+05 2.834425e+05 
88888 1.483207e+12 7.906127e+05 3.418915e+05 
99999 1.483207e+12 9.989801e+05 5.669187e+05 
111110 1.483207e+12 2.211103e+05 4.147986e+05 
122221 1.483207e+12 4.434179e+05 4.462162e+05 
133332 1.483207e+12 6.684171e+05 4.943654e+05 
144443 1.483207e+12 8.723929e+05 6.778380e+05 
155554 1.483207e+12 1.081616e+05 6.165981e+05 
166665 1.483207e+12 3.256532e+05 6.394902e+05 
177776 1.483207e+12 5.439657e+05 6.733260e+05 
188887 1.483207e+12 7.332178e+05 7.565095e+05 
199998 1.483207e+12 9.952527e+05 8.816032e+05 
211109 1.483207e+12 2.361962e+05 8.212659e+05 
222220 1.483207e+12 4.005631e+05 8.665777e+05 
233331 1.483207e+12 5.788475e+05 9.172077e+05 
244442 1.483207e+12 8.132458e+05 9.786517e+05 
0 1.489519e+12 6.584480e+02 1.268887e+03 
11111 1.489519e+12 2.479876e+05 3.697190e+04 
22222 1.489519e+12 5.040035e+05 7.264529e+04 
33333 1.489519e+12 7.415212e+05 1.157202e+05 
44444 1.489519e+12 9.223725e+05 2.733410e+05 
55555 1.489519e+12 1.099621e+05 2.170449e+05 
66666 1.489519e+12 3.397697e+05 2.415758e+05 
77777 1.489519e+12 5.708104e+05 2.834731e+05 
88888 1.489519e+12 7.905031e+05 3.417858e+05 
99999 1.489519e+12 9.989803e+05 5.666485e+05 
111110 1.489519e+12 2.210973e+05 4.149016e+05 
122221 1.489519e+12 4.433992e+05 4.463197e+05 
133332 1.489519e+12 6.684141e+05 4.943614e+05 
144443 1.489519e+12 8.724709e+05 6.776601e+05 
155554 1.489519e+12 1.081744e+05 6.166466e+05 
166665 1.489519e+12 3.256985e+05 6.395983e+05 
177776 1.489519e+12 5.440401e+05 6.733906e+05 
188887 1.489519e+12 7.333657e+05 7.564539e+05 
199998 1.489519e+12 9.952559e+05 8.815294e+05 
211109 1.489519e+12 2.362311e+05 8.213294e+05 
222220 1.489519e+12 4.006618e+05 8.666237e+05 
233331 1.489519e+12 5.789880e+05 9.172091e+05 
244442 1.489519e+12 8.133407e+05 9.786441e+05 
0 1.495830e+12 6.584492e+02 1.268886e+03 
11111 1.495830e+12 2.479498e+05 3.698843e+04 
22222 1.495830e+12 5.038574e+05 7.265997e+04 
33333 1.495830e+12 7.414193e+05 1.156342e+05 
44444 1.495830e+12 9.222892e+05 2.732144e+05 
55555 1.495830e+12 1.099400e+05 2.170740e+05 
66666 1.495830e+12 3.397119e+05 2.416651e+05 
77777 1.495830e+12 5.707197e+05 2.835033e+05 
88888 1.495830e+12 7.903903e+05 3.416813e+05 
99999 1.495830e+12 9.989805e+05 5.663812e+05 
111110 1.495830e+12 2.210839e+05 4.150035e+05 
122221 1.495830e+12 4.433812e+05 4.464221e+05 
133332 1.495830e+12 6.684112e+05 4.943571e+05 
144443 1.495830e+12 8.725478e+05 6.774840e+05 
155554 1.495830e+12 1.081871e+05 6.166955e+05 
166665 1.495830e+12 3.257440e+05 6.397049e+05 
177776 1.495830e+12 5.441138e+05 6.734543e+05 
188887 1.495830e+12 7.335121e+05 7.564018e+05 
199998 1.495830e+12 9.952590e+05 8.814563e+05 
211109 1.495830e+12 2.362656e+05 8.213922e+05 
222220 1.495830e+12 4.007595e+05 8.666690e+05 
233331 1.495830e+12 5.791270e+05 9.172106e+05 
244442 1.495830e+12 8.134346e+05 9.786366e+05 
0 1.502142e+12 6.584505e+02 1.268884e+03 
11111 1.502142e+12 2.479124e+05 3.700478e+04 
22222 1.502142e+12 5.037129e+05 7.267442e+04 
33333 1.502142e+12 7.413188e+05 1.155491e+05 
44444 1.502142e+12 9.222068e+05 2.730895e+05 
55555 1.502142e+12 1.099176e+05 2.171032e+05 
66666 1.502142e+12 3.396563e+05 2.417531e+05 
77777 1.502142e+12 5.706308e+05 2.835329e+05 
88888 1.502142e+12 7.902804e+05 3.415747e+05 
99999 1.502142e+12 9.989807e+05 5.661169e+05 
111110 1.502142e+12 2.210700e+05 4.151039e+05 
122221 1.502142e+12 4.433635e+05 4.465230e+05 
133332 1.502142e+12 6.684085e+05 4.943525e+05 
144443 1.502142e+12 8.726235e+05 6.773100e+05 
155554 1.502142e+12 1.081999e+05 6.167430e+05 
166665 1.502142e+12 3.257886e+05 6.398096e+05 
177776 1.502142e+12 5.441862e+05 6.735176e+05 
188887 1.502142e+12 7.336545e+05 7.563505e+05 
199998 1.502142e+12 9.952621e+05 8.813839e+05 
211109 1.502142e+12 2.362997e+05 8.214543e+05 
222220 1.502142e+12 4.008559e+05 8.667137e+05 
233331 1.502142e+12 5.792644e+05 9.172120e+05 
244442 1.502142e+12 8.135275e+05 9.786291e+05 
0 1.508453e+12 6.584517e+02 1.268883e+03 
11111 1.508453e+12 2.478753e+05 3.702094e+04 
22222 1.508453e+12 5.035705e+05 7.268862e+04 
33333 1.508453e+12 7.412197e+05 1.154653e+05 
44444 1.508453e+12 9.221252e+05 2.729660e+05 
55555 1.508453e+12 1.098961e+05 2.171321e+05 
66666 1.508453e+12 3.396018e+05 2.418394e+05 
77777 1.508453e+12 5.705423e+05 2.835628e+05 
88888 1.508453e+12 7.901724e+05 3.414704e+05 
99999 1.508453e+12 9.989809e+05 5.658553e+05 
111110 1.508453e+12 2.210571e+05 4.152031e+05 
122221 1.508453e+12 4.433461e+05 4.466231e+05 
133332 1.508453e+12 6.684052e+05 4.943481e+05 
144443 1.508453e+12 8.726982e+05 6.771377e+05 
155554 1.508453e+12 1.082122e+05 6.167901e+05 
166665 1.508453e+12 3.258329e+05 6.399132e+05 
177776 1.508453e+12 5.442578e+05 6.735803e+05 
188887 1.508453e+12 7.337987e+05 7.562995e+05 
199998 1.508453e+12 9.952652e+05 8.813121e+05 
211109 1.508453e+12 2.363335e+05 8.215160e+05 
222220 1.508453e+12 4.009512e+05 8.667577e+05 
233331 1.508453e+12 5.794001e+05 9.172135e+05 
244442 1.508453e+12 8.136195e+05 9.786217e+05 
0 1.514765e+12 6.584529e+02 1.268881e+03 
11111 1.514765e+12 2.478387e+05 3.703692e+04 
22222 1.514765e+12 5.034299e+05 7.270261e+04 
33333 1.514765e+12 7.411221e+05 1.153826e+05 
44444 1.514765e+12 9.220443e+05 2.728439e+05 
55555 1.514765e+12 1.098748e+05 2.171602e+05 
66666 1.514765e+12 3.395484e+05 2.419261e+05 
77777 1.514765e+12 5.704543e+05 2.835924e+05 
88888 1.514765e+12 7.900622e+05 3.413713e+05 
99999 1.514765e+12 9.989811e+05 5.655966e+05 
111110 1.514765e+12 2.210437e+05 4.153012e+05 
122221 1.514765e+12 4.433293e+05 4.467223e+05 
133332 1.514765e+12 6.684030e+05 4.943438e+05 
144443 1.514765e+12 8.727720e+05 6.769673e+05 
155554 1.514765e+12 1.082250e+05 6.168363e+05 
166665 1.514765e+12 3.258769e+05 6.400152e+05 
177776 1.514765e+12 5.443287e+05 6.736418e+05 
188887 1.514765e+12 7.339396e+05 7.562482e+05 
199998 1.514765e+12 9.952683e+05 8.812409e+05 
211109 1.514765e+12 2.363669e+05 8.215770e+05 
222220 1.514765e+12 4.010455e+05 8.668011e+05 
233331 1.514765e+12 5.795344e+05 9.172150e+05 
244442 1.514765e+12 8.137107e+05 9.786144e+05 
0 1.521076e+12 6.584540e+02 1.268880e+03 
11111 1.521076e+12 2.478023e+05 3.705271e+04 
22222 1.521076e+12 5.032911e+05 7.271635e+04 
33333 1.521076e+12 7.410257e+05 1.153009e+05 
44444 1.521076e+12 9.219642e+05 2.727234e+05 
55555 1.521076e+12 1.098535e+05 2.171886e+05 
66666 1.521076e+12 3.394957e+05 2.420109e+05 
77777 1.521076e+12 5.703672e+05 2.836215e+05 
88888 1.521076e+12 7.899551e+05 3.412735e+05 
99999 1.521076e+12 9.989813e+05 5.653404e+05 
111110 1.521076e+12 2.210310e+05 4.153986e+05 
122221 1.521076e+12 4.433126e+05 4.468202e+05 
133332 1.521076e+12 6.684005e+05 4.943400e+05 
144443 1.521076e+12 8.728447e+05 6.767985e+05 
155554 1.521076e+12 1.082373e+05 6.168813e+05 
166665 1.521076e+12 3.259209e+05 6.401152e+05 
177776 1.521076e+12 5.443985e+05 6.737026e+05 
188887 1.521076e+12 7.340777e+05 7.561954e+05 
199998 1.521076e+12 9.952713e+05 8.811703e+05 
211109 1.521076e+12 2.364000e+05 8.216374e+05 
222220 1.521076e+12 4.011388e+05 8.668438e+05 
233331 1.521076e+12 5.796672e+05 9.172164e+05 
244442 1.521076e+12 8.138011e+05 9.786071e+05 
0 1.527388e+12 6.584552e+02 1.268878e+03 
11111 1.527388e+12 2.477664e+05 3.706832e+04 
22222 1.527388e+12 5.031541e+05 7.272988e+04 
33333 1.527388e+12 7.409307e+05 1.152202e+05 
44444 1.527388e+12 9.218849e+05 2.726041e+05 
55555 1.527388e+12 1.098323e+05 2.172162e+05 
66666 1.527388e+12 3.394441e+05 2.420940e+05 
77777 1.527388e+12 5.702816e+05 2.836504e+05 
88888 1.527388e+12 7.898500e+05 3.411753e+05 
99999 1.527388e+12 9.989815e+05 5.650867e+05 
111110 1.527388e+12 2.210174e+05 4.154943e+05 
122221 1.527388e+12 4.432958e+05 4.469165e+05 
133332 1.527388e+12 6.683979e+05 4.943368e+05 
144443 1.527388e+12 8.729166e+05 6.766313e+05 
155554 1.527388e+12 1.082497e+05 6.169260e+05 
166665 1.527388e+12 3.259645e+05 6.402145e+05 
177776 1.527388e+12 5.444669e+05 6.737620e+05 
188887 1.527388e+12 7.342141e+05 7.561450e+05 
199998 1.527388e+12 9.952743e+05 8.811001e+05 
211109 1.527388e+12 2.364328e+05 8.216970e+05 
222220 1.527388e+12 4.012311e+05 8.668860e+05 
233331 1.527388e+12 5.797986e+05 9.172180e+05 
244442 1.527388e+12 8.138908e+05 9.785999e+05 
0 1.533699e+12 6.584563e+02 1.268877e+03 
11111 1.533699e+12 2.477309e+05 3.708373e+04 
22222 1.533699e+12 5.030189e+05 7.274320e+04 
33333 1.533699e+12 7.408369e+05 1.151403e+05 
44444 1.533699e+12 9.218064e+05 2.724863e+05 
55555 1.533699e+12 1.098120e+05 2.172432e+05 
66666 1.533699e+12 3.393934e+05 2.421758e+05 
77777 1.533699e+12 5.701972e+05 2.836784e+05 
88888 1.533699e+12 7.897414e+05 3.410799e+05 
99999 1.533699e+12 9.989816e+05 5.648360e+05 
111110 1.533699e+12 2.210044e+05 4.155892e+05 
122221 1.533699e+12 4.432793e+05 4.470115e+05 
133332 1.533699e+12 6.683956e+05 4.943340e+05 
144443 1.533699e+12 8.729874e+05 6.764660e+05 
155554 1.533699e+12 1.082620e+05 6.169704e+05 
166665 1.533699e+12 3.260067e+05 6.403121e+05 
177776 1.533699e+12 5.445351e+05 6.738211e+05 
188887 1.533699e+12 7.343479e+05 7.560958e+05 
199998 1.533699e+12 9.952772e+05 8.810308e+05 
211109 1.533699e+12 2.364650e+05 8.217563e+05 
222220 1.533699e+12 4.013222e+05 8.669276e+05 
233331 1.533699e+12 5.799283e+05 9.172195e+05 
244442 1.533699e+12 8.139796e+05 9.785928e+05 
0 1.540011e+12 6.584574e+02 1.268876e+03 
11111 1.540011e+12 2.476957e+05 3.709897e+04 
22222 1.540011e+12 5.028854e+05 7.275628e+04 
33333 1.540011e+12 7.407444e+05 1.150614e+05 
44444 1.540011e+12 9.217286e+05 2.723700e+05 
55555 1.540011e+12 1.097918e+05 2.172701e+05 
66666 1.540011e+12 3.393439e+05 2.422572e+05 
77777 1.540011e+12 5.701139e+05 2.837063e+05 
88888 1.540011e+12 7.896337e+05 3.409863e+05 
99999 1.540011e+12 9.989818e+05 5.645878e+05 
111110 1.540011e+12 2.209914e+05 4.156828e+05 
122221 1.540011e+12 4.432631e+05 4.471059e+05 
133332 1.540011e+12 6.683936e+05 4.943309e+05 
144443 1.540011e+12 8.730572e+05 6.763025e+05 
155554 1.540011e+12 1.082740e+05 6.170130e+05 
166665 1.540011e+12 3.260477e+05 6.404094e+05 
177776 1.540011e+12 5.446026e+05 6.738795e+05 
188887 1.540011e+12 7.344795e+05 7.560488e+05 
199998 1.540011e+12 9.952802e+05 8.809619e+05 
211109 1.540011e+12 2.364969e+05 8.218148e+05 
222220 1.540011e+12 4.014122e+05 8.669687e+05 
233331 1.540011e+12 5.800566e+05 9.172211e+05 
244442 1.540011e+12 8.140675e+05 9.785857e+05 
0 1.546322e+12 6.584585e+02 1.268874e+03 
11111 1.546322e+12 2.476609e+05 3.711405e+04 
22222 1.546322e+12 5.027534e+05 7.276918e+04 
33333 1.546322e+12 7.406530e+05 1.149835e+05 
44444 1.546322e+12 9.216516e+05 2.722552e+05 
55555 1.546322e+12 1.097722e+05 2.172965e+05 
66666 1.546322e+12 3.392944e+05 2.423368e+05 
77777 1.546322e+12 5.700306e+05 2.837345e+05 
88888 1.546322e+12 7.895304e+05 3.408947e+05 
99999 1.546322e+12 9.989820e+05 5.643423e+05 
111110 1.546322e+12 2.209785e+05 4.157754e+05 
122221 1.546322e+12 4.432474e+05 4.471992e+05 
133332 1.546322e+12 6.683918e+05 4.943278e+05 
144443 1.546322e+12 8.731260e+05 6.761407e+05 
155554 1.546322e+12 1.082857e+05 6.170561e+05 
166665 1.546322e+12 3.260884e+05 6.405049e+05 
177776 1.546322e+12 5.446686e+05 6.739373e+05 
188887 1.546322e+12 7.346080e+05 7.560017e+05 
199998 1.546322e+12 9.952830e+05 8.808936e+05 
211109 1.546322e+12 2.365286e+05 8.218727e+05 
222220 1.546322e+12 4.015013e+05 8.670092e+05 
233331 1.546322e+12 5.801835e+05 9.172227e+05 
244442 1.546322e+12 8.141547e+05 9.785787e+05 
0 1.552634e+12 6.584595e+02 1.268873e+03 
11111 1.552634e+12 2.476264e+05 3.712895e+04 
22222 1.552634e+12 5.026233e+05 7.278188e+04 
33333 1.552634e+12 7.405628e+05 1.149063e+05 
44444 1.552634e+12 9.215753e+05 2.721419e+05 
55555 1.552634e+12 1.097522e+05 2.173228e+05 
66666 1.552634e+12 3.392464e+05 2.424163e+05 
77777 1.552634e+12 5.699488e+05 2.837620e+05 
88888 1.552634e+12 7.894253e+05 3.408038e+05 
99999 1.552634e+12 9.989821e+05 5.640996e+05 
111110 1.552634e+12 2.209655e+05 4.158671e+05 
122221 1.552634e+12 4.432319e+05 4.472905e+05 
133332 1.552634e+12 6.683895e+05 4.943250e+05 
144443 1.552634e+12 8.731939e+05 6.759806e+05 
155554 1.552634e+12 1.082974e+05 6.170982e+05 
166665 1.552634e+12 3.261284e+05 6.405988e+05 
177776 1.552634e+12 5.447334e+05 6.739941e+05 
188887 1.552634e+12 7.347327e+05 7.559549e+05 
199998 1.552634e+12 9.952859e+05 8.808260e+05 
211109 1.552634e+12 2.365599e+05 8.219300e+05 
222220 1.552634e+12 4.015893e+05 8.670492e+05 
233331 1.552634e+12 5.803089e+05 9.172243e+05 
244442 1.552634e+12 8.142409e+05 9.785718e+05 
0 1.558945e+12 6.584606e+02 1.268872e+03 
11111 1.558945e+12 2.475922e+05 3.714368e+04 
22222 1.558945e+12 5.024946e+05 7.279440e+04 
33333 1.558945e+12 7.404736e+05 1.148301e+05 
44444 1.558945e+12 9.214996e+05 2.720300e+05 
55555 1.558945e+12 1.097330e+05 2.173485e+05 
66666 1.558945e+12 3.391998e+05 2.424950e+05 
77777 1.558945e+12 5.698684e+05 2.837893e+05 
88888 1.558945e+12 7.893218e+05 3.407170e+05 
99999 1.558945e+12 9.989823e+05 5.638595e+05 
111110 1.558945e+12 2.209524e+05 4.159577e+05 
122221 1.558945e+12 4.432166e+05 4.473809e+05 
133332 1.558945e+12 6.683874e+05 4.943221e+05 
144443 1.558945e+12 8.732608e+05 6.758224e+05 
155554 1.558945e+12 1.083091e+05 6.171400e+05 
166665 1.558945e+12 3.261681e+05 6.406916e+05 
177776 1.558945e+12 5.447977e+05 6.740499e+05 
188887 1.558945e+12 7.348576e+05 7.559078e+05 
199998 1.558945e+12 9.952887e+05 8.807590e+05 
211109 1.558945e+12 2.365908e+05 8.219868e+05 
222220 1.558945e+12 4.016762e+05 8.670888e+05 
233331 1.558945e+12 5.804329e+05 9.172259e+05 
244442 1.558945e+12 8.143263e+05 9.785649e+05 
0 1.565257e+12 6.584616e+02 1.268871e+03 
11111 1.565257e+12 2.475585e+05 3.715823e+04 
22222 1.565257e+12 5.023676e+05 7.280675e+04 
33333 1.565257e+12 7.403855e+05 1.147547e+05 
44444 1.565257e+12 9.214247e+05 2.719196e+05 
55555 1.565257e+12 1.097141e+05 2.173737e+05 
66666 1.565257e+12 3.391538e+05 2.425731e+05 
77777 1.565257e+12 5.697891e+05 2.838158e+05 
88888 1.565257e+12 7.892197e+05 3.406285e+05 
99999 1.565257e+12 9.989824e+05 5.636220e+05 
111110 1.565257e+12 2.209394e+05 4.160472e+05 
122221 1.565257e+12 4.432021e+05 4.474699e+05 
133332 1.565257e+12 6.683852e+05 4.943192e+05 
144443 1.565257e+12 8.733269e+05 6.756658e+05 
155554 1.565257e+12 1.083212e+05 6.171806e+05 
166665 1.565257e+12 3.262069e+05 6.407831e+05 
177776 1.565257e+12 5.448608e+05 6.741050e+05 
188887 1.565257e+12 7.349803e+05 7.558649e+05 
199998 1.565257e+12 9.952915e+05 8.806926e+05 
211109 1.565257e+12 2.366214e+05 8.220428e+05 
222220 1.565257e+12 4.017621e+05 8.671277e+05 
233331 1.565257e+12 5.805554e+05 9.172276e+05 
244442 1.565257e+12 8.144107e+05 9.785581e+05 
0 1.571568e+12 6.584626e+02 1.268869e+03 
11111 1.571568e+12 2.475250e+05 3.717262e+04 
22222 1.571568e+12 5.022421e+05 7.281885e+04 
33333 1.571568e+12 7.402987e+05 1.146800e+05 
44444 1.571568e+12 9.213506e+05 2.718106e+05 
55555 1.571568e+12 1.096951e+05 2.173989e+05 
66666 1.571568e+12 3.391085e+05 2.426501e+05 
77777 1.571568e+12 5.697105e+05 2.838421e+05 
88888 1.571568e+12 7.891193e+05 3.405394e+05 
99999 1.571568e+12 9.989826e+05 5.633869e+05 
111110 1.571568e+12 2.209266e+05 4.161363e+05 
122221 1.571568e+12 4.431872e+05 4.475580e+05 
133332 1.571568e+12 6.683833e+05 4.943157e+05 
144443 1.571568e+12 8.733921e+05 6.755109e+05 
155554 1.571568e+12 1.083328e+05 6.172211e+05 
166665 1.571568e+12 3.262453e+05 6.408741e+05 
177776 1.571568e+12 5.449235e+05 6.741595e+05 
188887 1.571568e+12 7.351040e+05 7.558213e+05 
199998 1.571568e+12 9.952943e+05 8.806268e+05 
211109 1.571568e+12 2.366517e+05 8.220982e+05 
222220 1.571568e+12 4.018471e+05 8.671662e+05 
233331 1.571568e+12 5.806767e+05 9.172292e+05 
244442 1.571568e+12 8.144944e+05 9.785513e+05 
0 1.577880e+12 6.584635e+02 1.268868e+03 
11111 1.577880e+12 2.474919e+05 3.718683e+04 
22222 1.577880e+12 5.021182e+05 7.283075e+04 
33333 1.577880e+12 7.402128e+05 1.146063e+05 
44444 1.577880e+12 9.212771e+05 2.717029e+05 
55555 1.577880e+12 1.096767e+05 2.174238e+05 
66666 1.577880e+12 3.390640e+05 2.427272e+05 
77777 1.577880e+12 5.696336e+05 2.838684e+05 
88888 1.577880e+12 7.890209e+05 3.404522e+05 
99999 1.577880e+12 9.989827e+05 5.631542e+05 
111110 1.577880e+12 2.209137e+05 4.162236e+05 
122221 1.577880e+12 4.431734e+05 4.476447e+05 
133332 1.577880e+12 6.683811e+05 4.943128e+05 
144443 1.577880e+12 8.734565e+05 6.753575e+05 
155554 1.577880e+12 1.083452e+05 6.172615e+05 
166665 1.577880e+12 3.262826e+05 6.409627e+05 
177776 1.577880e+12 5.449850e+05 6.742135e+05 
188887 1.577880e+12 7.352249e+05 7.557790e+05 
199998 1.577880e+12 9.952971e+05 8.805615e+05 
211109 1.577880e+12 2.366816e+05 8.221529e+05 
222220 1.577880e+12 4.019311e+05 8.672040e+05 
233331 1.577880e+12 5.807965e+05 9.172309e+05 
244442 1.577880e+12 8.145774e+05 9.785447e+05 
0 1.584192e+12 6.584645e+02 1.268867e+03 
11111 1.584192e+12 2.474591e+05 3.720086e+04 
22222 1.584192e+12 5.019959e+05 7.284248e+04 
33333 1.584192e+12 7.401281e+05 1.145336e+05 
44444 1.584192e+12 9.212044e+05 2.715964e+05 
55555 1.584192e+12 1.096583e+05 2.174487e+05 
66666 1.584192e+12 3.390204e+05 2.428038e+05 
77777 1.584192e+12 5.695574e+05 2.838943e+05 
88888 1.584192e+12 7.889216e+05 3.403679e+05 
99999 1.584192e+12 9.989829e+05 5.629239e+05 
111110 1.584192e+12 2.209006e+05 4.163103e+05 
122221 1.584192e+12 4.431594e+05 4.477305e+05 
133332 1.584192e+12 6.683793e+05 4.943109e+05 
144443 1.584192e+12 8.735200e+05 6.752058e+05 
155554 1.584192e+12 1.083567e+05 6.173007e+05 
166665 1.584192e+12 3.263200e+05 6.410512e+05 
177776 1.584192e+12 5.450458e+05 6.742667e+05 
188887 1.584192e+12 7.353446e+05 7.557369e+05 
199998 1.584192e+12 9.952998e+05 8.804968e+05 
211109 1.584192e+12 2.367113e+05 8.222073e+05 
222220 1.584192e+12 4.020140e+05 8.672413e+05 
233331 1.584192e+12 5.809150e+05 9.172326e+05 
244442 1.584192e+12 8.146595e+05 9.785380e+05 
0 1.590503e+12 6.584654e+02 1.268866e+03 
11111 1.590503e+12 2.474266e+05 3.721473e+04 
22222 1.590503e+12 5.018751e+05 7.285400e+04 
33333 1.590503e+12 7.400445e+05 1.144618e+05 
44444 1.590503e+12 9.211324e+05 2.714911e+05 
55555 1.590503e+12 1.096405e+05 2.174729e+05 
66666 1.590503e+12 3.389769e+05 2.428792e+05 
77777 1.590503e+12 5.694822e+05 2.839201e+05 
88888 1.590503e+12 7.888231e+05 3.402810e+05 
99999 1.590503e+12 9.989830e+05 5.626959e+05 
111110 1.590503e+12 2.208879e+05 4.163960e+05 
122221 1.590503e+12 4.431461e+05 4.478151e+05 
133332 1.590503e+12 6.683777e+05 4.943085e+05 
144443 1.590503e+12 8.735828e+05 6.750554e+05 
155554 1.590503e+12 1.083683e+05 6.173394e+05 
166665 1.590503e+12 3.263569e+05 6.411384e+05 
177776 1.590503e+12 5.451054e+05 6.743195e+05 
188887 1.590503e+12 7.354615e+05 7.556973e+05 
199998 1.590503e+12 9.953025e+05 8.804326e+05 
211109 1.590503e+12 2.367406e+05 8.222613e+05 
222220 1.590503e+12 4.020961e+05 8.672782e+05 
233331 1.590503e+12 5.810323e+05 9.172344e+05 
244442 1.590503e+12 8.147410e+05 9.785315e+05 
0 1.596815e+12 6.584663e+02 1.268865e+03 
11111 1.596815e+12 2.473947e+05 3.722841e+04 
22222 1.596815e+12 5.017561e+05 7.286532e+04 
33333 1.596815e+12 7.399622e+05 1.143911e+05 
44444 1.596815e+12 9.210611e+05 2.713870e+05 
55555 1.596815e+12 1.096232e+05 2.174978e+05 
66666 1.596815e+12 3.389340e+05 2.429542e+05 
77777 1.596815e+12 5.694072e+05 2.839461e+05 
88888 1.596815e+12 7.887276e+05 3.402010e+05 
99999 1.596815e+12 9.989832e+05 5.624701e+05 
111110 1.596815e+12 2.208746e+05 4.164804e+05 
122221 1.596815e+12 4.431325e+05 4.478992e+05 
133332 1.596815e+12 6.683766e+05 4.943062e+05 
144443 1.596815e+12 8.736448e+05 6.749065e+05 
155554 1.596815e+12 1.083798e+05 6.173780e+05 
166665 1.596815e+12 3.263930e+05 6.412247e+05 
177776 1.596815e+12 5.451646e+05 6.743721e+05 
188887 1.596815e+12 7.355788e+05 7.556566e+05 
199998 1.596815e+12 9.953052e+05 8.803689e+05 
211109 1.596815e+12 2.367697e+05 8.223148e+05 
222220 1.596815e+12 4.021774e+05 8.673146e+05 
233331 1.596815e+12 5.811484e+05 9.172361e+05 
244442 1.596815e+12 8.148218e+05 9.785249e+05 
0 1.603126e+12 6.584672e+02 1.268864e+03 
11111 1.603126e+12 2.473631e+05 3.724194e+04 
22222 1.603126e+12 5.016386e+05 7.287644e+04 
33333 1.603126e+12 7.398810e+05 1.143213e+05 
44444 1.603126e+12 9.209905e+05 2.712839e+05 
55555 1.603126e+12 1.096057e+05 2.175216e+05 
66666 1.603126e+12 3.388919e+05 2.430283e+05 
77777 1.603126e+12 5.693334e+05 2.839719e+05 
88888 1.603126e+12 7.886317e+05 3.401156e+05 
99999 1.603126e+12 9.989833e+05 5.622465e+05 
111110 1.603126e+12 2.208619e+05 4.165640e+05 
122221 1.603126e+12 4.431188e+05 4.479818e+05 
133332 1.603126e+12 6.683755e+05 4.943042e+05 
144443 1.603126e+12 8.737060e+05 6.747589e+05 
155554 1.603126e+12 1.083917e+05 6.174157e+05 
166665 1.603126e+12 3.264285e+05 6.413103e+05 
177776 1.603126e+12 5.452231e+05 6.744236e+05 
188887 1.603126e+12 7.356894e+05 7.556161e+05 
199998 1.603126e+12 9.953078e+05 8.803057e+05 
211109 1.603126e+12 2.367985e+05 8.223677e+05 
222220 1.603126e+12 4.022578e+05 8.673507e+05 
233331 1.603126e+12 5.812633e+05 9.172379e+05 
244442 1.603126e+12 8.149019e+05 9.785185e+05 
0 1.609438e+12 6.584681e+02 1.268863e+03 
11111 1.609438e+12 2.473318e+05 3.725530e+04 
22222 1.609438e+12 5.015227e+05 7.288737e+04 
33333 1.609438e+12 7.398009e+05 1.142522e+05 
44444 1.609438e+12 9.209207e+05 2.711820e+05 
55555 1.609438e+12 1.095888e+05 2.175455e+05 
66666 1.609438e+12 3.388503e+05 2.431012e+05 
77777 1.609438e+12 5.692599e+05 2.839968e+05 
88888 1.609438e+12 7.885378e+05 3.400316e+05 
99999 1.609438e+12 9.989834e+05 5.620250e+05 
111110 1.609438e+12 2.208492e+05 4.166470e+05 
122221 1.609438e+12 4.431054e+05 4.480640e+05 
133332 1.609438e+12 6.683742e+05 4.943025e+05 
144443 1.609438e+12 8.737664e+05 6.746127e+05 
155554 1.609438e+12 1.084030e+05 6.174534e+05 
166665 1.609438e+12 3.264632e+05 6.413942e+05 
177776 1.609438e+12 5.452808e+05 6.744748e+05 
188887 1.609438e+12 7.358038e+05 7.555742e+05 
199998 1.609438e+12 9.953104e+05 8.802429e+05 
211109 1.609438e+12 2.368270e+05 8.224202e+05 
222220 1.609438e+12 4.023375e+05 8.673862e+05 
233331 1.609438e+12 5.813771e+05 9.172397e+05 
244442 1.609438e+12 8.149814e+05 9.785120e+05 
0 1.615749e+12 6.584690e+02 1.268862e+03 
11111 1.615749e+12 2.473009e+05 3.726852e+04 
22222 1.615749e+12 5.014082e+05 7.289809e+04 
33333 1.615749e+12 7.397219e+05 1.141843e+05 
44444 1.615749e+12 9.208515e+05 2.710811e+05 
55555 1.615749e+12 1.095718e+05 2.175686e+05 
66666 1.615749e+12 3.388099e+05 2.431739e+05 
77777 1.615749e+12 5.691869e+05 2.840222e+05 
88888 1.615749e+12 7.884446e+05 3.399479e+05 
99999 1.615749e+12 9.989836e+05 5.618056e+05 
111110 1.615749e+12 2.208366e+05 4.167290e+05 
122221 1.615749e+12 4.430923e+05 4.481451e+05 
133332 1.615749e+12 6.683727e+05 4.943007e+05 
144443 1.615749e+12 8.738260e+05 6.744678e+05 
155554 1.615749e+12 1.084149e+05 6.174906e+05 
166665 1.615749e+12 3.264970e+05 6.414778e+05 
177776 1.615749e+12 5.453380e+05 6.745254e+05 
188887 1.615749e+12 7.359157e+05 7.555360e+05 
199998 1.615749e+12 9.953130e+05 8.801805e+05 
211109 1.615749e+12 2.368553e+05 8.224721e+05 
222220 1.615749e+12 4.024163e+05 8.674214e+05 
233331 1.615749e+12 5.814896e+05 9.172416e+05 
244442 1.615749e+12 8.150604e+05 9.785057e+05 
0 1.622061e+12 6.584699e+02 1.268861e+03 
11111 1.622061e+12 2.472703e+05 3.728158e+04 
22222 1.622061e+12 5.012951e+05 7.290863e+04 
33333 1.622061e+12 7.396439e+05 1.141170e+05 
44444 1.622061e+12 9.207830e+05 2.709813e+05 
55555 1.622061e+12 1.095547e+05 2.175919e+05 
66666 1.622061e+12 3.387697e+05 2.432460e+05 
77777 1.622061e+12 5.691149e+05 2.840465e+05 
88888 1.622061e+12 7.883536e+05 3.398653e+05 
99999 1.622061e+12 9.989837e+05 5.615885e+05 
111110 1.622061e+12 2.208240e+05 4.168103e+05 
122221 1.622061e+12 4.430793e+05 4.482256e+05 
133332 1.622061e+12 6.683715e+05 4.942993e+05 
144443 1.622061e+12 8.738848e+05 6.743244e+05 
155554 1.622061e+12 1.084264e+05 6.175273e+05 
166665 1.622061e+12 3.265305e+05 6.415594e+05 
177776 1.622061e+12 5.453943e+05 6.745758e+05 
188887 1.622061e+12 7.360256e+05 7.554961e+05 
199998 1.622061e+12 9.953156e+05 8.801186e+05 
211109 1.622061e+12 2.368831e+05 8.225236e+05 
222220 1.622061e+12 4.024943e+05 8.674560e+05 
233331 1.622061e+12 5.816009e+05 9.172434e+05 
244442 1.622061e+12 8.151387e+05 9.784994e+05 
0 1.628372e+12 6.584707e+02 1.268860e+03 
11111 1.628372e+12 2.472400e+05 3.729450e+04 
22222 1.628372e+12 5.011835e+05 7.291903e+04 
33333 1.628372e+12 7.395669e+05 1.140503e+05 
44444 1.628372e+12 9.207154e+05 2.708828e+05 
55555 1.628372e+12 1.095380e+05 2.176147e+05 
66666 1.628372e+12 3.387303e+05 2.433173e+05 
77777 1.628372e+12 5.690440e+05 2.840706e+05 
88888 1.628372e+12 7.882635e+05 3.397850e+05 
99999 1.628372e+12 9.989838e+05 5.613739e+05 
111110 1.628372e+12 2.208113e+05 4.168904e+05 
122221 1.628372e+12 4.430666e+05 4.483048e+05 
133332 1.628372e+12 6.683705e+05 4.942981e+05 
144443 1.628372e+12 8.739426e+05 6.741825e+05 
155554 1.628372e+12 1.084377e+05 6.175632e+05 
166665 1.628372e+12 3.265634e+05 6.416405e+05 
177776 1.628372e+12 5.454503e+05 6.746255e+05 
188887 1.628372e+12 7.361333e+05 7.554603e+05 
199998 1.628372e+12 9.953181e+05 8.800572e+05 
211109 1.628372e+12 2.369107e+05 8.225744e+05 
222220 1.628372e+12 4.025714e+05 8.674902e+05 
233331 1.628372e+12 5.817109e+05 9.172453e+05 
244442 1.628372e+12 8.152162e+05 9.784931e+05 
0 1.634684e+12 6.584715e+02 1.268859e+03 
11111 1.634684e+12 2.472101e+05 3.730727e+04 
22222 1.634684e+12 5.010732e+05 7.292927e+04 
33333 1.634684e+12 7.394908e+05 1.139845e+05 
44444 1.634684e+12 9.206484e+05 2.707855e+05 
55555 1.634684e+12 1.095209e+05 2.176359e+05 
66666 1.634684e+12 3.386908e+05 2.433875e+05 
77777 1.634684e+12 5.689742e+05 2.840947e+05 
88888 1.634684e+12 7.881736e+05 3.397084e+05 
99999 1.634684e+12 9.989839e+05 5.611614e+05 
111110 1.634684e+12 2.207984e+05 4.169699e+05 
122221 1.634684e+12 4.430545e+05 4.483827e+05 
133332 1.634684e+12 6.683687e+05 4.942972e+05 
144443 1.634684e+12 8.739998e+05 6.740420e+05 
155554 1.634684e+12 1.084493e+05 6.175985e+05 
166665 1.634684e+12 3.265960e+05 6.417215e+05 
177776 1.634684e+12 5.455051e+05 6.746742e+05 
188887 1.634684e+12 7.362368e+05 7.554236e+05 
199998 1.634684e+12 9.953207e+05 8.799964e+05 
211109 1.634684e+12 2.369379e+05 8.226247e+05 
222220 1.634684e+12 4.026476e+05 8.675239e+05 
233331 1.634684e+12 5.818198e+05 9.172472e+05 
244442 1.634684e+12 8.152930e+05 9.784869e+05 
0 1.640995e+12 6.584723e+02 1.268858e+03 
11111 1.640995e+12 2.471805e+05 3.731987e+04 
22222 1.640995e+12 5.009643e+05 7.293936e+04 
33333 1.640995e+12 7.394158e+05 1.139196e+05 
44444 1.640995e+12 9.205820e+05 2.706893e+05 
55555 1.640995e+12 1.095045e+05 2.176578e+05 
66666 1.640995e+12 3.386520e+05 2.434576e+05 
77777 1.640995e+12 5.689046e+05 2.841185e+05 
88888 1.640995e+12 7.880829e+05 3.396317e+05 
99999 1.640995e+12 9.989841e+05 5.609510e+05 
111110 1.640995e+12 2.207854e+05 4.170486e+05 
122221 1.640995e+12 4.430426e+05 4.484596e+05 
133332 1.640995e+12 6.683675e+05 4.942965e+05 
144443 1.640995e+12 8.740562e+05 6.739029e+05 
155554 1.640995e+12 1.084605e+05 6.176334e+05 
166665 1.640995e+12 3.266283e+05 6.418017e+05 
177776 1.640995e+12 5.455588e+05 6.747225e+05 
188887 1.640995e+12 7.363408e+05 7.553871e+05 
199998 1.640995e+12 9.953232e+05 8.799361e+05 
211109 1.640995e+12 2.369649e+05 8.226745e+05 
222220 1.640995e+12 4.027230e+05 8.675573e+05 
233331 1.640995e+12 5.819275e+05 9.172491e+05 
244442 1.640995e+12 8.153690e+05 9.784808e+05 
0 1.647307e+12 6.584731e+02 1.268857e+03 
11111 1.647307e+12 2.471513e+05 3.733229e+04 
22222 1.647307e+12 5.008569e+05 7.294933e+04 
33333 1.647307e+12 7.393419e+05 1.138555e+05 
44444 1.647307e+12 9.205162e+05 2.705943e+05 
55555 1.647307e+12 1.094883e+05 2.176797e+05 
66666 1.647307e+12 3.386140e+05 2.435260e+05 
77777 1.647307e+12 5.688360e+05 2.841421e+05 
88888 1.647307e+12 7.879943e+05 3.395576e+05 
99999 1.647307e+12 9.989842e+05 5.607426e+05 
111110 1.647307e+12 2.207730e+05 4.171263e+05 
122221 1.647307e+12 4.430304e+05 4.485357e+05 
133332 1.647307e+12 6.683666e+05 4.942955e+05 
144443 1.647307e+12 8.741120e+05 6.737651e+05 
155554 1.647307e+12 1.084717e+05 6.176678e+05 
166665 1.647307e+12 3.266601e+05 6.418812e+05 
177776 1.647307e+12 5.456123e+05 6.747705e+05 
188887 1.647307e+12 7.364443e+05 7.553522e+05 
199998 1.647307e+12 9.953256e+05 8.798762e+05 
211109 1.647307e+12 2.369917e+05 8.227239e+05 
222220 1.647307e+12 4.027976e+05 8.675903e+05 
233331 1.647307e+12 5.820341e+05 9.172510e+05 
244442 1.647307e+12 8.154446e+05 9.784747e+05 
0 1.653618e+12 6.584739e+02 1.268856e+03 
11111 1.653618e+12 2.471225e+05 3.734459e+04 
22222 1.653618e+12 5.007508e+05 7.295914e+04 
33333 1.653618e+12 7.392689e+05 1.137922e+05 
44444 1.653618e+12 9.204512e+05 2.705003e+05 
55555 1.653618e+12 1.094726e+05 2.177009e+05 
66666 1.653618e+12 3.385764e+05 2.435938e+05 
77777 1.653618e+12 5.687676e+05 2.841657e+05 
88888 1.653618e+12 7.879079e+05 3.394821e+05 
99999 1.653618e+12 9.989843e+05 5.605361e+05 
111110 1.653618e+12 2.207599e+05 4.172034e+05 
122221 1.653618e+12 4.430185e+05 4.486111e+05 
133332 1.653618e+12 6.683659e+05 4.942950e+05 
144443 1.653618e+12 8.741671e+05 6.736285e+05 
155554 1.653618e+12 1.084827e+05 6.177021e+05 
166665 1.653618e+12 3.266911e+05 6.419591e+05 
177776 1.653618e+12 5.456659e+05 6.748176e+05 
188887 1.653618e+12 7.365485e+05 7.553153e+05 
199998 1.653618e+12 9.953281e+05 8.798168e+05 
211109 1.653618e+12 2.370180e+05 8.227728e+05 
222220 1.653618e+12 4.028713e+05 8.676229e+05 
233331 1.653618e+12 5.821397e+05 9.172530e+05 
244442 1.653618e+12 8.155194e+05 9.784686e+05 
0 1.659930e+12 6.584747e+02 1.268855e+03 
11111 1.659930e+12 2.470939e+05 3.735673e+04 
22222 1.659930e+12 5.006459e+05 7.296882e+04 
33333 1.659930e+12 7.391969e+05 1.137295e+05 
44444 1.659930e+12 9.203869e+05 2.704075e+05 
55555 1.659930e+12 1.094568e+05 2.177224e+05 
66666 1.659930e+12 3.385383e+05 2.436586e+05 
77777 1.659930e+12 5.687002e+05 2.841881e+05 
88888 1.659930e+12 7.878201e+05 3.394083e+05 
99999 1.659930e+12 9.989844e+05 5.603319e+05 
111110 1.659930e+12 2.207465e+05 4.172799e+05 
122221 1.659930e+12 4.430068e+05 4.486857e+05 
133332 1.659930e+12 6.683651e+05 4.942944e+05 
144443 1.659930e+12 8.742214e+05 6.734934e+05 
155554 1.659930e+12 1.084938e+05 6.177361e+05 
166665 1.659930e+12 3.267223e+05 6.420357e+05 
177776 1.659930e+12 5.457189e+05 6.748640e+05 
188887 1.659930e+12 7.366489e+05 7.552800e+05 
199998 1.659930e+12 9.953305e+05 8.797579e+05 
211109 1.659930e+12 2.370440e+05 8.228213e+05 
222220 1.659930e+12 4.029442e+05 8.676550e+05 
233331 1.659930e+12 5.822441e+05 9.172550e+05 
244442 1.659930e+12 8.155937e+05 9.784626e+05 
0 1.666241e+12 6.584754e+02 1.268854e+03 
11111 1.666241e+12 2.470657e+05 3.736874e+04 
22222 1.666241e+12 5.005423e+05 7.297835e+04 
33333 1.666241e+12 7.391257e+05 1.136676e+05 
44444 1.666241e+12 9.203231e+05 2.703159e+05 
55555 1.666241e+12 1.094405e+05 2.177436e+05 
66666 1.666241e+12 3.385014e+05 2.437255e+05 
77777 1.666241e+12 5.686338e+05 2.842117e+05 
88888 1.666241e+12 7.877354e+05 3.393333e+05 
99999 1.666241e+12 9.989845e+05 5.601299e+05 
111110 1.666241e+12 2.207332e+05 4.173554e+05 
122221 1.666241e+12 4.429957e+05 4.487592e+05 
133332 1.666241e+12 6.683651e+05 4.942939e+05 
144443 1.666241e+12 8.742749e+05 6.733597e+05 
155554 1.666241e+12 1.085047e+05 6.177690e+05 
166665 1.666241e+12 3.267522e+05 6.421115e+05 
177776 1.666241e+12 5.457703e+05 6.749103e+05 
188887 1.666241e+12 7.367463e+05 7.552447e+05 
199998 1.666241e+12 9.953329e+05 8.796994e+05 
211109 1.666241e+12 2.370697e+05 8.228694e+05 
222220 1.666241e+12 4.030164e+05 8.676867e+05 
233331 1.666241e+12 5.823473e+05 9.172569e+05 
244442 1.666241e+12 8.156673e+05 9.784567e+05 
0 1.672553e+12 6.584762e+02 1.268853e+03 
11111 1.672553e+12 2.470379e+05 3.738060e+04 
22222 1.672553e+12 5.004400e+05 7.298772e+04 
33333 1.672553e+12 7.390555e+05 1.136064e+05 
44444 1.672553e+12 9.202600e+05 2.702253e+05 
55555 1.672553e+12 1.094248e+05 2.177646e+05 
66666 1.672553e+12 3.384650e+05 2.437901e+05 
77777 1.672553e+12 5.685678e+05 2.842350e+05 
88888 1.672553e+12 7.876518e+05 3.392606e+05 
99999 1.672553e+12 9.989846e+05 5.599298e+05 
111110 1.672553e+12 2.207204e+05 4.174302e+05 
122221 1.672553e+12 4.429843e+05 4.488318e+05 
133332 1.672553e+12 6.683639e+05 4.942942e+05 
144443 1.672553e+12 8.743278e+05 6.732272e+05 
155554 1.672553e+12 1.085151e+05 6.178021e+05 
166665 1.672553e+12 3.267827e+05 6.421861e+05 
177776 1.672553e+12 5.458215e+05 6.749567e+05 
188887 1.672553e+12 7.368446e+05 7.552086e+05 
199998 1.672553e+12 9.953353e+05 8.796413e+05 
211109 1.672553e+12 2.370951e+05 8.229172e+05 
222220 1.672553e+12 4.030879e+05 8.677180e+05 
233331 1.672553e+12 5.824495e+05 9.172588e+05 
244442 1.672553e+12 8.157405e+05 9.784508e+05 
0 1.678864e+12 6.584769e+02 1.268852e+03 
11111 1.678864e+12 2.470104e+05 3.739230e+04 
22222 1.678864e+12 5.003390e+05 7.299697e+04 
33333 1.678864e+12 7.389863e+05 1.135461e+05 
44444 1.678864e+12 9.201975e+05 2.701357e+05 
55555 1.678864e+12 1.094096e+05 2.177852e+05 
66666 1.678864e+12 3.384294e+05 2.438546e+05 
77777 1.678864e+12 5.685022e+05 2.842574e+05 
88888 1.678864e+12 7.875683e+05 3.391883e+05 
99999 1.678864e+12 9.989847e+05 5.597316e+05 
111110 1.678864e+12 2.207073e+05 4.175038e+05 
122221 1.678864e+12 4.429730e+05 4.489034e+05 
133332 1.678864e+12 6.683633e+05 4.942948e+05 
144443 1.678864e+12 8.743801e+05 6.730959e+05 
155554 1.678864e+12 1.085257e+05 6.178346e+05 
166665 1.678864e+12 3.268123e+05 6.422600e+05 
177776 1.678864e+12 5.458723e+05 6.750020e+05 
188887 1.678864e+12 7.369415e+05 7.551746e+05 
199998 1.678864e+12 9.953377e+05 8.795836e+05 
211109 1.678864e+12 2.371202e+05 8.229645e+05 
222220 1.678864e+12 4.031587e+05 8.677489e+05 
233331 1.678864e+12 5.825507e+05 9.172607e+05 
244442 1.678864e+12 8.158131e+05 9.784449e+05 
0 1.685176e+12 6.584776e+02 1.268851e+03 
11111 1.685176e+12 2.469831e+05 3.740386e+04 
22222 1.685176e+12 5.002392e+05 7.300611e+04 
33333 1.685176e+12 7.389178e+05 1.134864e+05 
44444 1.685176e+12 9.201358e+05 2.700474e+05 
55555 1.685176e+12 1.093950e+05 2.178057e+05 
66666 1.685176e+12 3.383947e+05 2.439188e+05 
77777 1.685176e+12 5.684380e+05 2.842797e+05 
88888 1.685176e+12 7.874859e+05 3.391170e+05 
99999 1.685176e+12 9.989848e+05 5.595355e+05 
111110 1.685176e+12 2.206942e+05 4.175764e+05 
122221 1.685176e+12 4.429621e+05 4.489747e+05 
133332 1.685176e+12 6.683631e+05 4.942948e+05 
144443 1.685176e+12 8.744316e+05 6.729660e+05 
155554 1.685176e+12 1.085361e+05 6.178667e+05 
166665 1.685176e+12 3.268416e+05 6.423334e+05 
177776 1.685176e+12 5.459228e+05 6.750471e+05 
188887 1.685176e+12 7.370366e+05 7.551409e+05 
199998 1.685176e+12 9.953400e+05 8.795264e+05 
211109 1.685176e+12 2.371451e+05 8.230113e+05 
222220 1.685176e+12 4.032287e+05 8.677794e+05 
233331 1.685176e+12 5.826508e+05 9.172626e+05 
244442 1.685176e+12 8.158850e+05 9.784391e+05 
0 1.691487e+12 6.584783e+02 1.268851e+03 
11111 1.691487e+12 2.469562e+05 3.741529e+04 
22222 1.691487e+12 5.001407e+05 7.301509e+04 
33333 1.691487e+12 7.388502e+05 1.134274e+05 
44444 1.691487e+12 9.200747e+05 2.699601e+05 
55555 1.691487e+12 1.093796e+05 2.178268e+05 
66666 1.691487e+12 3.383610e+05 2.439819e+05 
77777 1.691487e+12 5.683743e+05 2.843021e+05 
88888 1.691487e+12 7.874063e+05 3.390455e+05 
99999 1.691487e+12 9.989849e+05 5.593413e+05 
111110 1.691487e+12 2.206815e+05 4.176484e+05 
122221 1.691487e+12 4.429517e+05 4.490453e+05 
133332 1.691487e+12 6.683629e+05 4.942939e+05 
144443 1.691487e+12 8.744824e+05 6.728374e+05 
155554 1.691487e+12 1.085469e+05 6.178987e+05 
166665 1.691487e+12 3.268706e+05 6.424056e+05 
177776 1.691487e+12 5.459724e+05 6.750912e+05 
188887 1.691487e+12 7.371301e+05 7.551042e+05 
199998 1.691487e+12 9.953423e+05 8.794696e+05 
211109 1.691487e+12 2.371696e+05 8.230578e+05 
222220 1.691487e+12 4.032980e+05 8.678094e+05 
233331 1.691487e+12 5.827498e+05 9.172645e+05 
244442 1.691487e+12 8.159564e+05 9.784334e+05 
0 1.697799e+12 6.584790e+02 1.268850e+03 
11111 1.697799e+12 2.469296e+05 3.742660e+04 
22222 1.697799e+12 5.000432e+05 7.302393e+04 
33333 1.697799e+12 7.387834e+05 1.133690e+05 
44444 1.697799e+12 9.200141e+05 2.698738e+05 
55555 1.697799e+12 1.093649e+05 2.178470e+05 
66666 1.697799e+12 3.383273e+05 2.440449e+05 
77777 1.697799e+12 5.683113e+05 2.843250e+05 
88888 1.697799e+12 7.873249e+05 3.389758e+05 
99999 1.697799e+12 9.989850e+05 5.591491e+05 
111110 1.697799e+12 2.206689e+05 4.177194e+05 
122221 1.697799e+12 4.429413e+05 4.491150e+05 
133332 1.697799e+12 6.683620e+05 4.942936e+05 
144443 1.697799e+12 8.745326e+05 6.727099e+05 
155554 1.697799e+12 1.085575e+05 6.179293e+05 
166665 1.697799e+12 3.268992e+05 6.424780e+05 
177776 1.697799e+12 5.460213e+05 6.751355e+05 
188887 1.697799e+12 7.372246e+05 7.550713e+05 
199998 1.697799e+12 9.953446e+05 8.794132e+05 
211109 1.697799e+12 2.371938e+05 8.231039e+05 
222220 1.697799e+12 4.033664e+05 8.678391e+05 
233331 1.697799e+12 5.828479e+05 9.172664e+05 
244442 1.697799e+12 8.160272e+05 9.784277e+05 
0 1.704110e+12 6.584797e+02 1.268849e+03 
11111 1.704110e+12 2.469034e+05 3.743776e+04 
22222 1.704110e+12 4.999471e+05 7.303263e+04 
33333 1.704110e+12 7.387175e+05 1.133115e+05 
44444 1.704110e+12 9.199541e+05 2.697886e+05 
55555 1.704110e+12 1.093502e+05 2.178666e+05 
66666 1.704110e+12 3.382943e+05 2.441067e+05 
77777 1.704110e+12 5.682487e+05 2.843469e+05 
88888 1.704110e+12 7.872453e+05 3.389072e+05 
99999 1.704110e+12 9.989851e+05 5.589587e+05 
111110 1.704110e+12 2.206559e+05 4.177901e+05 
122221 1.704110e+12 4.429310e+05 4.491840e+05 
133332 1.704110e+12 6.683614e+05 4.942934e+05 
144443 1.704110e+12 8.745820e+05 6.725838e+05 
155554 1.704110e+12 1.085676e+05 6.179601e+05 
166665 1.704110e+12 3.269276e+05 6.425493e+05 
177776 1.704110e+12 5.460696e+05 6.751783e+05 
188887 1.704110e+12 7.373159e+05 7.550421e+05 
199998 1.704110e+12 9.953469e+05 8.793572e+05 
211109 1.704110e+12 2.372179e+05 8.231496e+05 
222220 1.704110e+12 4.034342e+05 8.678685e+05 
233331 1.704110e+12 5.829450e+05 9.172684e+05 
244442 1.704110e+12 8.160975e+05 9.784220e+05 
0 1.710422e+12 6.584804e+02 1.268848e+03 
11111 1.710422e+12 2.468774e+05 3.744879e+04 
22222 1.710422e+12 4.998521e+05 7.304121e+04 
33333 1.710422e+12 7.386524e+05 1.132546e+05 
44444 1.710422e+12 9.198946e+05 2.697046e+05 
55555 1.710422e+12 1.093359e+05 2.178863e+05 
66666 1.710422e+12 3.382622e+05 2.441676e+05 
77777 1.710422e+12 5.681867e+05 2.843688e+05 
88888 1.710422e+12 7.871671e+05 3.388382e+05 
99999 1.710422e+12 9.989852e+05 5.587703e+05 
111110 1.710422e+12 2.206431e+05 4.178599e+05 
122221 1.710422e+12 4.429211e+05 4.492522e+05 
133332 1.710422e+12 6.683609e+05 4.942933e+05 
144443 1.710422e+12 8.746308e+05 6.724589e+05 
155554 1.710422e+12 1.085779e+05 6.179904e+05 
166665 1.710422e+12 3.269553e+05 6.426194e+05 
177776 1.710422e+12 5.461173e+05 6.752217e+05 
188887 1.710422e+12 7.374054e+05 7.550112e+05 
199998 1.710422e+12 9.953492e+05 8.793016e+05 
211109 1.710422e+12 2.372416e+05 8.231947e+05 
222220 1.710422e+12 4.035012e+05 8.678974e+05 
233331 1.710422e+12 5.830410e+05 9.172703e+05 
244442 1.710422e+12 8.161671e+05 9.784164e+05 
0 1.716733e+12 6.584811e+02 1.268848e+03 
11111 1.716733e+12 2.468518e+05 3.745967e+04 
22222 1.716733e+12 4.997584e+05 7.304965e+04 
33333 1.716733e+12 7.385881e+05 1.131983e+05 
44444 1.716733e+12 9.198357e+05 2.696215e+05 
55555 1.716733e+12 1.093219e+05 2.179057e+05 
66666 1.716733e+12 3.382299e+05 2.442270e+05 
77777 1.716733e+12 5.681254e+05 2.843897e+05 
88888 1.716733e+12 7.870890e+05 3.387709e+05 
99999 1.716733e+12 9.989853e+05 5.585838e+05 
111110 1.716733e+12 2.206298e+05 4.179292e+05 
122221 1.716733e+12 4.429109e+05 4.493194e+05 
133332 1.716733e+12 6.683602e+05 4.942936e+05 
144443 1.716733e+12 8.746789e+05 6.723353e+05 
155554 1.716733e+12 1.085882e+05 6.180202e+05 
166665 1.716733e+12 3.269826e+05 6.426883e+05 
177776 1.716733e+12 5.461642e+05 6.752645e+05 
188887 1.716733e+12 7.374954e+05 7.549843e+05 
199998 1.716733e+12 9.953514e+05 8.792465e+05 
211109 1.716733e+12 2.372650e+05 8.232392e+05 
222220 1.716733e+12 4.035676e+05 8.679260e+05 
233331 1.716733e+12 5.831361e+05 9.172723e+05 
244442 1.716733e+12 8.162361e+05 9.784109e+05 
