0.000e+00 0.000e+00 -1.250e-01 0.000e+00 -5.596e-15
1.562e-02 0.000e+00 -1.250e-01 0.000e+00 -2.822e-15
3.125e-02 0.000e+00 -1.250e-01 0.000e+00 -4.857e-17
4.688e-02 0.000e+00 -1.250e-01 0.000e+00 1.050e-15
6.250e-02 0.000e+00 -1.250e-01 0.000e+00 2.149e-15
7.812e-02 0.000e+00 -1.250e-01 0.000e+00 3.159e-15
9.375e-02 0.000e+00 -1.250e-01 0.000e+00 4.169e-15
1.094e-01 0.000e+00 -1.250e-01 0.000e+00 5.737e-15
1.250e-01 0.000e+00 -1.250e-01 0.000e+00 7.306e-15
1.406e-01 0.000e+00 -1.250e-01 0.000e+00 -2.456e-16
1.562e-01 0.000e+00 -1.250e-01 0.000e+00 -7.797e-15
1.719e-01 0.000e+00 -1.250e-01 0.000e+00 -1.116e-14
1.875e-01 0.000e+00 -1.250e-01 0.000e+00 -1.452e-14
2.031e-01 0.000e+00 -1.250e-01 0.000e+00 -1.761e-14
2.188e-01 0.000e+00 -1.250e-01 0.000e+00 -2.070e-14
2.344e-01 0.000e+00 -1.250e-01 0.000e+00 -2.905e-14
2.500e-01 0.000e+00 -1.250e-01 0.000e+00 -3.741e-14
2.656e-01 0.000e+00 -1.250e-01 0.000e+00 -4.203e-14
2.812e-01 0.000e+00 -1.250e-01 0.000e+00 -4.665e-14
2.969e-01 0.000e+00 -1.250e-01 0.000e+00 -4.096e-14
3.125e-01 0.000e+00 -1.250e-01 0.000e+00 -3.528e-14
3.281e-01 0.000e+00 -1.250e-01 0.000e+00 -4.519e-14
3.438e-01 0.000e+00 -1.250e-01 0.000e+00 -5.510e-14
3.594e-01 0.000e+00 -1.250e-01 0.000e+00 -5.431e-14
3.750e-01 0.000e+00 -1.250e-01 0.000e+00 -5.353e-14
3.906e-01 0.000e+00 -1.250e-01 0.000e+00 -6.215e-14
4.062e-01 0.000e+00 -1.250e-01 0.000e+00 -7.078e-14
4.219e-01 0.000e+00 -1.250e-01 0.000e+00 -5.808e-14
4.375e-01 0.000e+00 -1.250e-01 0.000e+00 -4.539e-14
4.531e-01 0.000e+00 -1.250e-01 0.000e+00 -8.427e-14
4.688e-01 0.000e+00 -1.250e-01 0.000e+00 -1.232e-13
4.844e-01 0.000e+00 -1.250e-01 0.000e+00 2.120e-14
5.000e-01 0.000e+00 -1.250e-01 0.000e+00 1.656e-13
5.156e-01 0.000e+00 -1.250e-01 0.000e+00 -3.812e-13
5.312e-01 0.000e+00 -1.250e-01 0.000e+00 -9.279e-13
5.469e-01 0.000e+00 -1.250e-01 0.000e+00 1.107e-12
5.625e-01 0.000e+00 -1.250e-01 0.000e+00 3.142e-12
5.781e-01 0.000e+00 -1.250e-01 0.000e+00 -4.470e-12
5.938e-01 0.000e+00 -1.250e-01 0.000e+00 -1.208e-11
6.094e-01 0.000e+00 -1.250e-01 0.000e+00 1.633e-11
6.250e-01 0.000e+00 -1.250e-01 0.000e+00 4.474e-11
6.406e-01 0.000e+00 -1.250e-01 0.000e+00 -6.130e-11
6.562e-01 0.000e+00 -1.250e-01 0.000e+00 -1.673e-10
6.719e-01 0.000e+00 -1.250e-01 0.000e+00 2.284e-10
6.875e-01 0.000e+00 -1.250e-01 0.000e+00 6.242e-10
7.031e-01 0.000e+00 -1.250e-01 0.000e+00 -8.528e-10
7.188e-01 0.000e+00 -1.250e-01 0.000e+00 -2.330e-09
7.344e-01 0.000e+00 -1.250e-01 0.000e+00 3.182e-09
7.500e-01 0.000e+00 -1.250e-01 0.000e+00 8.694e-09
7.656e-01 0.000e+00 -1.249e-01 0.000e+00 1.350e-08
7.812e-01 0.000e+00 -1.246e-01 0.000e+00 1.830e-08
7.969e-01 0.000e+00 -1.237e-01 0.000e+00 1.481e-08
8.125e-01 0.000e+00 -1.219e-01 0.000e+00 1.131e-08
8.281e-01 0.000e+00 -1.190e-01 0.000e+00 8.692e-09
8.438e-01 0.000e+00 -1.149e-01 0.000e+00 6.069e-09
8.594e-01 0.000e+00 -1.093e-01 0.000e+00 2.402e-09
8.750e-01 0.000e+00 -1.023e-01 0.000e+00 -1.264e-09
8.906e-01 0.000e+00 -9.371e-02 0.000e+00 -4.796e-09
9.062e-01 0.000e+00 -8.363e-02 0.000e+00 -8.328e-09
9.219e-01 0.000e+00 -7.215e-02 0.000e+00 -1.135e-08
9.375e-01 0.000e+00 -5.938e-02 0.000e+00 -1.438e-08
9.531e-01 0.000e+00 -4.554e-02 0.000e+00 -1.640e-08
9.688e-01 0.000e+00 -3.085e-02 0.000e+00 -1.841e-08
9.844e-01 0.000e+00 -1.557e-02 0.000e+00 -1.912e-08
1.000e+00 0.000e+00 0.000e+00 0.000e+00 -1.983e-08
1.016e+00 0.000e+00 1.557e-02 0.000e+00 -1.912e-08
1.031e+00 0.000e+00 3.085e-02 0.000e+00 -1.841e-08
1.047e+00 0.000e+00 4.554e-02 0.000e+00 -1.640e-08
1.062e+00 0.000e+00 5.938e-02 0.000e+00 -1.438e-08
1.078e+00 0.000e+00 7.215e-02 0.000e+00 -1.135e-08
1.094e+00 0.000e+00 8.363e-02 0.000e+00 -8.328e-09
1.109e+00 0.000e+00 9.371e-02 0.000e+00 -4.796e-09
1.125e+00 0.000e+00 1.023e-01 0.000e+00 -1.264e-09
1.141e+00 0.000e+00 1.093e-01 0.000e+00 2.403e-09
1.156e+00 0.000e+00 1.149e-01 0.000e+00 6.069e-09
1.172e+00 0.000e+00 1.190e-01 0.000e+00 8.692e-09
1.188e+00 0.000e+00 1.219e-01 0.000e+00 1.131e-08
1.203e+00 0.000e+00 1.237e-01 0.000e+00 1.481e-08
1.219e+00 0.000e+00 1.246e-01 0.000e+00 1.830e-08
1.234e+00 0.000e+00 1.249e-01 0.000e+00 1.350e-08
1.250e+00 0.000e+00 1.250e-01 0.000e+00 8.694e-09
1.266e+00 0.000e+00 1.250e-01 0.000e+00 3.182e-09
1.281e+00 0.000e+00 1.250e-01 0.000e+00 -2.330e-09
1.297e+00 0.000e+00 1.250e-01 0.000e+00 -8.528e-10
1.312e+00 0.000e+00 1.250e-01 0.000e+00 6.242e-10
1.328e+00 0.000e+00 1.250e-01 0.000e+00 2.284e-10
1.344e+00 0.000e+00 1.250e-01 0.000e+00 -1.673e-10
1.359e+00 0.000e+00 1.250e-01 0.000e+00 -6.130e-11
1.375e+00 0.000e+00 1.250e-01 0.000e+00 4.474e-11
1.391e+00 0.000e+00 1.250e-01 0.000e+00 1.633e-11
1.406e+00 0.000e+00 1.250e-01 0.000e+00 -1.209e-11
1.422e+00 0.000e+00 1.250e-01 0.000e+00 -4.459e-12
1.438e+00 0.000e+00 1.250e-01 0.000e+00 3.168e-12
1.453e+00 0.000e+00 1.250e-01 0.000e+00 1.122e-12
1.469e+00 0.000e+00 1.250e-01 0.000e+00 -9.244e-13
1.484e+00 0.000e+00 1.250e-01 0.000e+00 -3.700e-13
1.500e+00 0.000e+00 1.250e-01 0.000e+00 1.844e-13
1.516e+00 0.000e+00 1.250e-01 0.000e+00 3.807e-14
1.531e+00 0.000e+00 1.250e-01 0.000e+00 -1.083e-13
1.547e+00 0.000e+00 1.250e-01 0.000e+00 -7.043e-14
1.562e+00 0.000e+00 1.250e-01 0.000e+00 -3.257e-14
1.578e+00 0.000e+00 1.250e-01 0.000e+00 -3.789e-14
1.594e+00 0.000e+00 1.250e-01 0.000e+00 -4.322e-14
1.609e+00 0.000e+00 1.250e-01 0.000e+00 -3.842e-14
1.625e+00 0.000e+00 1.250e-01 0.000e+00 -3.361e-14
1.641e+00 0.000e+00 1.250e-01 0.000e+00 -2.807e-14
1.656e+00 0.000e+00 1.250e-01 0.000e+00 -2.252e-14
1.672e+00 0.000e+00 1.250e-01 0.000e+00 -2.252e-14
1.688e+00 0.000e+00 1.250e-01 0.000e+00 -2.252e-14
1.703e+00 0.000e+00 1.250e-01 0.000e+00 -2.658e-14
1.719e+00 0.000e+00 1.250e-01 0.000e+00 -3.064e-14
1.734e+00 0.000e+00 1.250e-01 0.000e+00 -3.468e-14
1.750e+00 0.000e+00 1.250e-01 0.000e+00 -3.872e-14
1.766e+00 0.000e+00 1.250e-01 0.000e+00 -3.442e-14
1.781e+00 0.000e+00 1.250e-01 0.000e+00 -3.013e-14
1.797e+00 0.000e+00 1.250e-01 0.000e+00 -2.807e-14
1.812e+00 0.000e+00 1.250e-01 0.000e+00 -2.601e-14
1.828e+00 0.000e+00 1.250e-01 0.000e+00 -2.489e-14
1.844e+00 0.000e+00 1.250e-01 0.000e+00 -2.377e-14
1.859e+00 0.000e+00 1.250e-01 0.000e+00 -2.437e-14
1.875e+00 0.000e+00 1.250e-01 0.000e+00 -2.498e-14
1.891e+00 0.000e+00 1.250e-01 0.000e+00 -1.828e-14
1.906e+00 0.000e+00 1.250e-01 0.000e+00 -1.157e-14
1.922e+00 0.000e+00 1.250e-01 0.000e+00 -7.233e-15
1.938e+00 0.000e+00 1.250e-01 0.000e+00 -2.891e-15
1.953e+00 0.000e+00 1.250e-01 0.000e+00 -4.647e-15
1.969e+00 0.000e+00 1.250e-01 0.000e+00 -6.404e-15
1.984e+00 0.000e+00 1.250e-01 0.000e+00 -1.325e-15
2.000e+00 0.000e+00 1.250e-01 0.000e+00 3.754e-15
0.000e+00 1.562e-02 -1.250e-01 2.082e-17 -2.888e-15
1.562e-02 1.562e-02 -1.250e-01 -1.388e-17 -4.478e-16
3.125e-02 1.562e-02 -1.250e-01 -7.475e-18 1.992e-15
4.688e-02 1.562e-02 -1.250e-01 -8.327e-17 2.248e-15
6.250e-02 1.562e-02 -1.250e-01 -3.123e-17 2.503e-15
7.812e-02 1.562e-02 -1.250e-01 -5.551e-17 7.002e-15
9.375e-02 1.562e-02 -1.250e-01 -5.324e-17 1.150e-14
1.094e-01 1.562e-02 -1.250e-01 -1.388e-17 8.313e-15
1.250e-01 1.562e-02 -1.250e-01 5.204e-17 5.126e-15
1.406e-01 1.562e-02 -1.250e-01 9.714e-17 2.112e-15
1.562e-01 1.562e-02 -1.250e-01 5.894e-17 -9.026e-16
1.719e-01 1.562e-02 -1.250e-01 4.163e-17 -6.813e-15
1.875e-01 1.562e-02 -1.250e-01 2.776e-17 -1.272e-14
2.031e-01 1.562e-02 -1.250e-01 9.021e-17 -2.005e-14
2.188e-01 1.562e-02 -1.250e-01 6.414e-17 -2.738e-14
2.344e-01 1.562e-02 -1.250e-01 9.714e-17 -3.211e-14
2.500e-01 1.562e-02 -1.250e-01 2.082e-17 -3.685e-14
2.656e-01 1.562e-02 -1.250e-01 -1.388e-17 -3.848e-14
2.812e-01 1.562e-02 -1.250e-01 -6.022e-17 -4.012e-14
2.969e-01 1.562e-02 -1.250e-01 -6.288e-17 -3.989e-14
3.125e-01 1.562e-02 -1.250e-01 -4.510e-17 -3.967e-14
3.281e-01 1.562e-02 -1.250e-01 -6.939e-17 -4.728e-14
3.438e-01 1.562e-02 -1.250e-01 -1.028e-16 -5.488e-14
3.594e-01 1.562e-02 -1.250e-01 1.388e-17 -5.454e-14
3.750e-01 1.562e-02 -1.250e-01 -6.939e-18 -5.421e-14
3.906e-01 1.562e-02 -1.250e-01 -2.082e-17 -6.268e-14
4.062e-01 1.562e-02 -1.250e-01 -7.832e-18 -7.115e-14
4.219e-01 1.562e-02 -1.250e-01 2.776e-17 -5.681e-14
4.375e-01 1.562e-02 -1.250e-01 3.469e-18 -4.247e-14
4.531e-01 1.562e-02 -1.250e-01 4.857e-17 -8.318e-14
4.688e-01 1.562e-02 -1.250e-01 1.792e-17 -1.239e-13
4.844e-01 1.562e-02 -1.250e-01 2.776e-17 2.091e-14
5.000e-01 1.562e-02 -1.250e-01 3.816e-17 1.657e-13
5.156e-01 1.562e-02 -1.250e-01 4.163e-17 -3.801e-13
5.312e-01 1.562e-02 -1.250e-01 -1.972e-17 -9.258e-13
5.469e-01 1.562e-02 -1.250e-01 6.939e-17 1.111e-12
5.625e-01 1.562e-02 -1.250e-01 9.714e-17 3.147e-12
5.781e-01 1.562e-02 -1.250e-01 6.245e-17 -4.467e-12
5.938e-01 1.562e-02 -1.250e-01 2.420e-17 -1.208e-11
6.094e-01 1.562e-02 -1.250e-01 8.327e-17 1.633e-11
6.250e-01 1.562e-02 -1.250e-01 2.776e-17 4.474e-11
6.406e-01 1.562e-02 -1.250e-01 2.776e-17 -6.130e-11
6.562e-01 1.562e-02 -1.250e-01 -1.707e-17 -1.673e-10
6.719e-01 1.562e-02 -1.250e-01 -2.776e-17 2.284e-10
6.875e-01 1.562e-02 -1.250e-01 -3.469e-18 6.242e-10
7.031e-01 1.562e-02 -1.250e-01 -4.857e-17 -8.528e-10
7.188e-01 1.562e-02 -1.250e-01 -2.638e-17 -2.330e-09
7.344e-01 1.562e-02 -1.250e-01 -1.388e-17 3.182e-09
7.500e-01 1.562e-02 -1.250e-01 -1.735e-17 8.694e-09
7.656e-01 1.562e-02 -1.249e-01 -1.388e-17 1.350e-08
7.812e-01 1.562e-02 -1.246e-01 -2.884e-17 1.830e-08
7.969e-01 1.562e-02 -1.237e-01 -5.551e-17 1.481e-08
8.125e-01 1.562e-02 -1.219e-01 -5.204e-18 1.131e-08
8.281e-01 1.562e-02 -1.190e-01 0.000e+00 8.692e-09
8.438e-01 1.562e-02 -1.149e-01 3.032e-18 6.069e-09
8.594e-01 1.562e-02 -1.093e-01 -2.082e-17 2.402e-09
8.750e-01 1.562e-02 -1.023e-01 -3.643e-17 -1.264e-09
8.906e-01 1.562e-02 -9.371e-02 -6.939e-17 -4.796e-09
9.062e-01 1.562e-02 -8.363e-02 -8.418e-17 -8.328e-09
9.219e-01 1.562e-02 -7.215e-02 -9.021e-17 -1.135e-08
9.375e-01 1.562e-02 -5.938e-02 -1.249e-16 -1.438e-08
9.531e-01 1.562e-02 -4.554e-02 -1.318e-16 -1.640e-08
9.688e-01 1.562e-02 -3.085e-02 -9.553e-17 -1.841e-08
9.844e-01 1.562e-02 -1.557e-02 -5.898e-17 -1.912e-08
1.000e+00 1.562e-02 -7.598e-16 2.862e-17 -1.983e-08
1.016e+00 1.562e-02 1.557e-02 8.327e-17 -1.912e-08
1.031e+00 1.562e-02 3.085e-02 8.674e-17 -1.841e-08
1.047e+00 1.562e-02 4.554e-02 6.917e-17 -1.640e-08
1.062e+00 1.562e-02 5.938e-02 4.163e-17 -1.438e-08
1.078e+00 1.562e-02 7.215e-02 3.816e-17 -1.135e-08
1.094e+00 1.562e-02 8.363e-02 6.459e-17 -8.328e-09
1.109e+00 1.562e-02 9.371e-02 4.705e-17 -4.796e-09
1.125e+00 1.562e-02 1.023e-01 5.551e-17 -1.264e-09
1.141e+00 1.562e-02 1.093e-01 3.816e-17 2.403e-09
1.156e+00 1.562e-02 1.149e-01 7.843e-18 6.069e-09
1.172e+00 1.562e-02 1.190e-01 1.084e-18 8.692e-09
1.188e+00 1.562e-02 1.219e-01 4.163e-17 1.131e-08
1.203e+00 1.562e-02 1.237e-01 8.674e-18 1.481e-08
1.219e+00 1.562e-02 1.246e-01 -3.535e-17 1.830e-08
1.234e+00 1.562e-02 1.249e-01 -9.606e-17 1.350e-08
1.250e+00 1.562e-02 1.250e-01 -1.665e-16 8.694e-09
1.266e+00 1.562e-02 1.250e-01 -6.939e-18 3.182e-09
1.281e+00 1.562e-02 1.250e-01 1.554e-17 -2.330e-09
1.297e+00 1.562e-02 1.250e-01 1.800e-17 -8.528e-10
1.312e+00 1.562e-02 1.250e-01 -2.776e-17 6.242e-10
1.328e+00 1.562e-02 1.250e-01 4.684e-17 2.284e-10
1.344e+00 1.562e-02 1.250e-01 6.598e-17 -1.673e-10
1.359e+00 1.562e-02 1.250e-01 2.559e-17 -6.130e-11
1.375e+00 1.562e-02 1.250e-01 0.000e+00 4.474e-11
1.391e+00 1.562e-02 1.250e-01 -8.674e-18 1.633e-11
1.406e+00 1.562e-02 1.250e-01 5.213e-17 -1.208e-11
1.422e+00 1.562e-02 1.250e-01 3.014e-17 -4.460e-12
1.438e+00 1.562e-02 1.250e-01 5.551e-17 3.156e-12
1.453e+00 1.562e-02 1.250e-01 2.429e-17 1.120e-12
1.469e+00 1.562e-02 1.250e-01 -5.152e-17 -9.160e-13
1.484e+00 1.562e-02 1.250e-01 3.838e-17 -3.683e-13
1.500e+00 1.562e-02 1.250e-01 1.388e-17 1.795e-13
1.516e+00 1.562e-02 1.250e-01 -5.378e-17 3.543e-14
1.531e+00 1.562e-02 1.250e-01 4.490e-18 -1.086e-13
1.547e+00 1.562e-02 1.250e-01 -1.084e-18 -6.936e-14
1.562e+00 1.562e-02 1.250e-01 -6.939e-17 -3.010e-14
1.578e+00 1.562e-02 1.250e-01 8.674e-18 -4.092e-14
1.594e+00 1.562e-02 1.250e-01 3.498e-17 -5.174e-14
1.609e+00 1.562e-02 1.250e-01 3.925e-17 -4.343e-14
1.625e+00 1.562e-02 1.250e-01 5.551e-17 -3.511e-14
1.641e+00 1.562e-02 1.250e-01 -5.725e-17 -3.149e-14
1.656e+00 1.562e-02 1.250e-01 -4.141e-17 -2.787e-14
1.672e+00 1.562e-02 1.250e-01 5.161e-17 -2.770e-14
1.688e+00 1.562e-02 1.250e-01 4.163e-17 -2.753e-14
1.703e+00 1.562e-02 1.250e-01 4.684e-17 -2.757e-14
1.719e+00 1.562e-02 1.250e-01 1.308e-17 -2.760e-14
1.734e+00 1.562e-02 1.250e-01 3.404e-17 -3.404e-14
1.750e+00 1.562e-02 1.250e-01 9.714e-17 -4.047e-14
1.766e+00 1.562e-02 1.250e-01 5.378e-17 -3.884e-14
1.781e+00 1.562e-02 1.250e-01 4.888e-17 -3.720e-14
1.797e+00 1.562e-02 1.250e-01 4.987e-17 -3.158e-14
1.812e+00 1.562e-02 1.250e-01 -1.388e-17 -2.596e-14
1.828e+00 1.562e-02 1.250e-01 1.735e-17 -2.486e-14
1.844e+00 1.562e-02 1.250e-01 5.651e-17 -2.377e-14
1.859e+00 1.562e-02 1.250e-01 8.674e-19 -2.513e-14
1.875e+00 1.562e-02 1.250e-01 0.000e+00 -2.650e-14
1.891e+00 1.562e-02 1.250e-01 -8.674e-18 -1.957e-14
1.906e+00 1.562e-02 1.250e-01 1.417e-18 -1.264e-14
1.922e+00 1.562e-02 1.250e-01 0.000e+00 -9.516e-15
1.938e+00 1.562e-02 1.250e-01 -1.388e-17 -6.393e-15
1.953e+00 1.562e-02 1.250e-01 2.776e-17 -7.354e-15
1.969e+00 1.562e-02 1.250e-01 0.000e+00 -8.316e-15
1.984e+00 1.562e-02 1.250e-01 -9.975e-18 -1.829e-15
2.000e+00 1.562e-02 1.250e-01 -2.082e-17 4.658e-15
0.000e+00 3.125e-02 -1.250e-01 9.107e-18 -1.804e-16
1.562e-02 3.125e-02 -1.250e-01 -5.638e-17 1.927e-15
3.125e-02 3.125e-02 -1.250e-01 -2.952e-17 4.034e-15
4.688e-02 3.125e-02 -1.250e-01 7.161e-17 3.445e-15
6.250e-02 3.125e-02 -1.250e-01 -9.255e-17 2.857e-15
7.812e-02 3.125e-02 -1.250e-01 -7.633e-17 1.084e-14
9.375e-02 3.125e-02 -1.250e-01 -1.174e-16 1.883e-14
1.094e-01 3.125e-02 -1.250e-01 -3.990e-17 1.089e-14
1.250e-01 3.125e-02 -1.250e-01 9.210e-17 2.947e-15
1.406e-01 3.125e-02 -1.250e-01 1.527e-16 4.469e-15
1.562e-01 3.125e-02 -1.250e-01 1.217e-16 5.992e-15
1.719e-01 3.125e-02 -1.250e-01 5.766e-17 -2.469e-15
1.875e-01 3.125e-02 -1.250e-01 6.939e-17 -1.093e-14
2.031e-01 3.125e-02 -1.250e-01 2.776e-17 -2.249e-14
2.188e-01 3.125e-02 -1.250e-01 7.524e-17 -3.405e-14
2.344e-01 3.125e-02 -1.250e-01 1.427e-16 -3.517e-14
2.500e-01 3.125e-02 -1.250e-01 6.090e-17 -3.629e-14
2.656e-01 3.125e-02 -1.250e-01 -2.776e-17 -3.493e-14
2.812e-01 3.125e-02 -1.250e-01 1.211e-16 -3.358e-14
2.969e-01 3.125e-02 -1.250e-01 -2.634e-16 -3.882e-14
3.125e-01 3.125e-02 -1.250e-01 1.663e-16 -4.406e-14
3.281e-01 3.125e-02 -1.250e-01 -3.192e-16 -4.936e-14
3.438e-01 3.125e-02 -1.250e-01 -1.422e-16 -5.467e-14
3.594e-01 3.125e-02 -1.250e-01 1.225e-17 -5.477e-14
3.750e-01 3.125e-02 -1.250e-01 2.776e-17 -5.488e-14
3.906e-01 3.125e-02 -1.250e-01 -1.388e-17 -6.320e-14
4.062e-01 3.125e-02 -1.250e-01 1.735e-17 -7.153e-14
4.219e-01 3.125e-02 -1.250e-01 1.229e-16 -5.554e-14
4.375e-01 3.125e-02 -1.250e-01 -3.614e-17 -3.955e-14
4.531e-01 3.125e-02 -1.250e-01 3.469e-17 -8.208e-14
4.688e-01 3.125e-02 -1.250e-01 1.568e-18 -1.246e-13
4.844e-01 3.125e-02 -1.250e-01 -3.789e-17 2.061e-14
5.000e-01 3.125e-02 -1.250e-01 2.092e-16 1.658e-13
5.156e-01 3.125e-02 -1.250e-01 6.939e-18 -3.790e-13
5.312e-01 3.125e-02 -1.250e-01 -2.533e-17 -9.238e-13
5.469e-01 3.125e-02 -1.250e-01 2.561e-16 1.114e-12
5.625e-01 3.125e-02 -1.250e-01 3.791e-16 3.153e-12
5.781e-01 3.125e-02 -1.250e-01 -5.551e-17 -4.464e-12
5.938e-01 3.125e-02 -1.250e-01 2.088e-16 -1.208e-11
6.094e-01 3.125e-02 -1.250e-01 2.210e-16 1.633e-11
6.250e-01 3.125e-02 -1.250e-01 -1.732e-17 4.474e-11
6.406e-01 3.125e-02 -1.250e-01 1.388e-17 -6.130e-11
6.562e-01 3.125e-02 -1.250e-01 7.368e-17 -1.673e-10
6.719e-01 3.125e-02 -1.250e-01 -4.205e-17 2.284e-10
6.875e-01 3.125e-02 -1.250e-01 -2.524e-17 6.242e-10
7.031e-01 3.125e-02 -1.250e-01 7.633e-17 -8.528e-10
7.188e-01 3.125e-02 -1.250e-01 8.329e-17 -2.330e-09
7.344e-01 3.125e-02 -1.250e-01 -5.479e-17 3.182e-09
7.500e-01 3.125e-02 -1.250e-01 5.202e-17 8.694e-09
7.656e-01 3.125e-02 -1.249e-01 -8.327e-17 1.350e-08
7.812e-01 3.125e-02 -1.246e-01 -2.082e-17 1.830e-08
7.969e-01 3.125e-02 -1.237e-01 3.555e-17 1.481e-08
8.125e-01 3.125e-02 -1.219e-01 -4.769e-17 1.131e-08
8.281e-01 3.125e-02 -1.190e-01 4.163e-17 8.692e-09
8.438e-01 3.125e-02 -1.149e-01 -5.634e-18 6.069e-09
8.594e-01 3.125e-02 -1.093e-01 -8.172e-17 2.402e-09
8.750e-01 3.125e-02 -1.023e-01 -1.004e-16 -1.264e-09
8.906e-01 3.125e-02 -9.371e-02 -6.939e-17 -4.796e-09
9.062e-01 3.125e-02 -8.363e-02 -9.746e-17 -8.328e-09
9.219e-01 3.125e-02 -7.215e-02 -1.451e-16 -1.135e-08
9.375e-01 3.125e-02 -5.938e-02 -1.344e-16 -1.438e-08
9.531e-01 3.125e-02 -4.554e-02 -1.479e-16 -1.640e-08
9.688e-01 3.125e-02 -3.085e-02 -1.576e-16 -1.841e-08
9.844e-01 3.125e-02 -1.557e-02 -6.296e-17 -1.912e-08
1.000e+00 3.125e-02 -9.038e-16 -7.806e-18 -1.983e-08
1.016e+00 3.125e-02 1.557e-02 4.277e-17 -1.912e-08
1.031e+00 3.125e-02 3.085e-02 1.418e-16 -1.841e-08
1.047e+00 3.125e-02 4.554e-02 4.695e-17 -1.640e-08
1.062e+00 3.125e-02 5.938e-02 6.939e-17 -1.438e-08
1.078e+00 3.125e-02 7.215e-02 3.096e-17 -1.135e-08
1.094e+00 3.125e-02 8.363e-02 -5.551e-17 -8.328e-09
1.109e+00 3.125e-02 9.371e-02 2.776e-17 -4.796e-09
1.125e+00 3.125e-02 1.023e-01 4.857e-17 -1.264e-09
1.141e+00 3.125e-02 1.093e-01 9.429e-17 2.403e-09
1.156e+00 3.125e-02 1.149e-01 0.000e+00 6.069e-09
1.172e+00 3.125e-02 1.190e-01 3.469e-17 8.692e-09
1.188e+00 3.125e-02 1.219e-01 -6.939e-18 1.131e-08
1.203e+00 3.125e-02 1.237e-01 4.689e-17 1.481e-08
1.219e+00 3.125e-02 1.246e-01 -6.939e-17 1.830e-08
1.234e+00 3.125e-02 1.249e-01 -2.012e-16 1.350e-08
1.250e+00 3.125e-02 1.250e-01 -4.857e-17 8.694e-09
1.266e+00 3.125e-02 1.250e-01 1.389e-16 3.182e-09
1.281e+00 3.125e-02 1.250e-01 6.939e-18 -2.330e-09
1.297e+00 3.125e-02 1.250e-01 4.857e-17 -8.528e-10
1.312e+00 3.125e-02 1.250e-01 2.776e-17 6.242e-10
1.328e+00 3.125e-02 1.250e-01 1.656e-16 2.284e-10
1.344e+00 3.125e-02 1.250e-01 3.469e-17 -1.673e-10
1.359e+00 3.125e-02 1.250e-01 4.857e-17 -6.130e-11
1.375e+00 3.125e-02 1.250e-01 6.939e-17 4.474e-11
1.391e+00 3.125e-02 1.250e-01 -1.488e-17 1.634e-11
1.406e+00 3.125e-02 1.250e-01 2.082e-17 -1.207e-11
1.422e+00 3.125e-02 1.250e-01 1.388e-17 -4.461e-12
1.438e+00 3.125e-02 1.250e-01 1.249e-16 3.144e-12
1.453e+00 3.125e-02 1.250e-01 -5.269e-18 1.118e-12
1.469e+00 3.125e-02 1.250e-01 6.939e-17 -9.076e-13
1.484e+00 3.125e-02 1.250e-01 2.082e-16 -3.665e-13
1.500e+00 3.125e-02 1.250e-01 -4.163e-17 1.745e-13
1.516e+00 3.125e-02 1.250e-01 -2.523e-16 3.279e-14
1.531e+00 3.125e-02 1.250e-01 -5.551e-17 -1.090e-13
1.547e+00 3.125e-02 1.250e-01 9.714e-17 -6.829e-14
1.562e+00 3.125e-02 1.250e-01 -7.633e-17 -2.762e-14
1.578e+00 3.125e-02 1.250e-01 -4.679e-18 -4.394e-14
1.594e+00 3.125e-02 1.250e-01 0.000e+00 -6.026e-14
1.609e+00 3.125e-02 1.250e-01 6.939e-17 -4.844e-14
1.625e+00 3.125e-02 1.250e-01 -7.633e-17 -3.661e-14
1.641e+00 3.125e-02 1.250e-01 -3.340e-16 -3.492e-14
1.656e+00 3.125e-02 1.250e-01 -2.082e-17 -3.322e-14
1.672e+00 3.125e-02 1.250e-01 1.596e-16 -3.288e-14
1.688e+00 3.125e-02 1.250e-01 -7.633e-17 -3.254e-14
1.703e+00 3.125e-02 1.250e-01 1.559e-16 -2.855e-14
1.719e+00 3.125e-02 1.250e-01 3.469e-17 -2.457e-14
1.734e+00 3.125e-02 1.250e-01 5.551e-17 -3.339e-14
1.750e+00 3.125e-02 1.250e-01 9.021e-17 -4.222e-14
1.766e+00 3.125e-02 1.250e-01 -1.762e-17 -4.325e-14
1.781e+00 3.125e-02 1.250e-01 9.021e-17 -4.428e-14
1.797e+00 3.125e-02 1.250e-01 1.318e-16 -3.509e-14
1.812e+00 3.125e-02 1.250e-01 -6.562e-18 -2.590e-14
1.828e+00 3.125e-02 1.250e-01 9.701e-17 -2.483e-14
1.844e+00 3.125e-02 1.250e-01 -4.857e-17 -2.377e-14
1.859e+00 3.125e-02 1.250e-01 -3.427e-17 -2.589e-14
1.875e+00 3.125e-02 1.250e-01 6.245e-17 -2.802e-14
1.891e+00 3.125e-02 1.250e-01 -8.184e-17 -2.086e-14
1.906e+00 3.125e-02 1.250e-01 1.388e-17 -1.370e-14
1.922e+00 3.125e-02 1.250e-01 -2.776e-17 -1.180e-14
1.938e+00 3.125e-02 1.250e-01 5.551e-17 -9.895e-15
1.953e+00 3.125e-02 1.250e-01 -2.750e-17 -1.006e-14
1.969e+00 3.125e-02 1.250e-01 5.336e-18 -1.023e-14
1.984e+00 3.125e-02 1.250e-01 -2.082e-17 -2.333e-15
2.000e+00 3.125e-02 1.250e-01 -1.214e-17 5.562e-15
0.000e+00 4.688e-02 -1.250e-01 2.776e-17 2.769e-15
1.562e-02 4.688e-02 -1.250e-01 -2.082e-17 2.323e-15
3.125e-02 4.688e-02 -1.250e-01 4.163e-17 1.878e-15
4.688e-02 4.688e-02 -1.250e-01 -1.743e-17 8.832e-15
6.250e-02 4.688e-02 -1.250e-01 0.000e+00 1.579e-14
7.812e-02 4.688e-02 -1.250e-01 -1.145e-16 1.184e-14
9.375e-02 4.688e-02 -1.250e-01 5.522e-17 7.890e-15
1.094e-01 4.688e-02 -1.250e-01 6.676e-18 5.017e-15
1.250e-01 4.688e-02 -1.250e-01 9.714e-17 2.145e-15
1.406e-01 4.688e-02 -1.250e-01 1.710e-16 -3.439e-15
1.562e-01 4.688e-02 -1.250e-01 3.255e-16 -9.022e-15
1.719e-01 4.688e-02 -1.250e-01 1.665e-16 -8.191e-15
1.875e-01 4.688e-02 -1.250e-01 1.665e-16 -7.360e-15
2.031e-01 4.688e-02 -1.250e-01 1.782e-16 -2.067e-14
2.188e-01 4.688e-02 -1.250e-01 1.731e-16 -3.397e-14
2.344e-01 4.688e-02 -1.250e-01 1.556e-16 -3.462e-14
2.500e-01 4.688e-02 -1.250e-01 2.776e-17 -3.527e-14
2.656e-01 4.688e-02 -1.250e-01 -1.987e-17 -3.393e-14
2.812e-01 4.688e-02 -1.250e-01 -3.521e-17 -3.259e-14
2.969e-01 4.688e-02 -1.250e-01 -6.579e-17 -4.162e-14
3.125e-01 4.688e-02 -1.250e-01 -4.163e-17 -5.064e-14
3.281e-01 4.688e-02 -1.250e-01 -1.041e-16 -5.610e-14
3.438e-01 4.688e-02 -1.250e-01 -1.950e-16 -6.155e-14
3.594e-01 4.688e-02 -1.250e-01 -5.551e-17 -5.971e-14
3.750e-01 4.688e-02 -1.250e-01 -2.776e-17 -5.787e-14
3.906e-01 4.688e-02 -1.250e-01 -2.776e-17 -6.235e-14
4.062e-01 4.688e-02 -1.250e-01 -4.723e-17 -6.684e-14
4.219e-01 4.688e-02 -1.250e-01 -7.786e-17 -5.437e-14
4.375e-01 4.688e-02 -1.250e-01 -6.939e-18 -4.191e-14
4.531e-01 4.688e-02 -1.250e-01 1.240e-17 -8.687e-14
4.688e-01 4.688e-02 -1.250e-01 6.166e-18 -1.318e-13
4.844e-01 4.688e-02 -1.250e-01 -2.507e-17 2.054e-14
5.000e-01 4.688e-02 -1.250e-01 1.180e-16 1.729e-13
5.156e-01 4.688e-02 -1.250e-01 1.743e-16 -3.786e-13
5.312e-01 4.688e-02 -1.250e-01 3.378e-16 -9.302e-13
5.469e-01 4.688e-02 -1.250e-01 1.434e-16 1.107e-12
5.625e-01 4.688e-02 -1.250e-01 2.359e-16 3.145e-12
5.781e-01 4.688e-02 -1.250e-01 2.359e-16 -4.464e-12
5.938e-01 4.688e-02 -1.250e-01 2.032e-16 -1.207e-11
6.094e-01 4.688e-02 -1.250e-01 1.436e-16 1.633e-11
6.250e-01 4.688e-02 -1.250e-01 1.457e-16 4.474e-11
6.406e-01 4.688e-02 -1.250e-01 5.126e-17 -6.130e-11
6.562e-01 4.688e-02 -1.250e-01 -1.007e-16 -1.673e-10
6.719e-01 4.688e-02 -1.250e-01 4.658e-17 2.284e-10
6.875e-01 4.688e-02 -1.250e-01 2.082e-17 6.242e-10
7.031e-01 4.688e-02 -1.250e-01 -8.116e-18 -8.528e-10
7.188e-01 4.688e-02 -1.250e-01 -3.101e-18 -2.330e-09
7.344e-01 4.688e-02 -1.250e-01 -4.542e-17 3.182e-09
7.500e-01 4.688e-02 -1.250e-01 1.388e-17 8.694e-09
7.656e-01 4.688e-02 -1.249e-01 -2.776e-17 1.350e-08
7.812e-01 4.688e-02 -1.246e-01 -1.660e-16 1.830e-08
7.969e-01 4.688e-02 -1.237e-01 -2.113e-17 1.481e-08
8.125e-01 4.688e-02 -1.219e-01 6.939e-18 1.131e-08
8.281e-01 4.688e-02 -1.190e-01 -5.776e-17 8.692e-09
8.438e-01 4.688e-02 -1.149e-01 -1.431e-17 6.069e-09
8.594e-01 4.688e-02 -1.093e-01 -8.615e-17 2.402e-09
8.750e-01 4.688e-02 -1.023e-01 -6.939e-17 -1.264e-09
8.906e-01 4.688e-02 -9.371e-02 -8.926e-17 -4.796e-09
9.062e-01 4.688e-02 -8.363e-02 -9.021e-17 -8.328e-09
9.219e-01 4.688e-02 -7.215e-02 -7.641e-17 -1.135e-08
9.375e-01 4.688e-02 -5.938e-02 -1.874e-16 -1.438e-08
9.531e-01 4.688e-02 -4.554e-02 -1.994e-16 -1.640e-08
9.688e-01 4.688e-02 -3.085e-02 -1.735e-16 -1.841e-08
9.844e-01 4.688e-02 -1.557e-02 -9.714e-17 -1.912e-08
1.000e+00 4.688e-02 -9.749e-16 -7.199e-17 -1.983e-08
1.016e+00 4.688e-02 1.557e-02 -6.830e-18 -1.912e-08
1.031e+00 4.688e-02 3.085e-02 3.971e-17 -1.841e-08
1.047e+00 4.688e-02 4.554e-02 9.714e-17 -1.640e-08
1.062e+00 4.688e-02 5.938e-02 7.459e-17 -1.438e-08
1.078e+00 4.688e-02 7.215e-02 8.327e-17 -1.135e-08
1.094e+00 4.688e-02 8.363e-02 -1.388e-17 -8.328e-09
1.109e+00 4.688e-02 9.371e-02 1.388e-17 -4.796e-09
1.125e+00 4.688e-02 1.023e-01 1.214e-17 -1.264e-09
1.141e+00 4.688e-02 1.093e-01 8.327e-17 2.403e-09
1.156e+00 4.688e-02 1.149e-01 -6.939e-17 6.069e-09
1.172e+00 4.688e-02 1.190e-01 4.857e-17 8.692e-09
1.188e+00 4.688e-02 1.219e-01 7.633e-17 1.131e-08
1.203e+00 4.688e-02 1.237e-01 1.388e-17 1.481e-08
1.219e+00 4.688e-02 1.246e-01 -1.249e-16 1.830e-08
1.234e+00 4.688e-02 1.249e-01 -1.804e-16 1.350e-08
1.250e+00 4.688e-02 1.250e-01 -1.631e-16 8.694e-09
1.266e+00 4.688e-02 1.250e-01 -1.804e-16 3.182e-09
1.281e+00 4.688e-02 1.250e-01 -9.714e-17 -2.330e-09
1.297e+00 4.688e-02 1.250e-01 1.388e-17 -8.528e-10
1.312e+00 4.688e-02 1.250e-01 1.735e-17 6.242e-10
1.328e+00 4.688e-02 1.250e-01 1.388e-17 2.284e-10
1.344e+00 4.688e-02 1.250e-01 6.939e-17 -1.673e-10
1.359e+00 4.688e-02 1.250e-01 4.163e-17 -6.130e-11
1.375e+00 4.688e-02 1.250e-01 1.735e-17 4.474e-11
1.391e+00 4.688e-02 1.250e-01 -1.110e-16 1.634e-11
1.406e+00 4.688e-02 1.250e-01 9.714e-17 -1.207e-11
1.422e+00 4.688e-02 1.250e-01 9.714e-17 -4.457e-12
1.438e+00 4.688e-02 1.250e-01 9.021e-17 3.152e-12
1.453e+00 4.688e-02 1.250e-01 1.079e-16 1.116e-12
1.469e+00 4.688e-02 1.250e-01 1.388e-16 -9.207e-13
1.484e+00 4.688e-02 1.250e-01 8.327e-17 -3.738e-13
1.500e+00 4.688e-02 1.250e-01 -1.735e-17 1.731e-13
1.516e+00 4.688e-02 1.250e-01 -8.988e-17 3.173e-14
1.531e+00 4.688e-02 1.250e-01 -2.359e-16 -1.096e-13
1.547e+00 4.688e-02 1.250e-01 -1.388e-17 -7.204e-14
1.562e+00 4.688e-02 1.250e-01 -5.898e-17 -3.444e-14
1.578e+00 4.688e-02 1.250e-01 -5.551e-17 -4.185e-14
1.594e+00 4.688e-02 1.250e-01 -6.939e-17 -4.926e-14
1.609e+00 4.688e-02 1.250e-01 -5.551e-17 -4.581e-14
1.625e+00 4.688e-02 1.250e-01 -8.674e-17 -4.236e-14
1.641e+00 4.688e-02 1.250e-01 -2.776e-17 -3.329e-14
1.656e+00 4.688e-02 1.250e-01 -9.714e-17 -2.422e-14
1.672e+00 4.688e-02 1.250e-01 0.000e+00 -2.963e-14
1.688e+00 4.688e-02 1.250e-01 1.145e-16 -3.504e-14
1.703e+00 4.688e-02 1.250e-01 2.082e-16 -2.962e-14
1.719e+00 4.688e-02 1.250e-01 2.776e-17 -2.420e-14
1.734e+00 4.688e-02 1.250e-01 4.163e-17 -3.004e-14
1.750e+00 4.688e-02 1.250e-01 4.510e-17 -3.588e-14
1.766e+00 4.688e-02 1.250e-01 2.776e-17 -3.805e-14
1.781e+00 4.688e-02 1.250e-01 8.327e-17 -4.021e-14
1.797e+00 4.688e-02 1.250e-01 -1.388e-17 -4.012e-14
1.812e+00 4.688e-02 1.250e-01 6.939e-18 -4.003e-14
1.828e+00 4.688e-02 1.250e-01 -1.908e-17 -3.401e-14
1.844e+00 4.688e-02 1.250e-01 -2.776e-17 -2.798e-14
1.859e+00 4.688e-02 1.250e-01 -4.163e-17 -3.098e-14
1.875e+00 4.688e-02 1.250e-01 6.939e-18 -3.397e-14
1.891e+00 4.688e-02 1.250e-01 -4.163e-17 -2.154e-14
1.906e+00 4.688e-02 1.250e-01 -1.110e-16 -9.114e-15
1.922e+00 4.688e-02 1.250e-01 -9.714e-17 -9.089e-15
1.938e+00 4.688e-02 1.250e-01 -1.314e-16 -9.063e-15
1.953e+00 4.688e-02 1.250e-01 -7.633e-17 -8.908e-15
1.969e+00 4.688e-02 1.250e-01 -2.082e-17 -8.752e-15
1.984e+00 4.688e-02 1.250e-01 -6.939e-18 -6.975e-15
2.000e+00 4.688e-02 1.250e-01 2.566e-17 -5.199e-15
0.000e+00 6.250e-02 -1.250e-01 -8.491e-17 5.718e-15
1.562e-02 6.250e-02 -1.250e-01 -1.959e-17 2.720e-15
3.125e-02 6.250e-02 -1.250e-01 -2.082e-17 -2.776e-16
4.688e-02 6.250e-02 -1.250e-01 -9.714e-17 1.422e-14
6.250e-02 6.250e-02 -1.250e-01 8.375e-17 2.871e-14
7.812e-02 6.250e-02 -1.250e-01 -2.776e-17 1.283e-14
9.375e-02 6.250e-02 -1.250e-01 -4.505e-17 -3.053e-15
1.094e-01 6.250e-02 -1.250e-01 -2.082e-17 -8.552e-16
1.250e-01 6.250e-02 -1.250e-01 2.406e-16 1.343e-15
1.406e-01 6.250e-02 -1.250e-01 8.228e-18 -1.135e-14
1.562e-01 6.250e-02 -1.250e-01 2.570e-16 -2.404e-14
1.719e-01 6.250e-02 -1.250e-01 1.110e-16 -1.391e-14
1.875e-01 6.250e-02 -1.250e-01 3.091e-16 -3.789e-15
2.031e-01 6.250e-02 -1.250e-01 3.112e-16 -1.884e-14
2.188e-01 6.250e-02 -1.250e-01 1.858e-16 -3.389e-14
2.344e-01 6.250e-02 -1.250e-01 1.110e-16 -3.408e-14
2.500e-01 6.250e-02 -1.250e-01 6.939e-17 -3.426e-14
2.656e-01 6.250e-02 -1.250e-01 -1.841e-16 -3.293e-14
2.812e-01 6.250e-02 -1.250e-01 -8.784e-18 -3.160e-14
2.969e-01 6.250e-02 -1.250e-01 4.163e-17 -4.441e-14
3.125e-01 6.250e-02 -1.250e-01 1.979e-17 -5.722e-14
3.281e-01 6.250e-02 -1.250e-01 -1.665e-16 -6.283e-14
3.438e-01 6.250e-02 -1.250e-01 -1.188e-16 -6.844e-14
3.594e-01 6.250e-02 -1.250e-01 -1.249e-16 -6.465e-14
3.750e-01 6.250e-02 -1.250e-01 -4.918e-17 -6.085e-14
3.906e-01 6.250e-02 -1.250e-01 6.939e-17 -6.150e-14
4.062e-01 6.250e-02 -1.250e-01 6.739e-18 -6.215e-14
4.219e-01 6.250e-02 -1.250e-01 -1.249e-16 -5.321e-14
4.375e-01 6.250e-02 -1.250e-01 -1.623e-16 -4.426e-14
4.531e-01 6.250e-02 -1.250e-01 1.116e-16 -9.165e-14
4.688e-01 6.250e-02 -1.250e-01 7.975e-17 -1.390e-13
4.844e-01 6.250e-02 -1.250e-01 -3.469e-17 2.046e-14
5.000e-01 6.250e-02 -1.250e-01 6.723e-17 1.800e-13
5.156e-01 6.250e-02 -1.250e-01 6.979e-17 -3.783e-13
5.312e-01 6.250e-02 -1.250e-01 2.621e-16 -9.366e-13
5.469e-01 6.250e-02 -1.250e-01 3.608e-16 1.100e-12
5.625e-01 6.250e-02 -1.250e-01 3.469e-16 3.137e-12
5.781e-01 6.250e-02 -1.250e-01 3.124e-16 -4.465e-12
5.938e-01 6.250e-02 -1.250e-01 3.192e-16 -1.207e-11
6.094e-01 6.250e-02 -1.250e-01 7.633e-17 1.633e-11
6.250e-01 6.250e-02 -1.250e-01 2.175e-16 4.473e-11
6.406e-01 6.250e-02 -1.250e-01 4.431e-17 -6.130e-11
6.562e-01 6.250e-02 -1.250e-01 -2.342e-17 -1.673e-10
6.719e-01 6.250e-02 -1.250e-01 2.776e-17 2.284e-10
6.875e-01 6.250e-02 -1.250e-01 -1.581e-17 6.242e-10
7.031e-01 6.250e-02 -1.250e-01 1.156e-16 -8.528e-10
7.188e-01 6.250e-02 -1.250e-01 4.529e-17 -2.330e-09
7.344e-01 6.250e-02 -1.250e-01 -1.388e-17 3.182e-09
7.500e-01 6.250e-02 -1.250e-01 -2.776e-16 8.694e-09
7.656e-01 6.250e-02 -1.249e-01 1.665e-16 1.350e-08
7.812e-01 6.250e-02 -1.246e-01 -1.862e-16 1.830e-08
7.969e-01 6.250e-02 -1.237e-01 -2.776e-17 1.481e-08
8.125e-01 6.250e-02 -1.219e-01 -1.278e-16 1.131e-08
8.281e-01 6.250e-02 -1.190e-01 1.811e-16 8.692e-09
8.438e-01 6.250e-02 -1.149e-01 -4.769e-17 6.069e-09
8.594e-01 6.250e-02 -1.093e-01 -1.804e-16 2.402e-09
8.750e-01 6.250e-02 -1.023e-01 -5.709e-17 -1.264e-09
8.906e-01 6.250e-02 -9.371e-02 -4.240e-17 -4.796e-09
9.062e-01 6.250e-02 -8.363e-02 -1.904e-17 -8.328e-09
9.219e-01 6.250e-02 -7.215e-02 -1.388e-16 -1.135e-08
9.375e-01 6.250e-02 -5.938e-02 -1.614e-16 -1.438e-08
9.531e-01 6.250e-02 -4.554e-02 -3.504e-16 -1.640e-08
9.688e-01 6.250e-02 -3.085e-02 -2.082e-16 -1.841e-08
9.844e-01 6.250e-02 -1.557e-02 -7.112e-17 -1.912e-08
1.000e+00 6.250e-02 -1.062e-15 -5.985e-17 -1.983e-08
1.016e+00 6.250e-02 1.557e-02 -8.674e-18 -1.912e-08
1.031e+00 6.250e-02 3.085e-02 7.112e-17 -1.841e-08
1.047e+00 6.250e-02 4.554e-02 8.674e-17 -1.640e-08
1.062e+00 6.250e-02 5.938e-02 1.180e-16 -1.438e-08
1.078e+00 6.250e-02 7.215e-02 9.021e-17 -1.135e-08
1.094e+00 6.250e-02 8.363e-02 7.980e-17 -8.328e-09
1.109e+00 6.250e-02 9.371e-02 -1.388e-17 -4.796e-09
1.125e+00 6.250e-02 1.023e-01 9.021e-17 -1.264e-09
1.141e+00 6.250e-02 1.093e-01 5.551e-17 2.403e-09
1.156e+00 6.250e-02 1.149e-01 6.939e-17 6.069e-09
1.172e+00 6.250e-02 1.190e-01 1.110e-16 8.692e-09
1.188e+00 6.250e-02 1.219e-01 1.180e-16 1.131e-08
1.203e+00 6.250e-02 1.237e-01 -5.551e-17 1.481e-08
1.219e+00 6.250e-02 1.246e-01 -4.163e-17 1.830e-08
1.234e+00 6.250e-02 1.249e-01 -2.429e-16 1.350e-08
1.250e+00 6.250e-02 1.250e-01 -2.151e-16 8.694e-09
1.266e+00 6.250e-02 1.250e-01 -1.874e-16 3.182e-09
1.281e+00 6.250e-02 1.250e-01 -4.975e-17 -2.330e-09
1.297e+00 6.250e-02 1.250e-01 -4.163e-17 -8.528e-10
1.312e+00 6.250e-02 1.250e-01 -7.806e-17 6.241e-10
1.328e+00 6.250e-02 1.250e-01 1.388e-16 2.284e-10
1.344e+00 6.250e-02 1.250e-01 0.000e+00 -1.674e-10
1.359e+00 6.250e-02 1.250e-01 0.000e+00 -6.131e-11
1.375e+00 6.250e-02 1.250e-01 -4.163e-17 4.473e-11
1.391e+00 6.250e-02 1.250e-01 -1.318e-16 1.633e-11
1.406e+00 6.250e-02 1.250e-01 1.388e-17 -1.207e-11
1.422e+00 6.250e-02 1.250e-01 2.498e-16 -4.452e-12
1.438e+00 6.250e-02 1.250e-01 7.748e-17 3.161e-12
1.453e+00 6.250e-02 1.250e-01 6.939e-17 1.114e-12
1.469e+00 6.250e-02 1.250e-01 8.760e-17 -9.337e-13
1.484e+00 6.250e-02 1.250e-01 -2.776e-17 -3.810e-13
1.500e+00 6.250e-02 1.250e-01 6.245e-17 1.717e-13
1.516e+00 6.250e-02 1.250e-01 -1.804e-16 3.067e-14
1.531e+00 6.250e-02 1.250e-01 -1.110e-16 -1.103e-13
1.547e+00 6.250e-02 1.250e-01 -8.327e-17 -7.579e-14
1.562e+00 6.250e-02 1.250e-01 -8.327e-17 -4.126e-14
1.578e+00 6.250e-02 1.250e-01 -1.527e-16 -3.976e-14
1.594e+00 6.250e-02 1.250e-01 4.163e-17 -3.826e-14
1.609e+00 6.250e-02 1.250e-01 -9.714e-17 -4.319e-14
1.625e+00 6.250e-02 1.250e-01 -1.665e-16 -4.811e-14
1.641e+00 6.250e-02 1.250e-01 -9.714e-17 -3.167e-14
1.656e+00 6.250e-02 1.250e-01 -5.551e-17 -1.522e-14
1.672e+00 6.250e-02 1.250e-01 0.000e+00 -2.638e-14
1.688e+00 6.250e-02 1.250e-01 1.249e-16 -3.754e-14
1.703e+00 6.250e-02 1.250e-01 3.747e-16 -3.069e-14
1.719e+00 6.250e-02 1.250e-01 -1.547e-16 -2.384e-14
1.734e+00 6.250e-02 1.250e-01 5.551e-17 -2.669e-14
1.750e+00 6.250e-02 1.250e-01 8.327e-17 -2.955e-14
1.766e+00 6.250e-02 1.250e-01 1.804e-16 -3.284e-14
1.781e+00 6.250e-02 1.250e-01 -4.163e-17 -3.614e-14
1.797e+00 6.250e-02 1.250e-01 1.388e-17 -4.515e-14
1.812e+00 6.250e-02 1.250e-01 -9.714e-17 -5.416e-14
1.828e+00 6.250e-02 1.250e-01 -1.527e-16 -4.318e-14
1.844e+00 6.250e-02 1.250e-01 -1.457e-16 -3.220e-14
1.859e+00 6.250e-02 1.250e-01 -1.388e-16 -3.607e-14
1.875e+00 6.250e-02 1.250e-01 -1.665e-16 -3.993e-14
1.891e+00 6.250e-02 1.250e-01 1.665e-16 -2.223e-14
1.906e+00 6.250e-02 1.250e-01 -2.637e-16 -4.524e-15
1.922e+00 6.250e-02 1.250e-01 -1.162e-16 -6.378e-15
1.938e+00 6.250e-02 1.250e-01 -2.776e-16 -8.231e-15
1.953e+00 6.250e-02 1.250e-01 1.592e-18 -7.754e-15
1.969e+00 6.250e-02 1.250e-01 -3.036e-16 -7.277e-15
1.984e+00 6.250e-02 1.250e-01 4.217e-17 -1.162e-14
2.000e+00 6.250e-02 1.250e-01 -1.244e-16 -1.596e-14
0.000e+00 7.812e-02 -1.250e-01 -1.110e-16 3.800e-15
1.562e-02 7.812e-02 -1.250e-01 0.000e+00 1.136e-14
3.125e-02 7.812e-02 -1.250e-01 -1.716e-17 1.892e-14
4.688e-02 7.812e-02 -1.250e-01 1.238e-16 4.725e-15
6.250e-02 7.812e-02 -1.250e-01 1.404e-17 -9.472e-15
7.812e-02 7.812e-02 -1.250e-01 3.070e-18 1.016e-14
9.375e-02 7.812e-02 -1.250e-01 -1.249e-16 2.978e-14
1.094e-01 7.812e-02 -1.250e-01 3.893e-17 5.482e-15
1.250e-01 7.812e-02 -1.250e-01 1.683e-16 -1.882e-14
1.406e-01 7.812e-02 -1.250e-01 2.220e-16 -1.063e-14
1.562e-01 7.812e-02 -1.250e-01 1.804e-16 -2.442e-15
1.719e-01 7.812e-02 -1.250e-01 1.125e-16 -2.169e-14
1.875e-01 7.812e-02 -1.250e-01 2.602e-16 -4.093e-14
2.031e-01 7.812e-02 -1.250e-01 3.359e-16 -4.042e-14
2.188e-01 7.812e-02 -1.250e-01 2.498e-16 -3.990e-14
2.344e-01 7.812e-02 -1.250e-01 1.804e-16 -3.115e-14
2.500e-01 7.812e-02 -1.250e-01 -5.898e-17 -2.240e-14
2.656e-01 7.812e-02 -1.250e-01 3.327e-17 -2.801e-14
2.812e-01 7.812e-02 -1.250e-01 -1.388e-17 -3.362e-14
2.969e-01 7.812e-02 -1.250e-01 3.582e-17 -4.014e-14
3.125e-01 7.812e-02 -1.250e-01 -1.284e-16 -4.665e-14
3.281e-01 7.812e-02 -1.250e-01 -1.388e-16 -5.174e-14
3.438e-01 7.812e-02 -1.250e-01 -1.804e-16 -5.683e-14
3.594e-01 7.812e-02 -1.250e-01 -1.388e-16 -6.510e-14
3.750e-01 7.812e-02 -1.250e-01 -1.041e-17 -7.338e-14
3.906e-01 7.812e-02 -1.250e-01 2.669e-17 -7.572e-14
4.062e-01 7.812e-02 -1.250e-01 -8.327e-17 -7.806e-14
4.219e-01 7.812e-02 -1.250e-01 -7.679e-17 -5.794e-14
4.375e-01 7.812e-02 -1.250e-01 -1.161e-16 -3.783e-14
4.531e-01 7.812e-02 -1.250e-01 -1.041e-16 -7.586e-14
4.688e-01 7.812e-02 -1.250e-01 1.388e-17 -1.139e-13
4.844e-01 7.812e-02 -1.250e-01 8.208e-17 2.685e-14
5.000e-01 7.812e-02 -1.250e-01 1.388e-16 1.676e-13
5.156e-01 7.812e-02 -1.250e-01 3.125e-16 -3.912e-13
5.312e-01 7.812e-02 -1.250e-01 3.747e-16 -9.499e-13
5.469e-01 7.812e-02 -1.250e-01 3.886e-16 1.094e-12
5.625e-01 7.812e-02 -1.250e-01 3.886e-16 3.137e-12
5.781e-01 7.812e-02 -1.250e-01 3.331e-16 -4.469e-12
5.938e-01 7.812e-02 -1.250e-01 3.331e-16 -1.208e-11
6.094e-01 7.812e-02 -1.250e-01 1.677e-16 1.633e-11
6.250e-01 7.812e-02 -1.250e-01 4.510e-17 4.474e-11
6.406e-01 7.812e-02 -1.250e-01 7.802e-17 -6.130e-11
6.562e-01 7.812e-02 -1.250e-01 -4.163e-17 -1.673e-10
6.719e-01 7.812e-02 -1.250e-01 -7.180e-17 2.284e-10
6.875e-01 7.812e-02 -1.250e-01 1.388e-17 6.242e-10
7.031e-01 7.812e-02 -1.250e-01 2.255e-17 -8.528e-10
7.188e-01 7.812e-02 -1.250e-01 6.939e-17 -2.330e-09
7.344e-01 7.812e-02 -1.250e-01 0.000e+00 3.182e-09
7.500e-01 7.812e-02 -1.250e-01 -1.388e-16 8.694e-09
7.656e-01 7.812e-02 -1.249e-01 -8.934e-17 1.350e-08
7.812e-01 7.812e-02 -1.246e-01 -1.804e-16 1.830e-08
7.969e-01 7.812e-02 -1.237e-01 -2.154e-16 1.481e-08
8.125e-01 7.812e-02 -1.219e-01 -1.735e-16 1.131e-08
8.281e-01 7.812e-02 -1.190e-01 -1.049e-16 8.692e-09
8.438e-01 7.812e-02 -1.149e-01 -1.388e-17 6.069e-09
8.594e-01 7.812e-02 -1.093e-01 -2.875e-17 2.402e-09
8.750e-01 7.812e-02 -1.023e-01 -2.082e-17 -1.264e-09
8.906e-01 7.812e-02 -9.371e-02 -4.312e-17 -4.796e-09
9.062e-01 7.812e-02 -8.363e-02 -2.776e-17 -8.328e-09
9.219e-01 7.812e-02 -7.215e-02 -1.336e-16 -1.135e-08
9.375e-01 7.812e-02 -5.938e-02 -1.665e-16 -1.438e-08
9.531e-01 7.812e-02 -4.554e-02 -1.665e-16 -1.640e-08
9.688e-01 7.812e-02 -3.085e-02 -1.745e-16 -1.841e-08
9.844e-01 7.812e-02 -1.557e-02 -8.186e-17 -1.912e-08
1.000e+00 7.812e-02 -1.029e-15 -6.939e-18 -1.983e-08
1.016e+00 7.812e-02 1.557e-02 0.000e+00 -1.912e-08
1.031e+00 7.812e-02 3.085e-02 4.163e-17 -1.841e-08
1.047e+00 7.812e-02 4.554e-02 5.378e-17 -1.640e-08
1.062e+00 7.812e-02 5.938e-02 9.286e-17 -1.438e-08
1.078e+00 7.812e-02 7.215e-02 7.417e-17 -1.135e-08
1.094e+00 7.812e-02 8.363e-02 7.806e-17 -8.328e-09
1.109e+00 7.812e-02 9.371e-02 3.469e-17 -4.796e-09
1.125e+00 7.812e-02 1.023e-01 2.082e-16 -1.264e-09
1.141e+00 7.812e-02 1.093e-01 5.551e-17 2.403e-09
1.156e+00 7.812e-02 1.149e-01 2.220e-16 6.069e-09
1.172e+00 7.812e-02 1.190e-01 1.110e-16 8.692e-09
1.188e+00 7.812e-02 1.219e-01 9.714e-17 1.131e-08
1.203e+00 7.812e-02 1.237e-01 6.939e-17 1.481e-08
1.219e+00 7.812e-02 1.246e-01 -4.163e-17 1.830e-08
1.234e+00 7.812e-02 1.249e-01 -2.498e-16 1.350e-08
1.250e+00 7.812e-02 1.250e-01 -1.249e-16 8.694e-09
1.266e+00 7.812e-02 1.250e-01 -1.587e-16 3.182e-09
1.281e+00 7.812e-02 1.250e-01 -1.388e-16 -2.330e-09
1.297e+00 7.812e-02 1.250e-01 -1.418e-16 -8.528e-10
1.312e+00 7.812e-02 1.250e-01 -1.180e-16 6.242e-10
1.328e+00 7.812e-02 1.250e-01 -5.551e-17 2.284e-10
1.344e+00 7.812e-02 1.250e-01 -8.327e-17 -1.674e-10
1.359e+00 7.812e-02 1.250e-01 -1.249e-16 -6.131e-11
1.375e+00 7.812e-02 1.250e-01 -1.804e-16 4.474e-11
1.391e+00 7.812e-02 1.250e-01 -1.388e-16 1.634e-11
1.406e+00 7.812e-02 1.250e-01 -9.714e-17 -1.206e-11
1.422e+00 7.812e-02 1.250e-01 -6.939e-17 -4.448e-12
1.438e+00 7.812e-02 1.250e-01 1.388e-17 3.168e-12
1.453e+00 7.812e-02 1.250e-01 2.602e-17 1.116e-12
1.469e+00 7.812e-02 1.250e-01 2.429e-17 -9.351e-13
1.484e+00 7.812e-02 1.250e-01 -4.163e-17 -3.851e-13
1.500e+00 7.812e-02 1.250e-01 9.714e-17 1.648e-13
1.516e+00 7.812e-02 1.250e-01 -2.776e-17 3.030e-14
1.531e+00 7.812e-02 1.250e-01 1.388e-17 -1.042e-13
1.547e+00 7.812e-02 1.250e-01 -9.714e-17 -6.992e-14
1.562e+00 7.812e-02 1.250e-01 5.551e-17 -3.565e-14
1.578e+00 7.812e-02 1.250e-01 -1.388e-17 -4.101e-14
1.594e+00 7.812e-02 1.250e-01 6.939e-17 -4.638e-14
1.609e+00 7.812e-02 1.250e-01 -2.359e-16 -4.341e-14
1.625e+00 7.812e-02 1.250e-01 -1.249e-16 -4.044e-14
1.641e+00 7.812e-02 1.250e-01 -6.939e-17 -2.808e-14
1.656e+00 7.812e-02 1.250e-01 -1.388e-17 -1.572e-14
1.672e+00 7.812e-02 1.250e-01 1.084e-16 -2.666e-14
1.688e+00 7.812e-02 1.250e-01 1.665e-16 -3.761e-14
1.703e+00 7.812e-02 1.250e-01 2.776e-16 -3.302e-14
1.719e+00 7.812e-02 1.250e-01 1.943e-16 -2.843e-14
1.734e+00 7.812e-02 1.250e-01 1.023e-16 -3.047e-14
1.750e+00 7.812e-02 1.250e-01 0.000e+00 -3.251e-14
1.766e+00 7.812e-02 1.250e-01 2.949e-17 -3.168e-14
1.781e+00 7.812e-02 1.250e-01 0.000e+00 -3.084e-14
1.797e+00 7.812e-02 1.250e-01 -1.388e-16 -3.980e-14
1.812e+00 7.812e-02 1.250e-01 -2.776e-16 -4.875e-14
1.828e+00 7.812e-02 1.250e-01 -1.943e-16 -4.076e-14
1.844e+00 7.812e-02 1.250e-01 -2.637e-16 -3.276e-14
1.859e+00 7.812e-02 1.250e-01 -2.359e-16 -2.971e-14
1.875e+00 7.812e-02 1.250e-01 -2.498e-16 -2.666e-14
1.891e+00 7.812e-02 1.250e-01 -2.082e-16 -1.902e-14
1.906e+00 7.812e-02 1.250e-01 -1.596e-16 -1.137e-14
1.922e+00 7.812e-02 1.250e-01 2.776e-17 -4.502e-15
1.938e+00 7.812e-02 1.250e-01 -2.426e-16 2.371e-15
1.953e+00 7.812e-02 1.250e-01 -2.242e-16 -2.027e-15
1.969e+00 7.812e-02 1.250e-01 -1.523e-18 -6.425e-15
1.984e+00 7.812e-02 1.250e-01 1.057e-16 -1.191e-14
2.000e+00 7.812e-02 1.250e-01 2.357e-16 -1.739e-14
0.000e+00 9.375e-02 -1.250e-01 -3.770e-16 1.883e-15
1.562e-02 9.375e-02 -1.250e-01 1.960e-16 2.000e-14
3.125e-02 9.375e-02 -1.250e-01 8.327e-17 3.812e-14
4.688e-02 9.375e-02 -1.250e-01 2.776e-16 -4.767e-15
6.250e-02 9.375e-02 -1.250e-01 -2.038e-17 -4.766e-14
7.812e-02 9.375e-02 -1.250e-01 -2.082e-17 7.482e-15
9.375e-02 9.375e-02 -1.250e-01 1.266e-16 6.262e-14
1.094e-01 9.375e-02 -1.250e-01 4.883e-17 1.182e-14
1.250e-01 9.375e-02 -1.250e-01 1.735e-16 -3.898e-14
1.406e-01 9.375e-02 -1.250e-01 3.044e-16 -9.916e-15
1.562e-01 9.375e-02 -1.250e-01 4.718e-16 1.915e-14
1.719e-01 9.375e-02 -1.250e-01 -2.456e-16 -2.946e-14
1.875e-01 9.375e-02 -1.250e-01 1.388e-16 -7.808e-14
2.031e-01 9.375e-02 -1.250e-01 1.596e-16 -6.199e-14
2.188e-01 9.375e-02 -1.250e-01 2.082e-16 -4.590e-14
2.344e-01 9.375e-02 -1.250e-01 1.275e-16 -2.822e-14
2.500e-01 9.375e-02 -1.250e-01 1.110e-16 -1.054e-14
2.656e-01 9.375e-02 -1.250e-01 2.255e-17 -2.309e-14
2.812e-01 9.375e-02 -1.250e-01 5.551e-17 -3.564e-14
2.969e-01 9.375e-02 -1.250e-01 6.245e-17 -3.586e-14
3.125e-01 9.375e-02 -1.250e-01 -2.776e-17 -3.609e-14
3.281e-01 9.375e-02 -1.250e-01 -1.110e-16 -4.065e-14
3.438e-01 9.375e-02 -1.250e-01 -1.665e-16 -4.521e-14
3.594e-01 9.375e-02 -1.250e-01 -1.249e-16 -6.556e-14
3.750e-01 9.375e-02 -1.250e-01 -6.939e-17 -8.590e-14
3.906e-01 9.375e-02 -1.250e-01 -1.717e-16 -8.993e-14
4.062e-01 9.375e-02 -1.250e-01 -2.359e-16 -9.396e-14
4.219e-01 9.375e-02 -1.250e-01 -1.735e-16 -6.268e-14
4.375e-01 9.375e-02 -1.250e-01 -1.110e-16 -3.139e-14
4.531e-01 9.375e-02 -1.250e-01 2.082e-17 -6.006e-14
4.688e-01 9.375e-02 -1.250e-01 1.665e-16 -8.873e-14
4.844e-01 9.375e-02 -1.250e-01 1.318e-16 3.324e-14
5.000e-01 9.375e-02 -1.250e-01 8.327e-17 1.552e-13
5.156e-01 9.375e-02 -1.250e-01 3.036e-16 -4.040e-13
5.312e-01 9.375e-02 -1.250e-01 4.441e-16 -9.633e-13
5.469e-01 9.375e-02 -1.250e-01 5.655e-16 1.087e-12
5.625e-01 9.375e-02 -1.250e-01 4.996e-16 3.138e-12
5.781e-01 9.375e-02 -1.250e-01 5.136e-16 -4.474e-12
5.938e-01 9.375e-02 -1.250e-01 4.421e-16 -1.209e-11
6.094e-01 9.375e-02 -1.250e-01 2.845e-16 1.633e-11
6.250e-01 9.375e-02 -1.250e-01 2.105e-16 4.475e-11
6.406e-01 9.375e-02 -1.250e-01 4.792e-17 -6.129e-11
6.562e-01 9.375e-02 -1.250e-01 -6.513e-17 -1.673e-10
6.719e-01 9.375e-02 -1.250e-01 -6.939e-17 2.284e-10
6.875e-01 9.375e-02 -1.250e-01 -6.597e-18 6.242e-10
7.031e-01 9.375e-02 -1.250e-01 2.277e-17 -8.528e-10
7.188e-01 9.375e-02 -1.250e-01 -5.551e-17 -2.330e-09
7.344e-01 9.375e-02 -1.250e-01 -1.791e-16 3.182e-09
7.500e-01 9.375e-02 -1.250e-01 -2.325e-16 8.694e-09
7.656e-01 9.375e-02 -1.249e-01 -2.516e-16 1.350e-08
7.812e-01 9.375e-02 -1.246e-01 -2.359e-16 1.830e-08
7.969e-01 9.375e-02 -1.237e-01 -3.920e-16 1.481e-08
8.125e-01 9.375e-02 -1.219e-01 -9.021e-17 1.131e-08
8.281e-01 9.375e-02 -1.190e-01 -1.735e-17 8.692e-09
8.438e-01 9.375e-02 -1.149e-01 2.949e-17 6.069e-09
8.594e-01 9.375e-02 -1.093e-01 -1.041e-17 2.402e-09
8.750e-01 9.375e-02 -1.023e-01 2.602e-17 -1.264e-09
8.906e-01 9.375e-02 -9.371e-02 -1.145e-16 -4.796e-09
9.062e-01 9.375e-02 -8.363e-02 -2.602e-17 -8.328e-09
9.219e-01 9.375e-02 -7.215e-02 3.816e-17 -1.135e-08
9.375e-01 9.375e-02 -5.938e-02 -1.284e-16 -1.438e-08
9.531e-01 9.375e-02 -4.554e-02 -1.492e-16 -1.640e-08
9.688e-01 9.375e-02 -3.085e-02 -1.180e-16 -1.841e-08
9.844e-01 9.375e-02 -1.557e-02 -1.596e-16 -1.912e-08
1.000e+00 9.375e-02 -1.102e-15 -7.546e-17 -1.983e-08
1.016e+00 9.375e-02 1.557e-02 -9.310e-17 -1.912e-08
1.031e+00 9.375e-02 3.085e-02 2.776e-17 -1.841e-08
1.047e+00 9.375e-02 4.554e-02 2.992e-17 -1.640e-08
1.062e+00 9.375e-02 5.938e-02 1.475e-17 -1.438e-08
1.078e+00 9.375e-02 7.215e-02 -9.541e-18 -1.135e-08
1.094e+00 9.375e-02 8.363e-02 2.862e-17 -8.328e-09
1.109e+00 9.375e-02 9.371e-02 2.429e-17 -4.796e-09
1.125e+00 9.375e-02 1.023e-01 1.093e-16 -1.264e-09
1.141e+00 9.375e-02 1.093e-01 1.943e-16 2.403e-09
1.156e+00 9.375e-02 1.149e-01 2.359e-16 6.069e-09
1.172e+00 9.375e-02 1.190e-01 1.943e-16 8.692e-09
1.188e+00 9.375e-02 1.219e-01 1.388e-16 1.131e-08
1.203e+00 9.375e-02 1.237e-01 1.388e-16 1.481e-08
1.219e+00 9.375e-02 1.246e-01 0.000e+00 1.830e-08
1.234e+00 9.375e-02 1.249e-01 -4.163e-17 1.350e-08
1.250e+00 9.375e-02 1.250e-01 -8.327e-17 8.694e-09
1.266e+00 9.375e-02 1.250e-01 -1.110e-16 3.182e-09
1.281e+00 9.375e-02 1.250e-01 -1.388e-16 -2.330e-09
1.297e+00 9.375e-02 1.250e-01 -1.943e-16 -8.528e-10
1.312e+00 9.375e-02 1.250e-01 -1.596e-16 6.242e-10
1.328e+00 9.375e-02 1.250e-01 -1.874e-16 2.284e-10
1.344e+00 9.375e-02 1.250e-01 -1.457e-16 -1.674e-10
1.359e+00 9.375e-02 1.250e-01 -1.874e-16 -6.131e-11
1.375e+00 9.375e-02 1.250e-01 -1.388e-16 4.475e-11
1.391e+00 9.375e-02 1.250e-01 -9.714e-17 1.634e-11
1.406e+00 9.375e-02 1.250e-01 -4.163e-17 -1.206e-11
1.422e+00 9.375e-02 1.250e-01 -8.327e-17 -4.444e-12
1.438e+00 9.375e-02 1.250e-01 -3.469e-17 3.175e-12
1.453e+00 9.375e-02 1.250e-01 -4.163e-17 1.119e-12
1.469e+00 9.375e-02 1.250e-01 -9.021e-17 -9.364e-13
1.484e+00 9.375e-02 1.250e-01 -2.949e-17 -3.892e-13
1.500e+00 9.375e-02 1.250e-01 -3.469e-18 1.579e-13
1.516e+00 9.375e-02 1.250e-01 8.327e-17 2.992e-14
1.531e+00 9.375e-02 1.250e-01 2.862e-17 -9.805e-14
1.547e+00 9.375e-02 1.250e-01 3.331e-16 -6.404e-14
1.562e+00 9.375e-02 1.250e-01 1.388e-17 -3.004e-14
1.578e+00 9.375e-02 1.250e-01 2.637e-16 -4.227e-14
1.594e+00 9.375e-02 1.250e-01 3.469e-17 -5.450e-14
1.609e+00 9.375e-02 1.250e-01 -4.163e-17 -4.363e-14
1.625e+00 9.375e-02 1.250e-01 -6.939e-18 -3.276e-14
1.641e+00 9.375e-02 1.250e-01 -1.665e-16 -2.449e-14
1.656e+00 9.375e-02 1.250e-01 1.249e-16 -1.622e-14
1.672e+00 9.375e-02 1.250e-01 1.804e-16 -2.695e-14
1.688e+00 9.375e-02 1.250e-01 2.776e-16 -3.767e-14
1.703e+00 9.375e-02 1.250e-01 3.331e-16 -3.535e-14
1.719e+00 9.375e-02 1.250e-01 2.498e-16 -3.303e-14
1.734e+00 9.375e-02 1.250e-01 1.527e-16 -3.425e-14
1.750e+00 9.375e-02 1.250e-01 1.041e-16 -3.547e-14
1.766e+00 9.375e-02 1.250e-01 2.776e-17 -3.051e-14
1.781e+00 9.375e-02 1.250e-01 4.163e-17 -2.555e-14
1.797e+00 9.375e-02 1.250e-01 -8.327e-17 -3.445e-14
1.812e+00 9.375e-02 1.250e-01 -1.991e-16 -4.334e-14
1.828e+00 9.375e-02 1.250e-01 -1.665e-16 -3.833e-14
1.844e+00 9.375e-02 1.250e-01 -3.261e-16 -3.332e-14
1.859e+00 9.375e-02 1.250e-01 -2.082e-16 -2.336e-14
1.875e+00 9.375e-02 1.250e-01 -1.804e-16 -1.340e-14
1.891e+00 9.375e-02 1.250e-01 -3.747e-16 -1.581e-14
1.906e+00 9.375e-02 1.250e-01 -2.070e-16 -1.823e-14
1.922e+00 9.375e-02 1.250e-01 -1.821e-16 -2.626e-15
1.938e+00 9.375e-02 1.250e-01 -2.290e-16 1.297e-14
1.953e+00 9.375e-02 1.250e-01 -2.810e-16 3.700e-15
1.969e+00 9.375e-02 1.250e-01 -9.628e-17 -5.573e-15
1.984e+00 9.375e-02 1.250e-01 1.139e-16 -1.220e-14
2.000e+00 9.375e-02 1.250e-01 3.142e-16 -1.882e-14
0.000e+00 1.094e-01 -1.250e-01 -2.567e-16 4.693e-15
1.562e-02 1.094e-01 -1.250e-01 -5.390e-18 1.261e-14
3.125e-02 1.094e-01 -1.250e-01 1.654e-16 2.053e-14
4.688e-02 1.094e-01 -1.250e-01 7.286e-17 -1.232e-15
6.250e-02 1.094e-01 -1.250e-01 -2.602e-17 -2.300e-14
7.812e-02 1.094e-01 -1.250e-01 4.054e-17 2.820e-15
9.375e-02 1.094e-01 -1.250e-01 2.498e-16 2.864e-14
1.094e-01 1.094e-01 -1.250e-01 3.053e-16 5.231e-15
1.250e-01 1.094e-01 -1.250e-01 2.776e-16 -1.818e-14
1.406e-01 1.094e-01 -1.250e-01 3.834e-16 -1.573e-15
1.562e-01 1.094e-01 -1.250e-01 6.384e-16 1.503e-14
1.719e-01 1.094e-01 -1.250e-01 6.245e-16 -1.254e-14
1.875e-01 1.094e-01 -1.250e-01 1.665e-16 -4.012e-14
2.031e-01 1.094e-01 -1.250e-01 1.180e-16 -3.470e-14
2.188e-01 1.094e-01 -1.250e-01 3.009e-16 -2.928e-14
2.344e-01 1.094e-01 -1.250e-01 1.804e-16 -2.366e-14
2.500e-01 1.094e-01 -1.250e-01 6.939e-17 -1.803e-14
2.656e-01 1.094e-01 -1.250e-01 8.327e-17 -2.803e-14
2.812e-01 1.094e-01 -1.250e-01 1.475e-16 -3.803e-14
2.969e-01 1.094e-01 -1.250e-01 1.110e-16 -4.136e-14
3.125e-01 1.094e-01 -1.250e-01 7.892e-17 -4.468e-14
3.281e-01 1.094e-01 -1.250e-01 -1.388e-17 -4.319e-14
3.438e-01 1.094e-01 -1.250e-01 -1.527e-16 -4.171e-14
3.594e-01 1.094e-01 -1.250e-01 -2.255e-16 -5.533e-14
3.750e-01 1.094e-01 -1.250e-01 9.551e-17 -6.895e-14
3.906e-01 1.094e-01 -1.250e-01 -4.025e-16 -7.528e-14
4.062e-01 1.094e-01 -1.250e-01 -3.747e-16 -8.161e-14
4.219e-01 1.094e-01 -1.250e-01 -2.394e-16 -5.819e-14
4.375e-01 1.094e-01 -1.250e-01 -1.110e-16 -3.477e-14
4.531e-01 1.094e-01 -1.250e-01 1.249e-16 -6.651e-14
4.688e-01 1.094e-01 -1.250e-01 2.082e-16 -9.824e-14
4.844e-01 1.094e-01 -1.250e-01 2.300e-16 3.558e-14
5.000e-01 1.094e-01 -1.250e-01 4.441e-16 1.694e-13
5.156e-01 1.094e-01 -1.250e-01 3.192e-16 -3.868e-13
5.312e-01 1.094e-01 -1.250e-01 6.800e-16 -9.431e-13
5.469e-01 1.094e-01 -1.250e-01 5.567e-16 1.101e-12
5.625e-01 1.094e-01 -1.250e-01 9.153e-16 3.145e-12
5.781e-01 1.094e-01 -1.250e-01 6.245e-16 -4.471e-12
5.938e-01 1.094e-01 -1.250e-01 4.476e-16 -1.209e-11
6.094e-01 1.094e-01 -1.250e-01 3.253e-16 1.633e-11
6.250e-01 1.094e-01 -1.250e-01 1.874e-16 4.475e-11
6.406e-01 1.094e-01 -1.250e-01 2.776e-17 -6.129e-11
6.562e-01 1.094e-01 -1.250e-01 1.041e-17 -1.673e-10
6.719e-01 1.094e-01 -1.250e-01 -8.308e-17 2.284e-10
6.875e-01 1.094e-01 -1.250e-01 -1.527e-16 6.242e-10
7.031e-01 1.094e-01 -1.250e-01 -1.251e-16 -8.528e-10
7.188e-01 1.094e-01 -1.250e-01 -2.453e-16 -2.330e-09
7.344e-01 1.094e-01 -1.250e-01 -2.059e-16 3.182e-09
7.500e-01 1.094e-01 -1.250e-01 -1.778e-16 8.694e-09
7.656e-01 1.094e-01 -1.249e-01 -1.275e-16 1.350e-08
7.812e-01 1.094e-01 -1.246e-01 -1.232e-16 1.830e-08
7.969e-01 1.094e-01 -1.237e-01 -1.665e-16 1.481e-08
8.125e-01 1.094e-01 -1.219e-01 -1.527e-16 1.131e-08
8.281e-01 1.094e-01 -1.190e-01 -3.123e-17 8.692e-09
8.438e-01 1.094e-01 -1.149e-01 -3.079e-17 6.069e-09
8.594e-01 1.094e-01 -1.093e-01 6.939e-17 2.402e-09
8.750e-01 1.094e-01 -1.023e-01 -1.318e-16 -1.264e-09
8.906e-01 1.094e-01 -9.371e-02 6.245e-17 -4.796e-09
9.062e-01 1.094e-01 -8.363e-02 -1.561e-17 -8.328e-09
9.219e-01 1.094e-01 -7.215e-02 5.291e-17 -1.135e-08
9.375e-01 1.094e-01 -5.938e-02 -3.608e-16 -1.438e-08
9.531e-01 1.094e-01 -4.554e-02 -6.939e-17 -1.640e-08
9.688e-01 1.094e-01 -3.085e-02 -1.310e-16 -1.841e-08
9.844e-01 1.094e-01 -1.557e-02 -1.318e-16 -1.912e-08
1.000e+00 1.094e-01 -1.041e-15 -1.313e-16 -1.983e-08
1.016e+00 1.094e-01 1.557e-02 -9.476e-17 -1.912e-08
1.031e+00 1.094e-01 3.085e-02 1.388e-17 -1.841e-08
1.047e+00 1.094e-01 4.554e-02 8.240e-18 -1.640e-08
1.062e+00 1.094e-01 5.938e-02 -1.041e-17 -1.438e-08
1.078e+00 1.094e-01 7.215e-02 -2.776e-17 -1.135e-08
1.094e+00 1.094e-01 8.363e-02 0.000e+00 -8.328e-09
1.109e+00 1.094e-01 9.371e-02 7.633e-17 -4.796e-09
1.125e+00 1.094e-01 1.023e-01 9.021e-17 -1.264e-09
1.141e+00 1.094e-01 1.093e-01 4.441e-16 2.403e-09
1.156e+00 1.094e-01 1.149e-01 2.966e-16 6.069e-09
1.172e+00 1.094e-01 1.190e-01 2.914e-16 8.692e-09
1.188e+00 1.094e-01 1.219e-01 1.665e-16 1.131e-08
1.203e+00 1.094e-01 1.237e-01 1.110e-16 1.481e-08
1.219e+00 1.094e-01 1.246e-01 6.939e-17 1.830e-08
1.234e+00 1.094e-01 1.249e-01 -5.551e-17 1.350e-08
1.250e+00 1.094e-01 1.250e-01 -6.939e-18 8.694e-09
1.266e+00 1.094e-01 1.250e-01 0.000e+00 3.182e-09
1.281e+00 1.094e-01 1.250e-01 -7.633e-17 -2.330e-09
1.297e+00 1.094e-01 1.250e-01 -2.359e-16 -8.528e-10
1.312e+00 1.094e-01 1.250e-01 -1.631e-16 6.242e-10
1.328e+00 1.094e-01 1.250e-01 -2.776e-16 2.284e-10
1.344e+00 1.094e-01 1.250e-01 -3.157e-16 -1.674e-10
1.359e+00 1.094e-01 1.250e-01 -2.220e-16 -6.130e-11
1.375e+00 1.094e-01 1.250e-01 -1.561e-16 4.475e-11
1.391e+00 1.094e-01 1.250e-01 -5.551e-17 1.634e-11
1.406e+00 1.094e-01 1.250e-01 -6.245e-17 -1.206e-11
1.422e+00 1.094e-01 1.250e-01 1.388e-16 -4.450e-12
1.438e+00 1.094e-01 1.250e-01 -4.163e-17 3.164e-12
1.453e+00 1.094e-01 1.250e-01 -4.163e-16 1.121e-12
1.469e+00 1.094e-01 1.250e-01 -1.596e-16 -9.212e-13
1.484e+00 1.094e-01 1.250e-01 -7.980e-17 -3.822e-13
1.500e+00 1.094e-01 1.250e-01 -2.776e-17 1.568e-13
1.516e+00 1.094e-01 1.250e-01 1.110e-16 3.108e-14
1.531e+00 1.094e-01 1.250e-01 7.459e-17 -9.466e-14
1.547e+00 1.094e-01 1.250e-01 1.041e-16 -6.451e-14
1.562e+00 1.094e-01 1.250e-01 3.588e-16 -3.435e-14
1.578e+00 1.094e-01 1.250e-01 1.943e-16 -3.777e-14
1.594e+00 1.094e-01 1.250e-01 0.000e+00 -4.119e-14
1.609e+00 1.094e-01 1.250e-01 -2.776e-17 -3.751e-14
1.625e+00 1.094e-01 1.250e-01 -2.776e-17 -3.384e-14
1.641e+00 1.094e-01 1.250e-01 8.327e-17 -3.169e-14
1.656e+00 1.094e-01 1.250e-01 2.082e-16 -2.954e-14
1.672e+00 1.094e-01 1.250e-01 1.388e-16 -3.336e-14
1.688e+00 1.094e-01 1.250e-01 3.886e-16 -3.717e-14
1.703e+00 1.094e-01 1.250e-01 2.914e-16 -3.478e-14
1.719e+00 1.094e-01 1.250e-01 2.914e-16 -3.238e-14
1.734e+00 1.094e-01 1.250e-01 1.804e-16 -3.340e-14
1.750e+00 1.094e-01 1.250e-01 6.939e-17 -3.441e-14
1.766e+00 1.094e-01 1.250e-01 5.204e-18 -3.331e-14
1.781e+00 1.094e-01 1.250e-01 -2.776e-17 -3.221e-14
1.797e+00 1.094e-01 1.250e-01 -1.388e-17 -3.629e-14
1.812e+00 1.094e-01 1.250e-01 -2.776e-16 -4.037e-14
1.828e+00 1.094e-01 1.250e-01 -3.443e-16 -3.675e-14
1.844e+00 1.094e-01 1.250e-01 -3.400e-16 -3.312e-14
1.859e+00 1.094e-01 1.250e-01 -2.359e-16 -2.491e-14
1.875e+00 1.094e-01 1.250e-01 -3.886e-16 -1.669e-14
1.891e+00 1.094e-01 1.250e-01 -1.943e-16 -1.547e-14
1.906e+00 1.094e-01 1.250e-01 -2.489e-16 -1.426e-14
1.922e+00 1.094e-01 1.250e-01 -1.756e-16 -2.859e-15
1.938e+00 1.094e-01 1.250e-01 -4.450e-17 8.538e-15
1.953e+00 1.094e-01 1.250e-01 -1.731e-16 6.122e-15
1.969e+00 1.094e-01 1.250e-01 -9.374e-17 3.706e-15
1.984e+00 1.094e-01 1.250e-01 2.168e-17 -1.766e-15
2.000e+00 1.094e-01 1.250e-01 2.845e-16 -7.238e-15
0.000e+00 1.250e-01 -1.250e-01 -2.307e-16 7.503e-15
1.562e-02 1.250e-01 -1.250e-01 -1.027e-16 5.225e-15
3.125e-02 1.250e-01 -1.250e-01 2.179e-17 2.947e-15
4.688e-02 1.250e-01 -1.250e-01 5.551e-17 2.302e-15
6.250e-02 1.250e-01 -1.250e-01 1.908e-17 1.657e-15
7.812e-02 1.250e-01 -1.250e-01 1.110e-16 -1.843e-15
9.375e-02 1.250e-01 -1.250e-01 2.845e-16 -5.343e-15
1.094e-01 1.250e-01 -1.250e-01 3.188e-16 -1.357e-15
1.250e-01 1.250e-01 -1.250e-01 3.816e-16 2.630e-15
1.406e-01 1.250e-01 -1.250e-01 4.753e-16 6.769e-15
1.562e-01 1.250e-01 -1.250e-01 7.216e-16 1.091e-14
1.719e-01 1.250e-01 -1.250e-01 5.378e-16 4.378e-15
1.875e-01 1.250e-01 -1.250e-01 3.053e-16 -2.151e-15
2.031e-01 1.250e-01 -1.250e-01 2.533e-16 -7.400e-15
2.188e-01 1.250e-01 -1.250e-01 2.776e-16 -1.265e-14
2.344e-01 1.250e-01 -1.250e-01 2.220e-16 -1.909e-14
2.500e-01 1.250e-01 -1.250e-01 9.714e-17 -2.553e-14
2.656e-01 1.250e-01 -1.250e-01 1.148e-16 -3.298e-14
2.812e-01 1.250e-01 -1.250e-01 1.318e-16 -4.043e-14
2.969e-01 1.250e-01 -1.250e-01 1.249e-16 -4.685e-14
3.125e-01 1.250e-01 -1.250e-01 1.110e-16 -5.327e-14
3.281e-01 1.250e-01 -1.250e-01 4.857e-17 -4.573e-14
3.438e-01 1.250e-01 -1.250e-01 -1.388e-16 -3.820e-14
3.594e-01 1.250e-01 -1.250e-01 -2.637e-16 -4.510e-14
3.750e-01 1.250e-01 -1.250e-01 -3.331e-16 -5.200e-14
3.906e-01 1.250e-01 -1.250e-01 -3.539e-16 -6.063e-14
4.062e-01 1.250e-01 -1.250e-01 -3.886e-16 -6.926e-14
4.219e-01 1.250e-01 -1.250e-01 -2.359e-16 -5.370e-14
4.375e-01 1.250e-01 -1.250e-01 -2.637e-16 -3.815e-14
4.531e-01 1.250e-01 -1.250e-01 2.567e-16 -7.295e-14
4.688e-01 1.250e-01 -1.250e-01 4.163e-16 -1.078e-13
4.844e-01 1.250e-01 -1.250e-01 2.637e-16 3.791e-14
5.000e-01 1.250e-01 -1.250e-01 2.487e-16 1.836e-13
5.156e-01 1.250e-01 -1.250e-01 3.678e-16 -3.697e-13
5.312e-01 1.250e-01 -1.250e-01 3.331e-16 -9.229e-13
5.469e-01 1.250e-01 -1.250e-01 4.788e-16 1.114e-12
5.625e-01 1.250e-01 -1.250e-01 5.930e-16 3.151e-12
5.781e-01 1.250e-01 -1.250e-01 6.245e-16 -4.467e-12
5.938e-01 1.250e-01 -1.250e-01 3.977e-16 -1.209e-11
6.094e-01 1.250e-01 -1.250e-01 3.088e-16 1.633e-11
6.250e-01 1.250e-01 -1.250e-01 2.220e-16 4.474e-11
6.406e-01 1.250e-01 -1.250e-01 9.541e-17 -6.129e-11
6.562e-01 1.250e-01 -1.250e-01 -1.000e-16 -1.673e-10
6.719e-01 1.250e-01 -1.250e-01 -8.674e-17 2.284e-10
6.875e-01 1.250e-01 -1.250e-01 -1.249e-16 6.242e-10
7.031e-01 1.250e-01 -1.250e-01 -1.665e-16 -8.528e-10
7.188e-01 1.250e-01 -1.250e-01 -7.785e-17 -2.330e-09
7.344e-01 1.250e-01 -1.250e-01 -1.657e-16 3.182e-09
7.500e-01 1.250e-01 -1.250e-01 -1.305e-16 8.694e-09
7.656e-01 1.250e-01 -1.249e-01 -9.888e-17 1.350e-08
7.812e-01 1.250e-01 -1.246e-01 -1.175e-16 1.830e-08
7.969e-01 1.250e-01 -1.237e-01 -1.874e-16 1.481e-08
8.125e-01 1.250e-01 -1.219e-01 -1.665e-16 1.131e-08
8.281e-01 1.250e-01 -1.190e-01 -1.596e-16 8.692e-09
8.438e-01 1.250e-01 -1.149e-01 -7.633e-17 6.069e-09
8.594e-01 1.250e-01 -1.093e-01 -1.249e-16 2.402e-09
8.750e-01 1.250e-01 -1.023e-01 -1.388e-16 -1.264e-09
8.906e-01 1.250e-01 -9.371e-02 9.714e-17 -4.796e-09
9.062e-01 1.250e-01 -8.363e-02 -1.388e-16 -8.328e-09
9.219e-01 1.250e-01 -7.215e-02 -3.469e-17 -1.135e-08
9.375e-01 1.250e-01 -5.938e-02 -1.180e-16 -1.438e-08
9.531e-01 1.250e-01 -4.554e-02 -1.527e-16 -1.640e-08
9.688e-01 1.250e-01 -3.085e-02 -1.440e-16 -1.841e-08
9.844e-01 1.250e-01 -1.557e-02 -1.527e-16 -1.912e-08
1.000e+00 1.250e-01 -1.065e-15 -1.318e-16 -1.983e-08
1.016e+00 1.250e-01 1.557e-02 -1.110e-16 -1.912e-08
1.031e+00 1.250e-01 3.085e-02 -3.887e-17 -1.841e-08
1.047e+00 1.250e-01 4.554e-02 -1.081e-17 -1.640e-08
1.062e+00 1.250e-01 5.938e-02 -1.301e-17 -1.438e-08
1.078e+00 1.250e-01 7.215e-02 -2.014e-18 -1.135e-08
1.094e+00 1.250e-01 8.363e-02 3.556e-17 -8.328e-09
1.109e+00 1.250e-01 9.371e-02 7.793e-17 -4.796e-09
1.125e+00 1.250e-01 1.023e-01 2.325e-16 -1.264e-09
1.141e+00 1.250e-01 1.093e-01 3.205e-16 2.403e-09
1.156e+00 1.250e-01 1.149e-01 2.966e-16 6.069e-09
1.172e+00 1.250e-01 1.190e-01 2.461e-16 8.692e-09
1.188e+00 1.250e-01 1.219e-01 1.769e-16 1.131e-08
1.203e+00 1.250e-01 1.237e-01 1.333e-16 1.481e-08
1.219e+00 1.250e-01 1.246e-01 1.305e-16 1.830e-08
1.234e+00 1.250e-01 1.249e-01 8.699e-17 1.350e-08
1.250e+00 1.250e-01 1.250e-01 6.072e-18 8.694e-09
1.266e+00 1.250e-01 1.250e-01 4.980e-17 3.182e-09
1.281e+00 1.250e-01 1.250e-01 -9.151e-17 -2.330e-09
1.297e+00 1.250e-01 1.250e-01 -1.779e-16 -8.528e-10
1.312e+00 1.250e-01 1.250e-01 -2.030e-16 6.241e-10
1.328e+00 1.250e-01 1.250e-01 -2.424e-16 2.284e-10
1.344e+00 1.250e-01 1.250e-01 -2.871e-16 -1.673e-10
1.359e+00 1.250e-01 1.250e-01 -2.106e-16 -6.130e-11
1.375e+00 1.250e-01 1.250e-01 -1.674e-16 4.475e-11
1.391e+00 1.250e-01 1.250e-01 -9.524e-17 1.634e-11
1.406e+00 1.250e-01 1.250e-01 -1.865e-17 -1.206e-11
1.422e+00 1.250e-01 1.250e-01 5.759e-17 -4.455e-12
1.438e+00 1.250e-01 1.250e-01 -9.975e-17 3.153e-12
1.453e+00 1.250e-01 1.250e-01 -2.810e-16 1.123e-12
1.469e+00 1.250e-01 1.250e-01 -1.856e-16 -9.059e-13
1.484e+00 1.250e-01 1.250e-01 -1.760e-16 -3.751e-13
1.500e+00 1.250e-01 1.250e-01 -1.162e-16 1.558e-13
1.516e+00 1.250e-01 1.250e-01 7.633e-17 3.224e-14
1.531e+00 1.250e-01 1.250e-01 1.284e-16 -9.128e-14
1.547e+00 1.250e-01 1.250e-01 1.318e-16 -6.497e-14
1.562e+00 1.250e-01 1.250e-01 2.082e-17 -3.867e-14
1.578e+00 1.250e-01 1.250e-01 -4.797e-17 -3.327e-14
1.594e+00 1.250e-01 1.250e-01 -4.085e-17 -2.788e-14
1.609e+00 1.250e-01 1.250e-01 -1.217e-16 -3.140e-14
1.625e+00 1.250e-01 1.250e-01 1.290e-17 -3.493e-14
1.641e+00 1.250e-01 1.250e-01 1.519e-16 -3.890e-14
1.656e+00 1.250e-01 1.250e-01 2.514e-16 -4.287e-14
1.672e+00 1.250e-01 1.250e-01 2.495e-16 -3.977e-14
1.688e+00 1.250e-01 1.250e-01 3.842e-16 -3.667e-14
1.703e+00 1.250e-01 1.250e-01 4.857e-16 -3.420e-14
1.719e+00 1.250e-01 1.250e-01 2.960e-16 -3.174e-14
1.734e+00 1.250e-01 1.250e-01 1.689e-16 -3.254e-14
1.750e+00 1.250e-01 1.250e-01 1.052e-16 -3.335e-14
1.766e+00 1.250e-01 1.250e-01 1.388e-17 -3.611e-14
1.781e+00 1.250e-01 1.250e-01 -2.952e-17 -3.887e-14
1.797e+00 1.250e-01 1.250e-01 -8.101e-17 -3.813e-14
1.812e+00 1.250e-01 1.250e-01 -2.925e-16 -3.740e-14
1.828e+00 1.250e-01 1.250e-01 -4.996e-16 -3.517e-14
1.844e+00 1.250e-01 1.250e-01 -4.102e-16 -3.293e-14
1.859e+00 1.250e-01 1.250e-01 -3.547e-16 -2.646e-14
1.875e+00 1.250e-01 1.250e-01 -3.040e-16 -1.998e-14
1.891e+00 1.250e-01 1.250e-01 -2.359e-16 -1.513e-14
1.906e+00 1.250e-01 1.250e-01 -1.804e-16 -1.029e-14
1.922e+00 1.250e-01 1.250e-01 -1.110e-16 -3.091e-15
1.938e+00 1.250e-01 1.250e-01 -9.996e-17 4.103e-15
1.953e+00 1.250e-01 1.250e-01 -2.776e-16 8.544e-15
1.969e+00 1.250e-01 1.250e-01 -1.180e-16 1.298e-14
1.984e+00 1.250e-01 1.250e-01 0.000e+00 8.664e-15
2.000e+00 1.250e-01 1.250e-01 3.523e-16 4.345e-15
0.000e+00 1.406e-01 -1.250e-01 -3.123e-16 5.078e-15
1.562e-02 1.406e-01 -1.250e-01 -1.515e-16 4.544e-15
3.125e-02 1.406e-01 -1.250e-01 -4.337e-17 4.011e-15
4.688e-02 1.406e-01 -1.250e-01 4.944e-17 1.730e-15
6.250e-02 1.406e-01 -1.250e-01 7.937e-17 -5.517e-16
7.812e-02 1.406e-01 -1.250e-01 1.249e-16 -3.675e-15
9.375e-02 1.406e-01 -1.250e-01 2.429e-16 -6.798e-15
1.094e-01 1.406e-01 -1.250e-01 3.652e-16 -2.828e-15
1.250e-01 1.406e-01 -1.250e-01 3.435e-16 1.141e-15
1.406e-01 1.406e-01 -1.250e-01 4.614e-16 5.239e-16
1.562e-01 1.406e-01 -1.250e-01 6.800e-16 -9.368e-17
1.719e-01 1.406e-01 -1.250e-01 5.551e-16 -1.115e-15
1.875e-01 1.406e-01 -1.250e-01 5.794e-16 -2.137e-15
2.031e-01 1.406e-01 -1.250e-01 3.678e-16 -8.002e-15
2.188e-01 1.406e-01 -1.250e-01 4.857e-16 -1.387e-14
2.344e-01 1.406e-01 -1.250e-01 2.403e-16 -1.881e-14
2.500e-01 1.406e-01 -1.250e-01 1.874e-16 -2.376e-14
2.656e-01 1.406e-01 -1.250e-01 1.180e-16 -3.040e-14
2.812e-01 1.406e-01 -1.250e-01 1.249e-16 -3.705e-14
2.969e-01 1.406e-01 -1.250e-01 1.076e-16 -4.400e-14
3.125e-01 1.406e-01 -1.250e-01 2.498e-16 -5.095e-14
3.281e-01 1.406e-01 -1.250e-01 6.245e-17 -4.600e-14
3.438e-01 1.406e-01 -1.250e-01 -1.110e-16 -4.105e-14
3.594e-01 1.406e-01 -1.250e-01 -2.845e-16 -4.073e-14
3.750e-01 1.406e-01 -1.250e-01 -1.943e-16 -4.040e-14
3.906e-01 1.406e-01 -1.250e-01 -3.331e-16 -5.319e-14
4.062e-01 1.406e-01 -1.250e-01 -2.959e-16 -6.597e-14
4.219e-01 1.406e-01 -1.250e-01 -1.694e-16 -5.106e-14
4.375e-01 1.406e-01 -1.250e-01 2.498e-16 -3.614e-14
4.531e-01 1.406e-01 -1.250e-01 3.331e-16 -7.446e-14
4.688e-01 1.406e-01 -1.250e-01 3.053e-16 -1.128e-13
4.844e-01 1.406e-01 -1.250e-01 2.724e-16 3.308e-14
5.000e-01 1.406e-01 -1.250e-01 5.274e-16 1.789e-13
5.156e-01 1.406e-01 -1.250e-01 3.678e-16 -3.724e-13
5.312e-01 1.406e-01 -1.250e-01 4.441e-16 -9.237e-13
5.469e-01 1.406e-01 -1.250e-01 4.129e-16 1.118e-12
5.625e-01 1.406e-01 -1.250e-01 1.027e-15 3.160e-12
5.781e-01 1.406e-01 -1.250e-01 5.253e-16 -4.463e-12
5.938e-01 1.406e-01 -1.250e-01 3.834e-16 -1.209e-11
6.094e-01 1.406e-01 -1.250e-01 2.755e-16 1.633e-11
6.250e-01 1.406e-01 -1.250e-01 1.784e-16 4.474e-11
6.406e-01 1.406e-01 -1.250e-01 7.312e-17 -6.130e-11
6.562e-01 1.406e-01 -1.250e-01 2.429e-17 -1.673e-10
6.719e-01 1.406e-01 -1.250e-01 -7.980e-17 2.284e-10
6.875e-01 1.406e-01 -1.250e-01 -1.388e-16 6.242e-10
7.031e-01 1.406e-01 -1.250e-01 -1.583e-16 -8.528e-10
7.188e-01 1.406e-01 -1.250e-01 -1.076e-16 -2.330e-09
7.344e-01 1.406e-01 -1.250e-01 -9.831e-17 3.182e-09
7.500e-01 1.406e-01 -1.250e-01 -5.846e-17 8.694e-09
7.656e-01 1.406e-01 -1.249e-01 -6.122e-17 1.350e-08
7.812e-01 1.406e-01 -1.246e-01 -1.063e-16 1.830e-08
7.969e-01 1.406e-01 -1.237e-01 -1.516e-16 1.481e-08
8.125e-01 1.406e-01 -1.219e-01 -1.983e-16 1.131e-08
8.281e-01 1.406e-01 -1.190e-01 -1.842e-16 8.692e-09
8.438e-01 1.406e-01 -1.149e-01 -1.444e-16 6.069e-09
8.594e-01 1.406e-01 -1.093e-01 -9.784e-17 2.402e-09
8.750e-01 1.406e-01 -1.023e-01 1.136e-17 -1.264e-09
8.906e-01 1.406e-01 -9.371e-02 6.350e-17 -4.796e-09
9.062e-01 1.406e-01 -8.363e-02 -3.675e-17 -8.328e-09
9.219e-01 1.406e-01 -7.215e-02 -1.118e-16 -1.135e-08
9.375e-01 1.406e-01 -5.938e-02 -1.150e-16 -1.438e-08
9.531e-01 1.406e-01 -4.554e-02 -1.245e-16 -1.640e-08
9.688e-01 1.406e-01 -3.085e-02 -1.517e-16 -1.841e-08
9.844e-01 1.406e-01 -1.557e-02 -1.586e-16 -1.912e-08
1.000e+00 1.406e-01 -1.039e-15 -1.460e-16 -1.983e-08
1.016e+00 1.406e-01 1.557e-02 -1.162e-16 -1.912e-08
1.031e+00 1.406e-01 3.085e-02 -8.327e-17 -1.841e-08
1.047e+00 1.406e-01 4.554e-02 -3.534e-17 -1.640e-08
1.062e+00 1.406e-01 5.938e-02 -1.518e-17 -1.438e-08
1.078e+00 1.406e-01 7.215e-02 -3.469e-17 -1.135e-08
1.094e+00 1.406e-01 8.363e-02 4.597e-17 -8.328e-09
1.109e+00 1.406e-01 9.371e-02 1.737e-16 -4.796e-09
1.125e+00 1.406e-01 1.023e-01 2.359e-16 -1.264e-09
1.141e+00 1.406e-01 1.093e-01 3.608e-16 2.403e-09
1.156e+00 1.406e-01 1.149e-01 1.943e-16 6.069e-09
1.172e+00 1.406e-01 1.190e-01 2.706e-16 8.692e-09
1.188e+00 1.406e-01 1.219e-01 1.874e-16 1.131e-08
1.203e+00 1.406e-01 1.237e-01 1.527e-16 1.481e-08
1.219e+00 1.406e-01 1.246e-01 2.012e-16 1.830e-08
1.234e+00 1.406e-01 1.249e-01 9.021e-17 1.350e-08
1.250e+00 1.406e-01 1.250e-01 1.388e-17 8.694e-09
1.266e+00 1.406e-01 1.250e-01 -4.163e-17 3.182e-09
1.281e+00 1.406e-01 1.250e-01 -6.939e-18 -2.330e-09
1.297e+00 1.406e-01 1.250e-01 -2.567e-16 -8.528e-10
1.312e+00 1.406e-01 1.250e-01 -1.769e-16 6.242e-10
1.328e+00 1.406e-01 1.250e-01 -2.498e-16 2.284e-10
1.344e+00 1.406e-01 1.250e-01 -1.943e-16 -1.673e-10
1.359e+00 1.406e-01 1.250e-01 -9.714e-17 -6.130e-11
1.375e+00 1.406e-01 1.250e-01 -1.631e-16 4.475e-11
1.391e+00 1.406e-01 1.250e-01 -6.939e-17 1.634e-11
1.406e+00 1.406e-01 1.250e-01 -2.082e-17 -1.207e-11
1.422e+00 1.406e-01 1.250e-01 -2.012e-16 -4.452e-12
1.438e+00 1.406e-01 1.250e-01 -9.368e-17 3.163e-12
1.453e+00 1.406e-01 1.250e-01 -6.939e-17 1.125e-12
1.469e+00 1.406e-01 1.250e-01 -9.714e-17 -9.124e-13
1.484e+00 1.406e-01 1.250e-01 -9.714e-17 -3.719e-13
1.500e+00 1.406e-01 1.250e-01 -1.700e-16 1.687e-13
1.516e+00 1.406e-01 1.250e-01 -7.459e-17 2.577e-14
1.531e+00 1.406e-01 1.250e-01 1.457e-16 -1.171e-13
1.547e+00 1.406e-01 1.250e-01 5.551e-17 -6.345e-14
1.562e+00 1.406e-01 1.250e-01 -1.804e-16 -9.773e-15
1.578e+00 1.406e-01 1.250e-01 -7.980e-17 -2.706e-14
1.594e+00 1.406e-01 1.250e-01 1.388e-17 -4.434e-14
1.609e+00 1.406e-01 1.250e-01 6.939e-18 -3.581e-14
1.625e+00 1.406e-01 1.250e-01 4.163e-17 -2.727e-14
1.641e+00 1.406e-01 1.250e-01 2.074e-16 -3.984e-14
1.656e+00 1.406e-01 1.250e-01 1.665e-16 -5.242e-14
1.672e+00 1.406e-01 1.250e-01 1.388e-16 -4.436e-14
1.688e+00 1.406e-01 1.250e-01 1.943e-16 -3.629e-14
1.703e+00 1.406e-01 1.250e-01 6.554e-16 -3.475e-14
1.719e+00 1.406e-01 1.250e-01 1.874e-16 -3.321e-14
1.734e+00 1.406e-01 1.250e-01 1.665e-16 -3.087e-14
1.750e+00 1.406e-01 1.250e-01 1.249e-16 -2.854e-14
1.766e+00 1.406e-01 1.250e-01 1.142e-18 -3.418e-14
1.781e+00 1.406e-01 1.250e-01 -9.714e-17 -3.982e-14
1.797e+00 1.406e-01 1.250e-01 5.551e-17 -3.722e-14
1.812e+00 1.406e-01 1.250e-01 -2.498e-16 -3.462e-14
1.828e+00 1.406e-01 1.250e-01 -6.397e-16 -3.161e-14
1.844e+00 1.406e-01 1.250e-01 -3.123e-16 -2.860e-14
1.859e+00 1.406e-01 1.250e-01 -3.747e-16 -2.351e-14
1.875e+00 1.406e-01 1.250e-01 -3.192e-16 -1.841e-14
1.891e+00 1.406e-01 1.250e-01 -3.053e-16 -1.445e-14
1.906e+00 1.406e-01 1.250e-01 -2.255e-16 -1.048e-14
1.922e+00 1.406e-01 1.250e-01 2.359e-16 -3.055e-15
1.938e+00 1.406e-01 1.250e-01 -5.204e-17 4.375e-15
1.953e+00 1.406e-01 1.250e-01 -2.288e-16 8.854e-15
1.969e+00 1.406e-01 1.250e-01 -4.163e-17 1.333e-14
1.984e+00 1.406e-01 1.250e-01 1.284e-16 1.252e-14
2.000e+00 1.406e-01 1.250e-01 1.804e-16 1.171e-14
0.000e+00 1.562e-01 -1.250e-01 -3.140e-16 2.652e-15
1.562e-02 1.562e-01 -1.250e-01 -1.860e-16 3.863e-15
3.125e-02 1.562e-01 -1.250e-01 -4.684e-17 5.074e-15
4.688e-02 1.562e-01 -1.250e-01 1.552e-17 1.157e-15
6.250e-02 1.562e-01 -1.250e-01 1.128e-16 -2.761e-15
7.812e-02 1.562e-01 -1.250e-01 1.388e-16 -5.507e-15
9.375e-02 1.562e-01 -1.250e-01 2.220e-16 -8.253e-15
1.094e-01 1.562e-01 -1.250e-01 3.482e-16 -4.300e-15
1.250e-01 1.562e-01 -1.250e-01 4.372e-16 -3.469e-16
1.406e-01 1.562e-01 -1.250e-01 4.169e-16 -5.721e-15
1.562e-01 1.562e-01 -1.250e-01 3.608e-16 -1.110e-14
1.719e-01 1.562e-01 -1.250e-01 5.256e-16 -6.609e-15
1.875e-01 1.562e-01 -1.250e-01 2.914e-16 -2.123e-15
2.031e-01 1.562e-01 -1.250e-01 4.025e-16 -8.604e-15
2.188e-01 1.562e-01 -1.250e-01 1.665e-16 -1.509e-14
2.344e-01 1.562e-01 -1.250e-01 2.290e-16 -1.853e-14
2.500e-01 1.562e-01 -1.250e-01 1.249e-16 -2.198e-14
2.656e-01 1.562e-01 -1.250e-01 1.544e-16 -2.783e-14
2.812e-01 1.562e-01 -1.250e-01 0.000e+00 -3.368e-14
2.969e-01 1.562e-01 -1.250e-01 6.765e-17 -4.115e-14
3.125e-01 1.562e-01 -1.250e-01 3.400e-16 -4.863e-14
3.281e-01 1.562e-01 -1.250e-01 5.551e-17 -4.627e-14
3.438e-01 1.562e-01 -1.250e-01 -1.388e-17 -4.391e-14
3.594e-01 1.562e-01 -1.250e-01 -2.914e-16 -3.636e-14
3.750e-01 1.562e-01 -1.250e-01 -2.984e-16 -2.880e-14
3.906e-01 1.562e-01 -1.250e-01 -2.776e-16 -4.574e-14
4.062e-01 1.562e-01 -1.250e-01 -2.290e-16 -6.269e-14
4.219e-01 1.562e-01 -1.250e-01 -1.561e-16 -4.841e-14
4.375e-01 1.562e-01 -1.250e-01 -9.245e-17 -3.413e-14
4.531e-01 1.562e-01 -1.250e-01 1.986e-16 -7.597e-14
4.688e-01 1.562e-01 -1.250e-01 2.776e-16 -1.178e-13
4.844e-01 1.562e-01 -1.250e-01 2.741e-16 2.824e-14
5.000e-01 1.562e-01 -1.250e-01 2.845e-16 1.743e-13
5.156e-01 1.562e-01 -1.250e-01 3.539e-16 -3.751e-13
5.312e-01 1.562e-01 -1.250e-01 2.984e-16 -9.245e-13
5.469e-01 1.562e-01 -1.250e-01 3.348e-16 1.122e-12
5.625e-01 1.562e-01 -1.250e-01 3.261e-16 3.168e-12
5.781e-01 1.562e-01 -1.250e-01 3.910e-16 -4.459e-12
5.938e-01 1.562e-01 -1.250e-01 2.801e-16 -1.209e-11
6.094e-01 1.562e-01 -1.250e-01 2.247e-16 1.633e-11
6.250e-01 1.562e-01 -1.250e-01 5.861e-17 4.474e-11
6.406e-01 1.562e-01 -1.250e-01 2.082e-17 -6.130e-11
6.562e-01 1.562e-01 -1.250e-01 3.123e-17 -1.673e-10
6.719e-01 1.562e-01 -1.250e-01 -2.776e-17 2.284e-10
6.875e-01 1.562e-01 -1.250e-01 -3.990e-17 6.242e-10
7.031e-01 1.562e-01 -1.250e-01 -1.691e-16 -8.528e-10
7.188e-01 1.562e-01 -1.250e-01 -8.674e-17 -2.330e-09
7.344e-01 1.562e-01 -1.250e-01 -1.665e-16 3.182e-09
7.500e-01 1.562e-01 -1.250e-01 5.551e-17 8.694e-09
7.656e-01 1.562e-01 -1.249e-01 7.112e-17 1.350e-08
7.812e-01 1.562e-01 -1.246e-01 3.296e-17 1.830e-08
7.969e-01 1.562e-01 -1.237e-01 -2.082e-17 1.481e-08
8.125e-01 1.562e-01 -1.219e-01 -1.284e-16 1.131e-08
8.281e-01 1.562e-01 -1.190e-01 -2.325e-16 8.692e-09
8.438e-01 1.562e-01 -1.149e-01 4.510e-17 6.069e-09
8.594e-01 1.562e-01 -1.093e-01 -2.359e-16 2.402e-09
8.750e-01 1.562e-01 -1.023e-01 -6.765e-17 -1.264e-09
8.906e-01 1.562e-01 -9.371e-02 2.290e-16 -4.796e-09
9.062e-01 1.562e-01 -8.363e-02 6.072e-17 -8.328e-09
9.219e-01 1.562e-01 -7.215e-02 -1.318e-16 -1.135e-08
9.375e-01 1.562e-01 -5.938e-02 4.857e-17 -1.438e-08
9.531e-01 1.562e-01 -4.554e-02 -5.898e-17 -1.640e-08
9.688e-01 1.562e-01 -3.085e-02 -6.418e-17 -1.841e-08
9.844e-01 1.562e-01 -1.557e-02 -2.463e-16 -1.912e-08
1.000e+00 1.562e-01 -1.167e-15 -1.353e-16 -1.983e-08
1.016e+00 1.562e-01 1.557e-02 -1.583e-16 -1.912e-08
1.031e+00 1.562e-01 3.085e-02 -9.021e-17 -1.841e-08
1.047e+00 1.562e-01 4.554e-02 -4.012e-17 -1.640e-08
1.062e+00 1.562e-01 5.938e-02 -8.321e-18 -1.438e-08
1.078e+00 1.562e-01 7.215e-02 5.551e-17 -1.135e-08
1.094e+00 1.562e-01 8.363e-02 9.021e-17 -8.328e-09
1.109e+00 1.562e-01 9.371e-02 9.714e-17 -4.796e-09
1.125e+00 1.562e-01 1.023e-01 2.637e-16 -1.264e-09
1.141e+00 1.562e-01 1.093e-01 1.769e-16 2.403e-09
1.156e+00 1.562e-01 1.149e-01 8.327e-17 6.069e-09
1.172e+00 1.562e-01 1.190e-01 9.021e-17 8.692e-09
1.188e+00 1.562e-01 1.219e-01 6.939e-17 1.131e-08
1.203e+00 1.562e-01 1.237e-01 1.041e-16 1.481e-08
1.219e+00 1.562e-01 1.246e-01 1.388e-16 1.830e-08
1.234e+00 1.562e-01 1.249e-01 1.943e-16 1.350e-08
1.250e+00 1.562e-01 1.250e-01 0.000e+00 8.694e-09
1.266e+00 1.562e-01 1.250e-01 5.551e-17 3.182e-09
1.281e+00 1.562e-01 1.250e-01 -8.327e-17 -2.330e-09
1.297e+00 1.562e-01 1.250e-01 -9.714e-17 -8.528e-10
1.312e+00 1.562e-01 1.250e-01 -1.527e-16 6.242e-10
1.328e+00 1.562e-01 1.250e-01 -2.082e-16 2.284e-10
1.344e+00 1.562e-01 1.250e-01 -1.665e-16 -1.673e-10
1.359e+00 1.562e-01 1.250e-01 -2.290e-16 -6.129e-11
1.375e+00 1.562e-01 1.250e-01 -1.527e-16 4.476e-11
1.391e+00 1.562e-01 1.250e-01 2.151e-16 1.634e-11
1.406e+00 1.562e-01 1.250e-01 2.776e-17 -1.207e-11
1.422e+00 1.562e-01 1.250e-01 1.804e-16 -4.450e-12
1.438e+00 1.562e-01 1.250e-01 -2.776e-17 3.174e-12
1.453e+00 1.562e-01 1.250e-01 -2.082e-17 1.127e-12
1.469e+00 1.562e-01 1.250e-01 -1.388e-17 -9.188e-13
1.484e+00 1.562e-01 1.250e-01 -1.318e-16 -3.686e-13
1.500e+00 1.562e-01 1.250e-01 -3.175e-16 1.816e-13
1.516e+00 1.562e-01 1.250e-01 -1.110e-16 1.930e-14
1.531e+00 1.562e-01 1.250e-01 2.776e-17 -1.430e-13
1.547e+00 1.562e-01 1.250e-01 -4.025e-16 -6.193e-14
1.562e+00 1.562e-01 1.250e-01 -1.978e-16 1.912e-14
1.578e+00 1.562e-01 1.250e-01 -2.168e-17 -2.084e-14
1.594e+00 1.562e-01 1.250e-01 6.310e-17 -6.081e-14
1.609e+00 1.562e-01 1.250e-01 2.776e-17 -4.021e-14
1.625e+00 1.562e-01 1.250e-01 1.485e-16 -1.962e-14
1.641e+00 1.562e-01 1.250e-01 2.776e-16 -4.079e-14
1.656e+00 1.562e-01 1.250e-01 9.021e-17 -6.196e-14
1.672e+00 1.562e-01 1.250e-01 0.000e+00 -4.894e-14
1.688e+00 1.562e-01 1.250e-01 1.362e-16 -3.592e-14
1.703e+00 1.562e-01 1.250e-01 1.110e-16 -3.530e-14
1.719e+00 1.562e-01 1.250e-01 1.119e-16 -3.468e-14
1.734e+00 1.562e-01 1.250e-01 1.943e-16 -2.920e-14
1.750e+00 1.562e-01 1.250e-01 -8.674e-19 -2.373e-14
1.766e+00 1.562e-01 1.250e-01 -5.551e-17 -3.225e-14
1.781e+00 1.562e-01 1.250e-01 -1.440e-16 -4.077e-14
1.797e+00 1.562e-01 1.250e-01 -5.551e-17 -3.630e-14
1.812e+00 1.562e-01 1.250e-01 -3.140e-16 -3.183e-14
1.828e+00 1.562e-01 1.250e-01 -4.025e-16 -2.805e-14
1.844e+00 1.562e-01 1.250e-01 -4.042e-16 -2.428e-14
1.859e+00 1.562e-01 1.250e-01 -2.082e-16 -2.056e-14
1.875e+00 1.562e-01 1.250e-01 -3.062e-16 -1.684e-14
1.891e+00 1.562e-01 1.250e-01 -4.302e-16 -1.376e-14
1.906e+00 1.562e-01 1.250e-01 -1.752e-16 -1.068e-14
1.922e+00 1.562e-01 1.250e-01 4.163e-17 -3.018e-15
1.938e+00 1.562e-01 1.250e-01 3.816e-17 4.647e-15
1.953e+00 1.562e-01 1.250e-01 -9.714e-17 9.165e-15
1.969e+00 1.562e-01 1.250e-01 3.469e-17 1.368e-14
1.984e+00 1.562e-01 1.250e-01 1.398e-16 1.638e-14
2.000e+00 1.562e-01 1.250e-01 -8.327e-17 1.908e-14
0.000e+00 1.719e-01 -1.250e-01 -3.747e-16 1.101e-15
1.562e-02 1.719e-01 -1.250e-01 -1.874e-16 4.987e-15
3.125e-02 1.719e-01 -1.250e-01 -1.318e-16 8.873e-15
4.688e-02 1.719e-01 -1.250e-01 1.353e-16 -1.097e-15
6.250e-02 1.719e-01 -1.250e-01 1.110e-16 -1.107e-14
7.812e-02 1.719e-01 -1.250e-01 1.665e-16 -5.513e-15
9.375e-02 1.719e-01 -1.250e-01 9.021e-17 3.968e-17
1.094e-01 1.719e-01 -1.250e-01 2.702e-16 -8.419e-15
1.250e-01 1.719e-01 -1.250e-01 4.441e-16 -1.688e-14
1.406e-01 1.719e-01 -1.250e-01 3.504e-16 -7.724e-15
1.562e-01 1.719e-01 -1.250e-01 3.608e-16 1.428e-15
1.719e-01 1.719e-01 -1.250e-01 4.055e-16 -1.274e-14
1.875e-01 1.719e-01 -1.250e-01 4.493e-16 -2.690e-14
2.031e-01 1.719e-01 -1.250e-01 3.920e-16 -1.721e-14
2.188e-01 1.719e-01 -1.250e-01 4.302e-16 -7.528e-15
2.344e-01 1.719e-01 -1.250e-01 2.134e-16 -1.196e-14
2.500e-01 1.719e-01 -1.250e-01 2.498e-16 -1.638e-14
2.656e-01 1.719e-01 -1.250e-01 1.453e-16 -2.964e-14
2.812e-01 1.719e-01 -1.250e-01 1.076e-16 -4.290e-14
2.969e-01 1.719e-01 -1.250e-01 2.776e-17 -3.848e-14
3.125e-01 1.719e-01 -1.250e-01 1.665e-16 -3.407e-14
3.281e-01 1.719e-01 -1.250e-01 -1.995e-17 -3.949e-14
3.438e-01 1.719e-01 -1.250e-01 -1.180e-16 -4.491e-14
3.594e-01 1.719e-01 -1.250e-01 -2.333e-16 -4.171e-14
3.750e-01 1.719e-01 -1.250e-01 -6.106e-16 -3.851e-14
3.906e-01 1.719e-01 -1.250e-01 -2.914e-16 -5.320e-14
4.062e-01 1.719e-01 -1.250e-01 -1.408e-16 -6.789e-14
4.219e-01 1.719e-01 -1.250e-01 -1.318e-16 -5.643e-14
4.375e-01 1.719e-01 -1.250e-01 -3.276e-16 -4.497e-14
4.531e-01 1.719e-01 -1.250e-01 5.898e-17 -8.346e-14
4.688e-01 1.719e-01 -1.250e-01 1.943e-16 -1.220e-13
4.844e-01 1.719e-01 -1.250e-01 2.429e-16 2.778e-14
5.000e-01 1.719e-01 -1.250e-01 5.274e-16 1.775e-13
5.156e-01 1.719e-01 -1.250e-01 2.901e-16 -3.704e-13
5.312e-01 1.719e-01 -1.250e-01 2.359e-16 -9.184e-13
5.469e-01 1.719e-01 -1.250e-01 2.455e-16 1.124e-12
5.625e-01 1.719e-01 -1.250e-01 1.388e-16 3.166e-12
5.781e-01 1.719e-01 -1.250e-01 2.225e-16 -4.462e-12
5.938e-01 1.719e-01 -1.250e-01 1.968e-16 -1.209e-11
6.094e-01 1.719e-01 -1.250e-01 1.238e-16 1.633e-11
6.250e-01 1.719e-01 -1.250e-01 8.674e-17 4.475e-11
6.406e-01 1.719e-01 -1.250e-01 5.551e-17 -6.129e-11
6.562e-01 1.719e-01 -1.250e-01 -3.469e-18 -1.673e-10
6.719e-01 1.719e-01 -1.250e-01 -4.857e-17 2.284e-10
6.875e-01 1.719e-01 -1.250e-01 -1.735e-18 6.242e-10
7.031e-01 1.719e-01 -1.250e-01 4.163e-17 -8.528e-10
7.188e-01 1.719e-01 -1.250e-01 -1.266e-16 -2.330e-09
7.344e-01 1.719e-01 -1.250e-01 -1.596e-16 3.182e-09
7.500e-01 1.719e-01 -1.250e-01 -3.643e-17 8.694e-09
7.656e-01 1.719e-01 -1.249e-01 9.021e-17 1.350e-08
7.812e-01 1.719e-01 -1.246e-01 -2.082e-17 1.830e-08
7.969e-01 1.719e-01 -1.237e-01 -8.327e-17 1.481e-08
8.125e-01 1.719e-01 -1.219e-01 -7.633e-17 1.131e-08
8.281e-01 1.719e-01 -1.190e-01 -1.388e-17 8.692e-09
8.438e-01 1.719e-01 -1.149e-01 -1.041e-16 6.069e-09
8.594e-01 1.719e-01 -1.093e-01 -2.082e-16 2.402e-09
8.750e-01 1.719e-01 -1.023e-01 -9.888e-17 -1.264e-09
8.906e-01 1.719e-01 -9.371e-02 4.163e-17 -4.796e-09
9.062e-01 1.719e-01 -8.363e-02 9.628e-17 -8.328e-09
9.219e-01 1.719e-01 -7.215e-02 5.204e-17 -1.135e-08
9.375e-01 1.719e-01 -5.938e-02 1.041e-16 -1.438e-08
9.531e-01 1.719e-01 -4.554e-02 1.440e-16 -1.640e-08
9.688e-01 1.719e-01 -3.085e-02 -1.518e-17 -1.841e-08
9.844e-01 1.719e-01 -1.557e-02 -1.475e-16 -1.912e-08
1.000e+00 1.719e-01 -1.190e-15 -1.596e-16 -1.983e-08
1.016e+00 1.719e-01 1.557e-02 -1.475e-16 -1.912e-08
1.031e+00 1.719e-01 3.085e-02 -9.714e-17 -1.841e-08
1.047e+00 1.719e-01 4.554e-02 -4.770e-17 -1.640e-08
1.062e+00 1.719e-01 5.938e-02 -3.696e-17 -1.438e-08
1.078e+00 1.719e-01 7.215e-02 5.725e-17 -1.135e-08
1.094e+00 1.719e-01 8.363e-02 1.067e-16 -8.328e-09
1.109e+00 1.719e-01 9.371e-02 1.110e-16 -4.796e-09
1.125e+00 1.719e-01 1.023e-01 1.683e-16 -1.264e-09
1.141e+00 1.719e-01 1.093e-01 1.908e-16 2.403e-09
1.156e+00 1.719e-01 1.149e-01 1.318e-16 6.069e-09
1.172e+00 1.719e-01 1.190e-01 8.674e-17 8.692e-09
1.188e+00 1.719e-01 1.219e-01 7.112e-17 1.131e-08
1.203e+00 1.719e-01 1.237e-01 3.469e-18 1.481e-08
1.219e+00 1.719e-01 1.246e-01 2.602e-17 1.830e-08
1.234e+00 1.719e-01 1.249e-01 7.633e-17 1.350e-08
1.250e+00 1.719e-01 1.250e-01 1.292e-16 8.694e-09
1.266e+00 1.719e-01 1.250e-01 1.110e-16 3.182e-09
1.281e+00 1.719e-01 1.250e-01 2.776e-17 -2.330e-09
1.297e+00 1.719e-01 1.250e-01 -2.776e-17 -8.528e-10
1.312e+00 1.719e-01 1.250e-01 -1.258e-16 6.241e-10
1.328e+00 1.719e-01 1.250e-01 -1.804e-16 2.284e-10
1.344e+00 1.719e-01 1.250e-01 -2.168e-16 -1.673e-10
1.359e+00 1.719e-01 1.250e-01 -1.631e-16 -6.129e-11
1.375e+00 1.719e-01 1.250e-01 2.602e-18 4.475e-11
1.391e+00 1.719e-01 1.250e-01 6.939e-17 1.634e-11
1.406e+00 1.719e-01 1.250e-01 6.939e-17 -1.207e-11
1.422e+00 1.719e-01 1.250e-01 -1.041e-17 -4.453e-12
1.438e+00 1.719e-01 1.250e-01 3.383e-17 3.169e-12
1.453e+00 1.719e-01 1.250e-01 3.469e-17 1.124e-12
1.469e+00 1.719e-01 1.250e-01 -5.378e-17 -9.207e-13
1.484e+00 1.719e-01 1.250e-01 -1.145e-16 -3.741e-13
1.500e+00 1.719e-01 1.250e-01 -1.639e-16 1.724e-13
1.516e+00 1.719e-01 1.250e-01 -9.714e-17 2.148e-14
1.531e+00 1.719e-01 1.250e-01 -1.431e-16 -1.294e-13
1.547e+00 1.719e-01 1.250e-01 -9.021e-17 -6.888e-14
1.562e+00 1.719e-01 1.250e-01 4.337e-17 -8.316e-15
1.578e+00 1.719e-01 1.250e-01 9.021e-17 -2.764e-14
1.594e+00 1.719e-01 1.250e-01 1.093e-16 -4.697e-14
1.609e+00 1.719e-01 1.250e-01 2.290e-16 -4.368e-14
1.625e+00 1.719e-01 1.250e-01 2.663e-16 -4.039e-14
1.641e+00 1.719e-01 1.250e-01 2.012e-16 -3.628e-14
1.656e+00 1.719e-01 1.250e-01 9.541e-18 -3.217e-14
1.672e+00 1.719e-01 1.250e-01 4.510e-17 -4.013e-14
1.688e+00 1.719e-01 1.250e-01 1.275e-16 -4.810e-14
1.703e+00 1.719e-01 1.250e-01 1.041e-16 -4.125e-14
1.719e+00 1.719e-01 1.250e-01 9.801e-17 -3.441e-14
1.734e+00 1.719e-01 1.250e-01 8.327e-17 -3.054e-14
1.750e+00 1.719e-01 1.250e-01 4.857e-17 -2.667e-14
1.766e+00 1.719e-01 1.250e-01 -9.368e-17 -2.979e-14
1.781e+00 1.719e-01 1.250e-01 -1.422e-16 -3.291e-14
1.797e+00 1.719e-01 1.250e-01 -1.422e-16 -3.383e-14
1.812e+00 1.719e-01 1.250e-01 -2.550e-16 -3.475e-14
1.828e+00 1.719e-01 1.250e-01 -3.123e-16 -2.485e-14
1.844e+00 1.719e-01 1.250e-01 -3.331e-16 -1.494e-14
1.859e+00 1.719e-01 1.250e-01 -2.637e-16 -1.745e-14
1.875e+00 1.719e-01 1.250e-01 -2.489e-16 -1.997e-14
1.891e+00 1.719e-01 1.250e-01 -2.429e-16 -1.338e-14
1.906e+00 1.719e-01 1.250e-01 -1.448e-16 -6.802e-15
1.922e+00 1.719e-01 1.250e-01 -6.939e-18 -1.457e-16
1.938e+00 1.719e-01 1.250e-01 2.226e-16 6.511e-15
1.953e+00 1.719e-01 1.250e-01 8.327e-17 1.032e-14
1.969e+00 1.719e-01 1.250e-01 2.254e-16 1.413e-14
1.984e+00 1.719e-01 1.250e-01 1.414e-16 1.013e-14
2.000e+00 1.719e-01 1.250e-01 1.036e-16 6.129e-15
0.000e+00 1.875e-01 -1.250e-01 -3.091e-16 -4.495e-16
1.562e-02 1.875e-01 -1.250e-01 -1.949e-16 6.111e-15
3.125e-02 1.875e-01 -1.250e-01 -6.011e-17 1.267e-14
4.688e-02 1.875e-01 -1.250e-01 3.469e-17 -3.350e-15
6.250e-02 1.875e-01 -1.250e-01 3.816e-17 -1.937e-14
7.812e-02 1.875e-01 -1.250e-01 1.041e-16 -5.520e-15
9.375e-02 1.875e-01 -1.250e-01 1.422e-16 8.333e-15
1.094e-01 1.875e-01 -1.250e-01 1.665e-16 -1.254e-14
1.250e-01 1.875e-01 -1.250e-01 2.914e-16 -3.341e-14
1.406e-01 1.875e-01 -1.250e-01 2.498e-16 -9.728e-15
1.562e-01 1.875e-01 -1.250e-01 2.220e-16 1.395e-14
1.719e-01 1.875e-01 -1.250e-01 2.776e-16 -1.886e-14
1.875e-01 1.875e-01 -1.250e-01 3.088e-16 -5.168e-14
2.031e-01 1.875e-01 -1.250e-01 3.192e-16 -2.582e-14
2.188e-01 1.875e-01 -1.250e-01 2.220e-16 2.944e-17
2.344e-01 1.875e-01 -1.250e-01 2.776e-16 -5.377e-15
2.500e-01 1.875e-01 -1.250e-01 1.665e-16 -1.078e-14
2.656e-01 1.875e-01 -1.250e-01 1.110e-16 -3.145e-14
2.812e-01 1.875e-01 -1.250e-01 5.898e-17 -5.212e-14
2.969e-01 1.875e-01 -1.250e-01 2.776e-17 -3.581e-14
3.125e-01 1.875e-01 -1.250e-01 -1.266e-16 -1.951e-14
3.281e-01 1.875e-01 -1.250e-01 -9.714e-17 -3.270e-14
3.438e-01 1.875e-01 -1.250e-01 -1.318e-16 -4.590e-14
3.594e-01 1.875e-01 -1.250e-01 -2.359e-16 -4.706e-14
3.750e-01 1.875e-01 -1.250e-01 -4.996e-16 -4.822e-14
3.906e-01 1.875e-01 -1.250e-01 -2.736e-16 -6.066e-14
4.062e-01 1.875e-01 -1.250e-01 -1.527e-16 -7.310e-14
4.219e-01 1.875e-01 -1.250e-01 -2.082e-16 -6.446e-14
4.375e-01 1.875e-01 -1.250e-01 -1.943e-16 -5.581e-14
4.531e-01 1.875e-01 -1.250e-01 1.388e-17 -9.095e-14
4.688e-01 1.875e-01 -1.250e-01 1.388e-16 -1.261e-13
4.844e-01 1.875e-01 -1.250e-01 2.151e-16 2.732e-14
5.000e-01 1.875e-01 -1.250e-01 1.943e-16 1.807e-13
5.156e-01 1.875e-01 -1.250e-01 2.220e-16 -3.658e-13
5.312e-01 1.875e-01 -1.250e-01 1.665e-16 -9.123e-13
5.469e-01 1.875e-01 -1.250e-01 9.714e-17 1.125e-12
5.625e-01 1.875e-01 -1.250e-01 2.776e-17 3.163e-12
5.781e-01 1.875e-01 -1.250e-01 9.931e-17 -4.464e-12
5.938e-01 1.875e-01 -1.250e-01 9.714e-17 -1.209e-11
6.094e-01 1.875e-01 -1.250e-01 1.475e-17 1.633e-11
6.250e-01 1.875e-01 -1.250e-01 -3.123e-17 4.475e-11
6.406e-01 1.875e-01 -1.250e-01 2.541e-16 -6.129e-11
6.562e-01 1.875e-01 -1.250e-01 -3.036e-18 -1.673e-10
6.719e-01 1.875e-01 -1.250e-01 -1.821e-16 2.284e-10
6.875e-01 1.875e-01 -1.250e-01 5.204e-17 6.242e-10
7.031e-01 1.875e-01 -1.250e-01 2.663e-16 -8.528e-10
7.188e-01 1.875e-01 -1.250e-01 -3.101e-17 -2.330e-09
7.344e-01 1.875e-01 -1.250e-01 -3.851e-16 3.182e-09
7.500e-01 1.875e-01 -1.250e-01 -7.980e-17 8.694e-09
7.656e-01 1.875e-01 -1.249e-01 2.168e-16 1.350e-08
7.812e-01 1.875e-01 -1.246e-01 2.776e-17 1.830e-08
7.969e-01 1.875e-01 -1.237e-01 -2.680e-16 1.481e-08
8.125e-01 1.875e-01 -1.219e-01 -4.250e-17 1.131e-08
8.281e-01 1.875e-01 -1.190e-01 1.561e-16 8.692e-09
8.438e-01 1.875e-01 -1.149e-01 -9.454e-17 6.069e-09
8.594e-01 1.875e-01 -1.093e-01 -4.016e-16 2.402e-09
8.750e-01 1.875e-01 -1.023e-01 -9.194e-17 -1.264e-09
8.906e-01 1.875e-01 -9.371e-02 2.472e-16 -4.796e-09
9.062e-01 1.875e-01 -8.363e-02 1.214e-17 -8.328e-09
9.219e-01 1.875e-01 -7.215e-02 -2.290e-16 -1.135e-08
9.375e-01 1.875e-01 -5.938e-02 1.080e-16 -1.438e-08
9.531e-01 1.875e-01 -4.554e-02 3.730e-16 -1.640e-08
9.688e-01 1.875e-01 -3.085e-02 1.129e-17 -1.841e-08
9.844e-01 1.875e-01 -1.557e-02 -2.914e-16 -1.912e-08
1.000e+00 1.875e-01 -1.312e-15 -7.589e-17 -1.983e-08
1.016e+00 1.875e-01 1.557e-02 -9.931e-17 -1.912e-08
1.031e+00 1.875e-01 3.085e-02 -9.021e-17 -1.841e-08
1.047e+00 1.875e-01 4.554e-02 -7.301e-17 -1.640e-08
1.062e+00 1.875e-01 5.938e-02 -2.629e-17 -1.438e-08
1.078e+00 1.875e-01 7.215e-02 8.674e-18 -1.135e-08
1.094e+00 1.875e-01 8.363e-02 1.112e-16 -8.328e-09
1.109e+00 1.875e-01 9.371e-02 6.765e-17 -4.796e-09
1.125e+00 1.875e-01 1.023e-01 9.645e-17 -1.264e-09
1.141e+00 1.875e-01 1.093e-01 1.856e-16 2.403e-09
1.156e+00 1.875e-01 1.149e-01 1.067e-16 6.069e-09
1.172e+00 1.875e-01 1.190e-01 -8.674e-17 8.692e-09
1.188e+00 1.875e-01 1.219e-01 2.278e-16 1.131e-08
1.203e+00 1.875e-01 1.237e-01 -2.446e-16 1.481e-08
1.219e+00 1.875e-01 1.246e-01 1.597e-16 1.830e-08
1.234e+00 1.875e-01 1.249e-01 1.648e-16 1.350e-08
1.250e+00 1.875e-01 1.250e-01 5.654e-17 8.694e-09
1.266e+00 1.875e-01 1.250e-01 3.157e-16 3.182e-09
1.281e+00 1.875e-01 1.250e-01 -5.149e-17 -2.330e-09
1.297e+00 1.875e-01 1.250e-01 7.633e-17 -8.528e-10
1.312e+00 1.875e-01 1.250e-01 -2.714e-16 6.241e-10
1.328e+00 1.875e-01 1.250e-01 -1.301e-16 2.284e-10
1.344e+00 1.875e-01 1.250e-01 -2.142e-16 -1.673e-10
1.359e+00 1.875e-01 1.250e-01 -1.735e-18 -6.128e-11
1.375e+00 1.875e-01 1.250e-01 8.028e-17 4.475e-11
1.391e+00 1.875e-01 1.250e-01 -5.204e-17 1.634e-11
1.406e+00 1.875e-01 1.250e-01 -4.505e-17 -1.208e-11
1.422e+00 1.875e-01 1.250e-01 -3.018e-16 -4.456e-12
1.438e+00 1.875e-01 1.250e-01 1.492e-16 3.164e-12
1.453e+00 1.875e-01 1.250e-01 -3.469e-17 1.121e-12
1.469e+00 1.875e-01 1.250e-01 9.796e-18 -9.226e-13
1.484e+00 1.875e-01 1.250e-01 -2.064e-16 -3.797e-13
1.500e+00 1.875e-01 1.250e-01 -8.976e-17 1.633e-13
1.516e+00 1.875e-01 1.250e-01 -1.041e-16 2.367e-14
1.531e+00 1.875e-01 1.250e-01 -1.002e-16 -1.159e-13
1.547e+00 1.875e-01 1.250e-01 -8.847e-17 -7.583e-14
1.562e+00 1.875e-01 1.250e-01 2.097e-16 -3.575e-14
1.578e+00 1.875e-01 1.250e-01 -1.041e-17 -3.444e-14
1.594e+00 1.875e-01 1.250e-01 2.627e-16 -3.313e-14
1.609e+00 1.875e-01 1.250e-01 4.319e-16 -4.714e-14
1.625e+00 1.875e-01 1.250e-01 9.252e-17 -6.116e-14
1.641e+00 1.875e-01 1.250e-01 3.990e-16 -3.177e-14
1.656e+00 1.875e-01 1.250e-01 9.802e-17 -2.374e-15
1.672e+00 1.875e-01 1.250e-01 9.021e-17 -3.133e-14
1.688e+00 1.875e-01 1.250e-01 1.870e-17 -6.028e-14
1.703e+00 1.875e-01 1.250e-01 -1.041e-17 -4.721e-14
1.719e+00 1.875e-01 1.250e-01 5.984e-17 -3.414e-14
1.734e+00 1.875e-01 1.250e-01 1.388e-17 -3.188e-14
1.750e+00 1.875e-01 1.250e-01 -3.167e-17 -2.962e-14
1.766e+00 1.875e-01 1.250e-01 -1.023e-16 -2.733e-14
1.781e+00 1.875e-01 1.250e-01 -1.460e-16 -2.504e-14
1.797e+00 1.875e-01 1.250e-01 -8.500e-17 -3.136e-14
1.812e+00 1.875e-01 1.250e-01 -3.934e-16 -3.768e-14
1.828e+00 1.875e-01 1.250e-01 -1.440e-16 -2.164e-14
1.844e+00 1.875e-01 1.250e-01 -1.343e-16 -5.605e-15
1.859e+00 1.875e-01 1.250e-01 -1.874e-16 -1.435e-14
1.875e+00 1.875e-01 1.250e-01 -1.643e-16 -2.310e-14
1.891e+00 1.875e-01 1.250e-01 -4.668e-16 -1.301e-14
1.906e+00 1.875e-01 1.250e-01 -5.383e-17 -2.922e-15
1.922e+00 1.875e-01 1.250e-01 1.187e-17 2.726e-15
1.938e+00 1.875e-01 1.250e-01 6.513e-17 8.374e-15
1.953e+00 1.875e-01 1.250e-01 2.059e-16 1.148e-14
1.969e+00 1.875e-01 1.250e-01 7.043e-17 1.458e-14
1.984e+00 1.875e-01 1.250e-01 6.272e-17 3.881e-15
2.000e+00 1.875e-01 1.250e-01 1.527e-16 -6.822e-15
0.000e+00 2.031e-01 -1.250e-01 -1.769e-16 -4.431e-15
1.562e-02 2.031e-01 -1.250e-01 -8.316e-17 -2.024e-16
3.125e-02 2.031e-01 -1.250e-01 -9.541e-18 4.026e-15
4.688e-02 2.031e-01 -1.250e-01 2.602e-18 -4.563e-15
6.250e-02 2.031e-01 -1.250e-01 2.776e-17 -1.315e-14
7.812e-02 2.031e-01 -1.250e-01 5.551e-17 -4.146e-15
9.375e-02 2.031e-01 -1.250e-01 5.551e-17 4.860e-15
1.094e-01 2.031e-01 -1.250e-01 1.145e-16 -7.954e-15
1.250e-01 2.031e-01 -1.250e-01 1.197e-16 -2.077e-14
1.406e-01 2.031e-01 -1.250e-01 1.609e-16 -1.048e-14
1.562e-01 2.031e-01 -1.250e-01 2.776e-16 -2.026e-16
1.719e-01 2.031e-01 -1.250e-01 1.943e-16 -1.399e-14
1.875e-01 2.031e-01 -1.250e-01 9.714e-17 -2.778e-14
2.031e-01 2.031e-01 -1.250e-01 1.626e-16 -2.018e-14
2.188e-01 2.031e-01 -1.250e-01 1.943e-16 -1.257e-14
2.344e-01 2.031e-01 -1.250e-01 1.388e-16 -1.542e-14
2.500e-01 2.031e-01 -1.250e-01 2.108e-16 -1.828e-14
2.656e-01 2.031e-01 -1.250e-01 5.464e-17 -3.034e-14
2.812e-01 2.031e-01 -1.250e-01 -8.327e-17 -4.241e-14
2.969e-01 2.031e-01 -1.250e-01 5.551e-17 -3.391e-14
3.125e-01 2.031e-01 -1.250e-01 -1.180e-16 -2.541e-14
3.281e-01 2.031e-01 -1.250e-01 -8.327e-17 -3.414e-14
3.438e-01 2.031e-01 -1.250e-01 -1.943e-16 -4.287e-14
3.594e-01 2.031e-01 -1.250e-01 -8.327e-17 -4.034e-14
3.750e-01 2.031e-01 -1.250e-01 -2.368e-16 -3.781e-14
3.906e-01 2.031e-01 -1.250e-01 -1.830e-16 -5.414e-14
4.062e-01 2.031e-01 -1.250e-01 -5.551e-17 -7.046e-14
4.219e-01 2.031e-01 -1.250e-01 -2.776e-17 -5.993e-14
4.375e-01 2.031e-01 -1.250e-01 -8.327e-17 -4.940e-14
4.531e-01 2.031e-01 -1.250e-01 -8.674e-18 -8.922e-14
4.688e-01 2.031e-01 -1.250e-01 -5.551e-17 -1.290e-13
4.844e-01 2.031e-01 -1.250e-01 1.110e-16 2.387e-14
5.000e-01 2.031e-01 -1.250e-01 1.544e-16 1.768e-13
5.156e-01 2.031e-01 -1.250e-01 1.401e-16 -3.705e-13
5.312e-01 2.031e-01 -1.250e-01 8.327e-17 -9.178e-13
5.469e-01 2.031e-01 -1.250e-01 1.943e-16 1.121e-12
5.625e-01 2.031e-01 -1.250e-01 5.117e-17 3.159e-12
5.781e-01 2.031e-01 -1.250e-01 3.036e-17 -4.461e-12
5.938e-01 2.031e-01 -1.250e-01 2.776e-17 -1.208e-11
6.094e-01 2.031e-01 -1.250e-01 0.000e+00 1.633e-11
6.250e-01 2.031e-01 -1.250e-01 1.908e-17 4.475e-11
6.406e-01 2.031e-01 -1.250e-01 4.554e-17 -6.129e-11
6.562e-01 2.031e-01 -1.250e-01 5.551e-17 -1.673e-10
6.719e-01 2.031e-01 -1.250e-01 -5.551e-17 2.284e-10
6.875e-01 2.031e-01 -1.250e-01 9.194e-17 6.242e-10
7.031e-01 2.031e-01 -1.250e-01 1.050e-16 -8.528e-10
7.188e-01 2.031e-01 -1.250e-01 -1.388e-16 -2.330e-09
7.344e-01 2.031e-01 -1.250e-01 -2.776e-17 3.182e-09
7.500e-01 2.031e-01 -1.250e-01 -6.852e-17 8.694e-09
7.656e-01 2.031e-01 -1.249e-01 7.459e-17 1.350e-08
7.812e-01 2.031e-01 -1.246e-01 1.388e-16 1.830e-08
7.969e-01 2.031e-01 -1.237e-01 -1.110e-16 1.481e-08
8.125e-01 2.031e-01 -1.219e-01 -2.776e-17 1.131e-08
8.281e-01 2.031e-01 -1.190e-01 -3.339e-17 8.692e-09
8.438e-01 2.031e-01 -1.149e-01 -1.110e-16 6.069e-09
8.594e-01 2.031e-01 -1.093e-01 -2.220e-16 2.402e-09
8.750e-01 2.031e-01 -1.023e-01 -5.681e-17 -1.264e-09
8.906e-01 2.031e-01 -9.371e-02 4.250e-17 -4.796e-09
9.062e-01 2.031e-01 -8.363e-02 9.714e-17 -8.328e-09
9.219e-01 2.031e-01 -7.215e-02 4.163e-17 -1.135e-08
9.375e-01 2.031e-01 -5.938e-02 9.541e-17 -1.438e-08
9.531e-01 2.031e-01 -4.554e-02 1.509e-16 -1.640e-08
9.688e-01 2.031e-01 -3.085e-02 2.158e-17 -1.841e-08
9.844e-01 2.031e-01 -1.557e-02 -9.975e-17 -1.912e-08
1.000e+00 2.031e-01 -1.297e-15 -7.980e-17 -1.983e-08
1.016e+00 2.031e-01 1.557e-02 -6.765e-17 -1.912e-08
1.031e+00 2.031e-01 3.085e-02 -5.675e-17 -1.841e-08
1.047e+00 2.031e-01 4.554e-02 -6.158e-17 -1.640e-08
1.062e+00 2.031e-01 5.938e-02 -6.787e-17 -1.438e-08
1.078e+00 2.031e-01 7.215e-02 -3.469e-18 -1.135e-08
1.094e+00 2.031e-01 8.363e-02 6.939e-17 -8.328e-09
1.109e+00 2.031e-01 9.371e-02 6.765e-17 -4.796e-09
1.125e+00 2.031e-01 1.023e-01 9.714e-17 -1.264e-09
1.141e+00 2.031e-01 1.093e-01 6.592e-17 2.403e-09
1.156e+00 2.031e-01 1.149e-01 -2.776e-17 6.069e-09
1.172e+00 2.031e-01 1.190e-01 -1.735e-18 8.692e-09
1.188e+00 2.031e-01 1.219e-01 -3.816e-17 1.131e-08
1.203e+00 2.031e-01 1.237e-01 -2.776e-17 1.481e-08
1.219e+00 2.031e-01 1.246e-01 8.327e-17 1.830e-08
1.234e+00 2.031e-01 1.249e-01 1.596e-16 1.350e-08
1.250e+00 2.031e-01 1.250e-01 1.943e-16 8.694e-09
1.266e+00 2.031e-01 1.250e-01 1.318e-16 3.182e-09
1.281e+00 2.031e-01 1.250e-01 1.110e-16 -2.330e-09
1.297e+00 2.031e-01 1.250e-01 -3.990e-17 -8.528e-10
1.312e+00 2.031e-01 1.250e-01 -1.353e-16 6.242e-10
1.328e+00 2.031e-01 1.250e-01 -1.214e-16 2.284e-10
1.344e+00 2.031e-01 1.250e-01 -2.776e-17 -1.673e-10
1.359e+00 2.031e-01 1.250e-01 -5.204e-17 -6.129e-11
1.375e+00 2.031e-01 1.250e-01 -3.990e-17 4.475e-11
1.391e+00 2.031e-01 1.250e-01 -4.510e-17 1.634e-11
1.406e+00 2.031e-01 1.250e-01 -1.110e-16 -1.207e-11
1.422e+00 2.031e-01 1.250e-01 -8.674e-17 -4.459e-12
1.438e+00 2.031e-01 1.250e-01 -2.429e-17 3.155e-12
1.453e+00 2.031e-01 1.250e-01 -3.123e-17 1.117e-12
1.469e+00 2.031e-01 1.250e-01 -1.665e-16 -9.225e-13
1.484e+00 2.031e-01 1.250e-01 -1.197e-16 -3.781e-13
1.500e+00 2.031e-01 1.250e-01 -8.327e-17 1.663e-13
1.516e+00 2.031e-01 1.250e-01 -5.204e-17 2.323e-14
1.531e+00 2.031e-01 1.250e-01 -8.327e-17 -1.199e-13
1.547e+00 2.031e-01 1.250e-01 -8.674e-18 -7.528e-14
1.562e+00 2.031e-01 1.250e-01 7.459e-17 -3.069e-14
1.578e+00 2.031e-01 1.250e-01 1.110e-16 -3.697e-14
1.594e+00 2.031e-01 1.250e-01 2.220e-16 -4.325e-14
1.609e+00 2.031e-01 1.250e-01 2.168e-16 -4.010e-14
1.625e+00 2.031e-01 1.250e-01 1.908e-16 -3.695e-14
1.641e+00 2.031e-01 1.250e-01 2.741e-16 -2.975e-14
1.656e+00 2.031e-01 1.250e-01 3.608e-16 -2.254e-14
1.672e+00 2.031e-01 1.250e-01 1.232e-16 -3.506e-14
1.688e+00 2.031e-01 1.250e-01 -3.643e-17 -4.758e-14
1.703e+00 2.031e-01 1.250e-01 6.939e-18 -3.924e-14
1.719e+00 2.031e-01 1.250e-01 2.776e-17 -3.089e-14
1.734e+00 2.031e-01 1.250e-01 -2.776e-17 -3.199e-14
1.750e+00 2.031e-01 1.250e-01 -6.765e-17 -3.308e-14
1.766e+00 2.031e-01 1.250e-01 -1.388e-16 -2.918e-14
1.781e+00 2.031e-01 1.250e-01 -2.776e-16 -2.527e-14
1.797e+00 2.031e-01 1.250e-01 -1.683e-16 -2.786e-14
1.812e+00 2.031e-01 1.250e-01 -1.804e-16 -3.045e-14
1.828e+00 2.031e-01 1.250e-01 -1.422e-16 -1.804e-14
1.844e+00 2.031e-01 1.250e-01 -5.551e-17 -5.631e-15
1.859e+00 2.031e-01 1.250e-01 -1.648e-16 -9.497e-15
1.875e+00 2.031e-01 1.250e-01 -2.186e-16 -1.336e-14
1.891e+00 2.031e-01 1.250e-01 -2.151e-16 -7.933e-15
1.906e+00 2.031e-01 1.250e-01 -1.388e-16 -2.504e-15
1.922e+00 2.031e-01 1.250e-01 -7.806e-18 1.139e-15
1.938e+00 2.031e-01 1.250e-01 1.381e-16 4.781e-15
1.953e+00 2.031e-01 1.250e-01 1.518e-16 4.795e-15
1.969e+00 2.031e-01 1.250e-01 1.370e-16 4.808e-15
1.984e+00 2.031e-01 1.250e-01 7.980e-17 2.378e-15
2.000e+00 2.031e-01 1.250e-01 2.429e-17 -5.191e-17
0.000e+00 2.188e-01 -1.250e-01 -7.271e-17 -8.412e-15
1.562e-02 2.188e-01 -1.250e-01 -5.551e-17 -6.516e-15
3.125e-02 2.188e-01 -1.250e-01 -3.089e-18 -4.620e-15
4.688e-02 2.188e-01 -1.250e-01 -2.255e-17 -5.776e-15
6.250e-02 2.188e-01 -1.250e-01 -7.144e-17 -6.932e-15
7.812e-02 2.188e-01 -1.250e-01 2.627e-17 -2.773e-15
9.375e-02 2.188e-01 -1.250e-01 1.110e-16 1.386e-15
1.094e-01 2.188e-01 -1.250e-01 7.980e-17 -3.370e-15
1.250e-01 2.188e-01 -1.250e-01 5.912e-17 -8.127e-15
1.406e-01 2.188e-01 -1.250e-01 -2.428e-17 -1.124e-14
1.562e-01 2.188e-01 -1.250e-01 4.063e-17 -1.436e-14
1.719e-01 2.188e-01 -1.250e-01 3.261e-16 -9.122e-15
1.875e-01 2.188e-01 -1.250e-01 9.308e-17 -3.888e-15
2.031e-01 2.188e-01 -1.250e-01 1.388e-16 -1.453e-14
2.188e-01 2.188e-01 -1.250e-01 1.038e-16 -2.517e-14
2.344e-01 2.188e-01 -1.250e-01 2.186e-16 -2.547e-14
2.500e-01 2.188e-01 -1.250e-01 9.147e-17 -2.577e-14
2.656e-01 2.188e-01 -1.250e-01 3.331e-16 -2.923e-14
2.812e-01 2.188e-01 -1.250e-01 -2.958e-17 -3.270e-14
2.969e-01 2.188e-01 -1.250e-01 -5.898e-17 -3.200e-14
3.125e-01 2.188e-01 -1.250e-01 3.922e-17 -3.131e-14
3.281e-01 2.188e-01 -1.250e-01 -5.551e-17 -3.558e-14
3.438e-01 2.188e-01 -1.250e-01 2.184e-17 -3.984e-14
3.594e-01 2.188e-01 -1.250e-01 -1.388e-16 -3.362e-14
3.750e-01 2.188e-01 -1.250e-01 -1.604e-16 -2.739e-14
3.906e-01 2.188e-01 -1.250e-01 -5.551e-17 -4.761e-14
4.062e-01 2.188e-01 -1.250e-01 -5.618e-17 -6.783e-14
4.219e-01 2.188e-01 -1.250e-01 2.082e-17 -5.541e-14
4.375e-01 2.188e-01 -1.250e-01 6.509e-18 -4.299e-14
4.531e-01 2.188e-01 -1.250e-01 -2.220e-16 -8.749e-14
4.688e-01 2.188e-01 -1.250e-01 9.797e-17 -1.320e-13
4.844e-01 2.188e-01 -1.250e-01 1.145e-16 2.041e-14
5.000e-01 2.188e-01 -1.250e-01 4.183e-17 1.728e-13
5.156e-01 2.188e-01 -1.250e-01 0.000e+00 -3.753e-13
5.312e-01 2.188e-01 -1.250e-01 3.166e-17 -9.234e-13
5.469e-01 2.188e-01 -1.250e-01 -3.816e-17 1.116e-12
5.625e-01 2.188e-01 -1.250e-01 3.995e-18 3.155e-12
5.781e-01 2.188e-01 -1.250e-01 -3.053e-16 -4.459e-12
5.938e-01 2.188e-01 -1.250e-01 -2.558e-17 -1.207e-11
6.094e-01 2.188e-01 -1.250e-01 1.353e-16 1.634e-11
6.250e-01 2.188e-01 -1.250e-01 -9.818e-18 4.475e-11
6.406e-01 2.188e-01 -1.250e-01 -5.551e-17 -6.129e-11
6.562e-01 2.188e-01 -1.250e-01 1.113e-17 -1.673e-10
6.719e-01 2.188e-01 -1.250e-01 4.857e-17 2.284e-10
6.875e-01 2.188e-01 -1.250e-01 9.114e-17 6.242e-10
7.031e-01 2.188e-01 -1.250e-01 1.943e-16 -8.528e-10
7.188e-01 2.188e-01 -1.250e-01 6.341e-17 -2.330e-09
7.344e-01 2.188e-01 -1.250e-01 -8.327e-17 3.182e-09
7.500e-01 2.188e-01 -1.250e-01 -1.831e-17 8.694e-09
7.656e-01 2.188e-01 -1.249e-01 2.776e-17 1.350e-08
7.812e-01 2.188e-01 -1.246e-01 -2.823e-18 1.830e-08
7.969e-01 2.188e-01 -1.237e-01 -2.776e-17 1.481e-08
8.125e-01 2.188e-01 -1.219e-01 1.155e-17 1.131e-08
8.281e-01 2.188e-01 -1.190e-01 -5.551e-17 8.692e-09
8.438e-01 2.188e-01 -1.149e-01 -4.620e-17 6.069e-09
8.594e-01 2.188e-01 -1.093e-01 -7.633e-17 2.402e-09
8.750e-01 2.188e-01 -1.023e-01 -3.964e-17 -1.264e-09
8.906e-01 2.188e-01 -9.371e-02 0.000e+00 -4.796e-09
9.062e-01 2.188e-01 -8.363e-02 -5.430e-17 -8.328e-09
9.219e-01 2.188e-01 -7.215e-02 1.006e-16 -1.135e-08
9.375e-01 2.188e-01 -5.938e-02 1.147e-17 -1.438e-08
9.531e-01 2.188e-01 -4.554e-02 2.776e-17 -1.640e-08
9.688e-01 2.188e-01 -3.085e-02 2.108e-17 -1.841e-08
9.844e-01 2.188e-01 -1.557e-02 3.816e-17 -1.912e-08
1.000e+00 2.188e-01 -1.365e-15 -3.903e-17 -1.983e-08
1.016e+00 2.188e-01 1.557e-02 -7.416e-17 -1.912e-08
1.031e+00 2.188e-01 3.085e-02 -5.204e-18 -1.841e-08
1.047e+00 2.188e-01 4.554e-02 0.000e+00 -1.640e-08
1.062e+00 2.188e-01 5.938e-02 -4.138e-17 -1.438e-08
1.078e+00 2.188e-01 7.215e-02 6.765e-17 -1.135e-08
1.094e+00 2.188e-01 8.363e-02 6.655e-17 -8.328e-09
1.109e+00 2.188e-01 9.371e-02 2.220e-16 -4.796e-09
1.125e+00 2.188e-01 1.023e-01 1.004e-16 -1.264e-09
1.141e+00 2.188e-01 1.093e-01 1.527e-16 2.403e-09
1.156e+00 2.188e-01 1.149e-01 3.241e-17 6.069e-09
1.172e+00 2.188e-01 1.190e-01 -8.327e-17 8.692e-09
1.188e+00 2.188e-01 1.219e-01 9.585e-18 1.131e-08
1.203e+00 2.188e-01 1.237e-01 5.551e-17 1.481e-08
1.219e+00 2.188e-01 1.246e-01 1.654e-17 1.830e-08
1.234e+00 2.188e-01 1.249e-01 1.665e-16 1.350e-08
1.250e+00 2.188e-01 1.250e-01 -1.413e-17 8.694e-09
1.266e+00 2.188e-01 1.250e-01 9.714e-17 3.182e-09
1.281e+00 2.188e-01 1.250e-01 -3.905e-17 -2.330e-09
1.297e+00 2.188e-01 1.250e-01 8.327e-17 -8.528e-10
1.312e+00 2.188e-01 1.250e-01 -1.878e-16 6.242e-10
1.328e+00 2.188e-01 1.250e-01 -1.735e-17 2.284e-10
1.344e+00 2.188e-01 1.250e-01 -5.749e-17 -1.673e-10
1.359e+00 2.188e-01 1.250e-01 -1.110e-16 -6.129e-11
1.375e+00 2.188e-01 1.250e-01 4.794e-17 4.475e-11
1.391e+00 2.188e-01 1.250e-01 -1.388e-17 1.634e-11
1.406e+00 2.188e-01 1.250e-01 -6.813e-17 -1.207e-11
1.422e+00 2.188e-01 1.250e-01 -5.551e-17 -4.462e-12
1.438e+00 2.188e-01 1.250e-01 2.827e-17 3.147e-12
1.453e+00 2.188e-01 1.250e-01 -2.602e-16 1.112e-12
1.469e+00 2.188e-01 1.250e-01 -1.005e-16 -9.224e-13
1.484e+00 2.188e-01 1.250e-01 -1.388e-16 -3.765e-13
1.500e+00 2.188e-01 1.250e-01 -3.163e-17 1.694e-13
1.516e+00 2.188e-01 1.250e-01 -4.163e-17 2.280e-14
1.531e+00 2.188e-01 1.250e-01 4.665e-17 -1.238e-13
1.547e+00 2.188e-01 1.250e-01 2.776e-17 -7.474e-14
1.562e+00 2.188e-01 1.250e-01 8.511e-17 -2.563e-14
1.578e+00 2.188e-01 1.250e-01 1.700e-16 -3.950e-14
1.594e+00 2.188e-01 1.250e-01 2.023e-16 -5.338e-14
1.609e+00 2.188e-01 1.250e-01 1.110e-16 -3.306e-14
1.625e+00 2.188e-01 1.250e-01 1.787e-16 -1.274e-14
1.641e+00 2.188e-01 1.250e-01 2.845e-16 -2.773e-14
1.656e+00 2.188e-01 1.250e-01 9.291e-17 -4.271e-14
1.672e+00 2.188e-01 1.250e-01 1.388e-16 -3.879e-14
1.688e+00 2.188e-01 1.250e-01 -1.769e-17 -3.487e-14
1.703e+00 2.188e-01 1.250e-01 5.551e-17 -3.126e-14
1.719e+00 2.188e-01 1.250e-01 -1.096e-16 -2.765e-14
1.734e+00 2.188e-01 1.250e-01 5.551e-17 -3.210e-14
1.750e+00 2.188e-01 1.250e-01 -1.487e-16 -3.655e-14
1.766e+00 2.188e-01 1.250e-01 -2.220e-16 -3.103e-14
1.781e+00 2.188e-01 1.250e-01 -9.136e-17 -2.551e-14
1.797e+00 2.188e-01 1.250e-01 -8.327e-17 -2.436e-14
1.812e+00 2.188e-01 1.250e-01 -1.034e-16 -2.322e-14
1.828e+00 2.188e-01 1.250e-01 6.939e-18 -1.444e-14
1.844e+00 2.188e-01 1.250e-01 -1.402e-16 -5.657e-15
1.859e+00 2.188e-01 1.250e-01 -5.551e-17 -4.643e-15
1.875e+00 2.188e-01 1.250e-01 -8.230e-17 -3.629e-15
1.891e+00 2.188e-01 1.250e-01 -1.145e-16 -2.857e-15
1.906e+00 2.188e-01 1.250e-01 -2.448e-17 -2.086e-15
1.922e+00 2.188e-01 1.250e-01 -3.816e-17 -4.489e-16
1.938e+00 2.188e-01 1.250e-01 1.388e-17 1.188e-15
1.953e+00 2.188e-01 1.250e-01 1.023e-16 -1.890e-15
1.969e+00 2.188e-01 1.250e-01 1.131e-16 -4.968e-15
1.984e+00 2.188e-01 1.250e-01 6.495e-17 8.748e-16
2.000e+00 2.188e-01 1.250e-01 2.499e-17 6.718e-15
0.000e+00 2.344e-01 -1.250e-01 -8.327e-17 -7.117e-15
1.562e-02 2.344e-01 -1.250e-01 -3.123e-17 -6.779e-15
3.125e-02 2.344e-01 -1.250e-01 -7.467e-18 -6.440e-15
4.688e-02 2.344e-01 -1.250e-01 -3.209e-17 -5.060e-15
6.250e-02 2.344e-01 -1.250e-01 -2.794e-17 -3.680e-15
7.812e-02 2.344e-01 -1.250e-01 6.939e-18 -2.897e-15
9.375e-02 2.344e-01 -1.250e-01 6.592e-17 -2.113e-15
1.094e-01 2.344e-01 -1.250e-01 1.388e-17 -1.510e-15
1.250e-01 2.344e-01 -1.250e-01 0.000e+00 -9.059e-16
1.406e-01 2.344e-01 -1.250e-01 -3.469e-17 -5.858e-15
1.562e-01 2.344e-01 -1.250e-01 5.551e-17 -1.081e-14
1.719e-01 2.344e-01 -1.250e-01 1.249e-16 -1.172e-14
1.875e-01 2.344e-01 -1.250e-01 1.110e-16 -1.262e-14
2.031e-01 2.344e-01 -1.250e-01 6.245e-17 -1.499e-14
2.188e-01 2.344e-01 -1.250e-01 7.980e-17 -1.736e-14
2.344e-01 2.344e-01 -1.250e-01 6.939e-17 -1.909e-14
2.500e-01 2.344e-01 -1.250e-01 7.980e-17 -2.082e-14
2.656e-01 2.344e-01 -1.250e-01 9.021e-17 -2.321e-14
2.812e-01 2.344e-01 -1.250e-01 5.204e-18 -2.561e-14
2.969e-01 2.344e-01 -1.250e-01 0.000e+00 -2.800e-14
3.125e-01 2.344e-01 -1.250e-01 -1.388e-17 -3.040e-14
3.281e-01 2.344e-01 -1.250e-01 -6.245e-17 -3.226e-14
3.438e-01 2.344e-01 -1.250e-01 -7.806e-17 -3.412e-14
3.594e-01 2.344e-01 -1.250e-01 -8.327e-17 -3.204e-14
3.750e-01 2.344e-01 -1.250e-01 -5.551e-17 -2.996e-14
3.906e-01 2.344e-01 -1.250e-01 -4.857e-17 -4.438e-14
4.062e-01 2.344e-01 -1.250e-01 -7.112e-17 -5.881e-14
4.219e-01 2.344e-01 -1.250e-01 -5.551e-17 -5.231e-14
4.375e-01 2.344e-01 -1.250e-01 -3.534e-17 -4.581e-14
4.531e-01 2.344e-01 -1.250e-01 -9.714e-17 -8.876e-14
4.688e-01 2.344e-01 -1.250e-01 3.643e-17 -1.317e-13
4.844e-01 2.344e-01 -1.250e-01 1.388e-17 2.065e-14
5.000e-01 2.344e-01 -1.250e-01 -6.939e-18 1.730e-13
5.156e-01 2.344e-01 -1.250e-01 -2.082e-17 -3.764e-13
5.312e-01 2.344e-01 -1.250e-01 -6.765e-17 -9.258e-13
5.469e-01 2.344e-01 -1.250e-01 0.000e+00 1.113e-12
5.625e-01 2.344e-01 -1.250e-01 -4.163e-17 3.152e-12
5.781e-01 2.344e-01 -1.250e-01 -2.776e-17 -4.460e-12
5.938e-01 2.344e-01 -1.250e-01 8.327e-17 -1.207e-11
6.094e-01 2.344e-01 -1.250e-01 0.000e+00 1.634e-11
6.250e-01 2.344e-01 -1.250e-01 -1.735e-17 4.476e-11
6.406e-01 2.344e-01 -1.250e-01 -2.082e-17 -6.129e-11
6.562e-01 2.344e-01 -1.250e-01 5.898e-17 -1.673e-10
6.719e-01 2.344e-01 -1.250e-01 0.000e+00 2.284e-10
6.875e-01 2.344e-01 -1.250e-01 4.163e-17 6.242e-10
7.031e-01 2.344e-01 -1.250e-01 1.318e-16 -8.528e-10
7.188e-01 2.344e-01 -1.250e-01 2.151e-16 -2.330e-09
7.344e-01 2.344e-01 -1.250e-01 -4.163e-17 3.182e-09
7.500e-01 2.344e-01 -1.250e-01 -4.510e-17 8.694e-09
7.656e-01 2.344e-01 -1.249e-01 -1.388e-17 1.350e-08
7.812e-01 2.344e-01 -1.246e-01 -3.469e-18 1.830e-08
7.969e-01 2.344e-01 -1.237e-01 -5.551e-17 1.481e-08
8.125e-01 2.344e-01 -1.219e-01 -4.163e-17 1.131e-08
8.281e-01 2.344e-01 -1.190e-01 -5.551e-17 8.692e-09
8.438e-01 2.344e-01 -1.149e-01 -1.527e-16 6.069e-09
8.594e-01 2.344e-01 -1.093e-01 -4.857e-17 2.403e-09
8.750e-01 2.344e-01 -1.023e-01 -2.602e-17 -1.264e-09
8.906e-01 2.344e-01 -9.371e-02 -3.469e-17 -4.796e-09
9.062e-01 2.344e-01 -8.363e-02 4.510e-17 -8.328e-09
9.219e-01 2.344e-01 -7.215e-02 3.469e-17 -1.135e-08
9.375e-01 2.344e-01 -5.938e-02 3.469e-18 -1.438e-08
9.531e-01 2.344e-01 -4.554e-02 -1.388e-17 -1.640e-08
9.688e-01 2.344e-01 -3.085e-02 -4.993e-19 -1.841e-08
9.844e-01 2.344e-01 -1.557e-02 1.605e-17 -1.912e-08
1.000e+00 2.344e-01 -1.306e-15 2.180e-17 -1.983e-08
1.016e+00 2.344e-01 1.557e-02 -5.204e-17 -1.912e-08
1.031e+00 2.344e-01 3.085e-02 1.603e-17 -1.841e-08
1.047e+00 2.344e-01 4.554e-02 -1.475e-17 -1.640e-08
1.062e+00 2.344e-01 5.938e-02 -1.388e-17 -1.438e-08
1.078e+00 2.344e-01 7.215e-02 1.388e-17 -1.135e-08
1.094e+00 2.344e-01 8.363e-02 9.021e-17 -8.328e-09
1.109e+00 2.344e-01 9.371e-02 9.368e-17 -4.796e-09
1.125e+00 2.344e-01 1.023e-01 5.551e-17 -1.264e-09
1.141e+00 2.344e-01 1.093e-01 7.806e-17 2.403e-09
1.156e+00 2.344e-01 1.149e-01 6.939e-18 6.069e-09
1.172e+00 2.344e-01 1.190e-01 0.000e+00 8.692e-09
1.188e+00 2.344e-01 1.219e-01 8.327e-17 1.131e-08
1.203e+00 2.344e-01 1.237e-01 3.296e-17 1.481e-08
1.219e+00 2.344e-01 1.246e-01 1.388e-17 1.830e-08
1.234e+00 2.344e-01 1.249e-01 2.776e-17 1.350e-08
1.250e+00 2.344e-01 1.250e-01 2.776e-17 8.694e-09
1.266e+00 2.344e-01 1.250e-01 1.561e-17 3.182e-09
1.281e+00 2.344e-01 1.250e-01 1.388e-17 -2.330e-09
1.297e+00 2.344e-01 1.250e-01 1.431e-17 -8.528e-10
1.312e+00 2.344e-01 1.250e-01 4.163e-17 6.242e-10
1.328e+00 2.344e-01 1.250e-01 0.000e+00 2.284e-10
1.344e+00 2.344e-01 1.250e-01 2.776e-17 -1.673e-10
1.359e+00 2.344e-01 1.250e-01 -1.214e-17 -6.129e-11
1.375e+00 2.344e-01 1.250e-01 -5.551e-17 4.475e-11
1.391e+00 2.344e-01 1.250e-01 -8.674e-19 1.634e-11
1.406e+00 2.344e-01 1.250e-01 -4.857e-17 -1.207e-11
1.422e+00 2.344e-01 1.250e-01 -8.674e-18 -4.461e-12
1.438e+00 2.344e-01 1.250e-01 9.714e-17 3.152e-12
1.453e+00 2.344e-01 1.250e-01 -6.418e-17 1.113e-12
1.469e+00 2.344e-01 1.250e-01 -4.857e-17 -9.270e-13
1.484e+00 2.344e-01 1.250e-01 -4.163e-17 -3.776e-13
1.500e+00 2.344e-01 1.250e-01 -1.388e-17 1.718e-13
1.516e+00 2.344e-01 1.250e-01 -3.296e-17 2.758e-14
1.531e+00 2.344e-01 1.250e-01 -4.857e-17 -1.166e-13
1.547e+00 2.344e-01 1.250e-01 1.605e-17 -7.493e-14
1.562e+00 2.344e-01 1.250e-01 5.551e-17 -3.322e-14
1.578e+00 2.344e-01 1.250e-01 8.066e-17 -4.172e-14
1.594e+00 2.344e-01 1.250e-01 1.388e-17 -5.021e-14
1.609e+00 2.344e-01 1.250e-01 9.021e-17 -3.746e-14
1.625e+00 2.344e-01 1.250e-01 1.804e-16 -2.470e-14
1.641e+00 2.344e-01 1.250e-01 1.318e-16 -3.051e-14
1.656e+00 2.344e-01 1.250e-01 6.245e-17 -3.632e-14
1.672e+00 2.344e-01 1.250e-01 4.597e-17 -3.673e-14
1.688e+00 2.344e-01 1.250e-01 5.551e-17 -3.714e-14
1.703e+00 2.344e-01 1.250e-01 3.036e-17 -3.542e-14
1.719e+00 2.344e-01 1.250e-01 1.388e-17 -3.371e-14
1.734e+00 2.344e-01 1.250e-01 4.770e-18 -3.560e-14
1.750e+00 2.344e-01 1.250e-01 -1.388e-17 -3.749e-14
1.766e+00 2.344e-01 1.250e-01 -7.199e-17 -3.145e-14
1.781e+00 2.344e-01 1.250e-01 -6.939e-18 -2.541e-14
1.797e+00 2.344e-01 1.250e-01 -4.554e-17 -2.304e-14
1.812e+00 2.344e-01 1.250e-01 -5.551e-17 -2.066e-14
1.828e+00 2.344e-01 1.250e-01 -1.821e-17 -1.478e-14
1.844e+00 2.344e-01 1.250e-01 0.000e+00 -8.907e-15
1.859e+00 2.344e-01 1.250e-01 -1.648e-17 -7.458e-15
1.875e+00 2.344e-01 1.250e-01 -2.776e-17 -6.010e-15
1.891e+00 2.344e-01 1.250e-01 -3.469e-17 -5.660e-15
1.906e+00 2.344e-01 1.250e-01 -4.163e-17 -5.311e-15
1.922e+00 2.344e-01 1.250e-01 -1.128e-17 -4.101e-16
1.938e+00 2.344e-01 1.250e-01 1.388e-17 4.491e-15
1.953e+00 2.344e-01 1.250e-01 2.783e-19 -8.442e-17
1.969e+00 2.344e-01 1.250e-01 9.481e-17 -4.660e-15
1.984e+00 2.344e-01 1.250e-01 4.554e-17 -4.044e-16
2.000e+00 2.344e-01 1.250e-01 2.776e-17 3.851e-15
0.000e+00 2.500e-01 -1.250e-01 0.000e+00 -5.823e-15
1.562e-02 2.500e-01 -1.250e-01 0.000e+00 -7.041e-15
3.125e-02 2.500e-01 -1.250e-01 0.000e+00 -8.260e-15
4.688e-02 2.500e-01 -1.250e-01 0.000e+00 -4.344e-15
6.250e-02 2.500e-01 -1.250e-01 0.000e+00 -4.285e-16
7.812e-02 2.500e-01 -1.250e-01 0.000e+00 -3.021e-15
9.375e-02 2.500e-01 -1.250e-01 0.000e+00 -5.613e-15
1.094e-01 2.500e-01 -1.250e-01 0.000e+00 3.511e-16
1.250e-01 2.500e-01 -1.250e-01 0.000e+00 6.315e-15
1.406e-01 2.500e-01 -1.250e-01 0.000e+00 -4.733e-16
1.562e-01 2.500e-01 -1.250e-01 0.000e+00 -7.262e-15
1.719e-01 2.500e-01 -1.250e-01 0.000e+00 -1.431e-14
1.875e-01 2.500e-01 -1.250e-01 0.000e+00 -2.135e-14
2.031e-01 2.500e-01 -1.250e-01 0.000e+00 -1.545e-14
2.188e-01 2.500e-01 -1.250e-01 0.000e+00 -9.549e-15
2.344e-01 2.500e-01 -1.250e-01 0.000e+00 -1.271e-14
2.500e-01 2.500e-01 -1.250e-01 0.000e+00 -1.586e-14
2.656e-01 2.500e-01 -1.250e-01 0.000e+00 -1.719e-14
2.812e-01 2.500e-01 -1.250e-01 0.000e+00 -1.852e-14
2.969e-01 2.500e-01 -1.250e-01 0.000e+00 -2.400e-14
3.125e-01 2.500e-01 -1.250e-01 0.000e+00 -2.948e-14
3.281e-01 2.500e-01 -1.250e-01 0.000e+00 -2.894e-14
3.438e-01 2.500e-01 -1.250e-01 0.000e+00 -2.839e-14
3.594e-01 2.500e-01 -1.250e-01 0.000e+00 -3.045e-14
3.750e-01 2.500e-01 -1.250e-01 0.000e+00 -3.252e-14
3.906e-01 2.500e-01 -1.250e-01 0.000e+00 -4.116e-14
4.062e-01 2.500e-01 -1.250e-01 0.000e+00 -4.979e-14
4.219e-01 2.500e-01 -1.250e-01 0.000e+00 -4.921e-14
4.375e-01 2.500e-01 -1.250e-01 0.000e+00 -4.863e-14
4.531e-01 2.500e-01 -1.250e-01 0.000e+00 -9.003e-14
4.688e-01 2.500e-01 -1.250e-01 0.000e+00 -1.314e-13
4.844e-01 2.500e-01 -1.250e-01 0.000e+00 2.089e-14
5.000e-01 2.500e-01 -1.250e-01 0.000e+00 1.732e-13
5.156e-01 2.500e-01 -1.250e-01 0.000e+00 -3.775e-13
5.312e-01 2.500e-01 -1.250e-01 0.000e+00 -9.283e-13
5.469e-01 2.500e-01 -1.250e-01 0.000e+00 1.111e-12
5.625e-01 2.500e-01 -1.250e-01 0.000e+00 3.150e-12
5.781e-01 2.500e-01 -1.250e-01 0.000e+00 -4.462e-12
5.938e-01 2.500e-01 -1.250e-01 0.000e+00 -1.207e-11
6.094e-01 2.500e-01 -1.250e-01 0.000e+00 1.635e-11
6.250e-01 2.500e-01 -1.250e-01 0.000e+00 4.476e-11
6.406e-01 2.500e-01 -1.250e-01 0.000e+00 -6.128e-11
6.562e-01 2.500e-01 -1.250e-01 0.000e+00 -1.673e-10
6.719e-01 2.500e-01 -1.250e-01 0.000e+00 2.284e-10
6.875e-01 2.500e-01 -1.250e-01 0.000e+00 6.242e-10
7.031e-01 2.500e-01 -1.250e-01 0.000e+00 -8.528e-10
7.188e-01 2.500e-01 -1.250e-01 0.000e+00 -2.330e-09
7.344e-01 2.500e-01 -1.250e-01 0.000e+00 3.182e-09
7.500e-01 2.500e-01 -1.250e-01 0.000e+00 8.694e-09
7.656e-01 2.500e-01 -1.249e-01 0.000e+00 1.350e-08
7.812e-01 2.500e-01 -1.246e-01 0.000e+00 1.830e-08
7.969e-01 2.500e-01 -1.237e-01 0.000e+00 1.481e-08
8.125e-01 2.500e-01 -1.219e-01 0.000e+00 1.131e-08
8.281e-01 2.500e-01 -1.190e-01 0.000e+00 8.692e-09
8.438e-01 2.500e-01 -1.149e-01 0.000e+00 6.069e-09
8.594e-01 2.500e-01 -1.093e-01 0.000e+00 2.403e-09
8.750e-01 2.500e-01 -1.023e-01 0.000e+00 -1.264e-09
8.906e-01 2.500e-01 -9.371e-02 0.000e+00 -4.796e-09
9.062e-01 2.500e-01 -8.363e-02 0.000e+00 -8.328e-09
9.219e-01 2.500e-01 -7.215e-02 0.000e+00 -1.135e-08
9.375e-01 2.500e-01 -5.938e-02 0.000e+00 -1.438e-08
9.531e-01 2.500e-01 -4.554e-02 0.000e+00 -1.640e-08
9.688e-01 2.500e-01 -3.085e-02 0.000e+00 -1.841e-08
9.844e-01 2.500e-01 -1.557e-02 0.000e+00 -1.912e-08
1.000e+00 2.500e-01 -1.353e-15 0.000e+00 -1.983e-08
1.016e+00 2.500e-01 1.557e-02 0.000e+00 -1.912e-08
1.031e+00 2.500e-01 3.085e-02 0.000e+00 -1.841e-08
1.047e+00 2.500e-01 4.554e-02 0.000e+00 -1.640e-08
1.062e+00 2.500e-01 5.938e-02 0.000e+00 -1.438e-08
1.078e+00 2.500e-01 7.215e-02 0.000e+00 -1.135e-08
1.094e+00 2.500e-01 8.363e-02 0.000e+00 -8.328e-09
1.109e+00 2.500e-01 9.371e-02 0.000e+00 -4.796e-09
1.125e+00 2.500e-01 1.023e-01 0.000e+00 -1.264e-09
1.141e+00 2.500e-01 1.093e-01 0.000e+00 2.403e-09
1.156e+00 2.500e-01 1.149e-01 0.000e+00 6.069e-09
1.172e+00 2.500e-01 1.190e-01 0.000e+00 8.692e-09
1.188e+00 2.500e-01 1.219e-01 0.000e+00 1.131e-08
1.203e+00 2.500e-01 1.237e-01 0.000e+00 1.481e-08
1.219e+00 2.500e-01 1.246e-01 0.000e+00 1.830e-08
1.234e+00 2.500e-01 1.249e-01 0.000e+00 1.350e-08
1.250e+00 2.500e-01 1.250e-01 0.000e+00 8.694e-09
1.266e+00 2.500e-01 1.250e-01 0.000e+00 3.182e-09
1.281e+00 2.500e-01 1.250e-01 0.000e+00 -2.330e-09
1.297e+00 2.500e-01 1.250e-01 0.000e+00 -8.528e-10
1.312e+00 2.500e-01 1.250e-01 0.000e+00 6.242e-10
1.328e+00 2.500e-01 1.250e-01 0.000e+00 2.284e-10
1.344e+00 2.500e-01 1.250e-01 0.000e+00 -1.673e-10
1.359e+00 2.500e-01 1.250e-01 0.000e+00 -6.129e-11
1.375e+00 2.500e-01 1.250e-01 0.000e+00 4.475e-11
1.391e+00 2.500e-01 1.250e-01 0.000e+00 1.633e-11
1.406e+00 2.500e-01 1.250e-01 0.000e+00 -1.208e-11
1.422e+00 2.500e-01 1.250e-01 0.000e+00 -4.461e-12
1.438e+00 2.500e-01 1.250e-01 0.000e+00 3.158e-12
1.453e+00 2.500e-01 1.250e-01 0.000e+00 1.113e-12
1.469e+00 2.500e-01 1.250e-01 0.000e+00 -9.315e-13
1.484e+00 2.500e-01 1.250e-01 0.000e+00 -3.787e-13
1.500e+00 2.500e-01 1.250e-01 0.000e+00 1.741e-13
1.516e+00 2.500e-01 1.250e-01 0.000e+00 3.236e-14
1.531e+00 2.500e-01 1.250e-01 0.000e+00 -1.094e-13
1.547e+00 2.500e-01 1.250e-01 0.000e+00 -7.512e-14
1.562e+00 2.500e-01 1.250e-01 0.000e+00 -4.082e-14
1.578e+00 2.500e-01 1.250e-01 0.000e+00 -4.393e-14
1.594e+00 2.500e-01 1.250e-01 0.000e+00 -4.704e-14
1.609e+00 2.500e-01 1.250e-01 0.000e+00 -4.185e-14
1.625e+00 2.500e-01 1.250e-01 0.000e+00 -3.666e-14
1.641e+00 2.500e-01 1.250e-01 0.000e+00 -3.329e-14
1.656e+00 2.500e-01 1.250e-01 0.000e+00 -2.993e-14
1.672e+00 2.500e-01 1.250e-01 0.000e+00 -3.466e-14
1.688e+00 2.500e-01 1.250e-01 0.000e+00 -3.940e-14
1.703e+00 2.500e-01 1.250e-01 0.000e+00 -3.958e-14
1.719e+00 2.500e-01 1.250e-01 0.000e+00 -3.976e-14
1.734e+00 2.500e-01 1.250e-01 0.000e+00 -3.909e-14
1.750e+00 2.500e-01 1.250e-01 0.000e+00 -3.843e-14
1.766e+00 2.500e-01 1.250e-01 0.000e+00 -3.187e-14
1.781e+00 2.500e-01 1.250e-01 0.000e+00 -2.531e-14
1.797e+00 2.500e-01 1.250e-01 0.000e+00 -2.171e-14
1.812e+00 2.500e-01 1.250e-01 0.000e+00 -1.810e-14
1.828e+00 2.500e-01 1.250e-01 0.000e+00 -1.513e-14
1.844e+00 2.500e-01 1.250e-01 0.000e+00 -1.216e-14
1.859e+00 2.500e-01 1.250e-01 0.000e+00 -1.027e-14
1.875e+00 2.500e-01 1.250e-01 0.000e+00 -8.391e-15
1.891e+00 2.500e-01 1.250e-01 0.000e+00 -8.463e-15
1.906e+00 2.500e-01 1.250e-01 0.000e+00 -8.536e-15
1.922e+00 2.500e-01 1.250e-01 0.000e+00 -3.713e-16
1.938e+00 2.500e-01 1.250e-01 0.000e+00 7.793e-15
1.953e+00 2.500e-01 1.250e-01 0.000e+00 1.721e-15
1.969e+00 2.500e-01 1.250e-01 0.000e+00 -4.351e-15
1.984e+00 2.500e-01 1.250e-01 0.000e+00 -1.684e-15
2.000e+00 2.500e-01 1.250e-01 0.000e+00 9.836e-16
