#1 2 3 4 5 6 7  8  9 10 11 12 13
#x y z u v w p xx yy zz xy xz yz
0.000000e+00 0.000000e+00 2.500000e+04 0.000000e+00 0.000000e+00 5.853324e-02 -2.249034e+05 4.803423e+05 1.945968e+05 -2.288215e+02 1.170945e-02 -4.411457e+02 -8.126112e-01 
0.000000e+00 5.000000e+02 2.500000e+04 0.000000e+00 -2.339644e-16 5.853319e-02 -2.249034e+05 4.803423e+05 1.945968e+05 -2.288215e+02 -6.714352e-11 -4.411457e+02 6.130938e-09 
0.000000e+00 1.000000e+03 2.500000e+04 0.000000e+00 0.000000e+00 5.853324e-02 -2.249034e+05 4.803423e+05 1.945968e+05 -2.288215e+02 -1.170945e-02 -4.411457e+02 8.126112e-01 
9.765625e+01 0.000000e+00 2.500000e+04 1.427297e-03 0.000000e+00 5.849771e-02 -2.245035e+05 4.794886e+05 1.942508e+05 -2.288001e+02 1.069905e-02 -8.792816e+02 -8.052687e-01 
9.765625e+01 5.000000e+02 2.500000e+04 1.427299e-03 -2.395137e-16 5.849767e-02 -2.245035e+05 4.794886e+05 1.942508e+05 -2.288001e+02 7.868235e-11 -8.792816e+02 5.997826e-09 
9.765625e+01 1.000000e+03 2.500000e+04 1.427297e-03 0.000000e+00 5.849771e-02 -2.245035e+05 4.794886e+05 1.942508e+05 -2.288001e+02 -1.069905e-02 -8.792816e+02 8.052687e-01 
1.953125e+02 0.000000e+00 2.500000e+04 2.849428e-03 0.000000e+00 5.839143e-02 -2.233112e+05 4.769400e+05 1.932191e+05 -2.256568e+02 2.299550e-02 -1.747792e+03 -8.289041e-01 
1.953125e+02 5.000000e+02 2.500000e+04 2.849427e-03 -2.447966e-16 5.839138e-02 -2.233112e+05 4.769400e+05 1.932191e+05 -2.256568e+02 3.689027e-10 -1.747792e+03 5.892772e-09 
1.953125e+02 1.000000e+03 2.500000e+04 2.849428e-03 0.000000e+00 5.839143e-02 -2.233112e+05 4.769400e+05 1.932191e+05 -2.256568e+02 -2.299550e-02 -1.747792e+03 8.289042e-01 
2.929688e+02 0.000000e+00 2.500000e+04 4.261285e-03 0.000000e+00 5.821512e-02 -2.213409e+05 4.727264e+05 1.915143e+05 -2.180179e+02 8.997858e-02 -2.595931e+03 -7.735617e-01 
2.929688e+02 5.000000e+02 2.500000e+04 4.261288e-03 -2.493606e-16 5.821507e-02 -2.213409e+05 4.727264e+05 1.915143e+05 -2.180179e+02 6.467473e-10 -2.595931e+03 6.150673e-09 
2.929688e+02 1.000000e+03 2.500000e+04 4.261285e-03 0.000000e+00 5.821512e-02 -2.213409e+05 4.727264e+05 1.915143e+05 -2.180179e+02 -8.997857e-02 -2.595931e+03 7.735617e-01 
3.906250e+02 0.000000e+00 2.500000e+04 5.657881e-03 0.000000e+00 5.797000e-02 -2.186138e+05 4.668943e+05 1.891547e+05 -2.076108e+02 2.137148e-01 -3.414779e+03 -5.614604e-01 
3.906250e+02 5.000000e+02 2.500000e+04 5.657889e-03 -2.527823e-16 5.796997e-02 -2.186138e+05 4.668943e+05 1.891547e+05 -2.076108e+02 8.910378e-10 -3.414779e+03 6.422174e-09 
3.906250e+02 1.000000e+03 2.500000e+04 5.657881e-03 0.000000e+00 5.797000e-02 -2.186138e+05 4.668943e+05 1.891547e+05 -2.076108e+02 -2.137148e-01 -3.414779e+03 5.614604e-01 
4.882812e+02 0.000000e+00 2.500000e+04 7.034403e-03 0.000000e+00 5.765777e-02 -2.151595e+05 4.595080e+05 1.861659e+05 -1.954044e+02 3.524213e-01 -4.195354e+03 -3.852202e-01 
4.882812e+02 5.000000e+02 2.500000e+04 7.034422e-03 -2.549893e-16 5.765775e-02 -2.151595e+05 4.595080e+05 1.861659e+05 -1.954044e+02 1.154336e-09 -4.195354e+03 6.455935e-09 
4.882812e+02 1.000000e+03 2.500000e+04 7.034403e-03 0.000000e+00 5.765777e-02 -2.151595e+05 4.595080e+05 1.861659e+05 -1.954044e+02 -3.524213e-01 -4.195354e+03 3.852203e-01 
5.859375e+02 0.000000e+00 2.500000e+04 8.386260e-03 0.000000e+00 5.728057e-02 -2.110161e+05 4.506493e+05 1.825808e+05 -1.817866e+02 4.951651e-01 -4.929350e+03 -3.512089e-01 
5.859375e+02 5.000000e+02 2.500000e+04 8.386290e-03 -2.551901e-16 5.728055e-02 -2.110161e+05 4.506493e+05 1.825808e+05 -1.817866e+02 1.407930e-09 -4.929350e+03 6.319340e-09 
5.859375e+02 1.000000e+03 2.500000e+04 8.386260e-03 0.000000e+00 5.728057e-02 -2.110161e+05 4.506493e+05 1.825808e+05 -1.817866e+02 -4.951651e-01 -4.929350e+03 3.512089e-01 
6.835938e+02 0.000000e+00 2.500000e+04 9.709146e-03 0.000000e+00 5.684091e-02 -2.062276e+05 4.404126e+05 1.784376e+05 -1.674759e+02 6.193545e-01 -5.610470e+03 -5.098545e-01 
6.835938e+02 5.000000e+02 2.500000e+04 9.709189e-03 -2.547743e-16 5.684089e-02 -2.062276e+05 4.404126e+05 1.784376e+05 -1.674759e+02 1.545475e-09 -5.610470e+03 6.163027e-09 
6.835938e+02 1.000000e+03 2.500000e+04 9.709146e-03 0.000000e+00 5.684091e-02 -2.062276e+05 4.404126e+05 1.784376e+05 -1.674759e+02 -6.193545e-01 -5.610470e+03 5.098545e-01 
7.812500e+02 0.000000e+00 2.500000e+04 1.099906e-02 0.000000e+00 5.634168e-02 -2.008442e+05 4.289052e+05 1.737796e+05 -1.521985e+02 6.388828e-01 -6.233164e+03 -9.002491e-01 
7.812500e+02 5.000000e+02 2.500000e+04 1.099911e-02 -2.533050e-16 5.634164e-02 -2.008442e+05 4.289052e+05 1.737796e+05 -1.521985e+02 1.671668e-09 -6.233164e+03 6.154233e-09 
7.812500e+02 1.000000e+03 2.500000e+04 1.099906e-02 0.000000e+00 5.634168e-02 -2.008442e+05 4.289052e+05 1.737796e+05 -1.521985e+02 -6.388828e-01 -6.233164e+03 9.002491e-01 
8.789062e+02 0.000000e+00 2.500000e+04 1.225235e-02 0.000000e+00 5.578607e-02 -1.949213e+05 4.162450e+05 1.686549e+05 -1.359582e+02 5.101880e-01 -6.792710e+03 -1.352695e+00 
8.789062e+02 5.000000e+02 2.500000e+04 1.225239e-02 -2.514400e-16 5.578601e-02 -1.949213e+05 4.162450e+05 1.686549e+05 -1.359582e+02 1.819360e-09 -6.792710e+03 6.146642e-09 
8.789062e+02 1.000000e+03 2.500000e+04 1.225235e-02 0.000000e+00 5.578607e-02 -1.949213e+05 4.162450e+05 1.686549e+05 -1.359582e+02 -5.101880e-01 -6.792710e+03 1.352695e+00 
9.765625e+02 0.000000e+00 2.500000e+04 1.346574e-02 0.000000e+00 5.517754e-02 -1.885173e+05 4.025570e+05 1.631138e+05 -1.189135e+02 2.900786e-01 -7.285452e+03 -1.575387e+00 
9.765625e+02 5.000000e+02 2.500000e+04 1.346576e-02 -2.484496e-16 5.517745e-02 -1.885173e+05 4.025570e+05 1.631138e+05 -1.189135e+02 1.887411e-09 -7.285452e+03 5.943888e-09 
9.765625e+02 1.000000e+03 2.500000e+04 1.346574e-02 0.000000e+00 5.517754e-02 -1.885173e+05 4.025570e+05 1.631138e+05 -1.189135e+02 -2.900786e-01 -7.285452e+03 1.575387e+00 
1.074219e+03 0.000000e+00 2.500000e+04 1.463634e-02 0.000000e+00 5.451976e-02 -1.816941e+05 3.879719e+05 1.572100e+05 -9.975647e+01 5.970326e-02 -7.709720e+03 -1.448419e+00 
1.074219e+03 5.000000e+02 2.500000e+04 1.463633e-02 -2.449857e-16 5.451968e-02 -1.816941e+05 3.879719e+05 1.572100e+05 -9.975647e+01 1.955900e-09 -7.709720e+03 5.657359e-09 
1.074219e+03 1.000000e+03 2.500000e+04 1.463634e-02 0.000000e+00 5.451976e-02 -1.816941e+05 3.879719e+05 1.572100e+05 -9.975647e+01 -5.970325e-02 -7.709720e+03 1.448419e+00 
1.171875e+03 0.000000e+00 2.500000e+04 1.576165e-02 0.000000e+00 5.381656e-02 -1.745126e+05 3.726216e+05 1.509963e+05 -8.013845e+01 -1.215491e-01 -8.065077e+03 -1.114689e+00 
1.171875e+03 5.000000e+02 2.500000e+04 1.576163e-02 -2.407060e-16 5.381651e-02 -1.745126e+05 3.726216e+05 1.509963e+05 -8.013845e+01 2.060513e-09 -8.065077e+03 5.582385e-09 
1.171875e+03 1.000000e+03 2.500000e+04 1.576165e-02 0.000000e+00 5.381656e-02 -1.745126e+05 3.726216e+05 1.509963e+05 -8.013845e+01 1.215491e-01 -8.065077e+03 1.114689e+00 
1.269531e+03 0.000000e+00 2.500000e+04 1.683960e-02 0.000000e+00 5.307192e-02 -1.670339e+05 3.566381e+05 1.445254e+05 -6.182748e+01 -2.038753e-01 -8.351650e+03 -7.910729e-01 
1.269531e+03 5.000000e+02 2.500000e+04 1.683958e-02 -2.358308e-16 5.307188e-02 -1.670339e+05 3.566381e+05 1.445254e+05 -6.182748e+01 2.103504e-09 -8.351650e+03 5.614362e-09 
1.269531e+03 1.000000e+03 2.500000e+04 1.683960e-02 0.000000e+00 5.307192e-02 -1.670339e+05 3.566381e+05 1.445254e+05 -6.182748e+01 2.038753e-01 -8.351650e+03 7.910729e-01 
1.367188e+03 0.000000e+00 2.500000e+04 1.786852e-02 0.000000e+00 5.228985e-02 -1.593188e+05 3.401519e+05 1.378499e+05 -4.540767e+01 -1.775353e-01 -8.571182e+03 -6.184732e-01 
1.367188e+03 5.000000e+02 2.500000e+04 1.786851e-02 -2.304634e-16 5.228982e-02 -1.593188e+05 3.401519e+05 1.378499e+05 -4.540767e+01 2.057796e-09 -8.571182e+03 5.507718e-09 
1.367188e+03 1.000000e+03 2.500000e+04 1.786852e-02 0.000000e+00 5.228985e-02 -1.593188e+05 3.401519e+05 1.378499e+05 -4.540767e+01 1.775353e-01 -8.571182e+03 6.184732e-01 
1.464844e+03 0.000000e+00 2.500000e+04 1.884715e-02 0.000000e+00 5.147437e-02 -1.514279e+05 3.232916e+05 1.310224e+05 -3.031241e+01 -9.920500e-02 -8.725461e+03 -5.474832e-01 
1.464844e+03 5.000000e+02 2.500000e+04 1.884714e-02 -2.246695e-16 5.147434e-02 -1.514279e+05 3.232916e+05 1.310224e+05 -3.031241e+01 2.073693e-09 -8.725461e+03 5.116049e-09 
1.464844e+03 1.000000e+03 2.500000e+04 1.884715e-02 0.000000e+00 5.147437e-02 -1.514279e+05 3.232916e+05 1.310224e+05 -3.031241e+01 9.920501e-02 -8.725461e+03 5.474832e-01 
1.562500e+03 0.000000e+00 2.500000e+04 1.977459e-02 0.000000e+00 5.062950e-02 -1.434205e+05 3.061822e+05 1.240940e+05 -1.478409e+01 3.970708e-03 -8.817213e+03 -3.964615e-01 
1.562500e+03 5.000000e+02 2.500000e+04 1.977458e-02 -2.181261e-16 5.062948e-02 -1.434205e+05 3.061822e+05 1.240940e+05 -1.478409e+01 2.170118e-09 -8.817213e+03 4.975652e-09 
1.562500e+03 1.000000e+03 2.500000e+04 1.977459e-02 0.000000e+00 5.062950e-02 -1.434205e+05 3.061822e+05 1.240940e+05 -1.478409e+01 -3.970703e-03 -8.817213e+03 3.964615e-01 
1.660156e+03 0.000000e+00 2.500000e+04 2.065031e-02 0.000000e+00 4.975921e-02 -1.353500e+05 2.889387e+05 1.171110e+05 1.894934e-01 1.308960e-01 -8.851164e+03 -1.857712e-01 
1.660156e+03 5.000000e+02 2.500000e+04 2.065031e-02 -2.112168e-16 4.975920e-02 -1.353500e+05 2.889387e+05 1.171110e+05 1.894934e-01 2.173153e-09 -8.851164e+03 5.126727e-09 
1.660156e+03 1.000000e+03 2.500000e+04 2.065031e-02 0.000000e+00 4.975921e-02 -1.353500e+05 2.889387e+05 1.171110e+05 1.894934e-01 -1.308960e-01 -8.851164e+03 1.857712e-01 
1.757812e+03 0.000000e+00 2.500000e+04 2.147413e-02 0.000000e+00 4.886733e-02 -1.272659e+05 2.716686e+05 1.101163e+05 1.286305e+01 2.249158e-01 -8.831350e+03 -1.303379e-01 
1.757812e+03 5.000000e+02 2.500000e+04 2.147414e-02 -2.045800e-16 4.886733e-02 -1.272659e+05 2.716686e+05 1.101163e+05 1.286305e+01 2.124008e-09 -8.831350e+03 4.795116e-09 
1.757812e+03 1.000000e+03 2.500000e+04 2.147413e-02 0.000000e+00 4.886733e-02 -1.272659e+05 2.716686e+05 1.101163e+05 1.286305e+01 -2.249158e-01 -8.831350e+03 1.303379e-01 
1.855469e+03 0.000000e+00 2.500000e+04 2.224618e-02 0.000000e+00 4.795761e-02 -1.192162e+05 2.544733e+05 1.031513e+05 2.391666e+01 2.533327e-01 -8.761740e+03 -2.371400e-01 
1.855469e+03 5.000000e+02 2.500000e+04 2.224619e-02 -1.977406e-16 4.795759e-02 -1.192162e+05 2.544733e+05 1.031513e+05 2.391666e+01 2.131431e-09 -8.761740e+03 4.530248e-09 
1.855469e+03 1.000000e+03 2.500000e+04 2.224618e-02 0.000000e+00 4.795761e-02 -1.192162e+05 2.544733e+05 1.031513e+05 2.391666e+01 -2.533327e-01 -8.761740e+03 2.371400e-01 
1.953125e+03 0.000000e+00 2.500000e+04 2.296689e-02 0.000000e+00 4.703361e-02 -1.112444e+05 2.374451e+05 9.625380e+04 3.445601e+01 2.482041e-01 -8.647672e+03 -3.170449e-01 
1.953125e+03 5.000000e+02 2.500000e+04 2.296690e-02 -1.907183e-16 4.703359e-02 -1.112444e+05 2.374451e+05 9.625380e+04 3.445601e+01 2.088182e-09 -8.647672e+03 4.591974e-09 
1.953125e+03 1.000000e+03 2.500000e+04 2.296689e-02 0.000000e+00 4.703361e-02 -1.112444e+05 2.374451e+05 9.625380e+04 3.445601e+01 -2.482041e-01 -8.647672e+03 3.170449e-01 
2.050781e+03 0.000000e+00 2.500000e+04 2.363693e-02 0.000000e+00 4.609875e-02 -1.033889e+05 2.206654e+05 8.945680e+04 4.440230e+01 2.293038e-01 -8.494645e+03 -3.036524e-01 
2.050781e+03 5.000000e+02 2.500000e+04 2.363695e-02 -1.841560e-16 4.609874e-02 -1.033889e+05 2.206654e+05 8.945680e+04 4.440230e+01 2.096901e-09 -8.494645e+03 4.311749e-09 
2.050781e+03 1.000000e+03 2.500000e+04 2.363693e-02 0.000000e+00 4.609875e-02 -1.033889e+05 2.206654e+05 8.945680e+04 4.440230e+01 -2.293038e-01 -8.494645e+03 3.036524e-01 
2.148438e+03 0.000000e+00 2.500000e+04 2.425723e-02 0.000000e+00 4.515624e-02 -9.568298e+04 2.042065e+05 8.278931e+04 5.316005e+01 2.306692e-01 -8.307445e+03 -2.333711e-01 
2.148438e+03 5.000000e+02 2.500000e+04 2.425724e-02 -1.775009e-16 4.515622e-02 -9.568298e+04 2.042065e+05 8.278931e+04 5.316005e+01 2.277973e-09 -8.307445e+03 4.057511e-09 
2.148438e+03 1.000000e+03 2.500000e+04 2.425723e-02 0.000000e+00 4.515624e-02 -9.568298e+04 2.042065e+05 8.278931e+04 5.316005e+01 -2.306692e-01 -8.307445e+03 2.333711e-01 
2.246094e+03 0.000000e+00 2.500000e+04 2.482889e-02 0.000000e+00 4.420907e-02 -8.815615e+04 1.881309e+05 7.627675e+04 6.080288e+01 2.803400e-01 -8.090639e+03 -1.511323e-01 
2.246094e+03 5.000000e+02 2.500000e+04 2.482891e-02 -1.707452e-16 4.420906e-02 -8.815615e+04 1.881309e+05 7.627675e+04 6.080288e+01 2.387298e-09 -8.090639e+03 3.985360e-09 
2.246094e+03 1.000000e+03 2.500000e+04 2.482889e-02 0.000000e+00 4.420907e-02 -8.815615e+04 1.881309e+05 7.627675e+04 6.080288e+01 -2.803399e-01 -8.090639e+03 1.511323e-01 
2.343750e+03 0.000000e+00 2.500000e+04 2.535321e-02 0.000000e+00 4.326007e-02 -8.083344e+04 1.724919e+05 6.994081e+04 6.757369e+01 3.464674e-01 -7.849118e+03 -1.585743e-01 
2.343750e+03 5.000000e+02 2.500000e+04 2.535323e-02 -1.640250e-16 4.326006e-02 -8.083344e+04 1.724919e+05 6.994081e+04 6.757369e+01 2.318033e-09 -7.849118e+03 3.689543e-09 
2.343750e+03 1.000000e+03 2.500000e+04 2.535321e-02 0.000000e+00 4.326007e-02 -8.083344e+04 1.724919e+05 6.994081e+04 6.757369e+01 -3.464674e-01 -7.849118e+03 1.585743e-01 
2.441406e+03 0.000000e+00 2.500000e+04 2.583161e-02 0.000000e+00 4.231182e-02 -7.373557e+04 1.573344e+05 6.379940e+04 7.286158e+01 4.145272e-01 -7.587510e+03 -2.814031e-01 
2.441406e+03 5.000000e+02 2.500000e+04 2.583164e-02 -1.573928e-16 4.231180e-02 -7.373557e+04 1.573344e+05 6.379940e+04 7.286158e+01 2.182681e-09 -7.587510e+03 3.496154e-09 
2.441406e+03 1.000000e+03 2.500000e+04 2.583161e-02 0.000000e+00 4.231182e-02 -7.373557e+04 1.573344e+05 6.379940e+04 7.286158e+01 -4.145272e-01 -7.587510e+03 2.814031e-01 
2.539062e+03 0.000000e+00 2.500000e+04 2.626564e-02 0.000000e+00 4.136668e-02 -6.687851e+04 1.426936e+05 5.786636e+04 7.559539e+01 4.811334e-01 -7.309592e+03 -3.703428e-01 
2.539062e+03 5.000000e+02 2.500000e+04 2.626567e-02 -1.510668e-16 4.136665e-02 -6.687851e+04 1.426936e+05 5.786636e+04 7.559539e+01 2.175737e-09 -7.309592e+03 3.536597e-09 
2.539062e+03 1.000000e+03 2.500000e+04 2.626564e-02 0.000000e+00 4.136668e-02 -6.687851e+04 1.426936e+05 5.786636e+04 7.559539e+01 -4.811334e-01 -7.309592e+03 3.703428e-01 
2.636719e+03 0.000000e+00 2.500000e+04 2.665695e-02 0.000000e+00 4.042683e-02 -6.027656e+04 1.285985e+05 5.215405e+04 7.713778e+01 5.202808e-01 -7.018871e+03 -2.894901e-01 
2.636719e+03 5.000000e+02 2.500000e+04 2.665697e-02 -1.449315e-16 4.042681e-02 -6.027656e+04 1.285985e+05 5.215405e+04 7.713778e+01 2.205985e-09 -7.018871e+03 3.529548e-09 
2.636719e+03 1.000000e+03 2.500000e+04 2.665695e-02 0.000000e+00 4.042683e-02 -6.027656e+04 1.285985e+05 5.215405e+04 7.713778e+01 -5.202808e-01 -7.018871e+03 2.894901e-01 
2.734375e+03 0.000000e+00 2.500000e+04 2.700724e-02 0.000000e+00 3.949423e-02 -5.394166e+04 1.150727e+05 4.667280e+04 7.950543e+01 5.454875e-01 -6.719428e+03 -1.351983e-01 
2.734375e+03 5.000000e+02 2.500000e+04 2.700727e-02 -1.390533e-16 3.949423e-02 -5.394166e+04 1.150727e+05 4.667280e+04 7.950543e+01 2.128634e-09 -6.719428e+03 3.452915e-09 
2.734375e+03 1.000000e+03 2.500000e+04 2.700724e-02 0.000000e+00 3.949423e-02 -5.394166e+04 1.150727e+05 4.667280e+04 7.950543e+01 -5.454875e-01 -6.719428e+03 1.351983e-01 
2.832031e+03 0.000000e+00 2.500000e+04 2.731828e-02 0.000000e+00 3.857065e-02 -4.787915e+04 1.021291e+05 4.142724e+04 8.108654e+01 5.771976e-01 -6.415098e+03 -1.706825e-01 
2.832031e+03 5.000000e+02 2.500000e+04 2.731831e-02 -1.332233e-16 3.857065e-02 -4.787915e+04 1.021291e+05 4.142724e+04 8.108654e+01 2.091819e-09 -6.415098e+03 3.157662e-09 
2.832031e+03 1.000000e+03 2.500000e+04 2.731828e-02 0.000000e+00 3.857065e-02 -4.787915e+04 1.021291e+05 4.142724e+04 8.108654e+01 -5.771976e-01 -6.415098e+03 1.706825e-01 
2.929688e+03 0.000000e+00 2.500000e+04 2.759186e-02 0.000000e+00 3.765764e-02 -4.209243e+04 8.977585e+04 3.642030e+04 8.113107e+01 5.834708e-01 -6.108407e+03 -4.081541e-01 
2.929688e+03 5.000000e+02 2.500000e+04 2.759190e-02 -1.274662e-16 3.765762e-02 -4.209243e+04 8.977585e+04 3.642030e+04 8.113107e+01 2.110299e-09 -6.108407e+03 2.755083e-09 
2.929688e+03 1.000000e+03 2.500000e+04 2.759186e-02 0.000000e+00 3.765764e-02 -4.209243e+04 8.977585e+04 3.642030e+04 8.113107e+01 -5.834708e-01 -6.108407e+03 4.081541e-01 
3.027344e+03 0.000000e+00 2.500000e+04 2.782979e-02 0.000000e+00 3.675658e-02 -3.658361e+04 7.801661e+04 3.165382e+04 8.039489e+01 5.328837e-01 -5.801291e+03 -5.723850e-01 
3.027344e+03 5.000000e+02 2.500000e+04 2.782982e-02 -1.212952e-16 3.675655e-02 -3.658361e+04 7.801661e+04 3.165382e+04 8.039489e+01 2.017634e-09 -5.801291e+03 2.616851e-09 
3.027344e+03 1.000000e+03 2.500000e+04 2.782979e-02 0.000000e+00 3.675658e-02 -3.658361e+04 7.801661e+04 3.165382e+04 8.039489e+01 -5.328837e-01 -5.801291e+03 5.723850e-01 
3.125000e+03 0.000000e+00 2.500000e+04 2.803387e-02 0.000000e+00 3.586868e-02 -3.135214e+04 6.685027e+04 2.712731e+04 7.883728e+01 4.475041e-01 -5.496501e+03 -5.400963e-01 
3.125000e+03 5.000000e+02 2.500000e+04 2.803390e-02 -1.153992e-16 3.586865e-02 -3.135214e+04 6.685027e+04 2.712731e+04 7.883728e+01 1.900513e-09 -5.496501e+03 2.532646e-09 
3.125000e+03 1.000000e+03 2.500000e+04 2.803387e-02 0.000000e+00 3.586868e-02 -3.135214e+04 6.685027e+04 2.712731e+04 7.883728e+01 -4.475041e-01 -5.496501e+03 5.400963e-01 
3.222656e+03 0.000000e+00 2.500000e+04 2.820589e-02 0.000000e+00 3.499497e-02 -2.639671e+04 5.627319e+04 2.283965e+04 7.729900e+01 3.673624e-01 -5.195862e+03 -4.025217e-01 
3.222656e+03 5.000000e+02 2.500000e+04 2.820591e-02 -1.104884e-16 3.499495e-02 -2.639671e+04 5.627319e+04 2.283965e+04 7.729900e+01 1.879522e-09 -5.195862e+03 2.386181e-09 
3.222656e+03 1.000000e+03 2.500000e+04 2.820589e-02 0.000000e+00 3.499497e-02 -2.639671e+04 5.627319e+04 2.283965e+04 7.729900e+01 -3.673624e-01 -5.195862e+03 4.025217e-01 
3.320312e+03 0.000000e+00 2.500000e+04 2.834762e-02 0.000000e+00 3.413635e-02 -2.171318e+04 4.627614e+04 1.878724e+04 7.614817e+01 2.973430e-01 -4.900334e+03 -1.813997e-01 
3.320312e+03 5.000000e+02 2.500000e+04 2.834764e-02 -1.055343e-16 3.413634e-02 -2.171318e+04 4.627614e+04 1.878724e+04 7.614817e+01 1.730736e-09 -4.900334e+03 2.404056e-09 
3.320312e+03 1.000000e+03 2.500000e+04 2.834762e-02 0.000000e+00 3.413635e-02 -2.171318e+04 4.627614e+04 1.878724e+04 7.614817e+01 -2.973430e-01 -4.900334e+03 1.813997e-01 
3.417969e+03 0.000000e+00 2.500000e+04 2.846080e-02 0.000000e+00 3.329357e-02 -1.729490e+04 3.684587e+04 1.496434e+04 7.448527e+01 2.479911e-01 -4.612238e+03 1.051157e-01 
3.417969e+03 5.000000e+02 2.500000e+04 2.846081e-02 -1.007212e-16 3.329358e-02 -1.729490e+04 3.684587e+04 1.496434e+04 7.448527e+01 1.588948e-09 -4.612238e+03 2.408728e-09 
3.417969e+03 1.000000e+03 2.500000e+04 2.846080e-02 0.000000e+00 3.329357e-02 -1.729490e+04 3.684587e+04 1.496434e+04 7.448527e+01 -2.479911e-01 -4.612238e+03 -1.051157e-01 
3.515625e+03 0.000000e+00 2.500000e+04 2.854710e-02 0.000000e+00 3.246724e-02 -1.313518e+04 2.796855e+04 1.136516e+04 7.182116e+01 2.620774e-01 -4.332973e+03 3.305898e-01 
3.515625e+03 5.000000e+02 2.500000e+04 2.854711e-02 -9.562443e-17 3.246725e-02 -1.313518e+04 2.796855e+04 1.136516e+04 7.182116e+01 1.782828e-09 -4.332973e+03 2.235077e-09 
3.515625e+03 1.000000e+03 2.500000e+04 2.854710e-02 0.000000e+00 3.246724e-02 -1.313518e+04 2.796855e+04 1.136516e+04 7.182116e+01 -2.620774e-01 -4.332973e+03 -3.305898e-01 
3.613281e+03 0.000000e+00 2.500000e+04 2.860817e-02 0.000000e+00 3.165782e-02 -9.228139e+03 1.962985e+04 7.984610e+03 6.995773e+01 3.555945e-01 -4.062583e+03 4.479209e-01 
3.613281e+03 5.000000e+02 2.500000e+04 2.860819e-02 -9.141800e-17 3.165784e-02 -9.228139e+03 1.962985e+04 7.984610e+03 6.995773e+01 2.011210e-09 -4.062583e+03 2.086132e-09 
3.613281e+03 1.000000e+03 2.500000e+04 2.860817e-02 0.000000e+00 3.165782e-02 -9.228139e+03 1.962985e+04 7.984610e+03 6.995773e+01 -3.555945e-01 -4.062583e+03 -4.479209e-01 
3.710938e+03 0.000000e+00 2.500000e+04 2.864559e-02 0.000000e+00 3.086571e-02 -5.564317e+03 1.181031e+04 4.814503e+03 6.813447e+01 4.689006e-01 -3.801937e+03 3.704687e-01 
3.710938e+03 5.000000e+02 2.500000e+04 2.864562e-02 -8.694912e-17 3.086574e-02 -5.564317e+03 1.181031e+04 4.814503e+03 6.813447e+01 1.933414e-09 -3.801937e+03 1.963147e-09 
3.710938e+03 1.000000e+03 2.500000e+04 2.864559e-02 0.000000e+00 3.086571e-02 -5.564317e+03 1.181031e+04 4.814503e+03 6.813447e+01 -4.689006e-01 -3.801937e+03 -3.704687e-01 
3.808594e+03 0.000000e+00 2.500000e+04 2.866089e-02 0.000000e+00 3.009120e-02 -2.133890e+03 4.490465e+03 1.846340e+03 6.486607e+01 5.244451e-01 -3.551573e+03 8.167063e-04 
3.808594e+03 5.000000e+02 2.500000e+04 2.866093e-02 -8.315942e-17 3.009120e-02 -2.133890e+03 4.490465e+03 1.846340e+03 6.486607e+01 1.811130e-09 -3.551573e+03 1.817658e-09 
3.808594e+03 1.000000e+03 2.500000e+04 2.866089e-02 0.000000e+00 3.009120e-02 -2.133890e+03 4.490465e+03 1.846340e+03 6.486607e+01 -5.244451e-01 -3.551573e+03 -8.167026e-04 
3.906250e+03 0.000000e+00 2.500000e+04 2.865555e-02 0.000000e+00 2.933447e-02 1.072181e+03 -2.349337e+03 -9.277004e+02 6.049375e+01 4.920515e-01 -3.311260e+03 -4.455397e-01 
3.906250e+03 5.000000e+02 2.500000e+04 2.865558e-02 -7.919298e-17 2.933444e-02 1.072181e+03 -2.349337e+03 -9.277004e+02 6.049375e+01 1.806191e-09 -3.311260e+03 1.784334e-09 
3.906250e+03 1.000000e+03 2.500000e+04 2.865555e-02 0.000000e+00 2.933447e-02 1.072181e+03 -2.349337e+03 -9.277004e+02 6.049375e+01 -4.920515e-01 -3.311260e+03 4.455397e-01 
4.003906e+03 0.000000e+00 2.500000e+04 2.863096e-02 0.000000e+00 2.859563e-02 4.061702e+03 -8.727923e+03 -3.514371e+03 5.718797e+01 3.751557e-01 -3.081513e+03 -6.455821e-01 
4.003906e+03 5.000000e+02 2.500000e+04 2.863098e-02 -7.581999e-17 2.859559e-02 4.061702e+03 -8.727923e+03 -3.514371e+03 5.718797e+01 1.775261e-09 -3.081513e+03 1.815158e-09 
4.003906e+03 1.000000e+03 2.500000e+04 2.863096e-02 0.000000e+00 2.859563e-02 4.061702e+03 -8.727923e+03 -3.514371e+03 5.718797e+01 -3.751557e-01 -3.081513e+03 6.455821e-01 
4.101562e+03 0.000000e+00 2.500000e+04 2.858847e-02 0.000000e+00 2.787471e-02 6.843714e+03 -1.466482e+04 -5.921496e+03 5.517523e+01 2.200493e-01 -2.862785e+03 -5.529930e-01 
4.101562e+03 5.000000e+02 2.500000e+04 2.858848e-02 -7.264828e-17 2.787468e-02 6.843714e+03 -1.466482e+04 -5.921496e+03 5.517523e+01 1.695578e-09 -2.862785e+03 1.785742e-09 
4.101562e+03 1.000000e+03 2.500000e+04 2.858847e-02 0.000000e+00 2.787471e-02 6.843714e+03 -1.466482e+04 -5.921496e+03 5.517523e+01 -2.200493e-01 -2.862785e+03 5.529931e-01 
4.199219e+03 0.000000e+00 2.500000e+04 2.852935e-02 0.000000e+00 2.717168e-02 9.429477e+03 -2.018234e+04 -8.158816e+03 5.272692e+01 1.036510e-01 -2.654631e+03 -3.226432e-01 
4.199219e+03 5.000000e+02 2.500000e+04 2.852936e-02 -6.952965e-17 2.717167e-02 9.429477e+03 -2.018234e+04 -8.158816e+03 5.272692e+01 1.686805e-09 -2.654631e+03 1.627330e-09 
4.199219e+03 1.000000e+03 2.500000e+04 2.852935e-02 0.000000e+00 2.717168e-02 9.429477e+03 -2.018234e+04 -8.158816e+03 5.272692e+01 -1.036510e-01 -2.654631e+03 3.226432e-01 
4.296875e+03 0.000000e+00 2.500000e+04 2.845483e-02 0.000000e+00 2.648648e-02 1.182880e+04 -2.530151e+04 -1.023482e+04 4.993210e+01 6.604169e-02 -2.457256e+03 -1.016888e-01 
4.296875e+03 5.000000e+02 2.500000e+04 2.845483e-02 -6.649143e-17 2.648647e-02 1.182880e+04 -2.530151e+04 -1.023482e+04 4.993210e+01 1.752809e-09 -2.457256e+03 1.462400e-09 
4.296875e+03 1.000000e+03 2.500000e+04 2.845483e-02 0.000000e+00 2.648648e-02 1.182880e+04 -2.530151e+04 -1.023482e+04 4.993210e+01 -6.604169e-02 -2.457256e+03 1.016888e-01 
4.394531e+03 0.000000e+00 2.500000e+04 2.836604e-02 0.000000e+00 2.581894e-02 1.405111e+04 -3.004261e+04 -1.215767e+04 4.694201e+01 7.649456e-02 -2.270850e+03 -4.374223e-02 
4.394531e+03 5.000000e+02 2.500000e+04 2.836605e-02 -6.324358e-17 2.581895e-02 1.405111e+04 -3.004261e+04 -1.215767e+04 4.694201e+01 1.783930e-09 -2.270850e+03 1.397195e-09 
4.394531e+03 1.000000e+03 2.500000e+04 2.836604e-02 0.000000e+00 2.581894e-02 1.405111e+04 -3.004261e+04 -1.215767e+04 4.694201e+01 -7.649456e-02 -2.270850e+03 4.374223e-02 
4.492188e+03 0.000000e+00 2.500000e+04 2.826409e-02 0.000000e+00 2.516891e-02 1.610501e+04 -3.442484e+04 -1.393480e+04 4.459811e+01 8.192577e-02 -2.094434e+03 -1.979002e-01 
4.492188e+03 5.000000e+02 2.500000e+04 2.826410e-02 -6.042059e-17 2.516890e-02 1.610501e+04 -3.442484e+04 -1.393480e+04 4.459811e+01 1.772279e-09 -2.094434e+03 1.389820e-09 
4.492188e+03 1.000000e+03 2.500000e+04 2.826409e-02 0.000000e+00 2.516891e-02 1.610501e+04 -3.442484e+04 -1.393480e+04 4.459811e+01 -8.192577e-02 -2.094434e+03 1.979002e-01 
4.589844e+03 0.000000e+00 2.500000e+04 2.815000e-02 0.000000e+00 2.453617e-02 1.800040e+04 -3.846876e+04 -1.557477e+04 4.233773e+01 4.051541e-02 -1.927874e+03 -4.772792e-01 
4.589844e+03 5.000000e+02 2.500000e+04 2.815001e-02 -5.741217e-17 2.453614e-02 1.800040e+04 -3.846876e+04 -1.557477e+04 4.233773e+01 1.724765e-09 -1.927874e+03 1.400389e-09 
4.589844e+03 1.000000e+03 2.500000e+04 2.815000e-02 0.000000e+00 2.453617e-02 1.800040e+04 -3.846876e+04 -1.557477e+04 4.233773e+01 -4.051541e-02 -1.927874e+03 4.772792e-01 
4.687500e+03 0.000000e+00 2.500000e+04 2.802475e-02 0.000000e+00 2.392045e-02 1.974669e+04 -4.219375e+04 -1.708575e+04 3.941590e+01 -6.828107e-02 -1.771321e+03 -8.070062e-01 
4.687500e+03 5.000000e+02 2.500000e+04 2.802475e-02 -5.447097e-17 2.392041e-02 1.974669e+04 -4.219375e+04 -1.708575e+04 3.941590e+01 1.706516e-09 -1.771321e+03 1.204071e-09 
4.687500e+03 1.000000e+03 2.500000e+04 2.802475e-02 0.000000e+00 2.392045e-02 1.974669e+04 -4.219375e+04 -1.708575e+04 3.941590e+01 6.828107e-02 -1.771321e+03 8.070062e-01 
4.785156e+03 0.000000e+00 2.500000e+04 2.788924e-02 0.000000e+00 2.332149e-02 2.135238e+04 -4.561831e+04 -1.847506e+04 3.622732e+01 -2.405545e-01 -1.623612e+03 -1.064435e+00 
4.785156e+03 5.000000e+02 2.500000e+04 2.788924e-02 -5.147786e-17 2.332143e-02 2.135238e+04 -4.561831e+04 -1.847506e+04 3.622732e+01 1.666777e-09 -1.623612e+03 1.000744e-09 
4.785156e+03 1.000000e+03 2.500000e+04 2.788924e-02 0.000000e+00 2.332149e-02 2.135238e+04 -4.561831e+04 -1.847506e+04 3.622732e+01 2.405545e-01 -1.623612e+03 1.064435e+00 
4.882812e+03 0.000000e+00 2.500000e+04 2.774435e-02 0.000000e+00 2.273899e-02 2.282400e+04 -4.875839e+04 -1.974837e+04 3.477178e+01 -4.616315e-01 -1.484662e+03 -1.157906e+00 
4.882812e+03 5.000000e+02 2.500000e+04 2.774432e-02 -4.841329e-17 2.273893e-02 2.282400e+04 -4.875839e+04 -1.974837e+04 3.477178e+01 1.597142e-09 -1.484662e+03 9.719140e-10 
4.882812e+03 1.000000e+03 2.500000e+04 2.774435e-02 0.000000e+00 2.273899e-02 2.282400e+04 -4.875839e+04 -1.974837e+04 3.477178e+01 4.616315e-01 -1.484662e+03 1.157906e+00 
4.980469e+03 0.000000e+00 2.500000e+04 2.759086e-02 0.000000e+00 2.217263e-02 2.417097e+04 -5.163225e+04 -2.091383e+04 3.318392e+01 -7.065402e-01 -1.355195e+03 -1.170349e+00 
4.980469e+03 5.000000e+02 2.500000e+04 2.759082e-02 -4.531581e-17 2.217258e-02 2.417097e+04 -5.163225e+04 -2.091383e+04 3.318392e+01 1.601892e-09 -1.355195e+03 8.623695e-10 
4.980469e+03 1.000000e+03 2.500000e+04 2.759086e-02 0.000000e+00 2.217263e-02 2.417097e+04 -5.163225e+04 -2.091383e+04 3.318392e+01 7.065402e-01 -1.355195e+03 1.170349e+00 
5.078125e+03 0.000000e+00 2.500000e+04 2.742955e-02 0.000000e+00 2.162207e-02 2.540203e+04 -5.425716e+04 -2.197901e+04 3.006384e+01 -9.398763e-01 -1.233345e+03 -1.089792e+00 
5.078125e+03 5.000000e+02 2.500000e+04 2.742949e-02 -4.241824e-17 2.162202e-02 2.540203e+04 -5.425716e+04 -2.197901e+04 3.006384e+01 1.657547e-09 -1.233345e+03 8.020270e-10 
5.078125e+03 1.000000e+03 2.500000e+04 2.742955e-02 0.000000e+00 2.162207e-02 2.540203e+04 -5.425716e+04 -2.197901e+04 3.006384e+01 9.398764e-01 -1.233345e+03 1.089792e+00 
5.175781e+03 0.000000e+00 2.500000e+04 2.726111e-02 0.000000e+00 2.108700e-02 2.652197e+04 -5.664618e+04 -2.294803e+04 2.829684e+01 -1.107074e+00 -1.118207e+03 -6.340027e-01 
5.175781e+03 5.000000e+02 2.500000e+04 2.726103e-02 -3.966989e-17 2.108696e-02 2.652197e+04 -5.664618e+04 -2.294803e+04 2.829684e+01 1.617815e-09 -1.118207e+03 8.633030e-10 
5.175781e+03 1.000000e+03 2.500000e+04 2.726111e-02 0.000000e+00 2.108700e-02 2.652197e+04 -5.664618e+04 -2.294803e+04 2.829684e+01 1.107074e+00 -1.118207e+03 6.340027e-01 
5.273438e+03 0.000000e+00 2.500000e+04 2.708621e-02 0.000000e+00 2.056704e-02 2.753765e+04 -5.881435e+04 -2.382684e+04 2.823605e+01 -1.155494e+00 -1.011490e+03 2.293916e-01 
5.273438e+03 5.000000e+02 2.500000e+04 2.708613e-02 -3.684075e-17 2.056705e-02 2.753765e+04 -5.881435e+04 -2.382684e+04 2.823605e+01 1.508316e-09 -1.011490e+03 8.722728e-10 
5.273438e+03 1.000000e+03 2.500000e+04 2.708621e-02 0.000000e+00 2.056704e-02 2.753765e+04 -5.881435e+04 -2.382684e+04 2.823605e+01 1.155494e+00 -1.011490e+03 -2.293916e-01 
5.371094e+03 0.000000e+00 2.500000e+04 2.690548e-02 0.000000e+00 2.006183e-02 2.845852e+04 -6.077883e+04 -2.462362e+04 2.688000e+01 -1.060348e+00 -9.128512e+02 1.060554e+00 
5.371094e+03 5.000000e+02 2.500000e+04 2.690540e-02 -3.445188e-17 2.006189e-02 2.845852e+04 -6.077883e+04 -2.462362e+04 2.688000e+01 1.565428e-09 -9.128512e+02 8.364975e-10 
5.371094e+03 1.000000e+03 2.500000e+04 2.690548e-02 0.000000e+00 2.006183e-02 2.845852e+04 -6.077883e+04 -2.462362e+04 2.688000e+01 1.060348e+00 -9.128512e+02 -1.060554e+00 
5.468750e+03 0.000000e+00 2.500000e+04 2.671948e-02 0.000000e+00 1.957101e-02 2.929097e+04 -6.255288e+04 -2.534389e+04 2.385952e+01 -8.387356e-01 -8.201096e+02 1.557294e+00 
5.468750e+03 5.000000e+02 2.500000e+04 2.671943e-02 -3.257591e-17 1.957109e-02 2.929097e+04 -6.255288e+04 -2.534389e+04 2.385952e+01 1.629672e-09 -8.201096e+02 7.869650e-10 
5.468750e+03 1.000000e+03 2.500000e+04 2.671948e-02 0.000000e+00 1.957101e-02 2.929097e+04 -6.255288e+04 -2.534389e+04 2.385952e+01 8.387356e-01 -8.201096e+02 -1.557294e+00 
5.566406e+03 0.000000e+00 2.500000e+04 2.652876e-02 0.000000e+00 1.909424e-02 3.003888e+04 -6.414693e+04 -2.599102e+04 2.131038e+01 -5.498720e-01 -7.328979e+02 1.723862e+00 
5.566406e+03 5.000000e+02 2.500000e+04 2.652873e-02 -3.098652e-17 1.909433e-02 3.003888e+04 -6.414693e+04 -2.599102e+04 2.131038e+01 1.523070e-09 -7.328979e+02 7.465053e-10 
5.566406e+03 1.000000e+03 2.500000e+04 2.652876e-02 0.000000e+00 1.909424e-02 3.003888e+04 -6.414693e+04 -2.599102e+04 2.131038e+01 5.498720e-01 -7.328979e+02 -1.723862e+00 
5.664062e+03 0.000000e+00 2.500000e+04 2.633382e-02 0.000000e+00 1.863115e-02 3.070798e+04 -6.557342e+04 -2.656995e+04 1.943589e+01 -2.658592e-01 -6.519716e+02 1.629625e+00 
5.664062e+03 5.000000e+02 2.500000e+04 2.633381e-02 -2.961128e-17 1.863123e-02 3.070798e+04 -6.557342e+04 -2.656995e+04 1.943589e+01 1.529594e-09 -6.519716e+02 7.102787e-10 
5.664062e+03 1.000000e+03 2.500000e+04 2.633382e-02 0.000000e+00 1.863115e-02 3.070798e+04 -6.557342e+04 -2.656995e+04 1.943589e+01 2.658592e-01 -6.519716e+02 -1.629625e+00 
5.761719e+03 0.000000e+00 2.500000e+04 2.613514e-02 0.000000e+00 1.818136e-02 3.130317e+04 -6.684306e+04 -2.708494e+04 1.848333e+01 -3.865957e-02 -5.767393e+02 1.374694e+00 
5.761719e+03 5.000000e+02 2.500000e+04 2.613515e-02 -2.812182e-17 1.818143e-02 3.130317e+04 -6.684306e+04 -2.708494e+04 1.848333e+01 1.597310e-09 -5.767393e+02 6.513894e-10 
5.761719e+03 1.000000e+03 2.500000e+04 2.613514e-02 0.000000e+00 1.818136e-02 3.130317e+04 -6.684306e+04 -2.708494e+04 1.848333e+01 3.865957e-02 -5.767393e+02 -1.374694e+00 
5.859375e+03 0.000000e+00 2.500000e+04 2.593317e-02 0.000000e+00 1.774453e-02 3.182990e+04 -6.796699e+04 -2.754069e+04 1.797917e+01 8.599583e-02 -5.068803e+02 9.983914e-01 
5.859375e+03 5.000000e+02 2.500000e+04 2.593318e-02 -2.661716e-17 1.774458e-02 3.182990e+04 -6.796699e+04 -2.754069e+04 1.797917e+01 1.494656e-09 -5.068803e+02 5.737313e-10 
5.859375e+03 1.000000e+03 2.500000e+04 2.593317e-02 0.000000e+00 1.774453e-02 3.182990e+04 -6.796699e+04 -2.754069e+04 1.797917e+01 -8.599583e-02 -5.068803e+02 -9.983914e-01 
5.957031e+03 0.000000e+00 2.500000e+04 2.572830e-02 0.000000e+00 1.732027e-02 3.229273e+04 -6.895489e+04 -2.794115e+04 1.785990e+01 8.561569e-02 -4.423296e+02 5.667733e-01 
5.957031e+03 5.000000e+02 2.500000e+04 2.572831e-02 -2.520436e-17 1.732030e-02 3.229273e+04 -6.895489e+04 -2.794115e+04 1.785990e+01 1.411801e-09 -4.423296e+02 5.015300e-10 
5.957031e+03 1.000000e+03 2.500000e+04 2.572830e-02 0.000000e+00 1.732027e-02 3.229273e+04 -6.895489e+04 -2.794115e+04 1.785990e+01 -8.561568e-02 -4.423296e+02 -5.667733e-01 
6.054688e+03 0.000000e+00 2.500000e+04 2.552092e-02 0.000000e+00 1.690822e-02 3.269680e+04 -6.981718e+04 -2.829077e+04 1.755276e+01 -1.941819e-03 -3.821987e+02 2.007463e-01 
6.054688e+03 5.000000e+02 2.500000e+04 2.552092e-02 -2.370800e-17 1.690824e-02 3.269680e+04 -6.981718e+04 -2.829077e+04 1.755276e+01 1.409843e-09 -3.821987e+02 4.590922e-10 
6.054688e+03 1.000000e+03 2.500000e+04 2.552092e-02 0.000000e+00 1.690822e-02 3.269680e+04 -6.981718e+04 -2.829077e+04 1.755276e+01 1.941822e-03 -3.821987e+02 -2.007463e-01 
6.152344e+03 0.000000e+00 2.500000e+04 2.531136e-02 0.000000e+00 1.650804e-02 3.304761e+04 -7.056465e+04 -2.859431e+04 1.612384e+01 -1.349274e-01 -3.262180e+02 -6.518536e-02 
6.152344e+03 5.000000e+02 2.500000e+04 2.531136e-02 -2.228660e-17 1.650804e-02 3.304761e+04 -7.056465e+04 -2.859431e+04 1.612384e+01 1.411751e-09 -3.262180e+02 3.903834e-10 
6.152344e+03 1.000000e+03 2.500000e+04 2.531136e-02 0.000000e+00 1.650804e-02 3.304761e+04 -7.056465e+04 -2.859431e+04 1.612384e+01 1.349274e-01 -3.262180e+02 6.518536e-02 
6.250000e+03 0.000000e+00 2.500000e+04 2.509996e-02 0.000000e+00 1.611938e-02 3.334869e+04 -7.120488e+04 -2.885482e+04 1.362873e+01 -2.913832e-01 -2.744583e+02 -2.187693e-01 
6.250000e+03 5.000000e+02 2.500000e+04 2.509995e-02 -2.099982e-17 1.611937e-02 3.334869e+04 -7.120488e+04 -2.885482e+04 1.362873e+01 1.395316e-09 -2.744583e+02 3.837957e-10 
6.250000e+03 1.000000e+03 2.500000e+04 2.509996e-02 0.000000e+00 1.611938e-02 3.334869e+04 -7.120488e+04 -2.885482e+04 1.362873e+01 2.913832e-01 -2.744583e+02 2.187693e-01 
6.347656e+03 0.000000e+00 2.500000e+04 2.488701e-02 0.000000e+00 1.574187e-02 3.360254e+04 -7.174442e+04 -2.907446e+04 1.125252e+01 -4.367112e-01 -2.263919e+02 -2.725470e-01 
6.347656e+03 5.000000e+02 2.500000e+04 2.488699e-02 -1.966037e-17 1.574186e-02 3.360254e+04 -7.174442e+04 -2.907446e+04 1.125252e+01 1.347110e-09 -2.263919e+02 4.356553e-10 
6.347656e+03 1.000000e+03 2.500000e+04 2.488701e-02 0.000000e+00 1.574187e-02 3.360254e+04 -7.174442e+04 -2.907446e+04 1.125252e+01 4.367112e-01 -2.263919e+02 2.725470e-01 
6.445312e+03 0.000000e+00 2.500000e+04 2.467279e-02 0.000000e+00 1.537521e-02 3.381212e+04 -7.219058e+04 -2.925580e+04 1.001639e+01 -5.439390e-01 -1.820624e+02 -2.275369e-01 
6.445312e+03 5.000000e+02 2.500000e+04 2.467276e-02 -1.836816e-17 1.537520e-02 3.381212e+04 -7.219058e+04 -2.925580e+04 1.001639e+01 1.272130e-09 -1.820624e+02 4.021185e-10 
6.445312e+03 1.000000e+03 2.500000e+04 2.467279e-02 0.000000e+00 1.537521e-02 3.381212e+04 -7.219058e+04 -2.925580e+04 1.001639e+01 5.439390e-01 -1.820624e+02 2.275369e-01 
6.542969e+03 0.000000e+00 2.500000e+04 2.445756e-02 0.000000e+00 1.501906e-02 3.398103e+04 -7.255070e+04 -2.940194e+04 9.563744e+00 -6.174005e-01 -1.415032e+02 -3.462511e-02 
6.542969e+03 5.000000e+02 2.500000e+04 2.445752e-02 -1.724095e-17 1.501906e-02 3.398103e+04 -7.255070e+04 -2.940194e+04 9.563744e+00 1.206253e-09 -1.415032e+02 3.615610e-10 
6.542969e+03 1.000000e+03 2.500000e+04 2.445756e-02 0.000000e+00 1.501906e-02 3.398103e+04 -7.255070e+04 -2.940194e+04 9.563744e+00 6.174005e-01 -1.415032e+02 3.462511e-02 
6.640625e+03 0.000000e+00 2.500000e+04 2.424154e-02 0.000000e+00 1.467308e-02 3.411247e+04 -7.283119e+04 -2.951567e+04 9.465176e+00 -6.417949e-01 -1.037683e+02 2.943112e-01 
6.640625e+03 5.000000e+02 2.500000e+04 2.424149e-02 -1.638442e-17 1.467310e-02 3.411247e+04 -7.283119e+04 -2.951567e+04 9.465176e+00 1.286323e-09 -1.037683e+02 4.056370e-10 
6.640625e+03 1.000000e+03 2.500000e+04 2.424154e-02 0.000000e+00 1.467308e-02 3.411247e+04 -7.283119e+04 -2.951567e+04 9.465176e+00 6.417949e-01 -1.037683e+02 -2.943112e-01 
6.738281e+03 0.000000e+00 2.500000e+04 2.402495e-02 0.000000e+00 1.433700e-02 3.421041e+04 -7.303949e+04 -2.960042e+04 8.670717e+00 -5.991777e-01 -6.856893e+01 6.828685e-01 
6.738281e+03 5.000000e+02 2.500000e+04 2.402491e-02 -1.559334e-17 1.433703e-02 3.421041e+04 -7.303949e+04 -2.960042e+04 8.670717e+00 1.344342e-09 -6.856893e+01 4.377549e-10 
6.738281e+03 1.000000e+03 2.500000e+04 2.402495e-02 0.000000e+00 1.433700e-02 3.421041e+04 -7.303949e+04 -2.960042e+04 8.670717e+00 5.991777e-01 -6.856893e+01 -6.828685e-01 
6.835938e+03 0.000000e+00 2.500000e+04 2.380800e-02 0.000000e+00 1.401049e-02 3.427640e+04 -7.317983e+04 -2.965752e+04 8.137812e+00 -5.246572e-01 -3.654188e+01 9.766417e-01 
6.835938e+03 5.000000e+02 2.500000e+04 2.380797e-02 -1.476765e-17 1.401055e-02 3.427640e+04 -7.317983e+04 -2.965752e+04 8.137812e+00 1.271813e-09 -3.654188e+01 3.596356e-10 
6.835938e+03 1.000000e+03 2.500000e+04 2.380800e-02 0.000000e+00 1.401049e-02 3.427640e+04 -7.317983e+04 -2.965752e+04 8.137812e+00 5.246572e-01 -3.654188e+01 -9.766417e-01 
6.933594e+03 0.000000e+00 2.500000e+04 2.359088e-02 0.000000e+00 1.369328e-02 3.431350e+04 -7.325804e+04 -2.968961e+04 7.163312e+00 -4.594584e-01 -7.734193e+00 9.842984e-01 
6.933594e+03 5.000000e+02 2.500000e+04 2.359085e-02 -1.377287e-17 1.369333e-02 3.431350e+04 -7.325804e+04 -2.968961e+04 7.163312e+00 1.312597e-09 -7.734193e+00 3.352447e-10 
6.933594e+03 1.000000e+03 2.500000e+04 2.359088e-02 0.000000e+00 1.369328e-02 3.431350e+04 -7.325804e+04 -2.968961e+04 7.163312e+00 4.594584e-01 -7.734193e+00 -9.842984e-01 
7.031250e+03 0.000000e+00 2.500000e+04 2.337374e-02 0.000000e+00 1.338506e-02 3.432465e+04 -7.327964e+04 -2.969926e+04 4.958554e+00 -4.168484e-01 1.925389e+01 6.903238e-01 
7.031250e+03 5.000000e+02 2.500000e+04 2.337372e-02 -1.295390e-17 1.338510e-02 3.432465e+04 -7.327964e+04 -2.969926e+04 4.958554e+00 1.389126e-09 1.925389e+01 3.374431e-10 
7.031250e+03 1.000000e+03 2.500000e+04 2.337374e-02 0.000000e+00 1.338506e-02 3.432465e+04 -7.327964e+04 -2.969926e+04 4.958554e+00 4.168484e-01 1.925389e+01 -6.903238e-01 
7.128906e+03 0.000000e+00 2.500000e+04 2.315676e-02 0.000000e+00 1.308559e-02 3.430965e+04 -7.324662e+04 -2.968629e+04 3.953281e+00 -4.027364e-01 4.529491e+01 3.848323e-01 
7.128906e+03 5.000000e+02 2.500000e+04 2.315674e-02 -1.203878e-17 1.308560e-02 3.430965e+04 -7.324662e+04 -2.968629e+04 3.953281e+00 1.387566e-09 4.529491e+01 2.822500e-10 
7.128906e+03 1.000000e+03 2.500000e+04 2.315676e-02 0.000000e+00 1.308559e-02 3.430965e+04 -7.324662e+04 -2.968629e+04 3.953281e+00 4.027364e-01 4.529491e+01 -3.848323e-01 
7.226562e+03 0.000000e+00 2.500000e+04 2.294007e-02 0.000000e+00 1.279458e-02 3.427044e+04 -7.316347e+04 -2.965236e+04 4.506928e+00 -4.177310e-01 6.918389e+01 3.788735e-01 
7.226562e+03 5.000000e+02 2.500000e+04 2.294005e-02 -1.119802e-17 1.279459e-02 3.427044e+04 -7.316347e+04 -2.965236e+04 4.506928e+00 1.366676e-09 6.918389e+01 2.632130e-10 
7.226562e+03 1.000000e+03 2.500000e+04 2.294007e-02 0.000000e+00 1.279458e-02 3.427044e+04 -7.316347e+04 -2.965236e+04 4.506928e+00 4.177310e-01 6.918389e+01 -3.788735e-01 
7.324219e+03 0.000000e+00 2.500000e+04 2.272383e-02 0.000000e+00 1.251175e-02 3.421049e+04 -7.303567e+04 -2.960049e+04 4.686542e+00 -4.368263e-01 8.950472e+01 4.802089e-01 
7.324219e+03 5.000000e+02 2.500000e+04 2.272380e-02 -1.051374e-17 1.251178e-02 3.421049e+04 -7.303567e+04 -2.960049e+04 4.686542e+00 1.287164e-09 8.950472e+01 2.290054e-10 
7.324219e+03 1.000000e+03 2.500000e+04 2.272383e-02 0.000000e+00 1.251175e-02 3.421049e+04 -7.303567e+04 -2.960049e+04 4.686542e+00 4.368263e-01 8.950472e+01 -4.802089e-01 
7.421875e+03 0.000000e+00 2.500000e+04 2.250813e-02 0.000000e+00 1.223684e-02 3.413242e+04 -7.286776e+04 -2.953293e+04 3.448477e+00 -4.298774e-01 1.075673e+02 3.311202e-01 
7.421875e+03 5.000000e+02 2.500000e+04 2.250811e-02 -9.820793e-18 1.223686e-02 3.413242e+04 -7.286776e+04 -2.953293e+04 3.448477e+00 1.235490e-09 1.075673e+02 1.974316e-10 
7.421875e+03 1.000000e+03 2.500000e+04 2.250813e-02 0.000000e+00 1.223684e-02 3.413242e+04 -7.286776e+04 -2.953293e+04 3.448477e+00 4.298774e-01 1.075673e+02 -3.311202e-01 
7.519531e+03 0.000000e+00 2.500000e+04 2.229310e-02 0.000000e+00 1.196961e-02 3.403645e+04 -7.266211e+04 -2.944990e+04 2.662277e+00 -3.852482e-01 1.254654e+02 9.647209e-02 
7.519531e+03 5.000000e+02 2.500000e+04 2.229308e-02 -8.964474e-18 1.196961e-02 3.403645e+04 -7.266211e+04 -2.944990e+04 2.662277e+00 1.273584e-09 1.254654e+02 1.893743e-10 
7.519531e+03 1.000000e+03 2.500000e+04 2.229310e-02 0.000000e+00 1.196961e-02 3.403645e+04 -7.266211e+04 -2.944990e+04 2.662277e+00 3.852482e-01 1.254654e+02 -9.647209e-02 
7.617188e+03 0.000000e+00 2.500000e+04 2.207882e-02 0.000000e+00 1.170982e-02 3.392383e+04 -7.242209e+04 -2.935246e+04 3.052182e+00 -3.284220e-01 1.421383e+02 -5.754701e-03 
7.617188e+03 5.000000e+02 2.500000e+04 2.207881e-02 -8.055415e-18 1.170982e-02 3.392383e+04 -7.242209e+04 -2.935246e+04 3.052182e+00 1.283110e-09 1.421383e+02 1.380280e-10 
7.617188e+03 1.000000e+03 2.500000e+04 2.207882e-02 0.000000e+00 1.170982e-02 3.392383e+04 -7.242209e+04 -2.935246e+04 3.052182e+00 3.284220e-01 1.421383e+02 5.754701e-03 
7.714844e+03 0.000000e+00 2.500000e+04 2.186540e-02 0.000000e+00 1.145725e-02 3.379531e+04 -7.214941e+04 -2.924126e+04 4.731132e+00 -3.013163e-01 1.561799e+02 -9.333475e-02 
7.714844e+03 5.000000e+02 2.500000e+04 2.186539e-02 -7.080590e-18 1.145724e-02 3.379531e+04 -7.214941e+04 -2.924126e+04 4.731132e+00 1.272902e-09 1.561799e+02 1.046609e-10 
7.714844e+03 1.000000e+03 2.500000e+04 2.186540e-02 0.000000e+00 1.145725e-02 3.379531e+04 -7.214941e+04 -2.924126e+04 4.731132e+00 3.013163e-01 1.561799e+02 9.333475e-02 
7.812500e+03 0.000000e+00 2.500000e+04 2.165293e-02 0.000000e+00 1.121164e-02 3.365482e+04 -7.184959e+04 -2.911969e+04 4.837061e+00 -3.096428e-01 1.683789e+02 -2.045073e-01 
7.812500e+03 5.000000e+02 2.500000e+04 2.165291e-02 -6.358838e-18 1.121163e-02 3.365482e+04 -7.184959e+04 -2.911969e+04 4.837061e+00 1.298206e-09 1.683789e+02 1.707133e-10 
7.812500e+03 1.000000e+03 2.500000e+04 2.165293e-02 0.000000e+00 1.121164e-02 3.365482e+04 -7.184959e+04 -2.911969e+04 4.837061e+00 3.096428e-01 1.683789e+02 2.045073e-01 
7.910156e+03 0.000000e+00 2.500000e+04 2.144146e-02 0.000000e+00 1.097279e-02 3.350366e+04 -7.152563e+04 -2.898891e+04 3.549822e+00 -3.217102e-01 1.799845e+02 -2.652952e-01 
7.910156e+03 5.000000e+02 2.500000e+04 2.144143e-02 -5.603797e-18 1.097278e-02 3.350366e+04 -7.152563e+04 -2.898891e+04 3.549822e+00 1.281377e-09 1.799845e+02 1.972947e-10 
7.910156e+03 1.000000e+03 2.500000e+04 2.144146e-02 0.000000e+00 1.097279e-02 3.350366e+04 -7.152563e+04 -2.898891e+04 3.549822e+00 3.217102e-01 1.799845e+02 2.652952e-01 
8.007812e+03 0.000000e+00 2.500000e+04 2.123107e-02 0.000000e+00 1.074049e-02 3.334142e+04 -7.117804e+04 -2.884853e+04 2.312058e+00 -3.230371e-01 1.910243e+02 -2.409197e-01 
8.007812e+03 5.000000e+02 2.500000e+04 2.123104e-02 -5.045827e-18 1.074048e-02 3.334142e+04 -7.117804e+04 -2.884853e+04 2.312058e+00 1.214061e-09 1.910243e+02 1.325965e-10 
8.007812e+03 1.000000e+03 2.500000e+04 2.123107e-02 0.000000e+00 1.074049e-02 3.334142e+04 -7.117804e+04 -2.884853e+04 2.312058e+00 3.230371e-01 1.910243e+02 2.409197e-01 
8.105469e+03 0.000000e+00 2.500000e+04 2.102181e-02 0.000000e+00 1.051454e-02 3.316931e+04 -7.080887e+04 -2.869961e+04 5.469015e-01 -3.172624e-01 2.010249e+02 -1.571312e-01 
8.105469e+03 5.000000e+02 2.500000e+04 2.102179e-02 -4.444820e-18 1.051453e-02 3.316931e+04 -7.080887e+04 -2.869961e+04 5.469015e-01 1.198649e-09 2.010249e+02 8.494364e-11 
8.105469e+03 1.000000e+03 2.500000e+04 2.102181e-02 0.000000e+00 1.051454e-02 3.316931e+04 -7.080887e+04 -2.869961e+04 5.469015e-01 3.172624e-01 2.010249e+02 1.571312e-01 
8.203125e+03 0.000000e+00 2.500000e+04 2.081376e-02 0.000000e+00 1.029475e-02 3.298723e+04 -7.041942e+04 -2.854207e+04 -2.141097e-01 -2.588404e-01 2.100886e+02 -7.275385e-02 
8.203125e+03 5.000000e+02 2.500000e+04 2.081374e-02 -3.817017e-18 1.029474e-02 3.298723e+04 -7.041942e+04 -2.854207e+04 -2.141097e-01 1.187760e-09 2.100886e+02 5.450427e-11 
8.203125e+03 1.000000e+03 2.500000e+04 2.081376e-02 0.000000e+00 1.029475e-02 3.298723e+04 -7.041942e+04 -2.854207e+04 -2.141097e-01 2.588404e-01 2.100886e+02 7.275385e-02 
8.300781e+03 0.000000e+00 2.500000e+04 2.060695e-02 0.000000e+00 1.008092e-02 3.279639e+04 -7.001242e+04 -2.837695e+04 1.899441e-01 -1.259400e-01 2.179675e+02 5.902093e-03 
8.300781e+03 5.000000e+02 2.500000e+04 2.060694e-02 -3.061762e-18 1.008091e-02 3.279639e+04 -7.001242e+04 -2.837695e+04 1.899441e-01 1.142192e-09 2.179675e+02 5.168388e-11 
8.300781e+03 1.000000e+03 2.500000e+04 2.060695e-02 0.000000e+00 1.008092e-02 3.279639e+04 -7.001242e+04 -2.837695e+04 1.899441e-01 1.259400e-01 2.179675e+02 -5.902093e-03 
8.398438e+03 0.000000e+00 2.500000e+04 2.040144e-02 0.000000e+00 9.872856e-03 3.259811e+04 -6.958978e+04 -2.820539e+04 8.214993e-01 3.581769e-02 2.247948e+02 -1.295056e-02 
8.398438e+03 5.000000e+02 2.500000e+04 2.040144e-02 -2.308504e-18 9.872858e-03 3.259811e+04 -6.958978e+04 -2.820539e+04 8.214993e-01 1.144631e-09 2.247948e+02 3.798794e-11 
8.398438e+03 1.000000e+03 2.500000e+04 2.040144e-02 0.000000e+00 9.872856e-03 3.259811e+04 -6.958978e+04 -2.820539e+04 8.214993e-01 -3.581769e-02 2.247948e+02 1.295056e-02 
8.496094e+03 0.000000e+00 2.500000e+04 2.019725e-02 0.000000e+00 9.670400e-03 3.239375e+04 -6.915345e+04 -2.802856e+04 7.546683e-01 1.998035e-01 2.310407e+02 -2.177965e-01 
8.496094e+03 5.000000e+02 2.500000e+04 2.019727e-02 -1.968496e-18 9.670386e-03 3.239375e+04 -6.915345e+04 -2.802856e+04 7.546683e-01 1.107326e-09 2.310407e+02 8.505557e-13 
8.496094e+03 1.000000e+03 2.500000e+04 2.019725e-02 0.000000e+00 9.670400e-03 3.239375e+04 -6.915345e+04 -2.802856e+04 7.546683e-01 -1.998035e-01 2.310407e+02 2.177965e-01 
8.593750e+03 0.000000e+00 2.500000e+04 1.999444e-02 0.000000e+00 9.473368e-03 3.218381e+04 -6.870487e+04 -2.784691e+04 3.413361e-01 3.692197e-01 2.363547e+02 -4.679083e-01 
8.593750e+03 5.000000e+02 2.500000e+04 1.999446e-02 -1.423248e-18 9.473337e-03 3.218381e+04 -6.870487e+04 -2.784691e+04 3.413361e-01 1.049284e-09 2.363547e+02 -3.343770e-12 
8.593750e+03 1.000000e+03 2.500000e+04 1.999444e-02 0.000000e+00 9.473368e-03 3.218381e+04 -6.870487e+04 -2.784691e+04 3.413361e-01 -3.692197e-01 2.363547e+02 4.679083e-01 
8.691406e+03 0.000000e+00 2.500000e+04 1.979302e-02 0.000000e+00 9.281583e-03 3.196953e+04 -6.824659e+04 -2.766150e+04 -4.855578e-01 5.287192e-01 2.405653e+02 -6.863563e-01 
8.691406e+03 5.000000e+02 2.500000e+04 1.979305e-02 -9.140380e-19 9.281548e-03 3.196953e+04 -6.824659e+04 -2.766150e+04 -4.855578e-01 9.863889e-10 2.405653e+02 6.845080e-12 
8.691406e+03 1.000000e+03 2.500000e+04 1.979302e-02 0.000000e+00 9.281583e-03 3.196953e+04 -6.824659e+04 -2.766150e+04 -4.855578e-01 -5.287192e-01 2.405653e+02 6.863563e-01 
8.789062e+03 0.000000e+00 2.500000e+04 1.959303e-02 0.000000e+00 9.094890e-03 3.175068e+04 -6.777896e+04 -2.747215e+04 -9.454777e-01 6.532941e-01 2.444964e+02 -9.237155e-01 
8.789062e+03 5.000000e+02 2.500000e+04 1.959307e-02 -3.989241e-19 9.094838e-03 3.175068e+04 -6.777896e+04 -2.747215e+04 -9.454777e-01 9.557551e-10 2.444964e+02 -4.671863e-11 
8.789062e+03 1.000000e+03 2.500000e+04 1.959303e-02 0.000000e+00 9.094890e-03 3.175068e+04 -6.777896e+04 -2.747215e+04 -9.454777e-01 -6.532941e-01 2.444964e+02 9.237155e-01 
8.886719e+03 0.000000e+00 2.500000e+04 1.939449e-02 0.000000e+00 8.913131e-03 3.152720e+04 -6.730249e+04 -2.727878e+04 -3.160482e-01 7.160435e-01 2.484278e+02 -1.085275e+00 
8.886719e+03 5.000000e+02 2.500000e+04 1.939453e-02 -4.769457e-20 8.913069e-03 3.152720e+04 -6.730249e+04 -2.727878e+04 -3.160482e-01 1.044309e-09 2.484278e+02 -8.626028e-11 
8.886719e+03 1.000000e+03 2.500000e+04 1.939449e-02 0.000000e+00 8.913131e-03 3.152720e+04 -6.730249e+04 -2.727878e+04 -3.160482e-01 -7.160435e-01 2.484278e+02 1.085275e+00 
8.984375e+03 0.000000e+00 2.500000e+04 1.919742e-02 0.000000e+00 8.736151e-03 3.130002e+04 -6.681887e+04 -2.708222e+04 1.023419e+00 7.014374e-01 2.514182e+02 -1.128536e+00 
8.984375e+03 5.000000e+02 2.500000e+04 1.919746e-02 2.923496e-19 8.736094e-03 3.130002e+04 -6.681887e+04 -2.708222e+04 1.023419e+00 9.960950e-10 2.514182e+02 -4.044448e-11 
8.984375e+03 1.000000e+03 2.500000e+04 1.919742e-02 0.000000e+00 8.736151e-03 3.130002e+04 -6.681887e+04 -2.708222e+04 1.023419e+00 -7.014374e-01 2.514182e+02 1.128536e+00 
9.082031e+03 0.000000e+00 2.500000e+04 1.900183e-02 0.000000e+00 8.563800e-03 3.107113e+04 -6.633036e+04 -2.688417e+04 1.135931e+00 6.666135e-01 2.537345e+02 -1.077577e+00 
9.082031e+03 5.000000e+02 2.500000e+04 1.900187e-02 6.001831e-19 8.563741e-03 3.107113e+04 -6.633036e+04 -2.688417e+04 1.135931e+00 8.884303e-10 2.537345e+02 -5.850104e-11 
9.082031e+03 1.000000e+03 2.500000e+04 1.900183e-02 0.000000e+00 8.563800e-03 3.107113e+04 -6.633036e+04 -2.688417e+04 1.135931e+00 -6.666135e-01 2.537345e+02 1.077577e+00 
9.179688e+03 0.000000e+00 2.500000e+04 1.880773e-02 0.000000e+00 8.395932e-03 3.083985e+04 -6.583661e+04 -2.668405e+04 1.116269e+00 6.816941e-01 2.561313e+02 -8.297974e-01 
9.179688e+03 5.000000e+02 2.500000e+04 1.880776e-02 1.167719e-18 8.395886e-03 3.083985e+04 -6.583661e+04 -2.668405e+04 1.116269e+00 9.340963e-10 2.561313e+02 -9.930587e-11 
9.179688e+03 1.000000e+03 2.500000e+04 1.880773e-02 0.000000e+00 8.395932e-03 3.083985e+04 -6.583661e+04 -2.668405e+04 1.116269e+00 -6.816941e-01 2.561313e+02 8.297974e-01 
9.277344e+03 0.000000e+00 2.500000e+04 1.861514e-02 0.000000e+00 8.232428e-03 3.060574e+04 -6.533795e+04 -2.648149e+04 2.228111e+00 7.258984e-01 2.580775e+02 -4.311241e-01 
9.277344e+03 5.000000e+02 2.500000e+04 1.861517e-02 1.742667e-18 8.232409e-03 3.060574e+04 -6.533795e+04 -2.648149e+04 2.228111e+00 9.844690e-10 2.580775e+02 -4.541477e-11 
9.277344e+03 1.000000e+03 2.500000e+04 1.861514e-02 0.000000e+00 8.232428e-03 3.060574e+04 -6.533795e+04 -2.648149e+04 2.228111e+00 -7.258984e-01 2.580775e+02 4.311241e-01 
9.375000e+03 0.000000e+00 2.500000e+04 1.842405e-02 0.000000e+00 8.073160e-03 3.037027e+04 -6.483612e+04 -2.627775e+04 3.067571e+00 7.696403e-01 2.588730e+02 -6.598636e-02 
9.375000e+03 5.000000e+02 2.500000e+04 1.842409e-02 2.297188e-18 8.073157e-03 3.037027e+04 -6.483612e+04 -2.627775e+04 3.067571e+00 1.025616e-09 2.588730e+02 -2.824198e-11 
9.375000e+03 1.000000e+03 2.500000e+04 1.842405e-02 0.000000e+00 8.073160e-03 3.037027e+04 -6.483612e+04 -2.627775e+04 3.067571e+00 -7.696403e-01 2.588730e+02 6.598636e-02 
9.472656e+03 0.000000e+00 2.500000e+04 1.823449e-02 0.000000e+00 7.917989e-03 3.013483e+04 -6.433287e+04 -2.607404e+04 2.417637e+00 8.542819e-01 2.588986e+02 2.049813e-01 
9.472656e+03 5.000000e+02 2.500000e+04 1.823453e-02 2.792448e-18 7.917999e-03 3.013483e+04 -6.433287e+04 -2.607404e+04 2.417637e+00 9.903440e-10 2.588986e+02 -9.019800e-11 
9.472656e+03 1.000000e+03 2.500000e+04 1.823449e-02 0.000000e+00 7.917989e-03 3.013483e+04 -6.433287e+04 -2.607404e+04 2.417637e+00 -8.542819e-01 2.588986e+02 -2.049813e-01 
9.570312e+03 0.000000e+00 2.500000e+04 1.804644e-02 0.000000e+00 7.766798e-03 2.989891e+04 -6.382796e+04 -2.586991e+04 1.135635e+00 1.018508e+00 2.591653e+02 3.575498e-01 
9.570312e+03 5.000000e+02 2.500000e+04 1.804649e-02 3.294876e-18 7.766815e-03 2.989891e+04 -6.382796e+04 -2.586991e+04 1.135635e+00 8.999816e-10 2.591653e+02 -6.865135e-11 
9.570312e+03 1.000000e+03 2.500000e+04 1.804644e-02 0.000000e+00 7.766798e-03 2.989891e+04 -6.382796e+04 -2.586991e+04 1.135635e+00 -1.018508e+00 2.591653e+02 -3.575498e-01 
9.667969e+03 0.000000e+00 2.500000e+04 1.785992e-02 0.000000e+00 7.619484e-03 2.966138e+04 -6.332070e+04 -2.566439e+04 9.437752e-01 1.245697e+00 2.593064e+02 3.574177e-01 
9.667969e+03 5.000000e+02 2.500000e+04 1.785999e-02 3.768096e-18 7.619499e-03 2.966138e+04 -6.332070e+04 -2.566439e+04 9.437752e-01 9.080238e-10 2.593064e+02 -2.680951e-11 
9.667969e+03 1.000000e+03 2.500000e+04 1.785992e-02 0.000000e+00 7.619484e-03 2.966138e+04 -6.332070e+04 -2.566439e+04 9.437752e-01 -1.245697e+00 2.593064e+02 -3.574177e-01 
9.765625e+03 0.000000e+00 2.500000e+04 1.767493e-02 0.000000e+00 7.475926e-03 2.942383e+04 -6.281363e+04 -2.545885e+04 9.950929e-01 1.452940e+00 2.587886e+02 1.682083e-01 
9.765625e+03 5.000000e+02 2.500000e+04 1.767502e-02 4.103096e-18 7.475936e-03 2.942383e+04 -6.281363e+04 -2.545885e+04 9.950929e-01 9.424475e-10 2.587886e+02 -1.131018e-10 
9.765625e+03 1.000000e+03 2.500000e+04 1.767493e-02 0.000000e+00 7.475926e-03 2.942383e+04 -6.281363e+04 -2.545885e+04 9.950929e-01 -1.452940e+00 2.587886e+02 -1.682083e-01 
9.863281e+03 0.000000e+00 2.500000e+04 1.749148e-02 0.000000e+00 7.336006e-03 2.918684e+04 -6.230723e+04 -2.525380e+04 5.015234e-01 1.566482e+00 2.582522e+02 -2.175221e-01 
9.863281e+03 5.000000e+02 2.500000e+04 1.749157e-02 4.333817e-18 7.335995e-03 2.918684e+04 -6.230723e+04 -2.525380e+04 5.015234e-01 9.549096e-10 2.582522e+02 -1.940769e-10 
9.863281e+03 1.000000e+03 2.500000e+04 1.749148e-02 0.000000e+00 7.336006e-03 2.918684e+04 -6.230723e+04 -2.525380e+04 5.015234e-01 -1.566482e+00 2.582522e+02 2.175221e-01 
9.960938e+03 0.000000e+00 2.500000e+04 1.730955e-02 0.000000e+00 7.199616e-03 2.895024e+04 -6.180144e+04 -2.504908e+04 -1.963307e-01 1.592385e+00 2.579017e+02 -6.254765e-01 
9.960938e+03 5.000000e+02 2.500000e+04 1.730964e-02 4.634392e-18 7.199581e-03 2.895024e+04 -6.180144e+04 -2.504908e+04 -1.963307e-01 9.423814e-10 2.579017e+02 -1.462513e-10 
9.960938e+03 1.000000e+03 2.500000e+04 1.730955e-02 0.000000e+00 7.199616e-03 2.895024e+04 -6.180144e+04 -2.504908e+04 -1.963307e-01 -1.592385e+00 2.579017e+02 6.254765e-01 
1.005859e+04 0.000000e+00 2.500000e+04 1.712914e-02 0.000000e+00 7.066640e-03 2.871330e+04 -6.129562e+04 -2.484406e+04 -2.003895e-01 1.557498e+00 2.574307e+02 -9.031682e-01 
1.005859e+04 5.000000e+02 2.500000e+04 1.712924e-02 4.841073e-18 7.066598e-03 2.871330e+04 -6.129562e+04 -2.484406e+04 -2.003895e-01 8.383032e-10 2.574307e+02 -1.139911e-10 
1.005859e+04 1.000000e+03 2.500000e+04 1.712914e-02 0.000000e+00 7.066640e-03 2.871330e+04 -6.129562e+04 -2.484406e+04 -2.003895e-01 -1.557498e+00 2.574307e+02 9.031682e-01 
1.015625e+04 0.000000e+00 2.500000e+04 1.695025e-02 0.000000e+00 6.936989e-03 2.847655e+04 -6.079060e+04 -2.463922e+04 1.612000e-01 1.456195e+00 2.568018e+02 -1.148512e+00 
1.015625e+04 5.000000e+02 2.500000e+04 1.695034e-02 5.007174e-18 6.936934e-03 2.847655e+04 -6.079060e+04 -2.463922e+04 1.612000e-01 7.855057e-10 2.568018e+02 -1.548219e-10 
1.015625e+04 1.000000e+03 2.500000e+04 1.695025e-02 0.000000e+00 6.936989e-03 2.847655e+04 -6.079060e+04 -2.463922e+04 1.612000e-01 -1.456195e+00 2.568018e+02 1.148512e+00 
1.025391e+04 0.000000e+00 2.500000e+04 1.677288e-02 0.000000e+00 6.810570e-03 2.824038e+04 -6.028702e+04 -2.443487e+04 7.579137e-01 1.292997e+00 2.557329e+02 -1.381865e+00 
1.025391e+04 5.000000e+02 2.500000e+04 1.677295e-02 4.967935e-18 6.810499e-03 2.824038e+04 -6.028702e+04 -2.443487e+04 7.579137e-01 8.757299e-10 2.557329e+02 -1.524448e-10 
1.025391e+04 1.000000e+03 2.500000e+04 1.677288e-02 0.000000e+00 6.810570e-03 2.824038e+04 -6.028702e+04 -2.443487e+04 7.579137e-01 -1.292997e+00 2.557329e+02 1.381865e+00 
1.035156e+04 0.000000e+00 2.500000e+04 1.659700e-02 0.000000e+00 6.687276e-03 2.800596e+04 -5.978640e+04 -2.423204e+04 5.662686e-01 1.127560e+00 2.540876e+02 -1.461263e+00 
1.035156e+04 5.000000e+02 2.500000e+04 1.659706e-02 5.014223e-18 6.687202e-03 2.800596e+04 -5.978640e+04 -2.423204e+04 5.662686e-01 9.239915e-10 2.540876e+02 -1.033520e-10 
1.035156e+04 1.000000e+03 2.500000e+04 1.659700e-02 0.000000e+00 6.687276e-03 2.800596e+04 -5.978640e+04 -2.423204e+04 5.662686e-01 -1.127560e+00 2.540876e+02 1.461263e+00 
1.044922e+04 0.000000e+00 2.500000e+04 1.642262e-02 0.000000e+00 6.567021e-03 2.777354e+04 -5.928962e+04 -2.403095e+04 -6.232486e-02 9.909203e-01 2.524781e+02 -1.374480e+00 
1.044922e+04 5.000000e+02 2.500000e+04 1.642267e-02 5.050043e-18 6.566952e-03 2.777354e+04 -5.928962e+04 -2.403095e+04 -6.232486e-02 9.340721e-10 2.524781e+02 -7.475037e-11 
1.044922e+04 1.000000e+03 2.500000e+04 1.642262e-02 0.000000e+00 6.567021e-03 2.777354e+04 -5.928962e+04 -2.403095e+04 -6.232486e-02 -9.909203e-01 2.524781e+02 1.374480e+00 
1.054688e+04 0.000000e+00 2.500000e+04 1.624972e-02 0.000000e+00 6.449724e-03 2.754201e+04 -5.879536e+04 -2.383061e+04 -5.636001e-02 8.693825e-01 2.506146e+02 -1.157635e+00 
1.054688e+04 5.000000e+02 2.500000e+04 1.624976e-02 5.176332e-18 6.449664e-03 2.754201e+04 -5.879536e+04 -2.383061e+04 -5.636001e-02 9.526085e-10 2.506146e+02 -8.039752e-11 
1.054688e+04 1.000000e+03 2.500000e+04 1.624972e-02 0.000000e+00 6.449724e-03 2.754201e+04 -5.879536e+04 -2.383061e+04 -5.636001e-02 -8.693825e-01 2.506146e+02 1.157635e+00 
1.064453e+04 0.000000e+00 2.500000e+04 1.607829e-02 0.000000e+00 6.335285e-03 2.731260e+04 -5.830476e+04 -2.363212e+04 -9.330174e-01 7.989972e-01 2.483518e+02 -7.716817e-01 
1.064453e+04 5.000000e+02 2.500000e+04 1.607832e-02 5.284391e-18 6.335241e-03 2.731260e+04 -5.830476e+04 -2.363212e+04 -9.330174e-01 9.493017e-10 2.483518e+02 -8.855577e-11 
1.064453e+04 1.000000e+03 2.500000e+04 1.607829e-02 0.000000e+00 6.335285e-03 2.731260e+04 -5.830476e+04 -2.363212e+04 -9.330174e-01 -7.989972e-01 2.483518e+02 7.716817e-01 
1.074219e+04 0.000000e+00 2.500000e+04 1.590832e-02 0.000000e+00 6.223629e-03 2.708485e+04 -5.781779e+04 -2.343506e+04 -1.710194e+00 8.475370e-01 2.465387e+02 -2.612360e-01 
1.074219e+04 5.000000e+02 2.500000e+04 1.590835e-02 5.421673e-18 6.223614e-03 2.708485e+04 -5.781779e+04 -2.343506e+04 -1.710194e+00 9.247476e-10 2.465387e+02 -1.144511e-10 
1.074219e+04 1.000000e+03 2.500000e+04 1.590832e-02 0.000000e+00 6.223629e-03 2.708485e+04 -5.781779e+04 -2.343506e+04 -1.710194e+00 -8.475370e-01 2.465387e+02 2.612360e-01 
1.083984e+04 0.000000e+00 2.500000e+04 1.573978e-02 0.000000e+00 6.114698e-03 2.685856e+04 -5.733446e+04 -2.323926e+04 -1.956133e+00 1.017789e+00 2.446982e+02 1.776943e-01 
1.083984e+04 5.000000e+02 2.500000e+04 1.573983e-02 5.557364e-18 6.114709e-03 2.685856e+04 -5.733446e+04 -2.323926e+04 -1.956133e+00 8.749823e-10 2.446982e+02 -1.541089e-10 
1.083984e+04 1.000000e+03 2.500000e+04 1.573978e-02 0.000000e+00 6.114698e-03 2.685856e+04 -5.733446e+04 -2.323926e+04 -1.956133e+00 -1.017789e+00 2.446982e+02 -1.776943e-01 
1.093750e+04 0.000000e+00 2.500000e+04 1.557268e-02 0.000000e+00 6.008414e-03 2.663363e+04 -5.685442e+04 -2.304464e+04 -1.820357e+00 1.228117e+00 2.424230e+02 3.367881e-01 
1.093750e+04 5.000000e+02 2.500000e+04 1.557275e-02 5.741830e-18 6.008433e-03 2.663363e+04 -5.685442e+04 -2.304464e+04 -1.820357e+00 7.824993e-10 2.424230e+02 -1.828967e-10 
1.093750e+04 1.000000e+03 2.500000e+04 1.557268e-02 0.000000e+00 6.008414e-03 2.663363e+04 -5.685442e+04 -2.304464e+04 -1.820357e+00 -1.228117e+00 2.424230e+02 -3.367881e-01 
1.103516e+04 0.000000e+00 2.500000e+04 1.540701e-02 0.000000e+00 5.904706e-03 2.640999e+04 -5.637790e+04 -2.285113e+04 -9.290979e-01 1.375492e+00 2.401829e+02 1.537685e-01 
1.103516e+04 5.000000e+02 2.500000e+04 1.540709e-02 5.950970e-18 5.904716e-03 2.640999e+04 -5.637790e+04 -2.285113e+04 -9.290979e-01 7.434829e-10 2.401829e+02 -2.129142e-10 
1.103516e+04 1.000000e+03 2.500000e+04 1.540701e-02 0.000000e+00 5.904706e-03 2.640999e+04 -5.637790e+04 -2.285113e+04 -9.290979e-01 -1.375492e+00 2.401829e+02 -1.537685e-01 
1.113281e+04 0.000000e+00 2.500000e+04 1.524275e-02 0.000000e+00 5.803498e-03 2.618804e+04 -5.590514e+04 -2.265909e+04 1.206764e-01 1.417338e+00 2.378075e+02 -2.258868e-01 
1.113281e+04 5.000000e+02 2.500000e+04 1.524284e-02 6.129860e-18 5.803485e-03 2.618804e+04 -5.590514e+04 -2.265909e+04 1.206764e-01 8.244455e-10 2.378075e+02 -1.835628e-10 
1.113281e+04 1.000000e+03 2.500000e+04 1.524275e-02 0.000000e+00 5.803498e-03 2.618804e+04 -5.590514e+04 -2.265909e+04 1.206764e-01 -1.417338e+00 2.378075e+02 2.258868e-01 
1.123047e+04 0.000000e+00 2.500000e+04 1.507990e-02 0.000000e+00 5.704704e-03 2.596766e+04 -5.543544e+04 -2.246841e+04 8.773325e-01 1.410296e+00 2.352758e+02 -5.580438e-01 
1.123047e+04 5.000000e+02 2.500000e+04 1.507998e-02 6.331726e-18 5.704674e-03 2.596766e+04 -5.543544e+04 -2.246841e+04 8.773325e-01 8.679193e-10 2.352758e+02 -1.311181e-10 
1.123047e+04 1.000000e+03 2.500000e+04 1.507990e-02 0.000000e+00 5.704704e-03 2.596766e+04 -5.543544e+04 -2.246841e+04 8.773325e-01 -1.410296e+00 2.352758e+02 5.580438e-01 
1.132812e+04 0.000000e+00 2.500000e+04 1.491844e-02 0.000000e+00 5.608258e-03 2.575008e+04 -5.497066e+04 -2.228015e+04 5.677142e-01 1.408814e+00 2.331203e+02 -7.053243e-01 
1.132812e+04 5.000000e+02 2.500000e+04 1.491852e-02 6.531861e-18 5.608220e-03 2.575008e+04 -5.497066e+04 -2.228015e+04 5.677142e-01 8.337313e-10 2.331203e+02 -1.624139e-10 
1.132812e+04 1.000000e+03 2.500000e+04 1.491844e-02 0.000000e+00 5.608258e-03 2.575008e+04 -5.497066e+04 -2.228015e+04 5.677142e-01 -1.408814e+00 2.331203e+02 7.053243e-01 
1.142578e+04 0.000000e+00 2.500000e+04 1.475835e-02 0.000000e+00 5.514110e-03 2.553579e+04 -5.451214e+04 -2.209474e+04 -4.941644e-01 1.386740e+00 2.313017e+02 -6.394702e-01 
1.142578e+04 5.000000e+02 2.500000e+04 1.475842e-02 6.699235e-18 5.514073e-03 2.553579e+04 -5.451214e+04 -2.209474e+04 -4.941644e-01 8.058179e-10 2.313017e+02 -1.568188e-10 
1.142578e+04 1.000000e+03 2.500000e+04 1.475835e-02 0.000000e+00 5.514110e-03 2.553579e+04 -5.451214e+04 -2.209474e+04 -4.941644e-01 -1.386740e+00 2.313017e+02 6.394702e-01 
1.152344e+04 0.000000e+00 2.500000e+04 1.459962e-02 0.000000e+00 5.422193e-03 2.532340e+04 -5.405815e+04 -2.191097e+04 -1.087259e+00 1.328990e+00 2.292301e+02 -4.110450e-01 
1.152344e+04 5.000000e+02 2.500000e+04 1.459968e-02 6.776256e-18 5.422174e-03 2.532340e+04 -5.405815e+04 -2.191097e+04 -1.087259e+00 7.917429e-10 2.292301e+02 -9.748528e-11 
1.152344e+04 1.000000e+03 2.500000e+04 1.459962e-02 0.000000e+00 5.422193e-03 2.532340e+04 -5.405815e+04 -2.191097e+04 -1.087259e+00 -1.328990e+00 2.292301e+02 4.110450e-01 
1.162109e+04 0.000000e+00 2.500000e+04 1.444223e-02 0.000000e+00 5.332446e-03 2.511265e+04 -5.360807e+04 -2.172862e+04 -1.253326e+00 1.288346e+00 2.267215e+02 -2.471071e-01 
1.162109e+04 5.000000e+02 2.500000e+04 1.444230e-02 6.739911e-18 5.332440e-03 2.511265e+04 -5.360807e+04 -2.172862e+04 -1.253326e+00 7.652071e-10 2.267215e+02 -1.134188e-10 
1.162109e+04 1.000000e+03 2.500000e+04 1.444223e-02 0.000000e+00 5.332446e-03 2.511265e+04 -5.360807e+04 -2.172862e+04 -1.253326e+00 -1.288346e+00 2.267215e+02 2.471071e-01 
1.171875e+04 0.000000e+00 2.500000e+04 1.428616e-02 0.000000e+00 5.244817e-03 2.490441e+04 -5.316330e+04 -2.154844e+04 -1.503565e+00 1.299498e+00 2.239062e+02 -3.171685e-01 
1.171875e+04 5.000000e+02 2.500000e+04 1.428624e-02 6.754149e-18 5.244801e-03 2.490441e+04 -5.316330e+04 -2.154844e+04 -1.503565e+00 7.183003e-10 2.239062e+02 -1.624982e-10 
1.171875e+04 1.000000e+03 2.500000e+04 1.428616e-02 0.000000e+00 5.244817e-03 2.490441e+04 -5.316330e+04 -2.154844e+04 -1.503565e+00 -1.299498e+00 2.239062e+02 3.171685e-01 
1.181641e+04 0.000000e+00 2.500000e+04 1.413141e-02 0.000000e+00 5.159239e-03 2.469784e+04 -5.272276e+04 -2.136971e+04 -1.055854e+00 1.325901e+00 2.212231e+02 -4.374648e-01 
1.181641e+04 5.000000e+02 2.500000e+04 1.413149e-02 6.876944e-18 5.159210e-03 2.469784e+04 -5.272276e+04 -2.136971e+04 -1.055854e+00 6.730811e-10 2.212231e+02 -1.789388e-10 
1.181641e+04 1.000000e+03 2.500000e+04 1.413141e-02 0.000000e+00 5.159239e-03 2.469784e+04 -5.272276e+04 -2.136971e+04 -1.055854e+00 -1.325901e+00 2.212231e+02 4.374648e-01 
1.191406e+04 0.000000e+00 2.500000e+04 1.397796e-02 0.000000e+00 5.075654e-03 2.449313e+04 -5.228635e+04 -2.119258e+04 -4.624016e-01 1.349759e+00 2.189213e+02 -3.762483e-01 
1.191406e+04 5.000000e+02 2.500000e+04 1.397803e-02 7.055307e-18 5.075632e-03 2.449313e+04 -5.228635e+04 -2.119258e+04 -4.624016e-01 6.348152e-10 2.189213e+02 -1.713229e-10 
1.191406e+04 1.000000e+03 2.500000e+04 1.397796e-02 0.000000e+00 5.075654e-03 2.449313e+04 -5.228635e+04 -2.119258e+04 -4.624016e-01 -1.349759e+00 2.189213e+02 3.762483e-01 
1.201172e+04 0.000000e+00 2.500000e+04 1.382579e-02 0.000000e+00 4.994021e-03 2.429064e+04 -5.185442e+04 -2.101738e+04 -1.306737e-01 1.426314e+00 2.162066e+02 -2.470071e-01 
1.201172e+04 5.000000e+02 2.500000e+04 1.382586e-02 7.215450e-18 4.994010e-03 2.429064e+04 -5.185442e+04 -2.101738e+04 -1.306737e-01 6.264952e-10 2.162066e+02 -1.641406e-10 
1.201172e+04 1.000000e+03 2.500000e+04 1.382579e-02 0.000000e+00 4.994021e-03 2.429064e+04 -5.185442e+04 -2.101738e+04 -1.306737e-01 -1.426314e+00 2.162066e+02 2.470071e-01 
1.210938e+04 0.000000e+00 2.500000e+04 1.367489e-02 0.000000e+00 4.914288e-03 2.409115e+04 -5.142816e+04 -2.084477e+04 -5.208285e-01 1.555567e+00 2.127508e+02 -3.104528e-01 
1.210938e+04 5.000000e+02 2.500000e+04 1.367498e-02 7.298205e-18 4.914274e-03 2.409115e+04 -5.142816e+04 -2.084477e+04 -5.208285e-01 6.559494e-10 2.127508e+02 -1.828374e-10 
1.210938e+04 1.000000e+03 2.500000e+04 1.367489e-02 0.000000e+00 4.914288e-03 2.409115e+04 -5.142816e+04 -2.084477e+04 -5.208285e-01 -1.555567e+00 2.127508e+02 3.104528e-01 
1.220703e+04 0.000000e+00 2.500000e+04 1.352525e-02 0.000000e+00 4.836394e-03 2.389510e+04 -5.100809e+04 -2.067514e+04 -2.080667e+00 1.650561e+00 2.092446e+02 -6.259746e-01 
1.220703e+04 5.000000e+02 2.500000e+04 1.352535e-02 7.285888e-18 4.836362e-03 2.389510e+04 -5.100809e+04 -2.067514e+04 -2.080667e+00 6.652360e-10 2.092446e+02 -2.173167e-10 
1.220703e+04 1.000000e+03 2.500000e+04 1.352525e-02 0.000000e+00 4.836394e-03 2.389510e+04 -5.100809e+04 -2.067514e+04 -2.080667e+00 -1.650561e+00 2.092446e+02 6.259746e-01 
1.230469e+04 0.000000e+00 2.500000e+04 1.337685e-02 0.000000e+00 4.760288e-03 2.370152e+04 -5.059315e+04 -2.050765e+04 -3.766765e+00 1.676508e+00 2.063297e+02 -1.017346e+00 
1.230469e+04 5.000000e+02 2.500000e+04 1.337695e-02 7.321215e-18 4.760229e-03 2.370152e+04 -5.059315e+04 -2.050765e+04 -3.766765e+00 6.443439e-10 2.063297e+02 -2.364707e-10 
1.230469e+04 1.000000e+03 2.500000e+04 1.337685e-02 0.000000e+00 4.760288e-03 2.370152e+04 -5.059315e+04 -2.050765e+04 -3.766765e+00 -1.676508e+00 2.063297e+02 1.017346e+00 
1.240234e+04 0.000000e+00 2.500000e+04 1.322968e-02 0.000000e+00 4.685926e-03 2.350916e+04 -5.018241e+04 -2.034120e+04 -3.857938e+00 1.666838e+00 2.041965e+02 -1.217424e+00 
1.240234e+04 5.000000e+02 2.500000e+04 1.322977e-02 7.336202e-18 4.685854e-03 2.350916e+04 -5.018241e+04 -2.034120e+04 -3.857938e+00 5.735519e-10 2.041965e+02 -2.513475e-10 
1.240234e+04 1.000000e+03 2.500000e+04 1.322968e-02 0.000000e+00 4.685926e-03 2.350916e+04 -5.018241e+04 -2.034120e+04 -3.857938e+00 -1.666838e+00 2.041965e+02 1.217424e+00 
1.250000e+04 0.000000e+00 2.500000e+04 1.308372e-02 0.000000e+00 4.613259e-03 2.331749e+04 -4.977514e+04 -2.017537e+04 -1.977100e+00 1.680729e+00 2.018809e+02 -1.206236e+00 
1.250000e+04 5.000000e+02 2.500000e+04 1.308381e-02 7.362691e-18 4.613198e-03 2.331749e+04 -4.977514e+04 -2.017537e+04 -1.977100e+00 5.202017e-10 2.018809e+02 -2.761092e-10 
1.250000e+04 1.000000e+03 2.500000e+04 1.308372e-02 0.000000e+00 4.613259e-03 2.331749e+04 -4.977514e+04 -2.017537e+04 -1.977100e+00 -1.680729e+00 2.018809e+02 1.206236e+00 
1.259766e+04 0.000000e+00 2.500000e+04 1.293895e-02 0.000000e+00 4.542245e-03 2.312845e+04 -4.937332e+04 -2.001180e+04 -2.319133e-01 1.745024e+00 1.988685e+02 -1.311979e+00 
1.259766e+04 5.000000e+02 2.500000e+04 1.293904e-02 7.362315e-18 4.542183e-03 2.312845e+04 -4.937332e+04 -2.001180e+04 -2.319133e-01 5.963082e-10 1.988685e+02 -2.607684e-10 
1.259766e+04 1.000000e+03 2.500000e+04 1.293895e-02 0.000000e+00 4.542245e-03 2.312845e+04 -4.937332e+04 -2.001180e+04 -2.319133e-01 -1.745024e+00 1.988685e+02 1.311979e+00 
1.269531e+04 0.000000e+00 2.500000e+04 1.279535e-02 0.000000e+00 4.472845e-03 2.294327e+04 -4.897830e+04 -1.985157e+04 7.160062e-02 1.802330e+00 1.964729e+02 -1.622197e+00 
1.269531e+04 5.000000e+02 2.500000e+04 1.279545e-02 7.378056e-18 4.472757e-03 2.294327e+04 -4.897830e+04 -1.985157e+04 7.160062e-02 6.926532e-10 1.964729e+02 -1.921706e-10 
1.269531e+04 1.000000e+03 2.500000e+04 1.279535e-02 0.000000e+00 4.472845e-03 2.294327e+04 -4.897830e+04 -1.985157e+04 7.160062e-02 -1.802330e+00 1.964729e+02 1.622197e+00 
1.279297e+04 0.000000e+00 2.500000e+04 1.265292e-02 0.000000e+00 4.405018e-03 2.276170e+04 -4.858970e+04 -1.969447e+04 -9.235484e-01 1.808934e+00 1.950785e+02 -1.745034e+00 
1.279297e+04 5.000000e+02 2.500000e+04 1.265301e-02 7.395689e-18 4.404918e-03 2.276170e+04 -4.858970e+04 -1.969447e+04 -9.235484e-01 6.957085e-10 1.950785e+02 -1.656991e-10 
1.279297e+04 1.000000e+03 2.500000e+04 1.265292e-02 0.000000e+00 4.405018e-03 2.276170e+04 -4.858970e+04 -1.969447e+04 -9.235484e-01 -1.808934e+00 1.950785e+02 1.745034e+00 
1.289062e+04 0.000000e+00 2.500000e+04 1.251162e-02 0.000000e+00 4.338721e-03 2.258205e+04 -4.820572e+04 -1.953903e+04 -1.409156e+00 1.804124e+00 1.934742e+02 -1.474670e+00 
1.289062e+04 5.000000e+02 2.500000e+04 1.251172e-02 7.397295e-18 4.338643e-03 2.258205e+04 -4.820572e+04 -1.953903e+04 -1.409156e+00 6.664013e-10 1.934742e+02 -1.880182e-10 
1.289062e+04 1.000000e+03 2.500000e+04 1.251162e-02 0.000000e+00 4.338721e-03 2.258205e+04 -4.820572e+04 -1.953903e+04 -1.409156e+00 -1.804124e+00 1.934742e+02 1.474670e+00 
1.298828e+04 0.000000e+00 2.500000e+04 1.237146e-02 0.000000e+00 4.273918e-03 2.240418e+04 -4.782639e+04 -1.938512e+04 -1.017454e+00 1.828886e+00 1.909712e+02 -1.079379e+00 
1.298828e+04 5.000000e+02 2.500000e+04 1.237155e-02 7.475567e-18 4.273864e-03 2.240418e+04 -4.782639e+04 -1.938512e+04 -1.017454e+00 6.401343e-10 1.909712e+02 -2.137025e-10 
1.298828e+04 1.000000e+03 2.500000e+04 1.237146e-02 0.000000e+00 4.273918e-03 2.240418e+04 -4.782639e+04 -1.938512e+04 -1.017454e+00 -1.828886e+00 1.909712e+02 1.079379e+00 
1.308594e+04 0.000000e+00 2.500000e+04 1.223240e-02 0.000000e+00 4.210566e-03 2.222855e+04 -4.745195e+04 -1.923317e+04 -5.458487e-01 1.886724e+00 1.879120e+02 -8.094345e-01 
1.308594e+04 5.000000e+02 2.500000e+04 1.223251e-02 7.430312e-18 4.210524e-03 2.222855e+04 -4.745195e+04 -1.923317e+04 -5.458487e-01 6.035755e-10 1.879120e+02 -2.363747e-10 
1.308594e+04 1.000000e+03 2.500000e+04 1.223240e-02 0.000000e+00 4.210566e-03 2.222855e+04 -4.745195e+04 -1.923317e+04 -5.458487e-01 -1.886724e+00 1.879120e+02 8.094345e-01 
1.318359e+04 0.000000e+00 2.500000e+04 1.209444e-02 0.000000e+00 4.148626e-03 2.205543e+04 -4.708229e+04 -1.908337e+04 -6.324289e-01 1.977833e+00 1.851673e+02 -6.280394e-01 
1.318359e+04 5.000000e+02 2.500000e+04 1.209455e-02 7.328283e-18 4.148591e-03 2.205543e+04 -4.708229e+04 -1.908337e+04 -6.324289e-01 5.976709e-10 1.851673e+02 -2.269791e-10 
1.318359e+04 1.000000e+03 2.500000e+04 1.209444e-02 0.000000e+00 4.148626e-03 2.205543e+04 -4.708229e+04 -1.908337e+04 -6.324289e-01 -1.977833e+00 1.851673e+02 6.280394e-01 
1.328125e+04 0.000000e+00 2.500000e+04 1.195756e-02 0.000000e+00 4.088080e-03 2.188533e+04 -4.671854e+04 -1.893620e+04 -1.264536e+00 2.100585e+00 1.828425e+02 -4.341307e-01 
1.328125e+04 5.000000e+02 2.500000e+04 1.195767e-02 7.346763e-18 4.088053e-03 2.188533e+04 -4.671854e+04 -1.893620e+04 -1.264536e+00 5.859487e-10 1.828425e+02 -2.043178e-10 
1.328125e+04 1.000000e+03 2.500000e+04 1.195756e-02 0.000000e+00 4.088080e-03 2.188533e+04 -4.671854e+04 -1.893620e+04 -1.264536e+00 -2.100585e+00 1.828425e+02 4.341307e-01 
1.337891e+04 0.000000e+00 2.500000e+04 1.182174e-02 0.000000e+00 4.028896e-03 2.171649e+04 -4.635884e+04 -1.879011e+04 -5.362681e-01 2.259899e+00 1.799768e+02 -2.993916e-01 
1.337891e+04 5.000000e+02 2.500000e+04 1.182187e-02 7.300158e-18 4.028881e-03 2.171649e+04 -4.635884e+04 -1.879011e+04 -5.362681e-01 5.729588e-10 1.799768e+02 -1.658164e-10 
1.337891e+04 1.000000e+03 2.500000e+04 1.182174e-02 0.000000e+00 4.028896e-03 2.171649e+04 -4.635884e+04 -1.879011e+04 -5.362681e-01 -2.259899e+00 1.799768e+02 2.993916e-01 
1.347656e+04 0.000000e+00 2.500000e+04 1.168698e-02 0.000000e+00 3.971026e-03 2.155034e+04 -4.600432e+04 -1.864634e+04 -3.498191e-01 2.417077e+00 1.765299e+02 -4.418409e-01 
1.347656e+04 5.000000e+02 2.500000e+04 1.168712e-02 7.247516e-18 3.971008e-03 2.155034e+04 -4.600432e+04 -1.864634e+04 -3.498191e-01 5.789939e-10 1.765299e+02 -1.109071e-10 
1.347656e+04 1.000000e+03 2.500000e+04 1.168698e-02 0.000000e+00 3.971026e-03 2.155034e+04 -4.600432e+04 -1.864634e+04 -3.498191e-01 -2.417077e+00 1.765299e+02 4.418409e-01 
1.357422e+04 0.000000e+00 2.500000e+04 1.155326e-02 0.000000e+00 3.914437e-03 2.138759e+04 -4.565561e+04 -1.850553e+04 -1.637352e+00 2.495517e+00 1.736923e+02 -9.341257e-01 
1.357422e+04 5.000000e+02 2.500000e+04 1.155341e-02 7.186344e-18 3.914389e-03 2.138759e+04 -4.565561e+04 -1.850553e+04 -1.637352e+00 5.603207e-10 1.736923e+02 -1.238066e-10 
1.357422e+04 1.000000e+03 2.500000e+04 1.155326e-02 0.000000e+00 3.914437e-03 2.138759e+04 -4.565561e+04 -1.850553e+04 -1.637352e+00 -2.495517e+00 1.736923e+02 9.341257e-01 
1.367188e+04 0.000000e+00 2.500000e+04 1.142057e-02 0.000000e+00 3.859107e-03 2.122657e+04 -4.531124e+04 -1.836621e+04 -2.276352e+00 2.477903e+00 1.717216e+02 -1.463141e+00 
1.367188e+04 5.000000e+02 2.500000e+04 1.142072e-02 7.066397e-18 3.859023e-03 2.122657e+04 -4.531124e+04 -1.836621e+04 -2.276352e+00 5.458464e-10 1.717216e+02 -1.630747e-10 
1.367188e+04 1.000000e+03 2.500000e+04 1.142057e-02 0.000000e+00 3.859107e-03 2.122657e+04 -4.531124e+04 -1.836621e+04 -2.276352e+00 -2.477903e+00 1.717216e+02 1.463141e+00 
1.376953e+04 0.000000e+00 2.500000e+04 1.128889e-02 0.000000e+00 3.804996e-03 2.106765e+04 -4.497214e+04 -1.822870e+04 -2.105458e+00 2.360063e+00 1.696731e+02 -1.601396e+00 
1.376953e+04 5.000000e+02 2.500000e+04 1.128903e-02 6.981083e-18 3.804907e-03 2.106765e+04 -4.497214e+04 -1.822870e+04 -2.105458e+00 5.587815e-10 1.696731e+02 -1.766978e-10 
1.376953e+04 1.000000e+03 2.500000e+04 1.128889e-02 0.000000e+00 3.804996e-03 2.106765e+04 -4.497214e+04 -1.822870e+04 -2.105458e+00 -2.360063e+00 1.696731e+02 1.601396e+00 
1.386719e+04 0.000000e+00 2.500000e+04 1.115821e-02 0.000000e+00 3.752066e-03 2.091019e+04 -4.463702e+04 -1.809246e+04 -1.087656e+00 2.164172e+00 1.674592e+02 -1.321957e+00 
1.386719e+04 5.000000e+02 2.500000e+04 1.115832e-02 6.917000e-18 3.752003e-03 2.091019e+04 -4.463702e+04 -1.809246e+04 -1.087656e+00 5.444155e-10 1.674592e+02 -2.089452e-10 
1.386719e+04 1.000000e+03 2.500000e+04 1.115821e-02 0.000000e+00 3.752066e-03 2.091019e+04 -4.463702e+04 -1.809246e+04 -1.087656e+00 -2.164172e+00 1.674592e+02 1.321957e+00 
1.396484e+04 0.000000e+00 2.500000e+04 1.102850e-02 0.000000e+00 3.700304e-03 2.075474e+04 -4.430606e+04 -1.795795e+04 -2.017726e-01 1.958516e+00 1.656589e+02 -9.747397e-01 
1.396484e+04 5.000000e+02 2.500000e+04 1.102860e-02 6.798912e-18 3.700263e-03 2.075474e+04 -4.430606e+04 -1.795795e+04 -2.017726e-01 5.016081e-10 1.656589e+02 -2.195210e-10 
1.396484e+04 1.000000e+03 2.500000e+04 1.102850e-02 0.000000e+00 3.700304e-03 2.075474e+04 -4.430606e+04 -1.795795e+04 -2.017726e-01 -1.958516e+00 1.656589e+02 9.747397e-01 
1.406250e+04 0.000000e+00 2.500000e+04 1.089975e-02 0.000000e+00 3.649694e-03 2.060245e+04 -4.398103e+04 -1.782619e+04 -1.339382e-01 1.744986e+00 1.635881e+02 -8.271758e-01 
1.406250e+04 5.000000e+02 2.500000e+04 1.089985e-02 6.828384e-18 3.649658e-03 2.060245e+04 -4.398103e+04 -1.782619e+04 -1.339382e-01 4.761193e-10 1.635881e+02 -2.014403e-10 
1.406250e+04 1.000000e+03 2.500000e+04 1.089975e-02 0.000000e+00 3.649694e-03 2.060245e+04 -4.398103e+04 -1.782619e+04 -1.339382e-01 -1.744986e+00 1.635881e+02 8.271758e-01 
1.416016e+04 0.000000e+00 2.500000e+04 1.077196e-02 0.000000e+00 3.600191e-03 2.045298e+04 -4.366152e+04 -1.769686e+04 -5.663805e-01 1.511400e+00 1.605858e+02 -8.554451e-01 
1.416016e+04 5.000000e+02 2.500000e+04 1.077205e-02 6.805402e-18 3.600151e-03 2.045298e+04 -4.366152e+04 -1.769686e+04 -5.663805e-01 4.903011e-10 1.605858e+02 -2.013059e-10 
1.416016e+04 1.000000e+03 2.500000e+04 1.077196e-02 0.000000e+00 3.600191e-03 2.045298e+04 -4.366152e+04 -1.769686e+04 -5.663805e-01 -1.511400e+00 1.605858e+02 8.554451e-01 
1.425781e+04 0.000000e+00 2.500000e+04 1.064511e-02 0.000000e+00 3.551755e-03 2.030609e+04 -4.334684e+04 -1.756976e+04 -1.669748e+00 1.302548e+00 1.576233e+02 -8.853307e-01 
1.425781e+04 5.000000e+02 2.500000e+04 1.064518e-02 6.879184e-18 3.551710e-03 2.030609e+04 -4.334684e+04 -1.756976e+04 -1.669748e+00 5.521310e-10 1.576233e+02 -2.049602e-10 
1.425781e+04 1.000000e+03 2.500000e+04 1.064511e-02 0.000000e+00 3.551755e-03 2.030609e+04 -4.334684e+04 -1.756976e+04 -1.669748e+00 -1.302548e+00 1.576233e+02 8.853307e-01 
1.435547e+04 0.000000e+00 2.500000e+04 1.051917e-02 0.000000e+00 3.504374e-03 2.016139e+04 -4.303685e+04 -1.744456e+04 -2.759776e+00 1.144773e+00 1.554563e+02 -7.947897e-01 
1.435547e+04 5.000000e+02 2.500000e+04 1.051923e-02 6.882728e-18 3.504333e-03 2.016139e+04 -4.303685e+04 -1.744456e+04 -2.759776e+00 5.674962e-10 1.554563e+02 -1.925486e-10 
1.435547e+04 1.000000e+03 2.500000e+04 1.051917e-02 0.000000e+00 3.504374e-03 2.016139e+04 -4.303685e+04 -1.744456e+04 -2.759776e+00 -1.144773e+00 1.554563e+02 7.947897e-01 
1.445312e+04 0.000000e+00 2.500000e+04 1.039413e-02 0.000000e+00 3.458041e-03 2.001738e+04 -4.272997e+04 -1.731996e+04 -2.206885e+00 1.033992e+00 1.535473e+02 -6.088128e-01 
1.445312e+04 5.000000e+02 2.500000e+04 1.039419e-02 6.871359e-18 3.458011e-03 2.001738e+04 -4.272997e+04 -1.731996e+04 -2.206885e+00 5.196169e-10 1.535473e+02 -1.900959e-10 
1.445312e+04 1.000000e+03 2.500000e+04 1.039413e-02 0.000000e+00 3.458041e-03 2.001738e+04 -4.272997e+04 -1.731996e+04 -2.206885e+00 -1.033992e+00 1.535473e+02 6.088128e-01 
1.455078e+04 0.000000e+00 2.500000e+04 1.026999e-02 0.000000e+00 3.412729e-03 1.987399e+04 -4.242572e+04 -1.719589e+04 -3.586369e-01 9.608576e-01 1.513129e+02 -4.441215e-01 
1.455078e+04 5.000000e+02 2.500000e+04 1.027004e-02 6.769194e-18 3.412710e-03 1.987399e+04 -4.242572e+04 -1.719589e+04 -3.586369e-01 5.040831e-10 1.513129e+02 -1.905702e-10 
1.455078e+04 1.000000e+03 2.500000e+04 1.026999e-02 0.000000e+00 3.412729e-03 1.987399e+04 -4.242572e+04 -1.719589e+04 -3.586369e-01 -9.608576e-01 1.513129e+02 4.441214e-01 
1.464844e+04 0.000000e+00 2.500000e+04 1.014674e-02 0.000000e+00 3.368408e-03 1.973394e+04 -4.212717e+04 -1.707471e+04 6.009990e-02 8.914942e-01 1.485773e+02 -4.503322e-01 
1.464844e+04 5.000000e+02 2.500000e+04 1.014679e-02 6.732986e-18 3.368393e-03 1.973394e+04 -4.212717e+04 -1.707471e+04 6.009990e-02 5.014215e-10 1.485773e+02 -1.573333e-10 
1.464844e+04 1.000000e+03 2.500000e+04 1.014674e-02 0.000000e+00 3.368408e-03 1.973394e+04 -4.212717e+04 -1.707471e+04 6.009990e-02 -8.914942e-01 1.485773e+02 4.503322e-01 
1.474609e+04 0.000000e+00 2.500000e+04 1.002436e-02 0.000000e+00 3.325050e-03 1.959651e+04 -4.183331e+04 -1.695580e+04 -4.085216e-01 8.105125e-01 1.459276e+02 -7.084619e-01 
1.474609e+04 5.000000e+02 2.500000e+04 1.002441e-02 6.662046e-18 3.325018e-03 1.959651e+04 -4.183331e+04 -1.695580e+04 -4.085216e-01 4.745927e-10 1.459276e+02 -1.689770e-10 
1.474609e+04 1.000000e+03 2.500000e+04 1.002436e-02 0.000000e+00 3.325050e-03 1.959651e+04 -4.183331e+04 -1.695580e+04 -4.085216e-01 -8.105125e-01 1.459276e+02 7.084619e-01 
1.484375e+04 0.000000e+00 2.500000e+04 9.902844e-03 0.000000e+00 3.282634e-03 1.946095e+04 -4.154381e+04 -1.683851e+04 -5.349606e-01 7.179260e-01 1.440425e+02 -1.043277e+00 
1.484375e+04 5.000000e+02 2.500000e+04 9.902888e-03 6.563950e-18 3.282577e-03 1.946095e+04 -4.154381e+04 -1.683851e+04 -5.349606e-01 4.587835e-10 1.440425e+02 -2.135014e-10 
1.484375e+04 1.000000e+03 2.500000e+04 9.902844e-03 0.000000e+00 3.282634e-03 1.946095e+04 -4.154381e+04 -1.683851e+04 -5.349606e-01 -7.179260e-01 1.440425e+02 1.043277e+00 
1.494141e+04 0.000000e+00 2.500000e+04 9.782172e-03 0.000000e+00 3.241138e-03 1.932714e+04 -4.125885e+04 -1.672273e+04 1.581948e-01 5.939039e-01 1.419570e+02 -1.267235e+00 
1.494141e+04 5.000000e+02 2.500000e+04 9.782205e-03 6.562116e-18 3.241076e-03 1.932714e+04 -4.125885e+04 -1.672273e+04 1.581948e-01 4.574952e-10 1.419570e+02 -1.927847e-10 
1.494141e+04 1.000000e+03 2.500000e+04 9.782172e-03 0.000000e+00 3.241138e-03 1.932714e+04 -4.125885e+04 -1.672273e+04 1.581948e-01 -5.939039e-01 1.419570e+02 1.267235e+00 
1.503906e+04 0.000000e+00 2.500000e+04 9.662331e-03 0.000000e+00 3.200530e-03 1.919566e+04 -4.097857e+04 -1.660897e+04 5.559384e-01 4.223942e-01 1.392422e+02 -1.533590e+00 
1.503906e+04 5.000000e+02 2.500000e+04 9.662357e-03 6.579804e-18 3.200461e-03 1.919566e+04 -4.097857e+04 -1.660897e+04 5.559384e-01 4.999723e-10 1.392422e+02 -1.566366e-10 
1.503906e+04 1.000000e+03 2.500000e+04 9.662331e-03 0.000000e+00 3.200530e-03 1.919566e+04 -4.097857e+04 -1.660897e+04 5.559384e-01 -4.223942e-01 1.392422e+02 1.533590e+00 
1.513672e+04 0.000000e+00 2.500000e+04 9.543306e-03 0.000000e+00 3.160802e-03 1.906731e+04 -4.070401e+04 -1.649791e+04 -7.367679e-03 1.768555e-01 1.372823e+02 -1.950470e+00 
1.513672e+04 5.000000e+02 2.500000e+04 9.543319e-03 6.564605e-18 3.160705e-03 1.906731e+04 -4.070401e+04 -1.649791e+04 -7.367679e-03 5.258199e-10 1.372823e+02 -1.473597e-10 
1.513672e+04 1.000000e+03 2.500000e+04 9.543306e-03 0.000000e+00 3.160802e-03 1.906731e+04 -4.070401e+04 -1.649791e+04 -7.367680e-03 -1.768555e-01 1.372823e+02 1.950470e+00 
1.523438e+04 0.000000e+00 2.500000e+04 9.425087e-03 0.000000e+00 3.121937e-03 1.893996e+04 -4.043270e+04 -1.638772e+04 5.517658e-01 -1.298701e-01 1.359234e+02 -2.207895e+00 
1.523438e+04 5.000000e+02 2.500000e+04 9.425077e-03 6.498534e-18 3.121822e-03 1.893996e+04 -4.043270e+04 -1.638772e+04 5.517658e-01 4.847065e-10 1.359234e+02 -1.417466e-10 
1.523438e+04 1.000000e+03 2.500000e+04 9.425087e-03 0.000000e+00 3.121937e-03 1.893996e+04 -4.043270e+04 -1.638772e+04 5.517658e-01 1.298701e-01 1.359234e+02 2.207895e+00 
1.533203e+04 0.000000e+00 2.500000e+04 9.307661e-03 0.000000e+00 3.083899e-03 1.881422e+04 -4.016509e+04 -1.627893e+04 1.346283e+00 -4.467990e-01 1.340610e+02 -2.016114e+00 
1.533203e+04 5.000000e+02 2.500000e+04 9.307626e-03 6.448042e-18 3.083798e-03 1.881422e+04 -4.016509e+04 -1.627893e+04 1.346283e+00 4.674244e-10 1.340610e+02 -1.336062e-10 
1.533203e+04 1.000000e+03 2.500000e+04 9.307661e-03 0.000000e+00 3.083899e-03 1.881422e+04 -4.016509e+04 -1.627893e+04 1.346283e+00 4.467990e-01 1.340610e+02 2.016114e+00 
1.542969e+04 0.000000e+00 2.500000e+04 9.191011e-03 0.000000e+00 3.046670e-03 1.869099e+04 -3.990214e+04 -1.617230e+04 1.488326e+00 -7.374356e-01 1.320821e+02 -1.525384e+00 
1.542969e+04 5.000000e+02 2.500000e+04 9.190957e-03 6.385581e-18 3.046601e-03 1.869099e+04 -3.990214e+04 -1.617230e+04 1.488326e+00 4.806046e-10 1.320821e+02 -1.550715e-10 
1.542969e+04 1.000000e+03 2.500000e+04 9.191011e-03 0.000000e+00 3.046670e-03 1.869099e+04 -3.990214e+04 -1.617230e+04 1.488326e+00 7.374356e-01 1.320821e+02 1.525384e+00 
1.552734e+04 0.000000e+00 2.500000e+04 9.075122e-03 0.000000e+00 3.010247e-03 1.857001e+04 -3.964365e+04 -1.606763e+04 1.248377e+00 -9.648662e-01 1.299776e+02 -1.084523e+00 
1.552734e+04 5.000000e+02 2.500000e+04 9.075061e-03 6.317585e-18 3.010200e-03 1.857001e+04 -3.964365e+04 -1.606763e+04 1.248377e+00 4.759580e-10 1.299776e+02 -1.693666e-10 
1.552734e+04 1.000000e+03 2.500000e+04 9.075122e-03 0.000000e+00 3.010247e-03 1.857001e+04 -3.964365e+04 -1.606763e+04 1.248377e+00 9.648662e-01 1.299776e+02 1.084523e+00 
1.562500e+04 0.000000e+00 2.500000e+04 8.959987e-03 0.000000e+00 2.974609e-03 1.845137e+04 -3.938965e+04 -1.596497e+04 5.268010e-01 -1.118546e+00 1.274431e+02 -8.329623e-01 
1.562500e+04 5.000000e+02 2.500000e+04 8.959919e-03 6.327705e-18 2.974569e-03 1.845137e+04 -3.938965e+04 -1.596497e+04 5.268010e-01 4.577654e-10 1.274431e+02 -1.536497e-10 
1.562500e+04 1.000000e+03 2.500000e+04 8.959987e-03 0.000000e+00 2.974609e-03 1.845137e+04 -3.938965e+04 -1.596497e+04 5.268010e-01 1.118546e+00 1.274431e+02 8.329623e-01 
1.572266e+04 0.000000e+00 2.500000e+04 8.845588e-03 0.000000e+00 2.939731e-03 1.833583e+04 -3.914123e+04 -1.586500e+04 -1.262714e+00 -1.223238e+00 1.253677e+02 -6.792387e-01 
1.572266e+04 5.000000e+02 2.500000e+04 8.845517e-03 6.343248e-18 2.939696e-03 1.833583e+04 -3.914123e+04 -1.586500e+04 -1.262714e+00 4.431429e-10 1.253677e+02 -1.418963e-10 
1.572266e+04 1.000000e+03 2.500000e+04 8.845588e-03 0.000000e+00 2.939731e-03 1.833583e+04 -3.914123e+04 -1.586500e+04 -1.262714e+00 1.223238e+00 1.253677e+02 6.792387e-01 
1.582031e+04 0.000000e+00 2.500000e+04 8.731913e-03 0.000000e+00 2.905612e-03 1.822144e+04 -3.889600e+04 -1.576603e+04 -2.294980e+00 -1.296880e+00 1.239660e+02 -5.778780e-01 
1.582031e+04 5.000000e+02 2.500000e+04 8.731840e-03 6.342771e-18 2.905584e-03 1.822144e+04 -3.889600e+04 -1.576603e+04 -2.294980e+00 4.039827e-10 1.239660e+02 -1.219252e-10 
1.582031e+04 1.000000e+03 2.500000e+04 8.731913e-03 0.000000e+00 2.905612e-03 1.822144e+04 -3.889600e+04 -1.576603e+04 -2.294980e+00 1.296880e+00 1.239660e+02 5.778780e-01 
1.591797e+04 0.000000e+00 2.500000e+04 8.618955e-03 0.000000e+00 2.872244e-03 1.810697e+04 -3.865230e+04 -1.566698e+04 -1.637098e+00 -1.325485e+00 1.221592e+02 -5.715376e-01 
1.591797e+04 5.000000e+02 2.500000e+04 8.618883e-03 6.388144e-18 2.872213e-03 1.810697e+04 -3.865230e+04 -1.566698e+04 -1.637098e+00 3.948557e-10 1.221592e+02 -1.328030e-10 
1.591797e+04 1.000000e+03 2.500000e+04 8.618955e-03 0.000000e+00 2.872244e-03 1.810697e+04 -3.865230e+04 -1.566698e+04 -1.637098e+00 1.325485e+00 1.221592e+02 5.715376e-01 
1.601562e+04 0.000000e+00 2.500000e+04 8.506707e-03 0.000000e+00 2.839597e-03 1.799432e+04 -3.841245e+04 -1.556951e+04 -9.954387e-01 -1.292877e+00 1.198532e+02 -6.049427e-01 
1.601562e+04 5.000000e+02 2.500000e+04 8.506635e-03 6.471911e-18 2.839562e-03 1.799432e+04 -3.841245e+04 -1.556951e+04 -9.954387e-01 4.275890e-10 1.198532e+02 -1.696364e-10 
1.601562e+04 1.000000e+03 2.500000e+04 8.506707e-03 0.000000e+00 2.839597e-03 1.799432e+04 -3.841245e+04 -1.556951e+04 -9.954387e-01 1.292877e+00 1.198532e+02 6.049427e-01 
1.611328e+04 0.000000e+00 2.500000e+04 8.395154e-03 0.000000e+00 2.807652e-03 1.788310e+04 -3.817603e+04 -1.547328e+04 1.114049e-02 -1.204550e+00 1.177492e+02 -5.969533e-01 
1.611328e+04 5.000000e+02 2.500000e+04 8.395085e-03 6.465338e-18 2.807621e-03 1.788310e+04 -3.817603e+04 -1.547328e+04 1.114049e-02 4.162492e-10 1.177492e+02 -1.758954e-10 
1.611328e+04 1.000000e+03 2.500000e+04 8.395154e-03 0.000000e+00 2.807652e-03 1.788310e+04 -3.817603e+04 -1.547328e+04 1.114049e-02 1.204550e+00 1.177492e+02 5.969533e-01 
1.621094e+04 0.000000e+00 2.500000e+04 8.284285e-03 0.000000e+00 2.776403e-03 1.777404e+04 -3.794387e+04 -1.537892e+04 6.623420e-01 -1.096669e+00 1.154248e+02 -6.343115e-01 
1.621094e+04 5.000000e+02 2.500000e+04 8.284224e-03 6.397652e-18 2.776373e-03 1.777404e+04 -3.794387e+04 -1.537892e+04 6.623420e-01 3.939810e-10 1.154248e+02 -1.654404e-10 
1.621094e+04 1.000000e+03 2.500000e+04 8.284285e-03 0.000000e+00 2.776403e-03 1.777404e+04 -3.794387e+04 -1.537892e+04 6.623420e-01 1.096669e+00 1.154248e+02 6.343115e-01 
1.630859e+04 0.000000e+00 2.500000e+04 8.174094e-03 0.000000e+00 2.745831e-03 1.766803e+04 -3.771683e+04 -1.528719e+04 -7.505256e-02 -1.026361e+00 1.128566e+02 -8.286659e-01 
1.630859e+04 5.000000e+02 2.500000e+04 8.174037e-03 6.337563e-18 2.745789e-03 1.766803e+04 -3.771683e+04 -1.528719e+04 -7.505256e-02 3.702626e-10 1.128566e+02 -1.734136e-10 
1.630859e+04 1.000000e+03 2.500000e+04 8.174094e-03 0.000000e+00 2.745831e-03 1.766803e+04 -3.771683e+04 -1.528719e+04 -7.505256e-02 1.026361e+00 1.128566e+02 8.286659e-01 
1.640625e+04 0.000000e+00 2.500000e+04 8.064567e-03 0.000000e+00 2.715915e-03 1.756383e+04 -3.749356e+04 -1.519703e+04 -9.046205e-01 -1.031502e+00 1.112801e+02 -1.036010e+00 
1.640625e+04 5.000000e+02 2.500000e+04 8.064510e-03 6.288738e-18 2.715857e-03 1.756383e+04 -3.749356e+04 -1.519703e+04 -9.046205e-01 3.667920e-10 1.112801e+02 -1.794201e-10 
1.640625e+04 1.000000e+03 2.500000e+04 8.064567e-03 0.000000e+00 2.715915e-03 1.756383e+04 -3.749356e+04 -1.519703e+04 -9.046205e-01 1.031502e+00 1.112801e+02 1.036010e+00 
1.650391e+04 0.000000e+00 2.500000e+04 7.955694e-03 0.000000e+00 2.686652e-03 1.746009e+04 -3.727272e+04 -1.510727e+04 -2.706509e-01 -1.099158e+00 1.105313e+02 -1.019404e+00 
1.650391e+04 5.000000e+02 2.500000e+04 7.955631e-03 6.279194e-18 2.686599e-03 1.746009e+04 -3.727272e+04 -1.510727e+04 -2.706509e-01 3.939869e-10 1.105313e+02 -1.554857e-10 
1.650391e+04 1.000000e+03 2.500000e+04 7.955694e-03 0.000000e+00 2.686652e-03 1.746009e+04 -3.727272e+04 -1.510727e+04 -2.706509e-01 1.099158e+00 1.105313e+02 1.019404e+00 
1.660156e+04 0.000000e+00 2.500000e+04 7.847463e-03 0.000000e+00 2.658028e-03 1.735681e+04 -3.705386e+04 -1.501791e+04 1.340814e+00 -1.161299e+00 1.092851e+02 -8.035368e-01 
1.660156e+04 5.000000e+02 2.500000e+04 7.847396e-03 6.270215e-18 2.657990e-03 1.735681e+04 -3.705386e+04 -1.501791e+04 1.340814e+00 4.197517e-10 1.092851e+02 -1.501538e-10 
1.660156e+04 1.000000e+03 2.500000e+04 7.847463e-03 0.000000e+00 2.658028e-03 1.735681e+04 -3.705386e+04 -1.501791e+04 1.340814e+00 1.161299e+00 1.092851e+02 8.035368e-01 
1.669922e+04 0.000000e+00 2.500000e+04 7.739865e-03 0.000000e+00 2.630026e-03 1.725544e+04 -3.683845e+04 -1.493020e+04 2.325734e+00 -1.175690e+00 1.075423e+02 -6.334842e-01 
1.669922e+04 5.000000e+02 2.500000e+04 7.739801e-03 6.218725e-18 2.629999e-03 1.725544e+04 -3.683845e+04 -1.493020e+04 2.325734e+00 4.072435e-10 1.075423e+02 -1.722256e-10 
1.669922e+04 1.000000e+03 2.500000e+04 7.739865e-03 0.000000e+00 2.630026e-03 1.725544e+04 -3.683845e+04 -1.493020e+04 2.325734e+00 1.175690e+00 1.075423e+02 6.334842e-01 
1.679688e+04 0.000000e+00 2.500000e+04 7.632890e-03 0.000000e+00 2.602639e-03 1.715707e+04 -3.662797e+04 -1.484508e+04 1.857733e+00 -1.173796e+00 1.057849e+02 -7.127999e-01 
1.679688e+04 5.000000e+02 2.500000e+04 7.632831e-03 6.154020e-18 2.602609e-03 1.715707e+04 -3.662797e+04 -1.484508e+04 1.857733e+00 3.365249e-10 1.057849e+02 -1.590046e-10 
1.679688e+04 1.000000e+03 2.500000e+04 7.632890e-03 0.000000e+00 2.602639e-03 1.715707e+04 -3.662797e+04 -1.484508e+04 1.857733e+00 1.173796e+00 1.057849e+02 7.127999e-01 
1.689453e+04 0.000000e+00 2.500000e+04 7.526528e-03 0.000000e+00 2.575857e-03 1.706130e+04 -3.642206e+04 -1.476222e+04 3.871022e-01 -1.199742e+00 1.040012e+02 -9.706318e-01 
1.689453e+04 5.000000e+02 2.500000e+04 7.526468e-03 6.022918e-18 2.575806e-03 1.706130e+04 -3.642206e+04 -1.476222e+04 3.871022e-01 3.148067e-10 1.040012e+02 -1.301699e-10 
1.689453e+04 1.000000e+03 2.500000e+04 7.526528e-03 0.000000e+00 2.575857e-03 1.706130e+04 -3.642206e+04 -1.476222e+04 3.871022e-01 1.199742e+00 1.040012e+02 9.706318e-01 
1.699219e+04 0.000000e+00 2.500000e+04 7.420774e-03 0.000000e+00 2.549656e-03 1.696624e+04 -3.621857e+04 -1.467997e+04 -1.839956e-01 -1.243448e+00 1.020865e+02 -1.120472e+00 
1.699219e+04 5.000000e+02 2.500000e+04 7.420705e-03 5.890712e-18 2.549594e-03 1.696624e+04 -3.621857e+04 -1.467997e+04 -1.839956e-01 3.248691e-10 1.020865e+02 -1.449214e-10 
1.699219e+04 1.000000e+03 2.500000e+04 7.420774e-03 0.000000e+00 2.549656e-03 1.696624e+04 -3.621857e+04 -1.467997e+04 -1.839956e-01 1.243448e+00 1.020865e+02 1.120472e+00 
1.708984e+04 0.000000e+00 2.500000e+04 7.315612e-03 0.000000e+00 2.524014e-03 1.687244e+04 -3.601833e+04 -1.459881e+04 -1.775496e-01 -1.272408e+00 9.992933e+01 -1.129613e+00 
1.708984e+04 5.000000e+02 2.500000e+04 7.315539e-03 5.861242e-18 2.523960e-03 1.687244e+04 -3.601833e+04 -1.459881e+04 -1.775495e-01 3.046148e-10 9.992933e+01 -1.657970e-10 
1.708984e+04 1.000000e+03 2.500000e+04 7.315612e-03 0.000000e+00 2.524014e-03 1.687244e+04 -3.601833e+04 -1.459881e+04 -1.775495e-01 1.272408e+00 9.992933e+01 1.129613e+00 
1.718750e+04 0.000000e+00 2.500000e+04 7.211029e-03 0.000000e+00 2.498934e-03 1.678025e+04 -3.582161e+04 -1.451904e+04 -9.029303e-02 -1.288588e+00 9.797123e+01 -1.231091e+00 
1.718750e+04 5.000000e+02 2.500000e+04 7.210954e-03 5.817228e-18 2.498874e-03 1.678025e+04 -3.582161e+04 -1.451904e+04 -9.029303e-02 3.159241e-10 9.797123e+01 -1.663151e-10 
1.718750e+04 1.000000e+03 2.500000e+04 7.211029e-03 0.000000e+00 2.498934e-03 1.678025e+04 -3.582161e+04 -1.451904e+04 -9.029303e-02 1.288588e+00 9.797123e+01 1.231091e+00 
1.728516e+04 0.000000e+00 2.500000e+04 7.107020e-03 0.000000e+00 2.474409e-03 1.668929e+04 -3.562770e+04 -1.444034e+04 1.763171e-01 -1.275788e+00 9.632331e+01 -1.336096e+00 
1.728516e+04 5.000000e+02 2.500000e+04 7.106939e-03 5.731775e-18 2.474332e-03 1.668929e+04 -3.562770e+04 -1.444034e+04 1.763171e-01 3.250166e-10 9.632331e+01 -1.710048e-10 
1.728516e+04 1.000000e+03 2.500000e+04 7.107020e-03 0.000000e+00 2.474409e-03 1.668929e+04 -3.562770e+04 -1.444034e+04 1.763171e-01 1.275788e+00 9.632331e+01 1.336096e+00 
1.738281e+04 0.000000e+00 2.500000e+04 7.003576e-03 0.000000e+00 2.450408e-03 1.660040e+04 -3.543793e+04 -1.436343e+04 1.558625e-01 -1.201604e+00 9.445068e+01 -1.088447e+00 
1.738281e+04 5.000000e+02 2.500000e+04 7.003489e-03 5.550563e-18 2.450342e-03 1.660040e+04 -3.543793e+04 -1.436343e+04 1.558625e-01 3.299900e-10 9.445068e+01 -1.591432e-10 
1.738281e+04 1.000000e+03 2.500000e+04 7.003576e-03 0.000000e+00 2.450408e-03 1.660040e+04 -3.543793e+04 -1.436343e+04 1.558625e-01 1.201604e+00 9.445068e+01 1.088447e+00 
1.748047e+04 0.000000e+00 2.500000e+04 6.900680e-03 0.000000e+00 2.426914e-03 1.651294e+04 -3.525150e+04 -1.428775e+04 4.329560e-01 -1.043919e+00 9.262617e+01 -4.347079e-01 
1.748047e+04 5.000000e+02 2.500000e+04 6.900596e-03 5.392085e-18 2.426888e-03 1.651294e+04 -3.525150e+04 -1.428775e+04 4.329560e-01 3.623191e-10 9.262617e+01 -1.302603e-10 
1.748047e+04 1.000000e+03 2.500000e+04 6.900680e-03 0.000000e+00 2.426914e-03 1.651294e+04 -3.525150e+04 -1.428775e+04 4.329560e-01 1.043919e+00 9.262617e+01 4.347079e-01 
1.757812e+04 0.000000e+00 2.500000e+04 6.798317e-03 0.000000e+00 2.403929e-03 1.642756e+04 -3.506894e+04 -1.421388e+04 1.483891e-01 -7.896410e-01 9.109745e+01 3.268208e-01 
1.757812e+04 5.000000e+02 2.500000e+04 6.798251e-03 5.255249e-18 2.403947e-03 1.642756e+04 -3.506894e+04 -1.421388e+04 1.483891e-01 3.764825e-10 9.109745e+01 -1.245202e-10 
1.757812e+04 1.000000e+03 2.500000e+04 6.798317e-03 0.000000e+00 2.403929e-03 1.642756e+04 -3.506894e+04 -1.421388e+04 1.483891e-01 7.896410e-01 9.109745e+01 -3.268208e-01 
1.767578e+04 0.000000e+00 2.500000e+04 6.696479e-03 0.000000e+00 2.381457e-03 1.634395e+04 -3.489008e+04 -1.414153e+04 -2.250470e-01 -4.786038e-01 8.968392e+01 8.407479e-01 
1.767578e+04 5.000000e+02 2.500000e+04 6.696440e-03 5.116632e-18 2.381503e-03 1.634395e+04 -3.489008e+04 -1.414153e+04 -2.250470e-01 3.604202e-10 8.968392e+01 -1.302461e-10 
1.767578e+04 1.000000e+03 2.500000e+04 6.696479e-03 0.000000e+00 2.381457e-03 1.634395e+04 -3.489008e+04 -1.414153e+04 -2.250470e-01 4.786038e-01 8.968392e+01 -8.407479e-01 
1.777344e+04 0.000000e+00 2.500000e+04 6.595160e-03 0.000000e+00 2.359495e-03 1.626196e+04 -3.471452e+04 -1.407059e+04 -7.597208e-01 -1.799781e-01 8.852299e+01 1.001951e+00 
1.777344e+04 5.000000e+02 2.500000e+04 6.595149e-03 4.934176e-18 2.359543e-03 1.626196e+04 -3.471452e+04 -1.407059e+04 -7.597208e-01 3.286996e-10 8.852299e+01 -1.305388e-10 
1.777344e+04 1.000000e+03 2.500000e+04 6.595160e-03 0.000000e+00 2.359495e-03 1.626196e+04 -3.471452e+04 -1.407059e+04 -7.597208e-01 1.799781e-01 8.852299e+01 -1.001951e+00 
1.787109e+04 0.000000e+00 2.500000e+04 6.494353e-03 0.000000e+00 2.338029e-03 1.618173e+04 -3.454205e+04 -1.400118e+04 -1.974283e+00 6.453519e-02 8.748685e+01 1.036249e+00 
1.787109e+04 5.000000e+02 2.500000e+04 6.494361e-03 4.758534e-18 2.338074e-03 1.618173e+04 -3.454205e+04 -1.400118e+04 -1.974283e+00 2.831156e-10 8.748685e+01 -1.312556e-10 
1.787109e+04 1.000000e+03 2.500000e+04 6.494353e-03 0.000000e+00 2.338029e-03 1.618173e+04 -3.454205e+04 -1.400118e+04 -1.974283e+00 -6.453519e-02 8.748685e+01 -1.036249e+00 
1.796875e+04 0.000000e+00 2.500000e+04 6.394051e-03 0.000000e+00 2.317047e-03 1.610203e+04 -3.437140e+04 -1.393222e+04 -2.478250e+00 2.587819e-01 8.640636e+01 1.069384e+00 
1.796875e+04 5.000000e+02 2.500000e+04 6.394073e-03 4.616719e-18 2.317102e-03 1.610203e+04 -3.437140e+04 -1.393222e+04 -2.478250e+00 2.292572e-10 8.640636e+01 -1.162413e-10 
1.796875e+04 1.000000e+03 2.500000e+04 6.394051e-03 0.000000e+00 2.317047e-03 1.610203e+04 -3.437140e+04 -1.393222e+04 -2.478250e+00 -2.587819e-01 8.640636e+01 -1.069384e+00 
1.806641e+04 0.000000e+00 2.500000e+04 6.294247e-03 0.000000e+00 2.296557e-03 1.602270e+04 -3.420262e+04 -1.386357e+04 -1.901843e+00 4.135323e-01 8.479160e+01 8.901831e-01 
1.806641e+04 5.000000e+02 2.500000e+04 6.294283e-03 4.542587e-18 2.296605e-03 1.602270e+04 -3.420262e+04 -1.386357e+04 -1.901843e+00 2.245885e-10 8.479160e+01 -8.023471e-11 
1.806641e+04 1.000000e+03 2.500000e+04 6.294247e-03 0.000000e+00 2.296557e-03 1.602270e+04 -3.420262e+04 -1.386357e+04 -1.901843e+00 -4.135323e-01 8.479160e+01 -8.901831e-01 
1.816406e+04 0.000000e+00 2.500000e+04 6.194938e-03 0.000000e+00 2.276541e-03 1.594482e+04 -3.403678e+04 -1.379619e+04 -1.481491e+00 5.045007e-01 8.244142e+01 4.501829e-01 
1.816406e+04 5.000000e+02 2.500000e+04 6.194977e-03 4.384022e-18 2.276560e-03 1.594482e+04 -3.403678e+04 -1.379619e+04 -1.481491e+00 2.447381e-10 8.244142e+01 -7.406570e-11 
1.816406e+04 1.000000e+03 2.500000e+04 6.194938e-03 0.000000e+00 2.276541e-03 1.594482e+04 -3.403678e+04 -1.379619e+04 -1.481491e+00 -5.045007e-01 8.244142e+01 -4.501829e-01 
1.826172e+04 0.000000e+00 2.500000e+04 6.096116e-03 0.000000e+00 2.256969e-03 1.586957e+04 -3.387521e+04 -1.373108e+04 -2.404996e+00 5.147191e-01 8.052490e+01 1.127000e-01 
1.826172e+04 5.000000e+02 2.500000e+04 6.096146e-03 4.262138e-18 2.256968e-03 1.586957e+04 -3.387521e+04 -1.373108e+04 -2.404996e+00 2.467551e-10 8.052490e+01 -9.143513e-11 
1.826172e+04 1.000000e+03 2.500000e+04 6.096116e-03 0.000000e+00 2.256969e-03 1.586957e+04 -3.387521e+04 -1.373108e+04 -2.404996e+00 -5.147191e-01 8.052490e+01 -1.127000e-01 
1.835938e+04 0.000000e+00 2.500000e+04 5.997765e-03 0.000000e+00 2.237836e-03 1.579548e+04 -3.371651e+04 -1.366697e+04 -2.946357e+00 4.842647e-01 7.894650e+01 8.261982e-02 
1.835938e+04 5.000000e+02 2.500000e+04 5.997789e-03 4.118416e-18 2.237840e-03 1.579548e+04 -3.371651e+04 -1.366697e+04 -2.946357e+00 2.648602e-10 7.894650e+01 -9.877267e-11 
1.835938e+04 1.000000e+03 2.500000e+04 5.997765e-03 0.000000e+00 2.237836e-03 1.579548e+04 -3.371651e+04 -1.366697e+04 -2.946357e+00 -4.842647e-01 7.894650e+01 -8.261982e-02 
1.845703e+04 0.000000e+00 2.500000e+04 5.899876e-03 0.000000e+00 2.219137e-03 1.572218e+04 -3.356017e+04 -1.360355e+04 -2.821793e+00 4.689287e-01 7.714169e+01 1.561337e-01 
1.845703e+04 5.000000e+02 2.500000e+04 5.899898e-03 3.960170e-18 2.219147e-03 1.572218e+04 -3.356017e+04 -1.360355e+04 -2.821793e+00 2.723866e-10 7.714169e+01 -1.142967e-10 
1.845703e+04 1.000000e+03 2.500000e+04 5.899876e-03 0.000000e+00 2.219137e-03 1.572218e+04 -3.356017e+04 -1.360355e+04 -2.821793e+00 -4.689287e-01 7.714169e+01 -1.561337e-01 
1.855469e+04 0.000000e+00 2.500000e+04 5.802438e-03 0.000000e+00 2.200862e-03 1.564982e+04 -3.340608e+04 -1.354094e+04 -2.434686e+00 4.800639e-01 7.588975e+01 1.069706e-01 
1.855469e+04 5.000000e+02 2.500000e+04 5.802463e-03 3.748437e-18 2.200870e-03 1.564982e+04 -3.340608e+04 -1.354094e+04 -2.434686e+00 2.579600e-10 7.588975e+01 -1.086299e-10 
1.855469e+04 1.000000e+03 2.500000e+04 5.802438e-03 0.000000e+00 2.200862e-03 1.564982e+04 -3.340608e+04 -1.354094e+04 -2.434686e+00 -4.800639e-01 7.588975e+01 -1.069706e-01 
1.865234e+04 0.000000e+00 2.500000e+04 5.705447e-03 0.000000e+00 2.183021e-03 1.557864e+04 -3.325491e+04 -1.347935e+04 -1.658300e+00 4.652624e-01 7.473478e+01 -1.248238e-01 
1.865234e+04 5.000000e+02 2.500000e+04 5.705475e-03 3.596040e-18 2.183019e-03 1.557864e+04 -3.325491e+04 -1.347935e+04 -1.658300e+00 2.485439e-10 7.473478e+01 -9.038818e-11 
1.865234e+04 1.000000e+03 2.500000e+04 5.705447e-03 0.000000e+00 2.183021e-03 1.557864e+04 -3.325491e+04 -1.347935e+04 -1.658300e+00 -4.652624e-01 7.473478e+01 1.248238e-01 
1.875000e+04 0.000000e+00 2.500000e+04 5.608896e-03 0.000000e+00 2.165596e-03 1.550897e+04 -3.310692e+04 -1.341908e+04 -9.287199e-01 3.727138e-01 7.321066e+01 -3.509481e-01 
1.875000e+04 5.000000e+02 2.500000e+04 5.608916e-03 3.517337e-18 2.165573e-03 1.550897e+04 -3.310692e+04 -1.341908e+04 -9.287199e-01 2.317576e-10 7.321066e+01 -1.021056e-10 
1.875000e+04 1.000000e+03 2.500000e+04 5.608896e-03 0.000000e+00 2.165596e-03 1.550897e+04 -3.310692e+04 -1.341908e+04 -9.287199e-01 -3.727138e-01 7.321066e+01 3.509481e-01 
1.884766e+04 0.000000e+00 2.500000e+04 5.512780e-03 0.000000e+00 2.148563e-03 1.544076e+04 -3.296181e+04 -1.336006e+04 -4.167485e-01 2.606232e-01 7.205813e+01 -1.734564e-01 
1.884766e+04 5.000000e+02 2.500000e+04 5.512782e-03 3.374884e-18 2.148542e-03 1.544076e+04 -3.296181e+04 -1.336006e+04 -4.167485e-01 2.116141e-10 7.205813e+01 -1.052806e-10 
1.884766e+04 1.000000e+03 2.500000e+04 5.512780e-03 0.000000e+00 2.148563e-03 1.544076e+04 -3.296181e+04 -1.336006e+04 -4.167485e-01 -2.606232e-01 7.205813e+01 1.734564e-01 
1.894531e+04 0.000000e+00 2.500000e+04 5.417077e-03 0.000000e+00 2.131914e-03 1.537489e+04 -3.282070e+04 -1.330306e+04 -8.943164e-01 2.369003e-01 7.106593e+01 5.861024e-01 
1.894531e+04 5.000000e+02 2.500000e+04 5.417070e-03 3.169975e-18 2.131936e-03 1.537489e+04 -3.282070e+04 -1.330306e+04 -8.943164e-01 2.259583e-10 7.106593e+01 -8.835133e-11 
1.894531e+04 1.000000e+03 2.500000e+04 5.417077e-03 0.000000e+00 2.131914e-03 1.537489e+04 -3.282070e+04 -1.330306e+04 -8.943164e-01 -2.369003e-01 7.106593e+01 -5.861024e-01 
1.904297e+04 0.000000e+00 2.500000e+04 5.321776e-03 0.000000e+00 2.115648e-03 1.531020e+04 -3.268213e+04 -1.324709e+04 -1.376327e+00 3.563190e-01 6.976223e+01 1.632322e+00 
1.904297e+04 5.000000e+02 2.500000e+04 5.321777e-03 3.009410e-18 2.115730e-03 1.531020e+04 -3.268213e+04 -1.324709e+04 -1.376327e+00 2.301810e-10 6.976223e+01 -1.011362e-10 
1.904297e+04 1.000000e+03 2.500000e+04 5.321776e-03 0.000000e+00 2.115648e-03 1.531020e+04 -3.268213e+04 -1.324709e+04 -1.376327e+00 -3.563190e-01 6.976223e+01 -1.632322e+00 
1.914062e+04 0.000000e+00 2.500000e+04 5.226868e-03 0.000000e+00 2.099776e-03 1.524589e+04 -3.254511e+04 -1.319145e+04 -1.127548e+00 6.233987e-01 6.866172e+01 2.396711e+00 
1.914062e+04 5.000000e+02 2.500000e+04 5.226895e-03 2.883479e-18 2.099907e-03 1.524589e+04 -3.254511e+04 -1.319145e+04 -1.127548e+00 1.938966e-10 6.866172e+01 -1.174466e-10 
1.914062e+04 1.000000e+03 2.500000e+04 5.226868e-03 0.000000e+00 2.099776e-03 1.524589e+04 -3.254511e+04 -1.319145e+04 -1.127548e+00 -6.233987e-01 6.866172e+01 -2.396711e+00 
1.923828e+04 0.000000e+00 2.500000e+04 5.132351e-03 0.000000e+00 2.084314e-03 1.518268e+04 -3.241046e+04 -1.313675e+04 -8.298318e-01 9.750246e-01 6.752876e+01 2.437866e+00 
1.923828e+04 5.000000e+02 2.500000e+04 5.132413e-03 2.722064e-18 2.084445e-03 1.518268e+04 -3.241046e+04 -1.313675e+04 -8.298318e-01 1.989766e-10 6.752876e+01 -8.717660e-11 
1.923828e+04 1.000000e+03 2.500000e+04 5.132351e-03 0.000000e+00 2.084314e-03 1.518268e+04 -3.241046e+04 -1.313675e+04 -8.298318e-01 -9.750246e-01 6.752876e+01 -2.437866e+00 
1.933594e+04 0.000000e+00 2.500000e+04 5.038228e-03 0.000000e+00 2.069252e-03 1.512023e+04 -3.227810e+04 -1.308272e+04 1.175134e-01 1.277018e+00 6.594715e+01 1.782309e+00 
1.933594e+04 5.000000e+02 2.500000e+04 5.038316e-03 2.535865e-18 2.069344e-03 1.512023e+04 -3.227810e+04 -1.308272e+04 1.175134e-01 2.219485e-10 6.594715e+01 -4.964140e-11 
1.933594e+04 1.000000e+03 2.500000e+04 5.038228e-03 0.000000e+00 2.069252e-03 1.512023e+04 -3.227810e+04 -1.308272e+04 1.175134e-01 -1.277018e+00 6.594715e+01 -1.782309e+00 
1.943359e+04 0.000000e+00 2.500000e+04 4.944500e-03 0.000000e+00 2.054561e-03 1.505838e+04 -3.214761e+04 -1.302920e+04 1.673626e+00 1.416240e+00 6.426926e+01 8.573932e-01 
1.943359e+04 5.000000e+02 2.500000e+04 4.944595e-03 2.428755e-18 2.054604e-03 1.505838e+04 -3.214761e+04 -1.302920e+04 1.673626e+00 1.972775e-10 6.426926e+01 -5.856879e-11 
1.943359e+04 1.000000e+03 2.500000e+04 4.944500e-03 0.000000e+00 2.054561e-03 1.505838e+04 -3.214761e+04 -1.302920e+04 1.673626e+00 -1.416240e+00 6.426926e+01 -8.573932e-01 
1.953125e+04 0.000000e+00 2.500000e+04 4.851158e-03 0.000000e+00 2.040218e-03 1.499899e+04 -3.202114e+04 -1.297782e+04 1.983710e+00 1.371066e+00 6.240905e+01 1.306762e-01 
1.953125e+04 5.000000e+02 2.500000e+04 4.851243e-03 2.292166e-18 2.040221e-03 1.499899e+04 -3.202114e+04 -1.297782e+04 1.983710e+00 1.792850e-10 6.240905e+01 -7.601879e-11 
1.953125e+04 1.000000e+03 2.500000e+04 4.851158e-03 0.000000e+00 2.040218e-03 1.499899e+04 -3.202114e+04 -1.297782e+04 1.983710e+00 -1.371066e+00 6.240905e+01 -1.306762e-01 
1.962891e+04 0.000000e+00 2.500000e+04 4.758186e-03 0.000000e+00 2.026204e-03 1.494192e+04 -3.189880e+04 -1.292844e+04 1.466813e+00 1.185756e+00 6.061875e+01 -1.448891e-01 
1.962891e+04 5.000000e+02 2.500000e+04 4.758252e-03 2.183262e-18 2.026195e-03 1.494192e+04 -3.189880e+04 -1.292844e+04 1.466813e+00 1.777162e-10 6.061875e+01 -6.460028e-11 
1.962891e+04 1.000000e+03 2.500000e+04 4.758186e-03 0.000000e+00 2.026204e-03 1.494192e+04 -3.189880e+04 -1.292844e+04 1.466813e+00 -1.185756e+00 6.061875e+01 1.448891e-01 
1.972656e+04 0.000000e+00 2.500000e+04 4.665568e-03 0.000000e+00 2.012517e-03 1.488610e+04 -3.177913e+04 -1.288014e+04 9.594934e-01 9.376959e-01 5.903972e+01 -5.773291e-02 
1.972656e+04 5.000000e+02 2.500000e+04 4.665615e-03 2.081160e-18 2.012519e-03 1.488610e+04 -3.177913e+04 -1.288014e+04 9.594934e-01 1.803387e-10 5.903972e+01 -5.440608e-11 
1.972656e+04 1.000000e+03 2.500000e+04 4.665568e-03 0.000000e+00 2.012517e-03 1.488610e+04 -3.177913e+04 -1.288014e+04 9.594934e-01 -9.376959e-01 5.903972e+01 5.773291e-02 
1.982422e+04 0.000000e+00 2.500000e+04 4.573293e-03 0.000000e+00 1.999167e-03 1.483157e+04 -3.166217e+04 -1.283295e+04 4.245011e-01 7.004941e-01 5.775107e+01 1.879832e-01 
1.982422e+04 5.000000e+02 2.500000e+04 4.573325e-03 1.993144e-18 1.999179e-03 1.483157e+04 -3.166217e+04 -1.283295e+04 4.245011e-01 1.712465e-10 5.775107e+01 -4.240869e-11 
1.982422e+04 1.000000e+03 2.500000e+04 4.573293e-03 0.000000e+00 1.999167e-03 1.483157e+04 -3.166217e+04 -1.283295e+04 4.245011e-01 -7.004941e-01 5.775107e+01 -1.879832e-01 
1.992188e+04 0.000000e+00 2.500000e+04 4.481356e-03 0.000000e+00 1.986155e-03 1.477730e+04 -3.154701e+04 -1.278600e+04 1.104428e+00 5.107976e-01 5.674012e+01 5.753443e-01 
1.992188e+04 5.000000e+02 2.500000e+04 4.481373e-03 1.873984e-18 1.986185e-03 1.477730e+04 -3.154701e+04 -1.278600e+04 1.104428e+00 1.461772e-10 5.674012e+01 -2.568826e-11 
1.992188e+04 1.000000e+03 2.500000e+04 4.481356e-03 0.000000e+00 1.986155e-03 1.477730e+04 -3.154701e+04 -1.278600e+04 1.104428e+00 -5.107976e-01 5.674012e+01 -5.753443e-01 
2.001953e+04 0.000000e+00 2.500000e+04 4.389745e-03 0.000000e+00 1.973477e-03 1.472388e+04 -3.143407e+04 -1.273978e+04 2.204181e+00 3.825013e-01 5.543506e+01 1.024336e+00 
2.001953e+04 5.000000e+02 2.500000e+04 4.389756e-03 1.749104e-18 1.973538e-03 1.472388e+04 -3.143407e+04 -1.273978e+04 2.204181e+00 1.434116e-10 5.543506e+01 -4.876893e-11 
2.001953e+04 1.000000e+03 2.500000e+04 4.389745e-03 0.000000e+00 1.973477e-03 1.472388e+04 -3.143407e+04 -1.273978e+04 2.204181e+00 -3.825013e-01 5.543506e+01 -1.024336e+00 
2.011719e+04 0.000000e+00 2.500000e+04 4.298457e-03 0.000000e+00 1.961128e-03 1.467286e+04 -3.132463e+04 -1.269563e+04 1.682092e+00 3.171235e-01 5.416863e+01 1.264929e+00 
2.011719e+04 5.000000e+02 2.500000e+04 4.298472e-03 1.609719e-18 1.961202e-03 1.467286e+04 -3.132463e+04 -1.269563e+04 1.682092e+00 1.416099e-10 5.416863e+01 -7.517892e-11 
2.011719e+04 1.000000e+03 2.500000e+04 4.298457e-03 0.000000e+00 1.961128e-03 1.467286e+04 -3.132463e+04 -1.269563e+04 1.682092e+00 -3.171235e-01 5.416863e+01 -1.264929e+00 
2.021484e+04 0.000000e+00 2.500000e+04 4.207485e-03 0.000000e+00 1.949117e-03 1.462292e+04 -3.121757e+04 -1.265242e+04 1.232984e+00 3.066937e-01 5.339622e+01 1.194739e+00 
2.021484e+04 5.000000e+02 2.500000e+04 4.207505e-03 1.444750e-18 1.949182e-03 1.462292e+04 -3.121757e+04 -1.265242e+04 1.232984e+00 1.398537e-10 5.339622e+01 -7.736634e-11 
2.021484e+04 1.000000e+03 2.500000e+04 4.207485e-03 0.000000e+00 1.949117e-03 1.462292e+04 -3.121757e+04 -1.265242e+04 1.232984e+00 -3.066937e-01 5.339622e+01 -1.194739e+00 
2.031250e+04 0.000000e+00 2.500000e+04 4.116825e-03 0.000000e+00 1.937433e-03 1.457266e+04 -3.111128e+04 -1.260894e+04 2.231424e+00 3.554439e-01 5.228187e+01 9.799450e-01 
2.031250e+04 5.000000e+02 2.500000e+04 4.116851e-03 1.284131e-18 1.937483e-03 1.457266e+04 -3.111128e+04 -1.260894e+04 2.231424e+00 1.362567e-10 5.228187e+01 -1.021638e-10 
2.031250e+04 1.000000e+03 2.500000e+04 4.116825e-03 0.000000e+00 1.937433e-03 1.457266e+04 -3.111128e+04 -1.260894e+04 2.231424e+00 -3.554439e-01 5.228187e+01 -9.799450e-01 
2.041016e+04 0.000000e+00 2.500000e+04 4.026472e-03 0.000000e+00 1.926049e-03 1.452450e+04 -3.100831e+04 -1.256727e+04 2.070461e+00 4.408777e-01 5.030327e+01 7.651615e-01 
2.041016e+04 5.000000e+02 2.500000e+04 4.026505e-03 1.061380e-18 1.926088e-03 1.452450e+04 -3.100831e+04 -1.256727e+04 2.070461e+00 1.339271e-10 5.030327e+01 -8.903289e-11 
2.041016e+04 1.000000e+03 2.500000e+04 4.026472e-03 0.000000e+00 1.926049e-03 1.452450e+04 -3.100831e+04 -1.256727e+04 2.070461e+00 -4.408777e-01 5.030327e+01 -7.651615e-01 
2.050781e+04 0.000000e+00 2.500000e+04 3.936415e-03 0.000000e+00 1.914962e-03 1.447870e+04 -3.090943e+04 -1.252763e+04 9.692871e-01 5.064011e-01 4.857533e+01 5.024426e-01 
2.050781e+04 5.000000e+02 2.500000e+04 3.936453e-03 8.644432e-19 1.914992e-03 1.447870e+04 -3.090943e+04 -1.252763e+04 9.692871e-01 1.389987e-10 4.857533e+01 -3.559779e-11 
2.050781e+04 1.000000e+03 2.500000e+04 3.936415e-03 0.000000e+00 1.914962e-03 1.447870e+04 -3.090943e+04 -1.252763e+04 9.692871e-01 -5.064011e-01 4.857533e+01 -5.024426e-01 
2.060547e+04 0.000000e+00 2.500000e+04 3.846644e-03 0.000000e+00 1.904188e-03 1.443344e+04 -3.081242e+04 -1.248848e+04 5.644553e-01 5.422716e-01 4.760851e+01 1.424388e-01 
2.060547e+04 5.000000e+02 2.500000e+04 3.846685e-03 6.844578e-19 1.904195e-03 1.443344e+04 -3.081242e+04 -1.248848e+04 5.644553e-01 1.381251e-10 4.760851e+01 -1.778061e-11 
2.060547e+04 1.000000e+03 2.500000e+04 3.846644e-03 0.000000e+00 1.904188e-03 1.443344e+04 -3.081242e+04 -1.248848e+04 5.644553e-01 -5.422716e-01 4.760851e+01 -1.424388e-01 
2.070312e+04 0.000000e+00 2.500000e+04 3.757159e-03 0.000000e+00 1.893717e-03 1.438892e+04 -3.071721e+04 -1.244996e+04 4.029493e-01 5.517549e-01 4.680749e+01 -1.643636e-01 
2.070312e+04 5.000000e+02 2.500000e+04 3.757198e-03 5.202233e-19 1.893704e-03 1.438892e+04 -3.071721e+04 -1.244996e+04 4.029493e-01 1.355620e-10 4.680749e+01 6.968454e-12 
2.070312e+04 1.000000e+03 2.500000e+04 3.757159e-03 0.000000e+00 1.893717e-03 1.438892e+04 -3.071721e+04 -1.244996e+04 4.029493e-01 -5.517549e-01 4.680749e+01 1.643636e-01 
2.080078e+04 0.000000e+00 2.500000e+04 3.667955e-03 0.000000e+00 1.883535e-03 1.434424e+04 -3.062292e+04 -1.241129e+04 1.503656e+00 5.247670e-01 4.586818e+01 -1.981875e-01 
2.080078e+04 5.000000e+02 2.500000e+04 3.667986e-03 3.820278e-19 1.883522e-03 1.434424e+04 -3.062292e+04 -1.241129e+04 1.503656e+00 1.283095e-10 4.586818e+01 3.067901e-11 
2.080078e+04 1.000000e+03 2.500000e+04 3.667955e-03 0.000000e+00 1.883535e-03 1.434424e+04 -3.062292e+04 -1.241129e+04 1.503656e+00 -5.247670e-01 4.586818e+01 1.981875e-01 
2.089844e+04 0.000000e+00 2.500000e+04 3.579021e-03 0.000000e+00 1.873634e-03 1.430080e+04 -3.053094e+04 -1.237371e+04 2.239784e+00 5.035928e-01 4.472286e+01 3.870688e-02 
2.089844e+04 5.000000e+02 2.500000e+04 3.579047e-03 2.690052e-19 1.873637e-03 1.430080e+04 -3.053094e+04 -1.237371e+04 2.239784e+00 1.116850e-10 4.472286e+01 6.181687e-12 
2.089844e+04 1.000000e+03 2.500000e+04 3.579021e-03 0.000000e+00 1.873634e-03 1.430080e+04 -3.053094e+04 -1.237371e+04 2.239784e+00 -5.035928e-01 4.472286e+01 -3.870688e-02 
2.099609e+04 0.000000e+00 2.500000e+04 3.490343e-03 0.000000e+00 1.864013e-03 1.426028e+04 -3.044298e+04 -1.233865e+04 7.930220e-01 5.259441e-01 4.378149e+01 2.302120e-01 
2.099609e+04 5.000000e+02 2.500000e+04 3.490376e-03 1.382354e-19 1.864031e-03 1.426028e+04 -3.044298e+04 -1.233865e+04 7.930220e-01 1.155772e-10 4.378149e+01 -4.889977e-12 
2.099609e+04 1.000000e+03 2.500000e+04 3.490343e-03 0.000000e+00 1.864013e-03 1.426028e+04 -3.044298e+04 -1.233865e+04 7.930220e-01 -5.259441e-01 4.378149e+01 -2.302120e-01 
2.109375e+04 0.000000e+00 2.500000e+04 3.401921e-03 0.000000e+00 1.854696e-03 1.422086e+04 -3.035762e+04 -1.230454e+04 -4.100495e-01 5.635686e-01 4.293914e+01 8.502822e-02 
2.109375e+04 5.000000e+02 2.500000e+04 3.401963e-03 1.385243e-20 1.854702e-03 1.422086e+04 -3.035762e+04 -1.230454e+04 -4.100495e-01 1.391317e-10 4.293914e+01 1.163320e-11 
2.109375e+04 1.000000e+03 2.500000e+04 3.401921e-03 0.000000e+00 1.854696e-03 1.422086e+04 -3.035762e+04 -1.230454e+04 -4.100495e-01 -5.635686e-01 4.293914e+01 -8.502822e-02 
2.119141e+04 0.000000e+00 2.500000e+04 3.313751e-03 0.000000e+00 1.845666e-03 1.418189e+04 -3.027423e+04 -1.227083e+04 -6.287120e-01 5.677959e-01 4.162067e+01 -2.829193e-01 
2.119141e+04 5.000000e+02 2.500000e+04 3.313795e-03 -1.165049e-19 1.845647e-03 1.418189e+04 -3.027423e+04 -1.227083e+04 -6.287120e-01 1.315786e-10 4.162067e+01 1.521001e-11 
2.119141e+04 1.000000e+03 2.500000e+04 3.313751e-03 0.000000e+00 1.845666e-03 1.418189e+04 -3.027423e+04 -1.227083e+04 -6.287120e-01 -5.677959e-01 4.162067e+01 2.829193e-01 
2.128906e+04 0.000000e+00 2.500000e+04 3.225825e-03 0.000000e+00 1.836897e-03 1.414232e+04 -3.019114e+04 -1.223659e+04 7.520892e-01 5.112781e-01 4.056098e+01 -5.782783e-01 
2.128906e+04 5.000000e+02 2.500000e+04 3.225865e-03 -2.770617e-19 1.836868e-03 1.414232e+04 -3.019114e+04 -1.223659e+04 7.520892e-01 1.100336e-10 4.056098e+01 1.879835e-11 
2.128906e+04 1.000000e+03 2.500000e+04 3.225825e-03 0.000000e+00 1.836897e-03 1.414232e+04 -3.019114e+04 -1.223659e+04 7.520892e-01 -5.112781e-01 4.056098e+01 5.782783e-01 
2.138672e+04 0.000000e+00 2.500000e+04 3.138139e-03 0.000000e+00 1.828406e-03 1.410383e+04 -3.011061e+04 -1.220329e+04 2.389746e+00 4.209887e-01 3.975680e+01 -7.511775e-01 
2.138672e+04 5.000000e+02 2.500000e+04 3.138170e-03 -4.217646e-19 1.828373e-03 1.410383e+04 -3.011061e+04 -1.220329e+04 2.389746e+00 1.085732e-10 3.975680e+01 2.433889e-11 
2.138672e+04 1.000000e+03 2.500000e+04 3.138139e-03 0.000000e+00 1.828406e-03 1.410383e+04 -3.011061e+04 -1.220329e+04 2.389746e+00 -4.209887e-01 3.975680e+01 7.511775e-01 
2.148438e+04 0.000000e+00 2.500000e+04 3.050682e-03 0.000000e+00 1.820185e-03 1.406771e+04 -3.003369e+04 -1.217203e+04 2.578281e+00 3.619302e-01 3.851592e+01 -8.252372e-01 
2.148438e+04 5.000000e+02 2.500000e+04 3.050703e-03 -5.631844e-19 1.820141e-03 1.406771e+04 -3.003369e+04 -1.217203e+04 2.578281e+00 1.208606e-10 3.851592e+01 2.833908e-11 
2.148438e+04 1.000000e+03 2.500000e+04 3.050682e-03 0.000000e+00 1.820185e-03 1.406771e+04 -3.003369e+04 -1.217203e+04 2.578281e+00 -3.619302e-01 3.851592e+01 8.252372e-01 
2.158203e+04 0.000000e+00 2.500000e+04 2.963448e-03 0.000000e+00 1.812209e-03 1.403373e+04 -2.995977e+04 -1.214263e+04 1.208122e+00 3.289722e-01 3.736370e+01 -6.331452e-01 
2.158203e+04 5.000000e+02 2.500000e+04 2.963462e-03 -7.261609e-19 1.812173e-03 1.403373e+04 -2.995977e+04 -1.214263e+04 1.208122e+00 1.340334e-10 3.736370e+01 3.144114e-11 
2.158203e+04 1.000000e+03 2.500000e+04 2.963448e-03 0.000000e+00 1.812209e-03 1.403373e+04 -2.995977e+04 -1.214263e+04 1.208122e+00 -3.289722e-01 3.736370e+01 6.331452e-01 
2.167969e+04 0.000000e+00 2.500000e+04 2.876430e-03 0.000000e+00 1.804480e-03 1.400179e+04 -2.988963e+04 -1.211499e+04 -7.425282e-01 2.793870e-01 3.614119e+01 -1.907809e-01 
2.167969e+04 5.000000e+02 2.500000e+04 2.876437e-03 -8.824677e-19 1.804474e-03 1.400179e+04 -2.988963e+04 -1.211499e+04 -7.425282e-01 1.323690e-10 3.614119e+01 2.508893e-11 
2.167969e+04 1.000000e+03 2.500000e+04 2.876430e-03 0.000000e+00 1.804480e-03 1.400179e+04 -2.988963e+04 -1.211499e+04 -7.425282e-01 -2.793870e-01 3.614119e+01 1.907809e-01 
2.177734e+04 0.000000e+00 2.500000e+04 2.789612e-03 0.000000e+00 1.797007e-03 1.396996e+04 -2.982116e+04 -1.208745e+04 -1.270969e+00 2.581204e-01 3.490288e+01 2.432556e-01 
2.177734e+04 5.000000e+02 2.500000e+04 2.789619e-03 -1.012355e-18 1.797019e-03 1.396996e+04 -2.982116e+04 -1.208745e+04 -1.270969e+00 1.204050e-10 3.490288e+01 1.196006e-11 
2.177734e+04 1.000000e+03 2.500000e+04 2.789612e-03 0.000000e+00 1.797007e-03 1.396996e+04 -2.982116e+04 -1.208745e+04 -1.270969e+00 -2.581204e-01 3.490288e+01 -2.432556e-01 
2.187500e+04 0.000000e+00 2.500000e+04 2.702988e-03 0.000000e+00 1.789786e-03 1.393832e+04 -2.975390e+04 -1.206008e+04 -9.880846e-01 2.977781e-01 3.420627e+01 6.611555e-01 
2.187500e+04 5.000000e+02 2.500000e+04 2.702999e-03 -1.150964e-18 1.789812e-03 1.393832e+04 -2.975390e+04 -1.206008e+04 -9.880846e-01 1.062010e-10 3.420627e+01 6.375900e-12 
2.187500e+04 1.000000e+03 2.500000e+04 2.702988e-03 0.000000e+00 1.789786e-03 1.393832e+04 -2.975390e+04 -1.206008e+04 -9.880846e-01 -2.977781e-01 3.420627e+01 -6.611555e-01 
2.197266e+04 0.000000e+00 2.500000e+04 2.616553e-03 0.000000e+00 1.782818e-03 1.390678e+04 -2.968776e+04 -1.203278e+04 2.109220e-01 3.761685e-01 3.358813e+01 1.100324e+00 
2.197266e+04 5.000000e+02 2.500000e+04 2.616571e-03 -1.302235e-18 1.782876e-03 1.390678e+04 -2.968776e+04 -1.203278e+04 2.109220e-01 1.137947e-10 3.358813e+01 3.054385e-11 
2.197266e+04 1.000000e+03 2.500000e+04 2.616553e-03 0.000000e+00 1.782818e-03 1.390678e+04 -2.968776e+04 -1.203278e+04 2.109220e-01 -3.761685e-01 3.358813e+01 -1.100324e+00 
2.207031e+04 0.000000e+00 2.500000e+04 2.530303e-03 0.000000e+00 1.776114e-03 1.387626e+04 -2.962369e+04 -1.200638e+04 1.279729e+00 4.789450e-01 3.254294e+01 1.277094e+00 
2.207031e+04 5.000000e+02 2.500000e+04 2.530337e-03 -1.425385e-18 1.776187e-03 1.387626e+04 -2.962369e+04 -1.200638e+04 1.279729e+00 1.244671e-10 3.254294e+01 4.602807e-11 
2.207031e+04 1.000000e+03 2.500000e+04 2.530303e-03 0.000000e+00 1.776114e-03 1.387626e+04 -2.962369e+04 -1.200638e+04 1.279729e+00 -4.789450e-01 3.254294e+01 -1.277094e+00 
2.216797e+04 0.000000e+00 2.500000e+04 2.444236e-03 0.000000e+00 1.769672e-03 1.384737e+04 -2.956190e+04 -1.198138e+04 1.174542e+00 5.460927e-01 3.102656e+01 9.155256e-01 
2.216797e+04 5.000000e+02 2.500000e+04 2.444284e-03 -1.548681e-18 1.769726e-03 1.384737e+04 -2.956190e+04 -1.198138e+04 1.174542e+00 9.937537e-11 3.102656e+01 2.668138e-11 
2.216797e+04 1.000000e+03 2.500000e+04 2.444236e-03 0.000000e+00 1.769672e-03 1.384737e+04 -2.956190e+04 -1.198138e+04 1.174542e+00 -5.460927e-01 3.102656e+01 -9.155256e-01 
2.226562e+04 0.000000e+00 2.500000e+04 2.358355e-03 0.000000e+00 1.763482e-03 1.382128e+04 -2.950414e+04 -1.195880e+04 -8.904913e-01 4.631155e-01 2.938465e+01 9.936944e-02 
2.226562e+04 5.000000e+02 2.500000e+04 2.358404e-03 -1.679764e-18 1.763493e-03 1.382128e+04 -2.950414e+04 -1.195880e+04 -8.904913e-01 8.371945e-11 2.938465e+01 2.923972e-11 
2.226562e+04 1.000000e+03 2.500000e+04 2.358355e-03 0.000000e+00 1.763482e-03 1.382128e+04 -2.950414e+04 -1.195880e+04 -8.904912e-01 -4.631155e-01 2.938465e+01 -9.936944e-02 
2.236328e+04 0.000000e+00 2.500000e+04 2.272652e-03 0.000000e+00 1.757536e-03 1.379628e+04 -2.944869e+04 -1.193717e+04 -2.959615e+00 1.767072e-01 2.801327e+01 -7.465314e-01 
2.236328e+04 5.000000e+02 2.500000e+04 2.272678e-03 -1.859081e-18 1.757499e-03 1.379628e+04 -2.944869e+04 -1.193717e+04 -2.959615e+00 9.566854e-11 2.801327e+01 6.767198e-11 
2.236328e+04 1.000000e+03 2.500000e+04 2.272652e-03 0.000000e+00 1.757536e-03 1.379628e+04 -2.944869e+04 -1.193717e+04 -2.959615e+00 -1.767072e-01 2.801327e+01 7.465314e-01 
2.246094e+04 0.000000e+00 2.500000e+04 2.187123e-03 0.000000e+00 1.751822e-03 1.377092e+04 -2.939399e+04 -1.191523e+04 -3.536884e+00 -2.453177e-01 2.698695e+01 -1.132209e+00 
2.246094e+04 5.000000e+02 2.500000e+04 2.187110e-03 -2.042464e-18 1.751757e-03 1.377092e+04 -2.939399e+04 -1.191523e+04 -3.536884e+00 1.014136e-10 2.698695e+01 8.970241e-11 
2.246094e+04 1.000000e+03 2.500000e+04 2.187123e-03 0.000000e+00 1.751822e-03 1.377092e+04 -2.939399e+04 -1.191523e+04 -3.536884e+00 2.453177e-01 2.698695e+01 1.132209e+00 
2.255859e+04 0.000000e+00 2.500000e+04 2.101754e-03 0.000000e+00 1.746325e-03 1.374474e+04 -2.933982e+04 -1.189258e+04 -1.810857e+00 -7.096585e-01 2.553619e+01 -9.278528e-01 
2.255859e+04 5.000000e+02 2.500000e+04 2.101703e-03 -2.212059e-18 1.746282e-03 1.374474e+04 -2.933982e+04 -1.189258e+04 -1.810857e+00 1.030543e-10 2.553619e+01 6.887008e-11 
2.255859e+04 1.000000e+03 2.500000e+04 2.101754e-03 0.000000e+00 1.746325e-03 1.374474e+04 -2.933982e+04 -1.189258e+04 -1.810857e+00 7.096585e-01 2.553619e+01 9.278528e-01 
2.265625e+04 0.000000e+00 2.500000e+04 2.016535e-03 0.000000e+00 1.741045e-03 1.371865e+04 -2.928696e+04 -1.187000e+04 1.019984e+00 -1.130479e+00 2.319054e+01 -5.369810e-01 
2.265625e+04 5.000000e+02 2.500000e+04 2.016458e-03 -2.384780e-18 1.741033e-03 1.371865e+04 -2.928696e+04 -1.187000e+04 1.019984e+00 9.535522e-11 2.319054e+01 5.595288e-11 
2.265625e+04 1.000000e+03 2.500000e+04 2.016535e-03 0.000000e+00 1.741045e-03 1.371865e+04 -2.928696e+04 -1.187000e+04 1.019984e+00 1.130479e+00 2.319054e+01 5.369810e-01 
2.275391e+04 0.000000e+00 2.500000e+04 1.931453e-03 0.000000e+00 1.735988e-03 1.369607e+04 -2.923894e+04 -1.185047e+04 1.194657e+00 -1.457685e+00 2.147997e+01 -3.289245e-01 
2.275391e+04 5.000000e+02 2.500000e+04 1.931359e-03 -2.523525e-18 1.735973e-03 1.369607e+04 -2.923894e+04 -1.185047e+04 1.194657e+00 7.416801e-11 2.147997e+01 5.239760e-11 
2.275391e+04 1.000000e+03 2.500000e+04 1.931453e-03 0.000000e+00 1.735988e-03 1.369607e+04 -2.923894e+04 -1.185047e+04 1.194657e+00 1.457685e+00 2.147997e+01 3.289245e-01 
2.285156e+04 0.000000e+00 2.500000e+04 1.846504e-03 0.000000e+00 1.731160e-03 1.367540e+04 -2.919408e+04 -1.183258e+04 4.612792e-01 -1.710039e+00 2.098115e+01 -2.087705e-01 
2.285156e+04 5.000000e+02 2.500000e+04 1.846396e-03 -2.672925e-18 1.731154e-03 1.367540e+04 -2.919408e+04 -1.183258e+04 4.612792e-01 6.316336e-11 2.098115e+01 4.938782e-11 
2.285156e+04 1.000000e+03 2.500000e+04 1.846504e-03 0.000000e+00 1.731160e-03 1.367540e+04 -2.919408e+04 -1.183258e+04 4.612792e-01 1.710039e+00 2.098115e+01 2.087705e-01 
2.294922e+04 0.000000e+00 2.500000e+04 1.761682e-03 0.000000e+00 1.726571e-03 1.365633e+04 -2.915220e+04 -1.181609e+04 -7.123512e-01 -1.893328e+00 2.006370e+01 -3.367759e-02 
2.294922e+04 5.000000e+02 2.500000e+04 1.761564e-03 -2.830405e-18 1.726569e-03 1.365633e+04 -2.915220e+04 -1.181609e+04 -7.123512e-01 5.558703e-11 2.006370e+01 6.892845e-11 
2.294922e+04 1.000000e+03 2.500000e+04 1.761682e-03 0.000000e+00 1.726571e-03 1.365633e+04 -2.915220e+04 -1.181609e+04 -7.123512e-01 1.893328e+00 2.006370e+01 3.367759e-02 
2.304688e+04 0.000000e+00 2.500000e+04 1.676981e-03 0.000000e+00 1.722195e-03 1.363791e+04 -2.911182e+04 -1.180015e+04 -1.770894e+00 -1.988959e+00 1.880753e+01 1.887445e-01 
2.304688e+04 5.000000e+02 2.500000e+04 1.676858e-03 -2.981793e-18 1.722205e-03 1.363791e+04 -2.911182e+04 -1.180015e+04 -1.770894e+00 5.963008e-11 1.880753e+01 7.776006e-11 
2.304688e+04 1.000000e+03 2.500000e+04 1.676981e-03 0.000000e+00 1.722195e-03 1.363791e+04 -2.911182e+04 -1.180015e+04 -1.770894e+00 1.988959e+00 1.880753e+01 -1.887445e-01 
2.314453e+04 0.000000e+00 2.500000e+04 1.592394e-03 0.000000e+00 1.718042e-03 1.361938e+04 -2.907224e+04 -1.178411e+04 -1.780273e+00 -2.000030e+00 1.830469e+01 4.455902e-01 
2.314453e+04 5.000000e+02 2.500000e+04 1.592273e-03 -3.135282e-18 1.718067e-03 1.361938e+04 -2.907224e+04 -1.178411e+04 -1.780273e+00 7.096901e-11 1.830469e+01 8.567200e-11 
2.314453e+04 1.000000e+03 2.500000e+04 1.592394e-03 0.000000e+00 1.718042e-03 1.361938e+04 -2.907224e+04 -1.178411e+04 -1.780273e+00 2.000030e+00 1.830469e+01 -4.455902e-01 
2.324219e+04 0.000000e+00 2.500000e+04 1.507913e-03 0.000000e+00 1.714129e-03 1.360081e+04 -2.903356e+04 -1.176804e+04 -8.165857e-01 -1.915750e+00 1.808394e+01 6.538888e-01 
2.324219e+04 5.000000e+02 2.500000e+04 1.507799e-03 -3.304750e-18 1.714163e-03 1.360081e+04 -2.903356e+04 -1.176804e+04 -8.165857e-01 6.532597e-11 1.808394e+01 1.066217e-10 
2.324219e+04 1.000000e+03 2.500000e+04 1.507913e-03 0.000000e+00 1.714129e-03 1.360081e+04 -2.903356e+04 -1.176804e+04 -8.165857e-01 1.915750e+00 1.808394e+01 -6.538888e-01 
2.333984e+04 0.000000e+00 2.500000e+04 1.423539e-03 0.000000e+00 1.710450e-03 1.358293e+04 -2.899638e+04 -1.175257e+04 1.687114e-01 -1.733646e+00 1.748959e+01 6.679948e-01 
2.333984e+04 5.000000e+02 2.500000e+04 1.423441e-03 -3.463178e-18 1.710487e-03 1.358293e+04 -2.899638e+04 -1.175257e+04 1.687114e-01 6.217077e-11 1.748959e+01 1.119464e-10 
2.333984e+04 1.000000e+03 2.500000e+04 1.423539e-03 0.000000e+00 1.710450e-03 1.358293e+04 -2.899638e+04 -1.175257e+04 1.687114e-01 1.733646e+00 1.748959e+01 -6.679948e-01 
2.343750e+04 0.000000e+00 2.500000e+04 1.339270e-03 0.000000e+00 1.707008e-03 1.356649e+04 -2.896184e+04 -1.173835e+04 7.148028e-01 -1.520313e+00 1.639654e+01 5.000203e-01 
2.343750e+04 5.000000e+02 2.500000e+04 1.339187e-03 -3.630484e-18 1.707027e-03 1.356649e+04 -2.896184e+04 -1.173835e+04 7.148028e-01 6.305467e-11 1.639654e+01 9.205381e-11 
2.343750e+04 1.000000e+03 2.500000e+04 1.339270e-03 0.000000e+00 1.707008e-03 1.356649e+04 -2.896184e+04 -1.173835e+04 7.148028e-01 1.520313e+00 1.639654e+01 -5.000203e-01 
2.353516e+04 0.000000e+00 2.500000e+04 1.255101e-03 0.000000e+00 1.703773e-03 1.355088e+04 -2.892901e+04 -1.172484e+04 1.223794e+00 -1.349599e+00 1.522514e+01 2.188851e-01 
2.353516e+04 5.000000e+02 2.500000e+04 1.255031e-03 -3.758489e-18 1.703786e-03 1.355088e+04 -2.892901e+04 -1.172484e+04 1.223794e+00 5.297340e-11 1.522514e+01 8.070234e-11 
2.353516e+04 1.000000e+03 2.500000e+04 1.255101e-03 0.000000e+00 1.703773e-03 1.355088e+04 -2.892901e+04 -1.172484e+04 1.223794e+00 1.349599e+00 1.522514e+01 -2.188851e-01 
2.363281e+04 0.000000e+00 2.500000e+04 1.171027e-03 0.000000e+00 1.700761e-03 1.353686e+04 -2.889899e+04 -1.171272e+04 1.114271e+00 -1.248053e+00 1.427867e+01 -2.811883e-01 
2.363281e+04 5.000000e+02 2.500000e+04 1.170966e-03 -3.919813e-18 1.700751e-03 1.353686e+04 -2.889899e+04 -1.171272e+04 1.114271e+00 4.387174e-11 1.427867e+01 9.486273e-11 
2.363281e+04 1.000000e+03 2.500000e+04 1.171027e-03 0.000000e+00 1.700761e-03 1.353686e+04 -2.889899e+04 -1.171272e+04 1.114271e+00 1.248053e+00 1.427867e+01 2.811883e-01 
2.373047e+04 0.000000e+00 2.500000e+04 1.087041e-03 0.000000e+00 1.697973e-03 1.352341e+04 -2.887078e+04 -1.170108e+04 1.621036e+00 -1.188446e+00 1.324242e+01 -9.385080e-01 
2.373047e+04 5.000000e+02 2.500000e+04 1.086984e-03 -4.065071e-18 1.697921e-03 1.352341e+04 -2.887078e+04 -1.170108e+04 1.621036e+00 4.363543e-11 1.324242e+01 8.807471e-11 
2.373047e+04 1.000000e+03 2.500000e+04 1.087041e-03 0.000000e+00 1.697973e-03 1.352341e+04 -2.887078e+04 -1.170108e+04 1.621036e+00 1.188446e+00 1.324242e+01 9.385080e-01 
2.382812e+04 0.000000e+00 2.500000e+04 1.003135e-03 0.000000e+00 1.695383e-03 1.351141e+04 -2.884513e+04 -1.169069e+04 1.603260e+00 -1.149529e+00 1.231277e+01 -1.470037e+00 
2.382812e+04 5.000000e+02 2.500000e+04 1.003077e-03 -4.234153e-18 1.695306e-03 1.351141e+04 -2.884513e+04 -1.169069e+04 1.603260e+00 4.694972e-11 1.231277e+01 5.785383e-11 
2.382812e+04 1.000000e+03 2.500000e+04 1.003135e-03 0.000000e+00 1.695383e-03 1.351141e+04 -2.884513e+04 -1.169069e+04 1.603260e+00 1.149529e+00 1.231277e+01 1.470037e+00 
2.392578e+04 0.000000e+00 2.500000e+04 9.193034e-04 0.000000e+00 1.692998e-03 1.350066e+04 -2.882187e+04 -1.168139e+04 1.284465e+00 -1.145909e+00 1.188034e+01 -1.731803e+00 
2.392578e+04 5.000000e+02 2.500000e+04 9.192412e-04 -4.401619e-18 1.692907e-03 1.350066e+04 -2.882187e+04 -1.168139e+04 1.284465e+00 4.539058e-11 1.188034e+01 7.468431e-11 
2.392578e+04 1.000000e+03 2.500000e+04 9.193034e-04 0.000000e+00 1.692998e-03 1.350066e+04 -2.882187e+04 -1.168139e+04 1.284465e+00 1.145909e+00 1.188034e+01 1.731803e+00 
2.402344e+04 0.000000e+00 2.500000e+04 8.355384e-04 0.000000e+00 1.690821e-03 1.349064e+04 -2.880051e+04 -1.167272e+04 1.312683e+00 -1.175913e+00 1.144957e+01 -1.736798e+00 
2.402344e+04 5.000000e+02 2.500000e+04 8.354706e-04 -4.596205e-18 1.690733e-03 1.349064e+04 -2.880051e+04 -1.167272e+04 1.312683e+00 3.651596e-11 1.144957e+01 1.238339e-10 
2.402344e+04 1.000000e+03 2.500000e+04 8.355384e-04 0.000000e+00 1.690821e-03 1.349064e+04 -2.880051e+04 -1.167272e+04 1.312683e+00 1.175913e+00 1.144957e+01 1.736798e+00 
2.412109e+04 0.000000e+00 2.500000e+04 7.518332e-04 0.000000e+00 1.688848e-03 1.348165e+04 -2.878124e+04 -1.166494e+04 1.245597e+00 -1.213812e+00 1.063400e+01 -1.534031e+00 
2.412109e+04 5.000000e+02 2.500000e+04 7.517593e-04 -4.751806e-18 1.688768e-03 1.348165e+04 -2.878124e+04 -1.166494e+04 1.245597e+00 3.038214e-11 1.063400e+01 1.311643e-10 
2.412109e+04 1.000000e+03 2.500000e+04 7.518332e-04 0.000000e+00 1.688848e-03 1.348165e+04 -2.878124e+04 -1.166494e+04 1.245597e+00 1.213812e+00 1.063400e+01 1.534031e+00 
2.421875e+04 0.000000e+00 2.500000e+04 6.681809e-04 0.000000e+00 1.687074e-03 1.347342e+04 -2.876383e+04 -1.165782e+04 1.403090e+00 -1.194453e+00 9.557828e+00 -1.129590e+00 
2.421875e+04 5.000000e+02 2.500000e+04 6.681057e-04 -4.929194e-18 1.687012e-03 1.347342e+04 -2.876383e+04 -1.165782e+04 1.403090e+00 2.951128e-11 9.557828e+00 1.016978e-10 
2.421875e+04 1.000000e+03 2.500000e+04 6.681809e-04 0.000000e+00 1.687074e-03 1.347342e+04 -2.876383e+04 -1.165782e+04 1.403090e+00 1.194453e+00 9.557828e+00 1.129590e+00 
2.431641e+04 0.000000e+00 2.500000e+04 5.845679e-04 0.000000e+00 1.685495e-03 1.346758e+04 -2.875038e+04 -1.165277e+04 4.094552e-01 -1.065749e+00 8.060540e+00 -6.688328e-01 
2.431641e+04 5.000000e+02 2.500000e+04 5.845023e-04 -5.112111e-18 1.685461e-03 1.346758e+04 -2.875038e+04 -1.165277e+04 4.094552e-01 2.743200e-11 8.060540e+00 5.877329e-11 
2.431641e+04 1.000000e+03 2.500000e+04 5.845679e-04 0.000000e+00 1.685495e-03 1.346758e+04 -2.875038e+04 -1.165277e+04 4.094552e-01 1.065749e+00 8.060540e+00 6.688328e-01 
2.441406e+04 0.000000e+00 2.500000e+04 5.009837e-04 0.000000e+00 1.684124e-03 1.346296e+04 -2.873938e+04 -1.164877e+04 -7.322093e-01 -8.479812e-01 6.619804e+00 -4.384718e-01 
2.441406e+04 5.000000e+02 2.500000e+04 5.009367e-04 -5.293074e-18 1.684100e-03 1.346296e+04 -2.873938e+04 -1.164877e+04 -7.322093e-01 2.441095e-11 6.619804e+00 4.380300e-11 
2.441406e+04 1.000000e+03 2.500000e+04 5.009837e-04 0.000000e+00 1.684124e-03 1.346296e+04 -2.873938e+04 -1.164877e+04 -7.322093e-01 8.479812e-01 6.619804e+00 4.384718e-01 
2.451172e+04 0.000000e+00 2.500000e+04 4.174264e-04 0.000000e+00 1.682973e-03 1.345921e+04 -2.873048e+04 -1.164552e+04 -1.616169e+00 -6.165133e-01 5.617354e+00 -5.437839e-01 
2.451172e+04 5.000000e+02 2.500000e+04 4.173993e-04 -5.479242e-18 1.682946e-03 1.345921e+04 -2.873048e+04 -1.164552e+04 -1.616169e+00 2.136283e-11 5.617354e+00 8.737311e-11 
2.451172e+04 1.000000e+03 2.500000e+04 4.174264e-04 0.000000e+00 1.682973e-03 1.345921e+04 -2.873048e+04 -1.164552e+04 -1.616169e+00 6.165133e-01 5.617354e+00 5.437839e-01 
2.460938e+04 0.000000e+00 2.500000e+04 3.338964e-04 0.000000e+00 1.682051e-03 1.345641e+04 -2.872350e+04 -1.164311e+04 -2.637458e+00 -4.452354e-01 4.613787e+00 -8.623195e-01 
2.460938e+04 5.000000e+02 2.500000e+04 3.338806e-04 -5.633889e-18 1.682004e-03 1.345641e+04 -2.872350e+04 -1.164311e+04 -2.637458e+00 1.725577e-11 4.613787e+00 1.326116e-10 
2.460938e+04 1.000000e+03 2.500000e+04 3.338964e-04 0.000000e+00 1.682051e-03 1.345641e+04 -2.872350e+04 -1.164311e+04 -2.637458e+00 4.452354e-01 4.613787e+00 8.623195e-01 
2.470703e+04 0.000000e+00 2.500000e+04 2.503921e-04 0.000000e+00 1.681343e-03 1.345293e+04 -2.871636e+04 -1.164009e+04 -2.336871e+00 -3.396147e-01 3.929826e+00 -1.185805e+00 
2.470703e+04 5.000000e+02 2.500000e+04 2.503789e-04 -5.760845e-18 1.681278e-03 1.345293e+04 -2.871636e+04 -1.164009e+04 -2.336871e+00 1.422625e-11 3.929826e+00 1.489879e-10 
2.470703e+04 1.000000e+03 2.500000e+04 2.503921e-04 0.000000e+00 1.681343e-03 1.345293e+04 -2.871636e+04 -1.164009e+04 -2.336871e+00 3.396147e-01 3.929826e+00 1.185805e+00 
2.480469e+04 0.000000e+00 2.500000e+04 1.669120e-04 0.000000e+00 1.680855e-03 1.344726e+04 -2.870766e+04 -1.163518e+04 1.079603e+00 -2.382950e-01 2.983099e+00 -1.431624e+00 
2.480469e+04 5.000000e+02 2.500000e+04 1.669006e-04 -5.850620e-18 1.680782e-03 1.344726e+04 -2.870766e+04 -1.163518e+04 1.079603e+00 1.108524e-11 2.983099e+00 1.398152e-10 
2.480469e+04 1.000000e+03 2.500000e+04 1.669120e-04 0.000000e+00 1.680855e-03 1.344726e+04 -2.870766e+04 -1.163518e+04 1.079603e+00 2.382950e-01 2.983099e+00 1.431624e+00 
2.490234e+04 0.000000e+00 2.500000e+04 8.345057e-05 0.000000e+00 1.680567e-03 1.344347e+04 -2.870169e+04 -1.163190e+04 3.194242e+00 -1.112060e-01 1.044324e+00 -1.716714e+00 
2.490234e+04 5.000000e+02 2.500000e+04 8.344798e-05 -5.914062e-18 1.680481e-03 1.344347e+04 -2.870169e+04 -1.163190e+04 3.194242e+00 6.042155e-12 1.044324e+00 1.113928e-10 
2.490234e+04 1.000000e+03 2.500000e+04 8.345057e-05 0.000000e+00 1.680567e-03 1.344347e+04 -2.870169e+04 -1.163190e+04 3.194242e+00 1.112060e-01 1.044324e+00 1.716714e+00 
2.500000e+04 0.000000e+00 2.500000e+04 0.000000e+00 0.000000e+00 1.680469e-03 1.344330e+04 -2.870073e+04 -1.163176e+04 2.585022e+00 -4.451128e-02 -8.424998e-02 -1.891967e+00 
2.500000e+04 5.000000e+02 2.500000e+04 0.000000e+00 -5.933112e-18 1.680357e-03 1.344330e+04 -2.870073e+04 -1.163176e+04 2.585022e+00 2.996468e-12 -8.424998e-02 9.685297e-11 
2.500000e+04 1.000000e+03 2.500000e+04 0.000000e+00 0.000000e+00 1.680469e-03 1.344330e+04 -2.870073e+04 -1.163176e+04 2.585022e+00 4.451128e-02 -8.424998e-02 1.891967e+00 
