#1 2 3 4 5 6 7  8  9 10 11 12 13
#x y z u v w p xx yy zz xy xz yz
0.000000e+00 0.000000e+00 2.500000e+04 0.000000e+00 0.000000e+00 1.708393e-01 -5.137929e+05 1.204396e+06 3.378629e+05 -8.798875e+02 -1.497102e-01 -1.096546e+03 -6.800623e-01 
0.000000e+00 5.000000e+02 2.500000e+04 0.000000e+00 -8.536668e-16 1.708393e-01 -5.137929e+05 1.204396e+06 3.378629e+05 -8.798875e+02 -3.759755e-10 -1.096546e+03 1.484770e-08 
0.000000e+00 1.000000e+03 2.500000e+04 0.000000e+00 0.000000e+00 1.708393e-01 -5.137929e+05 1.204396e+06 3.378629e+05 -8.798875e+02 1.497102e-01 -1.096546e+03 6.800624e-01 
9.765625e+01 0.000000e+00 2.500000e+04 4.329662e-03 0.000000e+00 1.707315e-01 -5.128829e+05 1.202259e+06 3.372645e+05 -8.746625e+02 -2.867788e-01 -2.186192e+03 -6.776144e-01 
9.765625e+01 5.000000e+02 2.500000e+04 4.329642e-03 -8.642349e-16 1.707315e-01 -5.128829e+05 1.202259e+06 3.372645e+05 -8.746625e+02 -3.740886e-10 -2.186192e+03 1.516836e-08 
9.765625e+01 1.000000e+03 2.500000e+04 4.329662e-03 0.000000e+00 1.707315e-01 -5.128829e+05 1.202259e+06 3.372645e+05 -8.746625e+02 2.867788e-01 -2.186192e+03 6.776144e-01 
1.953125e+02 0.000000e+00 2.500000e+04 8.643642e-03 0.000000e+00 1.704090e-01 -5.101619e+05 1.195870e+06 3.354752e+05 -8.591961e+02 -5.469200e-01 -4.346181e+03 -6.195340e-01 
1.953125e+02 5.000000e+02 2.500000e+04 8.643610e-03 -8.758958e-16 1.704090e-01 -5.101619e+05 1.195870e+06 3.354752e+05 -8.591961e+02 -2.032638e-10 -4.346181e+03 1.569619e-08 
1.953125e+02 1.000000e+03 2.500000e+04 8.643642e-03 0.000000e+00 1.704090e-01 -5.101619e+05 1.195870e+06 3.354752e+05 -8.591961e+02 5.469200e-01 -4.346181e+03 6.195341e-01 
2.929688e+02 0.000000e+00 2.500000e+04 1.292643e-02 0.000000e+00 1.698740e-01 -5.056606e+05 1.185301e+06 3.325152e+05 -8.348547e+02 -7.323251e-01 -6.456423e+03 -4.981306e-01 
2.929688e+02 5.000000e+02 2.500000e+04 1.292639e-02 -8.850097e-16 1.698740e-01 -5.056606e+05 1.185301e+06 3.325152e+05 -8.348547e+02 1.408416e-10 -6.456423e+03 1.627628e-08 
2.929688e+02 1.000000e+03 2.500000e+04 1.292643e-02 0.000000e+00 1.698740e-01 -5.056606e+05 1.185301e+06 3.325152e+05 -8.348547e+02 7.323251e-01 -6.456423e+03 4.981306e-01 
3.906250e+02 0.000000e+00 2.500000e+04 1.716290e-02 0.000000e+00 1.691302e-01 -4.994302e+05 1.170675e+06 3.284181e+05 -8.024277e+02 -8.465260e-01 -8.493509e+03 -3.830110e-01 
3.906250e+02 5.000000e+02 2.500000e+04 1.716284e-02 -8.900726e-16 1.691302e-01 -4.994302e+05 1.170675e+06 3.284181e+05 -8.024277e+02 5.803173e-10 -8.493509e+03 1.648062e-08 
3.906250e+02 1.000000e+03 2.500000e+04 1.716290e-02 0.000000e+00 1.691302e-01 -4.994302e+05 1.170675e+06 3.284181e+05 -8.024277e+02 8.465260e-01 -8.493509e+03 3.830110e-01 
4.882812e+02 0.000000e+00 2.500000e+04 2.133843e-02 0.000000e+00 1.681828e-01 -4.915408e+05 1.152152e+06 3.232302e+05 -7.598243e+02 -9.663657e-01 -1.043490e+04 -2.572287e-01 
4.882812e+02 5.000000e+02 2.500000e+04 2.133836e-02 -8.915079e-16 1.681828e-01 -4.915408e+05 1.152152e+06 3.232302e+05 -7.598243e+02 1.119013e-09 -1.043490e+04 1.677817e-08 
4.882812e+02 1.000000e+03 2.500000e+04 2.133843e-02 0.000000e+00 1.681828e-01 -4.915408e+05 1.152152e+06 3.232302e+05 -7.598243e+02 9.663657e-01 -1.043490e+04 2.572287e-01 
5.859375e+02 0.000000e+00 2.500000e+04 2.543910e-02 0.000000e+00 1.670383e-01 -4.820797e+05 1.129939e+06 3.170087e+05 -7.083979e+02 -1.044951e+00 -1.226185e+04 -1.710139e-01 
5.859375e+02 5.000000e+02 2.500000e+04 2.543904e-02 -8.896955e-16 1.670383e-01 -4.820797e+05 1.129939e+06 3.170087e+05 -7.083979e+02 1.603374e-09 -1.226185e+04 1.694038e-08 
5.859375e+02 1.000000e+03 2.500000e+04 2.543910e-02 0.000000e+00 1.670383e-01 -4.820797e+05 1.129939e+06 3.170087e+05 -7.083979e+02 1.044951e+00 -1.226185e+04 1.710139e-01 
6.835938e+02 0.000000e+00 2.500000e+04 2.945182e-02 0.000000e+00 1.657043e-01 -4.711461e+05 1.104272e+06 3.098190e+05 -6.524057e+02 -9.951978e-01 -1.395716e+04 -2.252072e-01 
6.835938e+02 5.000000e+02 2.500000e+04 2.945177e-02 -8.857462e-16 1.657043e-01 -4.711461e+05 1.104272e+06 3.098190e+05 -6.524057e+02 2.201169e-09 -1.395716e+04 1.611871e-08 
6.835938e+02 1.000000e+03 2.500000e+04 2.945182e-02 0.000000e+00 1.657043e-01 -4.711461e+05 1.104272e+06 3.098190e+05 -6.524057e+02 9.951978e-01 -1.395716e+04 2.252072e-01 
7.812500e+02 0.000000e+00 2.500000e+04 3.336446e-02 0.000000e+00 1.641896e-01 -4.588551e+05 1.075420e+06 3.017366e+05 -5.913245e+02 -8.690093e-01 -1.550710e+04 -4.245365e-01 
7.812500e+02 5.000000e+02 2.500000e+04 3.336443e-02 -8.800203e-16 1.641896e-01 -4.588551e+05 1.075420e+06 3.017366e+05 -5.913245e+02 2.817736e-09 -1.550710e+04 1.618863e-08 
7.812500e+02 1.000000e+03 2.500000e+04 3.336446e-02 0.000000e+00 1.641896e-01 -4.588551e+05 1.075420e+06 3.017366e+05 -5.913245e+02 8.690093e-01 -1.550710e+04 4.245365e-01 
8.789062e+02 0.000000e+00 2.500000e+04 3.716594e-02 0.000000e+00 1.625038e-01 -4.453327e+05 1.043679e+06 2.928444e+05 -5.250856e+02 -7.856752e-01 -1.690046e+04 -7.490957e-01 
8.789062e+02 5.000000e+02 2.500000e+04 3.716590e-02 -8.723324e-16 1.625038e-01 -4.453327e+05 1.043679e+06 2.928444e+05 -5.250856e+02 3.061188e-09 -1.690046e+04 1.677623e-08 
8.789062e+02 1.000000e+03 2.500000e+04 3.716594e-02 0.000000e+00 1.625038e-01 -4.453327e+05 1.043679e+06 2.928444e+05 -5.250856e+02 7.856752e-01 -1.690046e+04 7.490958e-01 
9.765625e+02 0.000000e+00 2.500000e+04 4.084630e-02 0.000000e+00 1.606576e-01 -4.307114e+05 1.009361e+06 2.832297e+05 -4.565475e+02 -7.709041e-01 -1.812859e+04 -1.106428e+00 
9.765625e+02 5.000000e+02 2.500000e+04 4.084627e-02 -8.633470e-16 1.606575e-01 -4.307114e+05 1.009361e+06 2.832297e+05 -4.565475e+02 3.303640e-09 -1.812859e+04 1.614578e-08 
9.765625e+02 1.000000e+03 2.500000e+04 4.084630e-02 0.000000e+00 1.606576e-01 -4.307114e+05 1.009361e+06 2.832297e+05 -4.565475e+02 7.709041e-01 -1.812859e+04 1.106428e+00 
1.074219e+03 0.000000e+00 2.500000e+04 4.439681e-02 0.000000e+00 1.586619e-01 -4.151292e+05 9.727918e+05 2.729831e+05 -3.871293e+02 -7.431568e-01 -1.918693e+04 -1.457130e+00 
1.074219e+03 5.000000e+02 2.500000e+04 4.439678e-02 -8.532730e-16 1.586618e-01 -4.151292e+05 9.727918e+05 2.729831e+05 -3.871293e+02 3.715783e-09 -1.918693e+04 1.524177e-08 
1.074219e+03 1.000000e+03 2.500000e+04 4.439681e-02 0.000000e+00 1.586619e-01 -4.151292e+05 9.727918e+05 2.729831e+05 -3.871293e+02 7.431568e-01 -1.918693e+04 1.457130e+00 
1.171875e+03 0.000000e+00 2.500000e+04 4.780991e-02 0.000000e+00 1.565286e-01 -3.987266e+05 9.343005e+05 2.621969e+05 -3.177541e+02 -6.642996e-01 -2.007311e+04 -1.776124e+00 
1.171875e+03 5.000000e+02 2.500000e+04 4.780988e-02 -8.413848e-16 1.565285e-01 -3.987266e+05 9.343005e+05 2.621969e+05 -3.177541e+02 4.022265e-09 -2.007311e+04 1.476939e-08 
1.171875e+03 1.000000e+03 2.500000e+04 4.780991e-02 0.000000e+00 1.565286e-01 -3.987266e+05 9.343005e+05 2.621969e+05 -3.177541e+02 6.642996e-01 -2.007311e+04 1.776124e+00 
1.269531e+03 0.000000e+00 2.500000e+04 5.107931e-02 0.000000e+00 1.542695e-01 -3.816449e+05 8.942219e+05 2.509642e+05 -2.514777e+02 -6.176306e-01 -2.078927e+04 -2.040687e+00 
1.269531e+03 5.000000e+02 2.500000e+04 5.107928e-02 -8.296480e-16 1.542694e-01 -3.816449e+05 8.942219e+05 2.509642e+05 -2.514777e+02 4.340202e-09 -2.078927e+04 1.474115e-08 
1.269531e+03 1.000000e+03 2.500000e+04 5.107931e-02 0.000000e+00 1.542695e-01 -3.816449e+05 8.942219e+05 2.509642e+05 -2.514777e+02 6.176306e-01 -2.078927e+04 2.040687e+00 
1.367188e+03 0.000000e+00 2.500000e+04 5.419995e-02 0.000000e+00 1.518968e-01 -3.640256e+05 8.528874e+05 2.393781e+05 -1.885705e+02 -6.262194e-01 -2.133743e+04 -2.183729e+00 
1.367188e+03 5.000000e+02 2.500000e+04 5.419991e-02 -8.173866e-16 1.518967e-01 -3.640256e+05 8.528874e+05 2.393781e+05 -1.885705e+02 4.686225e-09 -2.133743e+04 1.509346e-08 
1.367188e+03 1.000000e+03 2.500000e+04 5.419995e-02 0.000000e+00 1.518968e-01 -3.640256e+05 8.528874e+05 2.393781e+05 -1.885705e+02 6.262195e-01 -2.133743e+04 2.183729e+00 
1.464844e+03 0.000000e+00 2.500000e+04 5.716797e-02 0.000000e+00 1.494230e-01 -3.460071e+05 8.106174e+05 2.275293e+05 -1.254660e+02 -6.012830e-01 -2.172315e+04 -1.981658e+00 
1.464844e+03 5.000000e+02 2.500000e+04 5.716793e-02 -8.045957e-16 1.494228e-01 -3.460071e+05 8.106174e+05 2.275293e+05 -1.254660e+02 5.031094e-09 -2.172315e+04 1.502512e-08 
1.464844e+03 1.000000e+03 2.500000e+04 5.716797e-02 0.000000e+00 1.494230e-01 -3.460071e+05 8.106174e+05 2.275293e+05 -1.254660e+02 6.012830e-01 -2.172315e+04 1.981658e+00 
1.562500e+03 0.000000e+00 2.500000e+04 5.998067e-02 0.000000e+00 1.468600e-01 -3.277196e+05 7.677190e+05 2.155037e+05 -6.400765e+01 -5.016491e-01 -2.195611e+04 -1.487402e+00 
1.562500e+03 5.000000e+02 2.500000e+04 5.998064e-02 -7.911038e-16 1.468599e-01 -3.277196e+05 7.677190e+05 2.155037e+05 -6.400765e+01 5.455316e-09 -2.195611e+04 1.449747e-08 
1.562500e+03 1.000000e+03 2.500000e+04 5.998067e-02 0.000000e+00 1.468600e-01 -3.277196e+05 7.677190e+05 2.155037e+05 -6.400765e+01 5.016491e-01 -2.195611e+04 1.487402e+00 
1.660156e+03 0.000000e+00 2.500000e+04 6.263646e-02 0.000000e+00 1.442199e-01 -3.092877e+05 7.244866e+05 2.033831e+05 -6.743538e+00 -3.100477e-01 -2.204438e+04 -9.378137e-01 
1.660156e+03 5.000000e+02 2.500000e+04 6.263644e-02 -7.767074e-16 1.442199e-01 -3.092877e+05 7.244866e+05 2.033831e+05 -6.743538e+00 5.904719e-09 -2.204438e+04 1.445796e-08 
1.660156e+03 1.000000e+03 2.500000e+04 6.263646e-02 0.000000e+00 1.442199e-01 -3.092877e+05 7.244866e+05 2.033831e+05 -6.743538e+00 3.100477e-01 -2.204438e+04 9.378137e-01 
1.757812e+03 0.000000e+00 2.500000e+04 6.513482e-02 0.000000e+00 1.415144e-01 -2.908263e+05 6.811901e+05 1.912432e+05 4.563464e+01 -6.572683e-02 -2.199877e+04 -4.748108e-01 
1.757812e+03 5.000000e+02 2.500000e+04 6.513481e-02 -7.615883e-16 1.415144e-01 -2.908263e+05 6.811901e+05 1.912432e+05 4.563464e+01 6.457749e-09 -2.199877e+04 1.497944e-08 
1.757812e+03 1.000000e+03 2.500000e+04 6.513482e-02 0.000000e+00 1.415144e-01 -2.908263e+05 6.811901e+05 1.912432e+05 4.563464e+01 6.572684e-02 -2.199877e+04 4.748109e-01 
1.855469e+03 0.000000e+00 2.500000e+04 6.747612e-02 0.000000e+00 1.387548e-01 -2.724409e+05 6.380777e+05 1.791533e+05 9.178289e+01 8.219079e-02 -2.183088e+04 -1.877867e-01 
1.855469e+03 5.000000e+02 2.500000e+04 6.747613e-02 -7.456509e-16 1.387548e-01 -2.724409e+05 6.380777e+05 1.791533e+05 9.178289e+01 6.776355e-09 -2.183088e+04 1.484648e-08 
1.855469e+03 1.000000e+03 2.500000e+04 6.747612e-02 0.000000e+00 1.387548e-01 -2.724409e+05 6.380777e+05 1.791533e+05 9.178289e+01 -8.219078e-02 -2.183088e+04 1.877867e-01 
1.953125e+03 0.000000e+00 2.500000e+04 6.966166e-02 0.000000e+00 1.359520e-01 -2.542321e+05 5.953834e+05 1.671794e+05 1.335365e+02 1.370850e-01 -2.155193e+04 -3.466426e-02 
1.953125e+03 5.000000e+02 2.500000e+04 6.966167e-02 -7.288824e-16 1.359520e-01 -2.542321e+05 5.953834e+05 1.671794e+05 1.335365e+02 6.642463e-09 -2.155193e+04 1.388097e-08 
1.953125e+03 1.000000e+03 2.500000e+04 6.966166e-02 0.000000e+00 1.359520e-01 -2.542321e+05 5.953834e+05 1.671794e+05 1.335365e+02 -1.370850e-01 -2.155193e+04 3.466429e-02 
2.050781e+03 0.000000e+00 2.500000e+04 7.169351e-02 0.000000e+00 1.331162e-01 -2.362875e+05 5.533123e+05 1.553793e+05 1.709544e+02 2.324898e-01 -2.117483e+04 2.135919e-02 
2.050781e+03 5.000000e+02 2.500000e+04 7.169353e-02 -7.121075e-16 1.331163e-01 -2.362875e+05 5.533123e+05 1.553793e+05 1.709544e+02 6.709010e-09 -2.117483e+04 1.281936e-08 
2.050781e+03 1.000000e+03 2.500000e+04 7.169351e-02 0.000000e+00 1.331162e-01 -2.362875e+05 5.533123e+05 1.553793e+05 1.709544e+02 -2.324898e-01 -2.117483e+04 -2.135916e-02 
2.148438e+03 0.000000e+00 2.500000e+04 7.357447e-02 0.000000e+00 1.302573e-01 -2.186831e+05 5.120436e+05 1.438029e+05 2.029589e+02 3.356824e-01 -2.071229e+04 2.804510e-02 
2.148438e+03 5.000000e+02 2.500000e+04 7.357449e-02 -6.959432e-16 1.302573e-01 -2.186831e+05 5.120436e+05 1.438029e+05 2.029589e+02 6.954845e-09 -2.071229e+04 1.230951e-08 
2.148438e+03 1.000000e+03 2.500000e+04 7.357447e-02 0.000000e+00 1.302573e-01 -2.186831e+05 5.120436e+05 1.438029e+05 2.029589e+02 -3.356824e-01 -2.071229e+04 -2.804508e-02 
2.246094e+03 0.000000e+00 2.500000e+04 7.530790e-02 0.000000e+00 1.273843e-01 -2.014863e+05 4.717347e+05 1.324945e+05 2.296414e+02 3.370050e-01 -2.017614e+04 1.421168e-01 
2.246094e+03 5.000000e+02 2.500000e+04 7.530791e-02 -6.798813e-16 1.273843e-01 -2.014863e+05 4.717347e+05 1.324945e+05 2.296414e+02 7.198072e-09 -2.017614e+04 1.234144e-08 
2.246094e+03 1.000000e+03 2.500000e+04 7.530790e-02 0.000000e+00 1.273843e-01 -2.014863e+05 4.717347e+05 1.324945e+05 2.296414e+02 -3.370050e-01 -2.017614e+04 -1.421168e-01 
2.343750e+03 0.000000e+00 2.500000e+04 7.689772e-02 0.000000e+00 1.245058e-01 -1.847549e+05 4.325209e+05 1.214922e+05 2.517664e+02 2.640821e-01 -1.957767e+04 3.772881e-01 
2.343750e+03 5.000000e+02 2.500000e+04 7.689773e-02 -6.650881e-16 1.245058e-01 -1.847549e+05 4.325209e+05 1.214922e+05 2.517664e+02 7.280790e-09 -1.957767e+04 1.201669e-08 
2.343750e+03 1.000000e+03 2.500000e+04 7.689772e-02 0.000000e+00 1.245058e-01 -1.847549e+05 4.325209e+05 1.214922e+05 2.517664e+02 -2.640820e-01 -1.957767e+04 -3.772881e-01 
2.441406e+03 0.000000e+00 2.500000e+04 7.834826e-02 0.000000e+00 1.216296e-01 -1.685369e+05 3.945132e+05 1.108274e+05 2.700185e+02 2.113039e-01 -1.892816e+04 5.905000e-01 
2.441406e+03 5.000000e+02 2.500000e+04 7.834827e-02 -6.501793e-16 1.216296e-01 -1.685369e+05 3.945132e+05 1.108274e+05 2.700185e+02 7.337862e-09 -1.892816e+04 1.184450e-08 
2.441406e+03 1.000000e+03 2.500000e+04 7.834826e-02 0.000000e+00 1.216296e-01 -1.685369e+05 3.945132e+05 1.108274e+05 2.700185e+02 -2.113039e-01 -1.892816e+04 -5.905000e-01 
2.539062e+03 0.000000e+00 2.500000e+04 7.966423e-02 0.000000e+00 1.187629e-01 -1.528718e+05 3.578045e+05 1.005263e+05 2.845014e+02 1.666803e-01 -1.823858e+04 7.927956e-01 
2.539062e+03 5.000000e+02 2.500000e+04 7.966423e-02 -6.353860e-16 1.187629e-01 -1.528718e+05 3.578045e+05 1.005263e+05 2.845014e+02 8.156142e-09 -1.823858e+04 1.209233e-08 
2.539062e+03 1.000000e+03 2.500000e+04 7.966423e-02 0.000000e+00 1.187629e-01 -1.528718e+05 3.578045e+05 1.005263e+05 2.845014e+02 -1.666803e-01 -1.823858e+04 -7.927956e-01 
2.636719e+03 0.000000e+00 2.500000e+04 8.085061e-02 0.000000e+00 1.159123e-01 -1.377907e+05 3.224674e+05 9.060921e+04 2.955236e+02 8.028976e-02 -1.751780e+04 1.092125e+00 
2.636719e+03 5.000000e+02 2.500000e+04 8.085060e-02 -6.201697e-16 1.159123e-01 -1.377907e+05 3.224674e+05 9.060921e+04 2.955236e+02 8.775468e-09 -1.751780e+04 1.188760e-08 
2.636719e+03 1.000000e+03 2.500000e+04 8.085061e-02 0.000000e+00 1.159123e-01 -1.377907e+05 3.224674e+05 9.060921e+04 2.955236e+02 -8.028974e-02 -1.751780e+04 -1.092125e+00 
2.734375e+03 0.000000e+00 2.500000e+04 8.191261e-02 0.000000e+00 1.130837e-01 -1.233144e+05 2.885511e+05 8.108977e+04 3.022531e+02 -8.348291e-02 -1.677527e+04 1.459714e+00 
2.734375e+03 5.000000e+02 2.500000e+04 8.191261e-02 -6.055865e-16 1.130838e-01 -1.233144e+05 2.885511e+05 8.108977e+04 3.022531e+02 8.217213e-09 -1.677527e+04 1.114027e-08 
2.734375e+03 1.000000e+03 2.500000e+04 8.191261e-02 0.000000e+00 1.130837e-01 -1.233144e+05 2.885511e+05 8.108977e+04 3.022531e+02 8.348292e-02 -1.677527e+04 -1.459714e+00 
2.832031e+03 0.000000e+00 2.500000e+04 8.285556e-02 0.000000e+00 1.102825e-01 -1.094598e+05 2.560947e+05 7.197918e+04 3.054221e+02 -2.565177e-01 -1.601989e+04 1.771667e+00 
2.832031e+03 5.000000e+02 2.500000e+04 8.285555e-02 -5.904411e-16 1.102826e-01 -1.094598e+05 2.560947e+05 7.197918e+04 3.054221e+02 7.805254e-09 -1.601989e+04 1.019168e-08 
2.832031e+03 1.000000e+03 2.500000e+04 8.285556e-02 0.000000e+00 1.102825e-01 -1.094598e+05 2.560947e+05 7.197918e+04 3.054221e+02 2.565177e-01 -1.601989e+04 -1.771667e+00 
2.929688e+03 0.000000e+00 2.500000e+04 8.368492e-02 0.000000e+00 1.075134e-01 -9.623742e+04 2.251218e+05 6.328435e+04 3.060812e+02 -2.872799e-01 -1.525708e+04 2.006863e+00 
2.929688e+03 5.000000e+02 2.500000e+04 8.368490e-02 -5.758877e-16 1.075135e-01 -9.623742e+04 2.251218e+05 6.328435e+04 3.060812e+02 8.310253e-09 -1.525708e+04 9.978035e-09 
2.929688e+03 1.000000e+03 2.500000e+04 8.368492e-02 0.000000e+00 1.075134e-01 -9.623742e+04 2.251218e+05 6.328435e+04 3.060812e+02 2.872799e-01 -1.525708e+04 -2.006863e+00 
3.027344e+03 0.000000e+00 2.500000e+04 8.440616e-02 0.000000e+00 1.047806e-01 -8.364988e+04 1.956381e+05 5.500696e+04 3.045244e+02 -2.684346e-01 -1.449365e+04 2.171250e+00 
3.027344e+03 5.000000e+02 2.500000e+04 8.440614e-02 -5.614561e-16 1.047807e-01 -8.364988e+04 1.956381e+05 5.500696e+04 3.045244e+02 8.447108e-09 -1.449365e+04 1.058394e-08 
3.027344e+03 1.000000e+03 2.500000e+04 8.440616e-02 0.000000e+00 1.047806e-01 -8.364988e+04 1.956381e+05 5.500696e+04 3.045244e+02 2.684347e-01 -1.449365e+04 -2.171250e+00 
3.125000e+03 0.000000e+00 2.500000e+04 8.502475e-02 0.000000e+00 1.020878e-01 -7.169582e+04 1.676404e+05 4.714615e+04 3.008831e+02 -4.027245e-01 -1.373613e+04 2.234961e+00 
3.125000e+03 5.000000e+02 2.500000e+04 8.502472e-02 -5.460129e-16 1.020879e-01 -7.169582e+04 1.676404e+05 4.714615e+04 3.008831e+02 8.073139e-09 -1.373613e+04 1.072514e-08 
3.125000e+03 1.000000e+03 2.500000e+04 8.502475e-02 0.000000e+00 1.020878e-01 -7.169582e+04 1.676404e+05 4.714615e+04 3.008831e+02 4.027246e-01 -1.373613e+04 -2.234961e+00 
3.222656e+03 0.000000e+00 2.500000e+04 8.554612e-02 0.000000e+00 9.943802e-02 -6.037180e+04 1.411191e+05 3.969963e+04 2.966864e+02 -6.063696e-01 -1.298800e+04 2.294633e+00 
3.222656e+03 5.000000e+02 2.500000e+04 8.554608e-02 -5.314311e-16 9.943813e-02 -6.037180e+04 1.411191e+05 3.969963e+04 2.966864e+02 8.611648e-09 -1.298800e+04 1.048679e-08 
3.222656e+03 1.000000e+03 2.500000e+04 8.554612e-02 0.000000e+00 9.943802e-02 -6.037180e+04 1.411191e+05 3.969963e+04 2.966864e+02 6.063696e-01 -1.298800e+04 -2.294633e+00 
3.320312e+03 0.000000e+00 2.500000e+04 8.597565e-02 0.000000e+00 9.683405e-02 -4.966737e+04 1.160503e+05 3.266056e+04 2.912447e+02 -7.365486e-01 -1.225387e+04 2.329140e+00 
3.320312e+03 5.000000e+02 2.500000e+04 8.597561e-02 -5.165956e-16 9.683418e-02 -4.966737e+04 1.160503e+05 3.266056e+04 2.912447e+02 9.431233e-09 -1.225387e+04 1.036921e-08 
3.320312e+03 1.000000e+03 2.500000e+04 8.597565e-02 0.000000e+00 9.683405e-02 -4.966737e+04 1.160503e+05 3.266056e+04 2.912447e+02 7.365486e-01 -1.225387e+04 -2.329140e+00 
3.417969e+03 0.000000e+00 2.500000e+04 8.631857e-02 0.000000e+00 9.427810e-02 -3.956828e+04 9.240287e+04 2.601953e+04 2.824344e+02 -8.673834e-01 -1.153791e+04 2.294953e+00 
3.417969e+03 5.000000e+02 2.500000e+04 8.631851e-02 -5.025334e-16 9.427822e-02 -3.956828e+04 9.240287e+04 2.601953e+04 2.824344e+02 9.140669e-09 -1.153791e+04 9.923445e-09 
3.417969e+03 1.000000e+03 2.500000e+04 8.631857e-02 0.000000e+00 9.427810e-02 -3.956828e+04 9.240287e+04 2.601953e+04 2.824344e+02 8.673835e-01 -1.153791e+04 -2.294953e+00 
3.515625e+03 0.000000e+00 2.500000e+04 8.658000e-02 0.000000e+00 9.177203e-02 -3.006247e+04 7.014508e+04 1.976865e+04 2.736816e+02 -9.936721e-01 -1.084128e+04 2.450487e+00 
3.515625e+03 5.000000e+02 2.500000e+04 8.657993e-02 -4.892595e-16 9.177214e-02 -3.006247e+04 7.014508e+04 1.976865e+04 2.736816e+02 8.320844e-09 -1.084128e+04 9.591570e-09 
3.515625e+03 1.000000e+03 2.500000e+04 8.658000e-02 0.000000e+00 9.177203e-02 -3.006247e+04 7.014508e+04 1.976865e+04 2.736816e+02 9.936721e-01 -1.084128e+04 -2.450487e+00 
3.613281e+03 0.000000e+00 2.500000e+04 8.676493e-02 0.000000e+00 8.931733e-02 -2.113191e+04 4.923357e+04 1.389604e+04 2.661258e+02 -9.569691e-01 -1.016724e+04 2.812158e+00 
3.613281e+03 5.000000e+02 2.500000e+04 8.676487e-02 -4.768271e-16 8.931748e-02 -2.113191e+04 4.923357e+04 1.389604e+04 2.661258e+02 8.199376e-09 -1.016724e+04 9.387183e-09 
3.613281e+03 1.000000e+03 2.500000e+04 8.676493e-02 0.000000e+00 8.931733e-02 -2.113191e+04 4.923357e+04 1.389604e+04 2.661258e+02 9.569691e-01 -1.016724e+04 -2.812158e+00 
3.710938e+03 0.000000e+00 2.500000e+04 8.687815e-02 0.000000e+00 8.691513e-02 -1.275487e+04 2.962144e+04 8.387422e+03 2.557576e+02 -7.571459e-01 -9.519076e+03 2.921095e+00 
3.710938e+03 5.000000e+02 2.500000e+04 8.687811e-02 -4.645959e-16 8.691530e-02 -1.275487e+04 2.962144e+04 8.387422e+03 2.557576e+02 8.673453e-09 -9.519076e+03 8.863254e-09 
3.710938e+03 1.000000e+03 2.500000e+04 8.687815e-02 0.000000e+00 8.691513e-02 -1.275487e+04 2.962144e+04 8.387422e+03 2.557576e+02 7.571459e-01 -9.519076e+03 -2.921095e+00 
3.808594e+03 0.000000e+00 2.500000e+04 8.692427e-02 0.000000e+00 8.456629e-02 -4.913325e+03 1.126599e+04 3.230932e+03 2.430520e+02 -5.045037e-01 -8.894934e+03 2.662719e+00 
3.808594e+03 5.000000e+02 2.500000e+04 8.692424e-02 -4.524761e-16 8.456643e-02 -4.913325e+03 1.126599e+04 3.230932e+03 2.430520e+02 8.925568e-09 -8.894934e+03 8.379736e-09 
3.808594e+03 1.000000e+03 2.500000e+04 8.692427e-02 0.000000e+00 8.456629e-02 -4.913325e+03 1.126599e+04 3.230932e+03 2.430520e+02 5.045038e-01 -8.894934e+03 -2.662719e+00 
3.906250e+03 0.000000e+00 2.500000e+04 8.690779e-02 0.000000e+00 8.227143e-02 2.411840e+03 -5.881731e+03 -1.585992e+03 2.322010e+02 -2.689492e-01 -8.294860e+03 2.455934e+00 
3.906250e+03 5.000000e+02 2.500000e+04 8.690777e-02 -4.404272e-16 8.227155e-02 2.411840e+03 -5.881731e+03 -1.585992e+03 2.322010e+02 9.101445e-09 -8.294860e+03 7.822011e-09 
3.906250e+03 1.000000e+03 2.500000e+04 8.690779e-02 0.000000e+00 8.227143e-02 2.411840e+03 -5.881731e+03 -1.585992e+03 2.322010e+02 2.689493e-01 -8.294860e+03 -2.455934e+00 
4.003906e+03 0.000000e+00 2.500000e+04 8.683295e-02 0.000000e+00 8.003086e-02 9.243634e+03 -2.187515e+04 -6.078482e+03 2.227284e+02 -1.641512e-01 -7.722851e+03 2.408771e+00 
4.003906e+03 5.000000e+02 2.500000e+04 8.683295e-02 -4.288638e-16 8.003099e-02 9.243634e+03 -2.187515e+04 -6.078482e+03 2.227284e+02 9.135476e-09 -7.722851e+03 7.546115e-09 
4.003906e+03 1.000000e+03 2.500000e+04 8.683295e-02 0.000000e+00 8.003086e-02 9.243634e+03 -2.187515e+04 -6.078482e+03 2.227284e+02 1.641512e-01 -7.722851e+03 -2.408771e+00 
4.101562e+03 0.000000e+00 2.500000e+04 8.670383e-02 0.000000e+00 7.784466e-02 1.560476e+04 -3.676418e+04 -1.026147e+04 2.113717e+02 -1.508077e-01 -7.177980e+03 2.361253e+00 
4.101562e+03 5.000000e+02 2.500000e+04 8.670382e-02 -4.175640e-16 7.784478e-02 1.560476e+04 -3.676418e+04 -1.026147e+04 2.113717e+02 8.748668e-09 -7.177980e+03 7.965266e-09 
4.101562e+03 1.000000e+03 2.500000e+04 8.670383e-02 0.000000e+00 7.784466e-02 1.560476e+04 -3.676418e+04 -1.026147e+04 2.113717e+02 1.508077e-01 -7.177980e+03 -2.361253e+00 
4.199219e+03 0.000000e+00 2.500000e+04 8.652431e-02 0.000000e+00 7.571276e-02 2.151631e+04 -5.060000e+04 -1.414882e+04 1.998851e+02 -5.670897e-02 -6.658229e+03 2.345458e+00 
4.199219e+03 5.000000e+02 2.500000e+04 8.652431e-02 -4.064399e-16 7.571288e-02 2.151631e+04 -5.060000e+04 -1.414882e+04 1.998851e+02 8.604856e-09 -6.658229e+03 7.997676e-09 
4.199219e+03 1.000000e+03 2.500000e+04 8.652431e-02 0.000000e+00 7.571276e-02 2.151631e+04 -5.060000e+04 -1.414882e+04 1.998851e+02 5.670899e-02 -6.658229e+03 -2.345458e+00 
4.296875e+03 0.000000e+00 2.500000e+04 8.629808e-02 0.000000e+00 7.363491e-02 2.700049e+04 -6.343697e+04 -1.775514e+04 1.906318e+02 8.349730e-02 -6.165642e+03 2.221956e+00 
4.296875e+03 5.000000e+02 2.500000e+04 8.629809e-02 -3.954628e-16 7.363504e-02 2.700049e+04 -6.343697e+04 -1.775514e+04 1.906318e+02 8.940613e-09 -6.165642e+03 7.060533e-09 
4.296875e+03 1.000000e+03 2.500000e+04 8.629808e-02 0.000000e+00 7.363491e-02 2.700049e+04 -6.343697e+04 -1.775514e+04 1.906318e+02 -8.349728e-02 -6.165642e+03 -2.221956e+00 
4.394531e+03 0.000000e+00 2.500000e+04 8.602860e-02 0.000000e+00 7.161068e-02 3.208018e+04 -7.532612e+04 -2.109547e+04 1.810453e+02 1.427999e-01 -5.700361e+03 1.746418e+00 
4.394531e+03 5.000000e+02 2.500000e+04 8.602862e-02 -3.846128e-16 7.161078e-02 3.208018e+04 -7.532612e+04 -2.109547e+04 1.810453e+02 9.144392e-09 -5.700361e+03 6.345184e-09 
4.394531e+03 1.000000e+03 2.500000e+04 8.602860e-02 0.000000e+00 7.161068e-02 3.208018e+04 -7.532612e+04 -2.109547e+04 1.810453e+02 -1.427998e-01 -5.700361e+03 -1.746418e+00 
4.492188e+03 0.000000e+00 2.500000e+04 8.571920e-02 0.000000e+00 6.963954e-02 3.677578e+04 -8.631502e+04 -2.418323e+04 1.708961e+02 1.367190e-01 -5.259233e+03 1.092412e+00 
4.492188e+03 5.000000e+02 2.500000e+04 8.571922e-02 -3.740624e-16 6.963959e-02 3.677578e+04 -8.631502e+04 -2.418323e+04 1.708961e+02 8.970016e-09 -5.259233e+03 6.324500e-09 
4.492188e+03 1.000000e+03 2.500000e+04 8.571920e-02 0.000000e+00 6.963954e-02 3.677578e+04 -8.631502e+04 -2.418323e+04 1.708961e+02 -1.367189e-01 -5.259233e+03 -1.092412e+00 
4.589844e+03 0.000000e+00 2.500000e+04 8.537301e-02 0.000000e+00 6.772084e-02 4.110891e+04 -9.645556e+04 -2.703263e+04 1.614704e+02 1.543510e-01 -4.842167e+03 6.195126e-01 
4.589844e+03 5.000000e+02 2.500000e+04 8.537303e-02 -3.636187e-16 6.772087e-02 4.110891e+04 -9.645556e+04 -2.703263e+04 1.614704e+02 8.838878e-09 -4.842167e+03 6.250143e-09 
4.589844e+03 1.000000e+03 2.500000e+04 8.537301e-02 0.000000e+00 6.772084e-02 4.110891e+04 -9.645556e+04 -2.703263e+04 1.614704e+02 -1.543509e-01 -4.842167e+03 -6.195126e-01 
4.687500e+03 0.000000e+00 2.500000e+04 8.499295e-02 0.000000e+00 6.585383e-02 4.509985e+04 -1.057948e+05 -2.965702e+04 1.522783e+02 1.906512e-01 -4.450428e+03 3.791264e-01 
4.687500e+03 5.000000e+02 2.500000e+04 8.499296e-02 -3.527960e-16 6.585384e-02 4.509985e+04 -1.057948e+05 -2.965702e+04 1.522783e+02 8.747961e-09 -4.450428e+03 6.127059e-09 
4.687500e+03 1.000000e+03 2.500000e+04 8.499295e-02 0.000000e+00 6.585383e-02 4.509985e+04 -1.057948e+05 -2.965702e+04 1.522783e+02 -1.906512e-01 -4.450428e+03 -3.791264e-01 
4.785156e+03 0.000000e+00 2.500000e+04 8.458183e-02 0.000000e+00 6.403765e-02 4.876669e+04 -1.143756e+05 -3.206828e+04 1.437642e+02 3.076965e-01 -4.081504e+03 2.912565e-01 
4.785156e+03 5.000000e+02 2.500000e+04 8.458183e-02 -3.419523e-16 6.403766e-02 4.876669e+04 -1.143756e+05 -3.206828e+04 1.437642e+02 8.499906e-09 -4.081504e+03 6.173020e-09 
4.785156e+03 1.000000e+03 2.500000e+04 8.458183e-02 0.000000e+00 6.403765e-02 4.876669e+04 -1.143756e+05 -3.206828e+04 1.437642e+02 -3.076965e-01 -4.081504e+03 -2.912565e-01 
4.882812e+03 0.000000e+00 2.500000e+04 8.414223e-02 0.000000e+00 6.227142e-02 5.213056e+04 -1.222473e+05 -3.428031e+04 1.358877e+02 5.831261e-01 -3.734469e+03 3.177692e-01 
4.882812e+03 5.000000e+02 2.500000e+04 8.414226e-02 -3.315500e-16 6.227143e-02 5.213056e+04 -1.222473e+05 -3.428031e+04 1.358877e+02 7.888342e-09 -3.734469e+03 6.115335e-09 
4.882812e+03 1.000000e+03 2.500000e+04 8.414223e-02 0.000000e+00 6.227142e-02 5.213056e+04 -1.222473e+05 -3.428031e+04 1.358877e+02 -5.831261e-01 -3.734469e+03 -3.177692e-01 
4.980469e+03 0.000000e+00 2.500000e+04 8.367660e-02 0.000000e+00 6.055417e-02 5.521102e+04 -1.294546e+05 -3.630598e+04 1.274816e+02 8.213265e-01 -3.410016e+03 3.258554e-01 
4.980469e+03 5.000000e+02 2.500000e+04 8.367665e-02 -3.215175e-16 6.055418e-02 5.521102e+04 -1.294546e+05 -3.630598e+04 1.274816e+02 7.309157e-09 -3.410016e+03 5.699114e-09 
4.980469e+03 1.000000e+03 2.500000e+04 8.367660e-02 0.000000e+00 6.055417e-02 5.521102e+04 -1.294546e+05 -3.630598e+04 1.274816e+02 -8.213265e-01 -3.410016e+03 -3.258554e-01 
5.078125e+03 0.000000e+00 2.500000e+04 8.318723e-02 0.000000e+00 5.888488e-02 5.802292e+04 -1.360325e+05 -3.815504e+04 1.188022e+02 9.038832e-01 -3.105853e+03 3.064760e-01 
5.078125e+03 5.000000e+02 2.500000e+04 8.318727e-02 -3.122585e-16 5.888489e-02 5.802292e+04 -1.360325e+05 -3.815504e+04 1.188022e+02 7.555859e-09 -3.105853e+03 5.409986e-09 
5.078125e+03 1.000000e+03 2.500000e+04 8.318723e-02 0.000000e+00 5.888488e-02 5.802292e+04 -1.360325e+05 -3.815504e+04 1.188022e+02 -9.038831e-01 -3.105853e+03 -3.064760e-01 
5.175781e+03 0.000000e+00 2.500000e+04 8.267631e-02 0.000000e+00 5.726252e-02 6.058340e+04 -1.420218e+05 -3.983878e+04 1.103392e+02 9.331081e-01 -2.819507e+03 3.904653e-01 
5.175781e+03 5.000000e+02 2.500000e+04 8.267636e-02 -3.034809e-16 5.726254e-02 6.058340e+04 -1.420218e+05 -3.983878e+04 1.103392e+02 7.878636e-09 -2.819507e+03 5.391361e-09 
5.175781e+03 1.000000e+03 2.500000e+04 8.267631e-02 0.000000e+00 5.726252e-02 6.058340e+04 -1.420218e+05 -3.983878e+04 1.103392e+02 -9.331081e-01 -2.819507e+03 -3.904653e-01 
5.273438e+03 0.000000e+00 2.500000e+04 8.214581e-02 0.000000e+00 5.568603e-02 6.290928e+04 -1.474617e+05 -4.136825e+04 1.021160e+02 9.379505e-01 -2.551742e+03 5.110187e-01 
5.273438e+03 5.000000e+02 2.500000e+04 8.214587e-02 -2.948968e-16 5.568606e-02 6.290928e+04 -1.474617e+05 -4.136825e+04 1.021160e+02 7.809163e-09 -2.551742e+03 5.204423e-09 
5.273438e+03 1.000000e+03 2.500000e+04 8.214581e-02 0.000000e+00 5.568603e-02 6.290928e+04 -1.474617e+05 -4.136825e+04 1.021160e+02 -9.379505e-01 -2.551742e+03 -5.110187e-01 
5.371094e+03 0.000000e+00 2.500000e+04 8.159763e-02 0.000000e+00 5.415431e-02 6.501431e+04 -1.523848e+05 -4.275248e+04 9.439851e+01 9.549920e-01 -2.302099e+03 4.898490e-01 
5.371094e+03 5.000000e+02 2.500000e+04 8.159769e-02 -2.864257e-16 5.415434e-02 6.501431e+04 -1.523848e+05 -4.275248e+04 9.439851e+01 7.374556e-09 -2.302099e+03 5.162419e-09 
5.371094e+03 1.000000e+03 2.500000e+04 8.159763e-02 0.000000e+00 5.415431e-02 6.501431e+04 -1.523848e+05 -4.275248e+04 9.439851e+01 -9.549920e-01 -2.302099e+03 -4.898490e-01 
5.468750e+03 0.000000e+00 2.500000e+04 8.103353e-02 0.000000e+00 5.266628e-02 6.691260e+04 -1.568250e+05 -4.400077e+04 8.794417e+01 1.056448e+00 -2.068334e+03 3.218360e-01 
5.468750e+03 5.000000e+02 2.500000e+04 8.103360e-02 -2.776676e-16 5.266629e-02 6.691260e+04 -1.568250e+05 -4.400077e+04 8.794417e+01 6.837822e-09 -2.068334e+03 5.047626e-09 
5.468750e+03 1.000000e+03 2.500000e+04 8.103353e-02 0.000000e+00 5.266628e-02 6.691260e+04 -1.568250e+05 -4.400077e+04 8.794417e+01 -1.056448e+00 -2.068334e+03 -3.218360e-01 
5.566406e+03 0.000000e+00 2.500000e+04 8.045516e-02 0.000000e+00 5.122080e-02 6.861996e+04 -1.608183e+05 -4.512351e+04 8.191407e+01 1.113161e+00 -1.851065e+03 1.735890e-01 
5.566406e+03 5.000000e+02 2.500000e+04 8.045524e-02 -2.687978e-16 5.122081e-02 6.861996e+04 -1.608183e+05 -4.512351e+04 8.191407e+01 6.771945e-09 -1.851065e+03 4.733577e-09 
5.566406e+03 1.000000e+03 2.500000e+04 8.045516e-02 0.000000e+00 5.122080e-02 6.861996e+04 -1.608183e+05 -4.512351e+04 8.191407e+01 -1.113161e+00 -1.851065e+03 -1.735890e-01 
5.664062e+03 0.000000e+00 2.500000e+04 7.986402e-02 0.000000e+00 4.981677e-02 7.014889e+04 -1.643936e+05 -4.612891e+04 7.582207e+01 9.725520e-01 -1.649905e+03 1.946777e-01 
5.664062e+03 5.000000e+02 2.500000e+04 7.986406e-02 -2.606593e-16 4.981677e-02 7.014889e+04 -1.643936e+05 -4.612891e+04 7.582207e+01 7.136132e-09 -1.649905e+03 4.497165e-09 
5.664062e+03 1.000000e+03 2.500000e+04 7.986402e-02 0.000000e+00 4.981677e-02 7.014889e+04 -1.643936e+05 -4.612891e+04 7.582207e+01 -9.725519e-01 -1.649905e+03 -1.946777e-01 
5.761719e+03 0.000000e+00 2.500000e+04 7.926155e-02 0.000000e+00 4.845306e-02 7.150947e+04 -1.675757e+05 -4.702361e+04 7.084054e+01 8.010625e-01 -1.461678e+03 4.349956e-01 
5.761719e+03 5.000000e+02 2.500000e+04 7.926157e-02 -2.530281e-16 4.845308e-02 7.150947e+04 -1.675757e+05 -4.702361e+04 7.084054e+01 7.325556e-09 -1.461678e+03 4.417493e-09 
5.761719e+03 1.000000e+03 2.500000e+04 7.926155e-02 0.000000e+00 4.845306e-02 7.150947e+04 -1.675757e+05 -4.702361e+04 7.084054e+01 -8.010625e-01 -1.461678e+03 -4.349956e-01 
5.859375e+03 0.000000e+00 2.500000e+04 7.864906e-02 0.000000e+00 4.712859e-02 7.271460e+04 -1.703948e+05 -4.781608e+04 6.711401e+01 6.816068e-01 -1.285744e+03 8.346857e-01 
5.859375e+03 5.000000e+02 2.500000e+04 7.864909e-02 -2.456815e-16 4.712863e-02 7.271460e+04 -1.703948e+05 -4.781608e+04 6.711401e+01 7.320776e-09 -1.285744e+03 4.459151e-09 
5.859375e+03 1.000000e+03 2.500000e+04 7.864906e-02 0.000000e+00 4.712859e-02 7.271460e+04 -1.703948e+05 -4.781608e+04 6.711401e+01 -6.816068e-01 -1.285744e+03 -8.346857e-01 
5.957031e+03 0.000000e+00 2.500000e+04 7.802778e-02 0.000000e+00 4.584225e-02 7.377429e+04 -1.728744e+05 -4.851292e+04 6.444629e+01 5.035334e-01 -1.123431e+03 1.186436e+00 
5.957031e+03 5.000000e+02 2.500000e+04 7.802779e-02 -2.382102e-16 4.584232e-02 7.377429e+04 -1.728744e+05 -4.851292e+04 6.444629e+01 7.595426e-09 -1.123431e+03 4.441917e-09 
5.957031e+03 1.000000e+03 2.500000e+04 7.802778e-02 0.000000e+00 4.584225e-02 7.377429e+04 -1.728744e+05 -4.851292e+04 6.444629e+01 -5.035334e-01 -1.123431e+03 -1.186436e+00 
6.054688e+03 0.000000e+00 2.500000e+04 7.739887e-02 0.000000e+00 4.459296e-02 7.469990e+04 -1.750382e+05 -4.912159e+04 6.005462e+01 3.559790e-01 -9.730789e+02 1.367168e+00 
6.054688e+03 5.000000e+02 2.500000e+04 7.739887e-02 -2.307342e-16 4.459303e-02 7.469990e+04 -1.750382e+05 -4.912159e+04 6.005462e+01 7.457427e-09 -9.730789e+02 4.547109e-09 
6.054688e+03 1.000000e+03 2.500000e+04 7.739887e-02 0.000000e+00 4.459296e-02 7.469990e+04 -1.750382e+05 -4.912159e+04 6.005462e+01 -3.559790e-01 -9.730789e+02 -1.367168e+00 
6.152344e+03 0.000000e+00 2.500000e+04 7.676337e-02 0.000000e+00 4.337964e-02 7.550239e+04 -1.769120e+05 -4.964930e+04 5.411479e+01 2.838971e-01 -8.328306e+02 1.457594e+00 
6.152344e+03 5.000000e+02 2.500000e+04 7.676339e-02 -2.235292e-16 4.337971e-02 7.550239e+04 -1.769120e+05 -4.964930e+04 5.411479e+01 7.055666e-09 -8.328306e+02 4.492821e-09 
6.152344e+03 1.000000e+03 2.500000e+04 7.676337e-02 0.000000e+00 4.337964e-02 7.550239e+04 -1.769120e+05 -4.964930e+04 5.411479e+01 -2.838971e-01 -8.328306e+02 -1.457594e+00 
6.250000e+03 0.000000e+00 2.500000e+04 7.612228e-02 0.000000e+00 4.220124e-02 7.618955e+04 -1.785163e+05 -5.010116e+04 4.876518e+01 1.734059e-01 -7.028738e+02 1.526093e+00 
6.250000e+03 5.000000e+02 2.500000e+04 7.612229e-02 -2.166312e-16 4.220132e-02 7.618955e+04 -1.785163e+05 -5.010116e+04 4.876518e+01 7.005631e-09 -7.028738e+02 4.047044e-09 
6.250000e+03 1.000000e+03 2.500000e+04 7.612228e-02 0.000000e+00 4.220124e-02 7.618955e+04 -1.785163e+05 -5.010116e+04 4.876518e+01 -1.734059e-01 -7.028738e+02 -1.526093e+00 
6.347656e+03 0.000000e+00 2.500000e+04 7.547648e-02 0.000000e+00 4.105674e-02 7.676830e+04 -1.798673e+05 -5.048174e+04 4.411426e+01 3.105892e-02 -5.821756e+02 1.660188e+00 
6.347656e+03 5.000000e+02 2.500000e+04 7.547647e-02 -2.100253e-16 4.105682e-02 7.676830e+04 -1.798673e+05 -5.048174e+04 4.411426e+01 7.204565e-09 -5.821756e+02 3.674022e-09 
6.347656e+03 1.000000e+03 2.500000e+04 7.547648e-02 0.000000e+00 4.105674e-02 7.676830e+04 -1.798673e+05 -5.048174e+04 4.411426e+01 -3.105891e-02 -5.821756e+02 -1.660188e+00 
6.445312e+03 0.000000e+00 2.500000e+04 7.482684e-02 0.000000e+00 3.994513e-02 7.724589e+04 -1.809829e+05 -5.079579e+04 4.107326e+01 -5.668960e-02 -4.697634e+02 1.963475e+00 
6.445312e+03 5.000000e+02 2.500000e+04 7.482683e-02 -2.041268e-16 3.994522e-02 7.724589e+04 -1.809829e+05 -5.079579e+04 4.107326e+01 7.174721e-09 -4.697634e+02 3.613648e-09 
6.445312e+03 1.000000e+03 2.500000e+04 7.482684e-02 0.000000e+00 3.994513e-02 7.724589e+04 -1.809829e+05 -5.079579e+04 4.107326e+01 5.668961e-02 -4.697634e+02 -1.963475e+00 
6.542969e+03 0.000000e+00 2.500000e+04 7.417413e-02 0.000000e+00 3.886541e-02 7.763146e+04 -1.818840e+05 -5.104934e+04 3.900136e+01 -6.692788e-02 -3.668006e+02 2.321994e+00 
6.542969e+03 5.000000e+02 2.500000e+04 7.417412e-02 -1.982177e-16 3.886553e-02 7.763146e+04 -1.818840e+05 -5.104934e+04 3.900136e+01 6.914974e-09 -3.668006e+02 3.598835e-09 
6.542969e+03 1.000000e+03 2.500000e+04 7.417413e-02 0.000000e+00 3.886541e-02 7.763146e+04 -1.818840e+05 -5.104934e+04 3.900136e+01 6.692789e-02 -3.668006e+02 -2.321994e+00 
6.640625e+03 0.000000e+00 2.500000e+04 7.351906e-02 0.000000e+00 3.781661e-02 7.793300e+04 -1.825873e+05 -5.124763e+04 3.595527e+01 -2.897904e-02 -2.728761e+02 2.412103e+00 
6.640625e+03 5.000000e+02 2.500000e+04 7.351907e-02 -1.918904e-16 3.781675e-02 7.793300e+04 -1.825873e+05 -5.124763e+04 3.595527e+01 6.789984e-09 -2.728761e+02 3.506885e-09 
6.640625e+03 1.000000e+03 2.500000e+04 7.351906e-02 0.000000e+00 3.781661e-02 7.793300e+04 -1.825873e+05 -5.124763e+04 3.595527e+01 2.897906e-02 -2.728761e+02 -2.412103e+00 
6.738281e+03 0.000000e+00 2.500000e+04 7.286230e-02 0.000000e+00 3.679779e-02 7.815622e+04 -1.831066e+05 -5.139442e+04 3.235995e+01 -1.112099e-02 -1.849350e+02 2.123134e+00 
6.738281e+03 5.000000e+02 2.500000e+04 7.286231e-02 -1.855923e-16 3.679790e-02 7.815622e+04 -1.831066e+05 -5.139442e+04 3.235995e+01 6.605821e-09 -1.849350e+02 3.259290e-09 
6.738281e+03 1.000000e+03 2.500000e+04 7.286230e-02 0.000000e+00 3.679779e-02 7.815622e+04 -1.831066e+05 -5.139442e+04 3.235995e+01 1.112100e-02 -1.849350e+02 -2.123134e+00 
6.835938e+03 0.000000e+00 2.500000e+04 7.220446e-02 0.000000e+00 3.580804e-02 7.830692e+04 -1.834569e+05 -5.149351e+04 2.969085e+01 -1.038944e-01 -1.027559e+02 1.841422e+00 
6.835938e+03 5.000000e+02 2.500000e+04 7.220447e-02 -1.799429e-16 3.580812e-02 7.830692e+04 -1.834569e+05 -5.149351e+04 2.969085e+01 6.584944e-09 -1.027559e+02 3.020789e-09 
6.835938e+03 1.000000e+03 2.500000e+04 7.220446e-02 0.000000e+00 3.580804e-02 7.830692e+04 -1.834569e+05 -5.149351e+04 2.969085e+01 1.038944e-01 -1.027559e+02 -1.841422e+00 
6.933594e+03 0.000000e+00 2.500000e+04 7.154609e-02 0.000000e+00 3.484646e-02 7.838967e+04 -1.836494e+05 -5.154793e+04 2.833846e+01 -3.034669e-01 -2.774426e+01 1.922078e+00 
6.933594e+03 5.000000e+02 2.500000e+04 7.154607e-02 -1.746654e-16 3.484656e-02 7.838967e+04 -1.836494e+05 -5.154793e+04 2.833846e+01 6.725434e-09 -2.774426e+01 3.138646e-09 
6.933594e+03 1.000000e+03 2.500000e+04 7.154609e-02 0.000000e+00 3.484646e-02 7.838967e+04 -1.836494e+05 -5.154793e+04 2.833846e+01 3.034669e-01 -2.774426e+01 -1.922078e+00 
7.031250e+03 0.000000e+00 2.500000e+04 7.088773e-02 0.000000e+00 3.391216e-02 7.840990e+04 -1.836956e+05 -5.156123e+04 2.713172e+01 -4.673421e-01 4.051853e+01 2.170883e+00 
7.031250e+03 5.000000e+02 2.500000e+04 7.088770e-02 -1.695861e-16 3.391228e-02 7.840990e+04 -1.836956e+05 -5.156123e+04 2.713172e+01 6.757295e-09 4.051853e+01 3.277858e-09 
7.031250e+03 1.000000e+03 2.500000e+04 7.088773e-02 0.000000e+00 3.391216e-02 7.840990e+04 -1.836956e+05 -5.156123e+04 2.713172e+01 4.673421e-01 4.051853e+01 -2.170883e+00 
7.128906e+03 0.000000e+00 2.500000e+04 7.022984e-02 0.000000e+00 3.300429e-02 7.837569e+04 -1.836126e+05 -5.153873e+04 2.431326e+01 -5.732800e-01 1.023769e+02 2.215428e+00 
7.128906e+03 5.000000e+02 2.500000e+04 7.022982e-02 -1.644437e-16 3.300441e-02 7.837569e+04 -1.836126e+05 -5.153873e+04 2.431326e+01 6.803152e-09 1.023769e+02 3.129408e-09 
7.128906e+03 1.000000e+03 2.500000e+04 7.022984e-02 0.000000e+00 3.300429e-02 7.837569e+04 -1.836126e+05 -5.153873e+04 2.431326e+01 5.732801e-01 1.023769e+02 -2.215428e+00 
7.226562e+03 0.000000e+00 2.500000e+04 6.957284e-02 0.000000e+00 3.212202e-02 7.829048e+04 -1.834095e+05 -5.148270e+04 2.075268e+01 -7.494150e-01 1.592312e+02 2.020659e+00 
7.226562e+03 5.000000e+02 2.500000e+04 6.957281e-02 -1.598200e-16 3.212213e-02 7.829048e+04 -1.834095e+05 -5.148270e+04 2.075268e+01 6.573818e-09 1.592312e+02 2.889269e-09 
7.226562e+03 1.000000e+03 2.500000e+04 6.957284e-02 0.000000e+00 3.212202e-02 7.829048e+04 -1.834095e+05 -5.148270e+04 2.075268e+01 7.494151e-01 1.592312e+02 -2.020659e+00 
7.324219e+03 0.000000e+00 2.500000e+04 6.891714e-02 0.000000e+00 3.126458e-02 7.815560e+04 -1.830910e+05 -5.139401e+04 1.816206e+01 -9.498481e-01 2.124585e+02 1.864118e+00 
7.324219e+03 5.000000e+02 2.500000e+04 6.891709e-02 -1.550445e-16 3.126467e-02 7.815560e+04 -1.830910e+05 -5.139401e+04 1.816206e+01 6.042214e-09 2.124585e+02 2.699825e-09 
7.324219e+03 1.000000e+03 2.500000e+04 6.891714e-02 0.000000e+00 3.126458e-02 7.815560e+04 -1.830910e+05 -5.139401e+04 1.816206e+01 9.498481e-01 2.124585e+02 -1.864118e+00 
7.421875e+03 0.000000e+00 2.500000e+04 6.826312e-02 0.000000e+00 3.043118e-02 7.797533e+04 -1.826678e+05 -5.127546e+04 1.722370e+01 -9.947736e-01 2.611845e+02 1.864889e+00 
7.421875e+03 5.000000e+02 2.500000e+04 6.826307e-02 -1.506664e-16 3.043128e-02 7.797533e+04 -1.826678e+05 -5.127546e+04 1.722370e+01 5.914727e-09 2.611845e+02 2.680765e-09 
7.421875e+03 1.000000e+03 2.500000e+04 6.826312e-02 0.000000e+00 3.043118e-02 7.797533e+04 -1.826678e+05 -5.127546e+04 1.722370e+01 9.947737e-01 2.611845e+02 -1.864889e+00 
7.519531e+03 0.000000e+00 2.500000e+04 6.761111e-02 0.000000e+00 2.962107e-02 7.775494e+04 -1.821511e+05 -5.113054e+04 1.682323e+01 -8.597362e-01 3.049367e+02 1.756548e+00 
7.519531e+03 5.000000e+02 2.500000e+04 6.761108e-02 -1.463720e-16 2.962118e-02 7.775494e+04 -1.821511e+05 -5.113054e+04 1.682323e+01 6.329181e-09 3.049367e+02 2.772962e-09 
7.519531e+03 1.000000e+03 2.500000e+04 6.761111e-02 0.000000e+00 2.962107e-02 7.775494e+04 -1.821511e+05 -5.113054e+04 1.682323e+01 8.597362e-01 3.049367e+02 -1.756548e+00 
7.617188e+03 0.000000e+00 2.500000e+04 6.696141e-02 0.000000e+00 2.883352e-02 7.749883e+04 -1.815491e+05 -5.096212e+04 1.478628e+01 -6.426856e-01 3.449834e+02 1.452622e+00 
7.617188e+03 5.000000e+02 2.500000e+04 6.696139e-02 -1.423353e-16 2.883359e-02 7.749883e+04 -1.815491e+05 -5.096212e+04 1.478628e+01 6.489267e-09 3.449834e+02 2.702379e-09 
7.617188e+03 1.000000e+03 2.500000e+04 6.696141e-02 0.000000e+00 2.883352e-02 7.749883e+04 -1.815491e+05 -5.096212e+04 1.478628e+01 6.426856e-01 3.449834e+02 -1.452622e+00 
7.714844e+03 0.000000e+00 2.500000e+04 6.631431e-02 0.000000e+00 2.806781e-02 7.720901e+04 -1.808681e+05 -5.077154e+04 1.265913e+01 -3.575492e-01 3.821699e+02 1.214179e+00 
7.714844e+03 5.000000e+02 2.500000e+04 6.631430e-02 -1.384896e-16 2.806787e-02 7.720901e+04 -1.808681e+05 -5.077154e+04 1.265913e+01 6.238310e-09 3.821699e+02 2.559807e-09 
7.714844e+03 1.000000e+03 2.500000e+04 6.631431e-02 0.000000e+00 2.806781e-02 7.720901e+04 -1.808681e+05 -5.077154e+04 1.265913e+01 3.575493e-01 3.821699e+02 -1.214179e+00 
7.812500e+03 0.000000e+00 2.500000e+04 6.567005e-02 0.000000e+00 2.732327e-02 7.688822e+04 -1.801162e+05 -5.056060e+04 1.208009e+01 2.350865e-03 4.159793e+02 1.086666e+00 
7.812500e+03 5.000000e+02 2.500000e+04 6.567006e-02 -1.350720e-16 2.732333e-02 7.688822e+04 -1.801162e+05 -5.056060e+04 1.208009e+01 6.246501e-09 4.159793e+02 2.534275e-09 
7.812500e+03 1.000000e+03 2.500000e+04 6.567005e-02 0.000000e+00 2.732327e-02 7.688822e+04 -1.801162e+05 -5.056060e+04 1.208009e+01 -2.350852e-03 4.159793e+02 -1.086666e+00 
7.910156e+03 0.000000e+00 2.500000e+04 6.502887e-02 0.000000e+00 2.659923e-02 7.654023e+04 -1.793007e+05 -5.033176e+04 1.172099e+01 3.258817e-01 4.461811e+02 9.013366e-01 
7.910156e+03 5.000000e+02 2.500000e+04 6.502890e-02 -1.315480e-16 2.659928e-02 7.654023e+04 -1.793007e+05 -5.033176e+04 1.172099e+01 6.334659e-09 4.461811e+02 2.511268e-09 
7.910156e+03 1.000000e+03 2.500000e+04 6.502887e-02 0.000000e+00 2.659923e-02 7.654023e+04 -1.793007e+05 -5.033176e+04 1.172099e+01 -3.258816e-01 4.461811e+02 -9.013366e-01 
8.007812e+03 0.000000e+00 2.500000e+04 6.439096e-02 0.000000e+00 2.589504e-02 7.616741e+04 -1.784265e+05 -5.008660e+04 1.089588e+01 5.218389e-01 4.733417e+02 5.291087e-01 
8.007812e+03 5.000000e+02 2.500000e+04 6.439100e-02 -1.279168e-16 2.589508e-02 7.616741e+04 -1.784265e+05 -5.008660e+04 1.089588e+01 6.157657e-09 4.733417e+02 2.281957e-09 
8.007812e+03 1.000000e+03 2.500000e+04 6.439096e-02 0.000000e+00 2.589504e-02 7.616741e+04 -1.784265e+05 -5.008660e+04 1.089588e+01 -5.218389e-01 4.733417e+02 -5.291087e-01 
8.105469e+03 0.000000e+00 2.500000e+04 6.375652e-02 0.000000e+00 2.521010e-02 7.577341e+04 -1.775014e+05 -4.982751e+04 8.729452e+00 5.565574e-01 4.979884e+02 4.228563e-03 
8.105469e+03 5.000000e+02 2.500000e+04 6.375657e-02 -1.240587e-16 2.521010e-02 7.577341e+04 -1.775014e+05 -4.982751e+04 8.729452e+00 6.245331e-09 4.979884e+02 2.065366e-09 
8.105469e+03 1.000000e+03 2.500000e+04 6.375652e-02 0.000000e+00 2.521010e-02 7.577341e+04 -1.775014e+05 -4.982751e+04 8.729452e+00 -5.565574e-01 4.979884e+02 -4.228559e-03 
8.203125e+03 0.000000e+00 2.500000e+04 6.312571e-02 0.000000e+00 2.454379e-02 7.535841e+04 -1.765277e+05 -4.955462e+04 7.056747e+00 4.365121e-01 5.200537e+02 -3.356711e-01 
8.203125e+03 5.000000e+02 2.500000e+04 6.312574e-02 -1.202800e-16 2.454377e-02 7.535841e+04 -1.765277e+05 -4.955462e+04 7.056747e+00 6.628998e-09 5.200537e+02 2.099105e-09 
8.203125e+03 1.000000e+03 2.500000e+04 6.312571e-02 0.000000e+00 2.454379e-02 7.535841e+04 -1.765277e+05 -4.955462e+04 7.056747e+00 -4.365121e-01 5.200537e+02 3.356711e-01 
8.300781e+03 0.000000e+00 2.500000e+04 6.249869e-02 0.000000e+00 2.389551e-02 7.492308e+04 -1.755083e+05 -4.926835e+04 7.358539e+00 3.000113e-01 5.400525e+02 -2.928247e-01 
8.300781e+03 5.000000e+02 2.500000e+04 6.249871e-02 -1.166687e-16 2.389550e-02 7.492308e+04 -1.755083e+05 -4.926835e+04 7.358539e+00 6.383824e-09 5.400525e+02 2.116903e-09 
8.300781e+03 1.000000e+03 2.500000e+04 6.249869e-02 0.000000e+00 2.389551e-02 7.492308e+04 -1.755083e+05 -4.926835e+04 7.358539e+00 -3.000112e-01 5.400525e+02 2.928247e-01 
8.398438e+03 0.000000e+00 2.500000e+04 6.187558e-02 0.000000e+00 2.326472e-02 7.447170e+04 -1.744513e+05 -4.897153e+04 7.698454e+00 2.749528e-01 5.577830e+02 -1.452846e-01 
8.398438e+03 5.000000e+02 2.500000e+04 6.187560e-02 -1.134808e-16 2.326472e-02 7.447170e+04 -1.744513e+05 -4.897153e+04 7.698454e+00 5.934822e-09 5.577830e+02 1.999130e-09 
8.398438e+03 1.000000e+03 2.500000e+04 6.187558e-02 0.000000e+00 2.326472e-02 7.447170e+04 -1.744513e+05 -4.897153e+04 7.698454e+00 -2.749528e-01 5.577830e+02 1.452846e-01 
8.496094e+03 0.000000e+00 2.500000e+04 6.125649e-02 0.000000e+00 2.265087e-02 7.400667e+04 -1.733609e+05 -4.866573e+04 6.593787e+00 3.670908e-01 5.723199e+02 -1.452943e-01 
8.496094e+03 5.000000e+02 2.500000e+04 6.125652e-02 -1.104233e-16 2.265086e-02 7.400667e+04 -1.733609e+05 -4.866573e+04 6.593787e+00 5.968398e-09 5.723199e+02 1.910897e-09 
8.496094e+03 1.000000e+03 2.500000e+04 6.125649e-02 0.000000e+00 2.265087e-02 7.400667e+04 -1.733609e+05 -4.866573e+04 6.593787e+00 -3.670908e-01 5.723199e+02 1.452943e-01 
8.593750e+03 0.000000e+00 2.500000e+04 6.064153e-02 0.000000e+00 2.205344e-02 7.352929e+04 -1.722404e+05 -4.835181e+04 4.321838e+00 4.920456e-01 5.853556e+02 -2.201001e-01 
8.593750e+03 5.000000e+02 2.500000e+04 6.064157e-02 -1.071970e-16 2.205342e-02 7.352929e+04 -1.722404e+05 -4.835181e+04 4.321838e+00 5.787520e-09 5.853556e+02 1.839089e-09 
8.593750e+03 1.000000e+03 2.500000e+04 6.064153e-02 0.000000e+00 2.205344e-02 7.352929e+04 -1.722404e+05 -4.835181e+04 4.321838e+00 -4.920456e-01 5.853556e+02 2.201001e-01 
8.691406e+03 0.000000e+00 2.500000e+04 6.003081e-02 0.000000e+00 2.147194e-02 7.303921e+04 -1.710917e+05 -4.802954e+04 3.638921e+00 6.031109e-01 5.975372e+02 -1.937852e-01 
8.691406e+03 5.000000e+02 2.500000e+04 6.003085e-02 -1.039964e-16 2.147193e-02 7.303921e+04 -1.710917e+05 -4.802954e+04 3.638921e+00 5.469830e-09 5.975372e+02 1.704103e-09 
8.691406e+03 1.000000e+03 2.500000e+04 6.003081e-02 0.000000e+00 2.147194e-02 7.303921e+04 -1.710917e+05 -4.802954e+04 3.638921e+00 -6.031109e-01 5.975372e+02 1.937852e-01 
8.789062e+03 0.000000e+00 2.500000e+04 5.942441e-02 0.000000e+00 2.090589e-02 7.253824e+04 -1.699194e+05 -4.770011e+04 4.737407e+00 7.337641e-01 6.072490e+02 -4.374821e-02 
8.789062e+03 5.000000e+02 2.500000e+04 5.942445e-02 -1.006878e-16 2.090588e-02 7.253824e+04 -1.699194e+05 -4.770011e+04 4.737407e+00 5.374950e-09 6.072490e+02 1.583952e-09 
8.789062e+03 1.000000e+03 2.500000e+04 5.942441e-02 0.000000e+00 2.090589e-02 7.253824e+04 -1.699194e+05 -4.770011e+04 4.737407e+00 -7.337641e-01 6.072490e+02 4.374821e-02 
8.886719e+03 0.000000e+00 2.500000e+04 5.882238e-02 0.000000e+00 2.035477e-02 7.202869e+04 -1.687266e+05 -4.736504e+04 5.589332e+00 8.424575e-01 6.152416e+02 -2.964819e-02 
8.886719e+03 5.000000e+02 2.500000e+04 5.882243e-02 -9.738948e-17 2.035478e-02 7.202869e+04 -1.687266e+05 -4.736504e+04 5.589332e+00 5.235773e-09 6.152416e+02 1.553557e-09 
8.886719e+03 1.000000e+03 2.500000e+04 5.882238e-02 0.000000e+00 2.035477e-02 7.202869e+04 -1.687266e+05 -4.736504e+04 5.589332e+00 -8.424575e-01 6.152416e+02 2.964819e-02 
8.984375e+03 0.000000e+00 2.500000e+04 5.822480e-02 0.000000e+00 1.981815e-02 7.151234e+04 -1.675166e+05 -4.702549e+04 5.127473e+00 8.389823e-01 6.228623e+02 -3.518989e-01 
8.984375e+03 5.000000e+02 2.500000e+04 5.822487e-02 -9.452146e-17 1.981814e-02 7.151234e+04 -1.675166e+05 -4.702549e+04 5.127473e+00 5.180553e-09 6.228623e+02 1.667330e-09 
8.984375e+03 1.000000e+03 2.500000e+04 5.822480e-02 0.000000e+00 1.981815e-02 7.151234e+04 -1.675166e+05 -4.702549e+04 5.127473e+00 -8.389823e-01 6.228623e+02 3.518989e-01 
9.082031e+03 0.000000e+00 2.500000e+04 5.763172e-02 0.000000e+00 1.929559e-02 7.099078e+04 -1.662935e+05 -4.668252e+04 3.675915e+00 7.394989e-01 6.293809e+02 -7.905950e-01 
9.082031e+03 5.000000e+02 2.500000e+04 5.763177e-02 -9.158665e-17 1.929555e-02 7.099078e+04 -1.662935e+05 -4.668252e+04 3.675915e+00 5.163338e-09 6.293809e+02 1.717484e-09 
9.082031e+03 1.000000e+03 2.500000e+04 5.763172e-02 0.000000e+00 1.929559e-02 7.099078e+04 -1.662935e+05 -4.668252e+04 3.675915e+00 -7.394989e-01 6.293809e+02 7.905950e-01 
9.179688e+03 0.000000e+00 2.500000e+04 5.704315e-02 0.000000e+00 1.878666e-02 7.046293e+04 -1.650562e+05 -4.633541e+04 2.824646e+00 6.288929e-01 6.349524e+02 -1.048779e+00 
9.179688e+03 5.000000e+02 2.500000e+04 5.704319e-02 -8.870663e-17 1.878661e-02 7.046293e+04 -1.650562e+05 -4.633541e+04 2.824646e+00 5.062137e-09 6.349524e+02 1.618399e-09 
9.179688e+03 1.000000e+03 2.500000e+04 5.704315e-02 0.000000e+00 1.878666e-02 7.046293e+04 -1.650562e+05 -4.633541e+04 2.824646e+00 -6.288929e-01 6.349524e+02 1.048779e+00 
9.277344e+03 0.000000e+00 2.500000e+04 5.645916e-02 0.000000e+00 1.829094e-02 6.992947e+04 -1.638064e+05 -4.598462e+04 2.560089e+00 5.346989e-01 6.400454e+02 -1.119829e+00 
9.277344e+03 5.000000e+02 2.500000e+04 5.645920e-02 -8.614747e-17 1.829089e-02 6.992947e+04 -1.638064e+05 -4.598462e+04 2.560089e+00 4.884537e-09 6.400454e+02 1.542948e-09 
9.277344e+03 1.000000e+03 2.500000e+04 5.645916e-02 0.000000e+00 1.829094e-02 6.992947e+04 -1.638064e+05 -4.598462e+04 2.560089e+00 -5.346988e-01 6.400454e+02 1.119829e+00 
9.375000e+03 0.000000e+00 2.500000e+04 5.587978e-02 0.000000e+00 1.780804e-02 6.939286e+04 -1.625490e+05 -4.563175e+04 2.187095e+00 5.358361e-01 6.434622e+02 -1.140777e+00 
9.375000e+03 5.000000e+02 2.500000e+04 5.587981e-02 -8.359485e-17 1.780799e-02 6.939286e+04 -1.625490e+05 -4.563175e+04 2.187095e+00 4.832807e-09 6.434622e+02 1.520696e-09 
9.375000e+03 1.000000e+03 2.500000e+04 5.587978e-02 0.000000e+00 1.780804e-02 6.939286e+04 -1.625490e+05 -4.563175e+04 2.187095e+00 -5.358361e-01 6.434622e+02 1.140777e+00 
9.472656e+03 0.000000e+00 2.500000e+04 5.530500e-02 0.000000e+00 1.733756e-02 6.885542e+04 -1.612887e+05 -4.527834e+04 7.674265e-01 7.076644e-01 6.456024e+02 -1.185531e+00 
9.472656e+03 5.000000e+02 2.500000e+04 5.530504e-02 -8.113644e-17 1.733750e-02 6.885542e+04 -1.612887e+05 -4.527834e+04 7.674265e-01 4.935572e-09 6.456024e+02 1.572143e-09 
9.472656e+03 1.000000e+03 2.500000e+04 5.530500e-02 0.000000e+00 1.733756e-02 6.885542e+04 -1.612887e+05 -4.527834e+04 7.674265e-01 -7.076644e-01 6.456024e+02 1.185531e+00 
9.570312e+03 0.000000e+00 2.500000e+04 5.473481e-02 0.000000e+00 1.687913e-02 6.831677e+04 -1.600251e+05 -4.492413e+04 -1.070003e+00 9.065140e-01 6.474121e+02 -1.214605e+00 
9.570312e+03 5.000000e+02 2.500000e+04 5.473487e-02 -7.873914e-17 1.687906e-02 6.831677e+04 -1.600251e+05 -4.492413e+04 -1.070003e+00 5.002743e-09 6.474121e+02 1.618834e-09 
9.570312e+03 1.000000e+03 2.500000e+04 5.473481e-02 0.000000e+00 1.687913e-02 6.831677e+04 -1.600251e+05 -4.492413e+04 -1.070003e+00 -9.065140e-01 6.474121e+02 1.214605e+00 
9.667969e+03 0.000000e+00 2.500000e+04 5.416926e-02 0.000000e+00 1.643241e-02 6.777636e+04 -1.587584e+05 -4.456877e+04 -1.861819e+00 9.475229e-01 6.488497e+02 -1.087401e+00 
9.667969e+03 5.000000e+02 2.500000e+04 5.416931e-02 -7.629047e-17 1.643234e-02 6.777636e+04 -1.587584e+05 -4.456877e+04 -1.861819e+00 4.919140e-09 6.488497e+02 1.507671e-09 
9.667969e+03 1.000000e+03 2.500000e+04 5.416926e-02 0.000000e+00 1.643241e-02 6.777636e+04 -1.587584e+05 -4.456877e+04 -1.861819e+00 -9.475228e-01 6.488497e+02 1.087401e+00 
9.765625e+03 0.000000e+00 2.500000e+04 5.360833e-02 0.000000e+00 1.599705e-02 6.723447e+04 -1.574900e+05 -4.421243e+04 -9.821304e-01 8.426102e-01 6.494300e+02 -7.197935e-01 
9.765625e+03 5.000000e+02 2.500000e+04 5.360837e-02 -7.374318e-17 1.599701e-02 6.723447e+04 -1.574900e+05 -4.421243e+04 -9.821304e-01 4.670314e-09 6.494300e+02 1.348407e-09 
9.765625e+03 1.000000e+03 2.500000e+04 5.360833e-02 0.000000e+00 1.599705e-02 6.723447e+04 -1.574900e+05 -4.421243e+04 -9.821304e-01 -8.426102e-01 6.494300e+02 7.197935e-01 
9.863281e+03 0.000000e+00 2.500000e+04 5.305201e-02 0.000000e+00 1.557271e-02 6.669182e+04 -1.562208e+05 -4.385559e+04 8.965274e-01 6.563670e-01 6.481060e+02 -3.361207e-01 
9.863281e+03 5.000000e+02 2.500000e+04 5.305205e-02 -7.141969e-17 1.557271e-02 6.669182e+04 -1.562208e+05 -4.385559e+04 8.965274e-01 4.625228e-09 6.481060e+02 1.271694e-09 
9.863281e+03 1.000000e+03 2.500000e+04 5.305201e-02 0.000000e+00 1.557271e-02 6.669182e+04 -1.562208e+05 -4.385559e+04 8.965274e-01 -6.563670e-01 6.481060e+02 3.361207e-01 
9.960938e+03 0.000000e+00 2.500000e+04 5.250031e-02 0.000000e+00 1.515907e-02 6.615011e+04 -1.549528e+05 -4.349937e+04 1.855809e+00 3.468787e-01 6.458864e+02 -2.765992e-01 
9.960938e+03 5.000000e+02 2.500000e+04 5.250035e-02 -6.906262e-17 1.515907e-02 6.615011e+04 -1.549528e+05 -4.349937e+04 1.855809e+00 4.708924e-09 6.458864e+02 1.284247e-09 
9.960938e+03 1.000000e+03 2.500000e+04 5.250031e-02 0.000000e+00 1.515907e-02 6.615011e+04 -1.549528e+05 -4.349937e+04 1.855809e+00 -3.468787e-01 6.458864e+02 2.765992e-01 
1.005859e+04 0.000000e+00 2.500000e+04 5.195322e-02 0.000000e+00 1.475580e-02 6.561016e+04 -1.536874e+05 -4.314431e+04 1.194468e+00 -9.651580e-02 6.434872e+02 -6.254147e-01 
1.005859e+04 5.000000e+02 2.500000e+04 5.195324e-02 -6.676494e-17 1.475578e-02 6.561016e+04 -1.536874e+05 -4.314431e+04 1.194468e+00 4.734548e-09 6.434872e+02 1.361706e-09 
1.005859e+04 1.000000e+03 2.500000e+04 5.195322e-02 0.000000e+00 1.475580e-02 6.561016e+04 -1.536874e+05 -4.314431e+04 1.194468e+00 9.651581e-02 6.434872e+02 6.254147e-01 
1.015625e+04 0.000000e+00 2.500000e+04 5.141072e-02 0.000000e+00 1.436261e-02 6.507149e+04 -1.524248e+05 -4.279008e+04 4.456685e-01 -5.820132e-01 6.404339e+02 -1.273754e+00 
1.015625e+04 5.000000e+02 2.500000e+04 5.141070e-02 -6.435930e-17 1.436256e-02 6.507149e+04 -1.524248e+05 -4.279008e+04 4.456685e-01 4.838329e-09 6.404339e+02 1.281042e-09 
1.015625e+04 1.000000e+03 2.500000e+04 5.141072e-02 0.000000e+00 1.436261e-02 6.507149e+04 -1.524248e+05 -4.279008e+04 4.456685e-01 5.820132e-01 6.404339e+02 1.273754e+00 
1.025391e+04 0.000000e+00 2.500000e+04 5.087279e-02 0.000000e+00 1.397922e-02 6.453396e+04 -1.511656e+05 -4.243661e+04 2.952838e-01 -1.002275e+00 6.372626e+02 -1.981048e+00 
1.025391e+04 5.000000e+02 2.500000e+04 5.087274e-02 -6.232206e-17 1.397912e-02 6.453396e+04 -1.511656e+05 -4.243661e+04 2.952838e-01 4.741291e-09 6.372626e+02 1.112529e-09 
1.025391e+04 1.000000e+03 2.500000e+04 5.087279e-02 0.000000e+00 1.397922e-02 6.453396e+04 -1.511656e+05 -4.243661e+04 2.952838e-01 1.002275e+00 6.372626e+02 1.981048e+00 
1.035156e+04 0.000000e+00 2.500000e+04 5.033941e-02 0.000000e+00 1.360533e-02 6.399953e+04 -1.499130e+05 -4.208518e+04 -3.979186e-01 -1.338217e+00 6.335688e+02 -2.499828e+00 
1.035156e+04 5.000000e+02 2.500000e+04 5.033934e-02 -6.050805e-17 1.360519e-02 6.399953e+04 -1.499130e+05 -4.208518e+04 -3.979186e-01 4.465598e-09 6.335688e+02 1.084283e-09 
1.035156e+04 1.000000e+03 2.500000e+04 5.033941e-02 0.000000e+00 1.360533e-02 6.399953e+04 -1.499130e+05 -4.208518e+04 -3.979186e-01 1.338217e+00 6.335688e+02 2.499828e+00 
1.044922e+04 0.000000e+00 2.500000e+04 4.981055e-02 0.000000e+00 1.324064e-02 6.346859e+04 -1.486685e+05 -4.173604e+04 -1.197366e+00 -1.622696e+00 6.299636e+02 -2.810916e+00 
1.044922e+04 5.000000e+02 2.500000e+04 4.981045e-02 -5.868801e-17 1.324050e-02 6.346859e+04 -1.486685e+05 -4.173604e+04 -1.197366e+00 4.342051e-09 6.299636e+02 1.074851e-09 
1.044922e+04 1.000000e+03 2.500000e+04 4.981055e-02 0.000000e+00 1.324064e-02 6.346859e+04 -1.486685e+05 -4.173604e+04 -1.197366e+00 1.622696e+00 6.299636e+02 2.810916e+00 
1.054688e+04 0.000000e+00 2.500000e+04 4.928617e-02 0.000000e+00 1.288493e-02 6.294137e+04 -1.474325e+05 -4.138935e+04 -2.234534e+00 -1.836164e+00 6.270303e+02 -2.918452e+00 
1.054688e+04 5.000000e+02 2.500000e+04 4.928607e-02 -5.679336e-17 1.288477e-02 6.294137e+04 -1.474325e+05 -4.138935e+04 -2.234534e+00 4.206568e-09 6.270303e+02 9.529246e-10 
1.054688e+04 1.000000e+03 2.500000e+04 4.928617e-02 0.000000e+00 1.288493e-02 6.294137e+04 -1.474325e+05 -4.138935e+04 -2.234534e+00 1.836164e+00 6.270303e+02 2.918452e+00 
1.064453e+04 0.000000e+00 2.500000e+04 4.876624e-02 0.000000e+00 1.253792e-02 6.241662e+04 -1.462030e+05 -4.104428e+04 -2.622193e+00 -1.934620e+00 6.232919e+02 -2.691186e+00 
1.064453e+04 5.000000e+02 2.500000e+04 4.876612e-02 -5.509098e-17 1.253777e-02 6.241662e+04 -1.462030e+05 -4.104428e+04 -2.622193e+00 4.138989e-09 6.232919e+02 8.851835e-10 
1.064453e+04 1.000000e+03 2.500000e+04 4.876624e-02 0.000000e+00 1.253792e-02 6.241662e+04 -1.462030e+05 -4.104428e+04 -2.622193e+00 1.934620e+00 6.232919e+02 2.691186e+00 
1.074219e+04 0.000000e+00 2.500000e+04 4.825074e-02 0.000000e+00 1.219935e-02 6.189470e+04 -1.449809e+05 -4.070107e+04 -2.164775e+00 -1.938754e+00 6.184904e+02 -2.199690e+00 
1.074219e+04 5.000000e+02 2.500000e+04 4.825062e-02 -5.351751e-17 1.219924e-02 6.189470e+04 -1.449809e+05 -4.070107e+04 -2.164775e+00 4.216564e-09 6.184904e+02 8.944805e-10 
1.074219e+04 1.000000e+03 2.500000e+04 4.825074e-02 0.000000e+00 1.219935e-02 6.189470e+04 -1.449809e+05 -4.070107e+04 -2.164775e+00 1.938754e+00 6.184904e+02 2.199690e+00 
1.083984e+04 0.000000e+00 2.500000e+04 4.773962e-02 0.000000e+00 1.186902e-02 6.137780e+04 -1.437698e+05 -4.036117e+04 -2.417921e+00 -1.911815e+00 6.129450e+02 -1.782731e+00 
1.083984e+04 5.000000e+02 2.500000e+04 4.773950e-02 -5.214737e-17 1.186893e-02 6.137780e+04 -1.437698e+05 -4.036117e+04 -2.417921e+00 4.275530e-09 6.129450e+02 8.568660e-10 
1.083984e+04 1.000000e+03 2.500000e+04 4.773962e-02 0.000000e+00 1.186902e-02 6.137780e+04 -1.437698e+05 -4.036117e+04 -2.417921e+00 1.911815e+00 6.129450e+02 1.782731e+00 
1.093750e+04 0.000000e+00 2.500000e+04 4.723285e-02 0.000000e+00 1.154668e-02 6.086493e+04 -1.425684e+05 -4.002391e+04 -2.449669e+00 -1.869310e+00 6.075414e+02 -1.499761e+00 
1.093750e+04 5.000000e+02 2.500000e+04 4.723273e-02 -5.062825e-17 1.154659e-02 6.086493e+04 -1.425684e+05 -4.002391e+04 -2.449669e+00 4.275511e-09 6.075414e+02 8.440846e-10 
1.093750e+04 1.000000e+03 2.500000e+04 4.723285e-02 0.000000e+00 1.154668e-02 6.086493e+04 -1.425684e+05 -4.002391e+04 -2.449669e+00 1.869310e+00 6.075414e+02 1.499761e+00 
1.103516e+04 0.000000e+00 2.500000e+04 4.673039e-02 0.000000e+00 1.123210e-02 6.035538e+04 -1.413758e+05 -3.968883e+04 -1.505260e+00 -1.855794e+00 6.028724e+02 -1.191047e+00 
1.103516e+04 5.000000e+02 2.500000e+04 4.673028e-02 -4.890897e-17 1.123204e-02 6.035538e+04 -1.413758e+05 -3.968883e+04 -1.505260e+00 4.189610e-09 6.028724e+02 8.694912e-10 
1.103516e+04 1.000000e+03 2.500000e+04 4.673039e-02 0.000000e+00 1.123210e-02 6.035538e+04 -1.413758e+05 -3.968883e+04 -1.505260e+00 1.855794e+00 6.028724e+02 1.191047e+00 
1.113281e+04 0.000000e+00 2.500000e+04 4.623222e-02 0.000000e+00 1.092508e-02 5.985039e+04 -1.401935e+05 -3.935676e+04 -8.739147e-01 -1.930336e+00 5.976886e+02 -1.051681e+00 
1.113281e+04 5.000000e+02 2.500000e+04 4.623211e-02 -4.712195e-17 1.092504e-02 5.985039e+04 -1.401935e+05 -3.935676e+04 -8.739147e-01 4.062260e-09 5.976886e+02 8.517365e-10 
1.113281e+04 1.000000e+03 2.500000e+04 4.623222e-02 0.000000e+00 1.092508e-02 5.985039e+04 -1.401935e+05 -3.935676e+04 -8.739147e-01 1.930336e+00 5.976886e+02 1.051681e+00 
1.123047e+04 0.000000e+00 2.500000e+04 4.573827e-02 0.000000e+00 1.062542e-02 5.935047e+04 -1.390223e+05 -3.902802e+04 -1.083807e+00 -2.099064e+00 5.919493e+02 -1.222459e+00 
1.123047e+04 5.000000e+02 2.500000e+04 4.573816e-02 -4.534690e-17 1.062536e-02 5.935047e+04 -1.390223e+05 -3.902802e+04 -1.083807e+00 4.163561e-09 5.919493e+02 8.043273e-10 
1.123047e+04 1.000000e+03 2.500000e+04 4.573827e-02 0.000000e+00 1.062542e-02 5.935047e+04 -1.390223e+05 -3.902802e+04 -1.083807e+00 2.099064e+00 5.919493e+02 1.222459e+00 
1.132812e+04 0.000000e+00 2.500000e+04 4.524853e-02 0.000000e+00 1.033290e-02 5.885507e+04 -1.378616e+05 -3.870226e+04 -1.401111e+00 -2.363917e+00 5.864746e+02 -1.390180e+00 
1.132812e+04 5.000000e+02 2.500000e+04 4.524840e-02 -4.388906e-17 1.033282e-02 5.885507e+04 -1.378616e+05 -3.870226e+04 -1.401111e+00 4.421075e-09 5.864746e+02 7.927534e-10 
1.132812e+04 1.000000e+03 2.500000e+04 4.524853e-02 0.000000e+00 1.033290e-02 5.885507e+04 -1.378616e+05 -3.870226e+04 -1.401111e+00 2.363917e+00 5.864746e+02 1.390180e+00 
1.142578e+04 0.000000e+00 2.500000e+04 4.476294e-02 0.000000e+00 1.004733e-02 5.836420e+04 -1.367119e+05 -3.837946e+04 -1.189471e+00 -2.677077e+00 5.805581e+02 -1.370496e+00 
1.142578e+04 5.000000e+02 2.500000e+04 4.476279e-02 -4.266428e-17 1.004725e-02 5.836420e+04 -1.367119e+05 -3.837946e+04 -1.189471e+00 4.321675e-09 5.805581e+02 7.650574e-10 
1.142578e+04 1.000000e+03 2.500000e+04 4.476294e-02 0.000000e+00 1.004733e-02 5.836420e+04 -1.367119e+05 -3.837946e+04 -1.189471e+00 2.677077e+00 5.805581e+02 1.370496e+00 
1.152344e+04 0.000000e+00 2.500000e+04 4.428146e-02 0.000000e+00 9.768515e-03 5.787817e+04 -1.355739e+05 -3.805986e+04 -7.695773e-01 -2.934223e+00 5.738784e+02 -1.269125e+00 
1.152344e+04 5.000000e+02 2.500000e+04 4.428129e-02 -4.147891e-17 9.768444e-03 5.787817e+04 -1.355739e+05 -3.805986e+04 -7.695773e-01 4.074007e-09 5.738784e+02 7.119814e-10 
1.152344e+04 1.000000e+03 2.500000e+04 4.428146e-02 0.000000e+00 9.768515e-03 5.787817e+04 -1.355739e+05 -3.805986e+04 -7.695773e-01 2.934223e+00 5.738784e+02 1.269125e+00 
1.162109e+04 0.000000e+00 2.500000e+04 4.380404e-02 0.000000e+00 9.496260e-03 5.739766e+04 -1.344476e+05 -3.774388e+04 -1.495680e+00 -3.062017e+00 5.671310e+02 -1.147949e+00 
1.162109e+04 5.000000e+02 2.500000e+04 4.380386e-02 -4.005476e-17 9.496198e-03 5.739766e+04 -1.344476e+05 -3.774388e+04 -1.495680e+00 4.091665e-09 5.671310e+02 7.067357e-10 
1.162109e+04 1.000000e+03 2.500000e+04 4.380404e-02 0.000000e+00 9.496260e-03 5.739766e+04 -1.344476e+05 -3.774388e+04 -1.495680e+00 3.062017e+00 5.671310e+02 1.147949e+00 
1.171875e+04 0.000000e+00 2.500000e+04 4.333064e-02 0.000000e+00 9.230398e-03 5.692230e+04 -1.333334e+05 -3.743129e+04 -2.223239e+00 -3.040482e+00 5.607838e+02 -1.042914e+00 
1.171875e+04 5.000000e+02 2.500000e+04 4.333047e-02 -3.849238e-17 9.230342e-03 5.692230e+04 -1.333334e+05 -3.743129e+04 -2.223239e+00 4.055603e-09 5.607838e+02 7.110664e-10 
1.171875e+04 1.000000e+03 2.500000e+04 4.333064e-02 0.000000e+00 9.230398e-03 5.692230e+04 -1.333334e+05 -3.743129e+04 -2.223239e+00 3.040482e+00 5.607838e+02 1.042914e+00 
1.181641e+04 0.000000e+00 2.500000e+04 4.286121e-02 0.000000e+00 8.970778e-03 5.645116e+04 -1.322305e+05 -3.712147e+04 -1.470510e+00 -2.869937e+00 5.550372e+02 -8.863995e-01 
1.181641e+04 5.000000e+02 2.500000e+04 4.286104e-02 -3.721103e-17 8.970722e-03 5.645116e+04 -1.322305e+05 -3.712147e+04 -1.470510e+00 3.903155e-09 5.550372e+02 6.846133e-10 
1.181641e+04 1.000000e+03 2.500000e+04 4.286121e-02 0.000000e+00 8.970778e-03 5.645116e+04 -1.322305e+05 -3.712147e+04 -1.470510e+00 2.869937e+00 5.550372e+02 8.863995e-01 
1.191406e+04 0.000000e+00 2.500000e+04 4.239571e-02 0.000000e+00 8.717216e-03 5.598412e+04 -1.311384e+05 -3.681436e+04 3.962431e-01 -2.532637e+00 5.490406e+02 -5.721920e-01 
1.191406e+04 5.000000e+02 2.500000e+04 4.239556e-02 -3.604835e-17 8.717183e-03 5.598412e+04 -1.311384e+05 -3.681436e+04 3.962431e-01 3.898172e-09 5.490406e+02 6.929325e-10 
1.191406e+04 1.000000e+03 2.500000e+04 4.239571e-02 0.000000e+00 8.717216e-03 5.598412e+04 -1.311384e+05 -3.681436e+04 3.962431e-01 2.532637e+00 5.490406e+02 5.721920e-01 
1.201172e+04 0.000000e+00 2.500000e+04 4.193410e-02 0.000000e+00 8.469542e-03 5.552379e+04 -1.300610e+05 -3.651165e+04 1.256603e+00 -2.085959e+00 5.424700e+02 -3.986865e-01 
1.201172e+04 5.000000e+02 2.500000e+04 4.193399e-02 -3.494004e-17 8.469538e-03 5.552379e+04 -1.300610e+05 -3.651165e+04 1.256603e+00 3.914784e-09 5.424700e+02 7.144964e-10 
1.201172e+04 1.000000e+03 2.500000e+04 4.193410e-02 0.000000e+00 8.469542e-03 5.552379e+04 -1.300610e+05 -3.651165e+04 1.256603e+00 2.085959e+00 5.424700e+02 3.986865e-01 
1.210938e+04 0.000000e+00 2.500000e+04 4.147633e-02 0.000000e+00 8.227614e-03 5.507061e+04 -1.289982e+05 -3.621364e+04 2.757348e-02 -1.676748e+00 5.363227e+02 -7.972634e-01 
1.210938e+04 5.000000e+02 2.500000e+04 4.147625e-02 -3.379076e-17 8.227578e-03 5.507061e+04 -1.289982e+05 -3.621364e+04 2.757348e-02 3.728445e-09 5.363227e+02 7.045661e-10 
1.210938e+04 1.000000e+03 2.500000e+04 4.147633e-02 0.000000e+00 8.227614e-03 5.507061e+04 -1.289982e+05 -3.621364e+04 2.757348e-02 1.676748e+00 5.363227e+02 7.972634e-01 
1.220703e+04 0.000000e+00 2.500000e+04 4.102234e-02 0.000000e+00 7.991281e-03 5.462235e+04 -1.279471e+05 -3.591888e+04 -1.102217e+00 -1.421002e+00 5.306362e+02 -1.581628e+00 
1.220703e+04 5.000000e+02 2.500000e+04 4.102230e-02 -3.267103e-17 7.991191e-03 5.462235e+04 -1.279471e+05 -3.591888e+04 -1.102217e+00 3.674787e-09 5.306362e+02 6.657531e-10 
1.220703e+04 1.000000e+03 2.500000e+04 4.102234e-02 0.000000e+00 7.991281e-03 5.462235e+04 -1.279471e+05 -3.591888e+04 -1.102217e+00 1.421002e+00 5.306362e+02 1.581628e+00 
1.230469e+04 0.000000e+00 2.500000e+04 4.057211e-02 0.000000e+00 7.760387e-03 5.417919e+04 -1.269086e+05 -3.562746e+04 -1.482248e+00 -1.411657e+00 5.249034e+02 -2.213480e+00 
1.230469e+04 5.000000e+02 2.500000e+04 4.057206e-02 -3.161379e-17 7.760269e-03 5.417919e+04 -1.269086e+05 -3.562746e+04 -1.482248e+00 3.772981e-09 5.249034e+02 5.976429e-10 
1.230469e+04 1.000000e+03 2.500000e+04 4.057211e-02 0.000000e+00 7.760387e-03 5.417919e+04 -1.269086e+05 -3.562746e+04 -1.482248e+00 1.411657e+00 5.249034e+02 2.213480e+00 
1.240234e+04 0.000000e+00 2.500000e+04 4.012558e-02 0.000000e+00 7.534795e-03 5.374123e+04 -1.258825e+05 -3.533947e+04 -1.754303e+00 -1.618136e+00 5.183410e+02 -2.531138e+00 
1.240234e+04 5.000000e+02 2.500000e+04 4.012550e-02 -3.063391e-17 7.534665e-03 5.374123e+04 -1.258825e+05 -3.533947e+04 -1.754303e+00 3.724813e-09 5.183410e+02 5.410739e-10 
1.240234e+04 1.000000e+03 2.500000e+04 4.012558e-02 0.000000e+00 7.534795e-03 5.374123e+04 -1.258825e+05 -3.533947e+04 -1.754303e+00 1.618136e+00 5.183410e+02 2.531138e+00 
1.250000e+04 0.000000e+00 2.500000e+04 3.968270e-02 0.000000e+00 7.314367e-03 5.330825e+04 -1.248682e+05 -3.505474e+04 -1.839481e+00 -1.924528e+00 5.111033e+02 -2.547248e+00 
1.250000e+04 5.000000e+02 2.500000e+04 3.968259e-02 -2.984427e-17 7.314233e-03 5.330825e+04 -1.248682e+05 -3.505474e+04 -1.839481e+00 3.915370e-09 5.111033e+02 5.464277e-10 
1.250000e+04 1.000000e+03 2.500000e+04 3.968270e-02 0.000000e+00 7.314367e-03 5.330825e+04 -1.248682e+05 -3.505474e+04 -1.839481e+00 1.924528e+00 5.111033e+02 2.547248e+00 
1.259766e+04 0.000000e+00 2.500000e+04 3.924343e-02 0.000000e+00 7.098955e-03 5.288118e+04 -1.238672e+05 -3.477391e+04 -2.475693e+00 -2.274409e+00 5.044580e+02 -2.240080e+00 
1.259766e+04 5.000000e+02 2.500000e+04 3.924330e-02 -2.905313e-17 7.098841e-03 5.288118e+04 -1.238672e+05 -3.477391e+04 -2.475693e+00 3.959343e-09 5.044580e+02 5.910638e-10 
1.259766e+04 1.000000e+03 2.500000e+04 3.924343e-02 0.000000e+00 7.098955e-03 5.288118e+04 -1.238672e+05 -3.477391e+04 -2.475693e+00 2.274409e+00 5.044580e+02 2.240080e+00 
1.269531e+04 0.000000e+00 2.500000e+04 3.880771e-02 0.000000e+00 6.888446e-03 5.246013e+04 -1.228800e+05 -3.449703e+04 -3.372833e+00 -2.569750e+00 4.972456e+02 -1.878903e+00 
1.269531e+04 5.000000e+02 2.500000e+04 3.880756e-02 -2.821503e-17 6.888362e-03 5.246013e+04 -1.228800e+05 -3.449703e+04 -3.372833e+00 3.665110e-09 4.972456e+02 5.942093e-10 
1.269531e+04 1.000000e+03 2.500000e+04 3.880771e-02 0.000000e+00 6.888446e-03 5.246013e+04 -1.228800e+05 -3.449703e+04 -3.372833e+00 2.569750e+00 4.972456e+02 1.878903e+00 
1.279297e+04 0.000000e+00 2.500000e+04 3.837549e-02 0.000000e+00 6.682720e-03 5.204363e+04 -1.219043e+05 -3.422315e+04 -3.458184e+00 -2.685022e+00 4.894265e+02 -1.745325e+00 
1.279297e+04 5.000000e+02 2.500000e+04 3.837533e-02 -2.737104e-17 6.682631e-03 5.204363e+04 -1.219043e+05 -3.422315e+04 -3.458184e+00 3.587398e-09 4.894265e+02 5.709432e-10 
1.279297e+04 1.000000e+03 2.500000e+04 3.837549e-02 0.000000e+00 6.682720e-03 5.204363e+04 -1.219043e+05 -3.422315e+04 -3.458184e+00 2.685022e+00 4.894265e+02 1.745325e+00 
1.289062e+04 0.000000e+00 2.500000e+04 3.794674e-02 0.000000e+00 6.481644e-03 5.163270e+04 -1.209417e+05 -3.395293e+04 -3.512986e+00 -2.628753e+00 4.823494e+02 -1.692518e+00 
1.289062e+04 5.000000e+02 2.500000e+04 3.794659e-02 -2.622335e-17 6.481547e-03 5.163270e+04 -1.209417e+05 -3.395293e+04 -3.512986e+00 3.545848e-09 4.823494e+02 5.464623e-10 
1.289062e+04 1.000000e+03 2.500000e+04 3.794674e-02 0.000000e+00 6.481644e-03 5.163270e+04 -1.209417e+05 -3.395293e+04 -3.512986e+00 2.628753e+00 4.823494e+02 1.692518e+00 
1.298828e+04 0.000000e+00 2.500000e+04 3.752138e-02 0.000000e+00 6.285108e-03 5.122652e+04 -1.199909e+05 -3.368583e+04 -2.823391e+00 -2.508665e+00 4.754799e+02 -1.518090e+00 
1.298828e+04 5.000000e+02 2.500000e+04 3.752123e-02 -2.493569e-17 6.285036e-03 5.122652e+04 -1.199909e+05 -3.368583e+04 -2.823391e+00 3.414262e-09 4.754799e+02 5.249039e-10 
1.298828e+04 1.000000e+03 2.500000e+04 3.752138e-02 0.000000e+00 6.285108e-03 5.122652e+04 -1.199909e+05 -3.368583e+04 -2.823391e+00 2.508665e+00 4.754799e+02 1.518090e+00 
1.308594e+04 0.000000e+00 2.500000e+04 3.709941e-02 0.000000e+00 6.093019e-03 5.082497e+04 -1.190511e+05 -3.342178e+04 -2.085545e+00 -2.313737e+00 4.691525e+02 -1.324007e+00 
1.308594e+04 5.000000e+02 2.500000e+04 3.709927e-02 -2.364284e-17 6.092952e-03 5.082497e+04 -1.190511e+05 -3.342178e+04 -2.085545e+00 3.386769e-09 4.691525e+02 4.879816e-10 
1.308594e+04 1.000000e+03 2.500000e+04 3.709941e-02 0.000000e+00 6.093019e-03 5.082497e+04 -1.190511e+05 -3.342178e+04 -2.085545e+00 2.313737e+00 4.691525e+02 1.324007e+00 
1.318359e+04 0.000000e+00 2.500000e+04 3.668077e-02 0.000000e+00 5.905253e-03 5.042928e+04 -1.181242e+05 -3.316157e+04 -2.035836e+00 -1.979704e+00 4.632415e+02 -1.207114e+00 
1.318359e+04 5.000000e+02 2.500000e+04 3.668065e-02 -2.249025e-17 5.905184e-03 5.042928e+04 -1.181242e+05 -3.316157e+04 -2.035836e+00 3.472273e-09 4.632415e+02 3.901853e-10 
1.318359e+04 1.000000e+03 2.500000e+04 3.668077e-02 0.000000e+00 5.905253e-03 5.042928e+04 -1.181242e+05 -3.316157e+04 -2.035836e+00 1.979704e+00 4.632415e+02 1.207114e+00 
1.328125e+04 0.000000e+00 2.500000e+04 3.626541e-02 0.000000e+00 5.721683e-03 5.003811e+04 -1.172089e+05 -3.290435e+04 -1.093038e+00 -1.667759e+00 4.576967e+02 -1.211007e+00 
1.328125e+04 5.000000e+02 2.500000e+04 3.626533e-02 -2.158776e-17 5.721628e-03 5.003811e+04 -1.172089e+05 -3.290435e+04 -1.093038e+00 3.465749e-09 4.576967e+02 3.138161e-10 
1.328125e+04 1.000000e+03 2.500000e+04 3.626541e-02 0.000000e+00 5.721683e-03 5.003811e+04 -1.172089e+05 -3.290435e+04 -1.093038e+00 1.667759e+00 4.576967e+02 1.211007e+00 
1.337891e+04 0.000000e+00 2.500000e+04 3.585332e-02 0.000000e+00 5.542227e-03 4.965256e+04 -1.163069e+05 -3.265082e+04 3.069742e-02 -1.562473e+00 4.527120e+02 -1.578131e+00 
1.337891e+04 5.000000e+02 2.500000e+04 3.585325e-02 -2.075490e-17 5.542161e-03 4.965256e+04 -1.163069e+05 -3.265082e+04 3.069742e-02 3.446213e-09 4.527120e+02 3.341103e-10 
1.337891e+04 1.000000e+03 2.500000e+04 3.585332e-02 0.000000e+00 5.542227e-03 4.965256e+04 -1.163069e+05 -3.265082e+04 3.069742e-02 1.562473e+00 4.527120e+02 1.578131e+00 
1.347656e+04 0.000000e+00 2.500000e+04 3.544442e-02 0.000000e+00 5.366793e-03 4.927290e+04 -1.154183e+05 -3.240116e+04 7.372786e-01 -1.542715e+00 4.470382e+02 -2.342945e+00 
1.347656e+04 5.000000e+02 2.500000e+04 3.544435e-02 -1.995939e-17 5.366670e-03 4.927290e+04 -1.154183e+05 -3.240116e+04 7.372786e-01 3.520513e-09 4.470382e+02 3.910425e-10 
1.347656e+04 1.000000e+03 2.500000e+04 3.544442e-02 0.000000e+00 5.366793e-03 4.927290e+04 -1.154183e+05 -3.240116e+04 7.372786e-01 1.542715e+00 4.470382e+02 2.342945e+00 
1.357422e+04 0.000000e+00 2.500000e+04 3.503865e-02 0.000000e+00 5.195240e-03 4.889987e+04 -1.145434e+05 -3.215586e+04 -4.029441e-01 -1.644036e+00 4.406282e+02 -3.127966e+00 
1.357422e+04 5.000000e+02 2.500000e+04 3.503860e-02 -1.921279e-17 5.195074e-03 4.889987e+04 -1.145434e+05 -3.215586e+04 -4.029441e-01 3.500701e-09 4.406282e+02 4.071811e-10 
1.357422e+04 1.000000e+03 2.500000e+04 3.503865e-02 0.000000e+00 5.195240e-03 4.889987e+04 -1.145434e+05 -3.215586e+04 -4.029441e-01 1.644036e+00 4.406282e+02 3.127966e+00 
1.367188e+04 0.000000e+00 2.500000e+04 3.463600e-02 0.000000e+00 5.027482e-03 4.853171e+04 -1.136798e+05 -3.191376e+04 -1.569581e+00 -2.054279e+00 4.343883e+02 -3.662831e+00 
1.367188e+04 5.000000e+02 2.500000e+04 3.463590e-02 -1.854051e-17 5.027296e-03 4.853171e+04 -1.136798e+05 -3.191376e+04 -1.569581e+00 3.399564e-09 4.343883e+02 3.592974e-10 
1.367188e+04 1.000000e+03 2.500000e+04 3.463600e-02 0.000000e+00 5.027482e-03 4.853171e+04 -1.136798e+05 -3.191376e+04 -1.569581e+00 2.054279e+00 4.343883e+02 3.662831e+00 
1.376953e+04 0.000000e+00 2.500000e+04 3.423643e-02 0.000000e+00 4.863461e-03 4.816720e+04 -1.128271e+05 -3.167406e+04 -4.050819e-01 -2.467268e+00 4.279350e+02 -3.857809e+00 
1.376953e+04 5.000000e+02 2.500000e+04 3.423627e-02 -1.778240e-17 4.863252e-03 4.816720e+04 -1.128271e+05 -3.167406e+04 -4.050819e-01 3.387129e-09 4.279350e+02 3.207098e-10 
1.376953e+04 1.000000e+03 2.500000e+04 3.423643e-02 0.000000e+00 4.863461e-03 4.816720e+04 -1.128271e+05 -3.167406e+04 -4.050819e-01 2.467268e+00 4.279350e+02 3.857809e+00 
1.386719e+04 0.000000e+00 2.500000e+04 3.383984e-02 0.000000e+00 4.703042e-03 4.780885e+04 -1.119881e+05 -3.143842e+04 -6.404991e-02 -2.635849e+00 4.203857e+02 -3.680683e+00 
1.386719e+04 5.000000e+02 2.500000e+04 3.383969e-02 -1.693493e-17 4.702843e-03 4.780885e+04 -1.119881e+05 -3.143842e+04 -6.404991e-02 3.321392e-09 4.203857e+02 3.354419e-10 
1.386719e+04 1.000000e+03 2.500000e+04 3.383984e-02 0.000000e+00 4.703042e-03 4.780885e+04 -1.119881e+05 -3.143842e+04 -6.404991e-02 2.635849e+00 4.203857e+02 3.680683e+00 
1.396484e+04 0.000000e+00 2.500000e+04 3.344622e-02 0.000000e+00 4.546118e-03 4.745540e+04 -1.111591e+05 -3.120599e+04 -1.115432e+00 -2.697552e+00 4.135667e+02 -3.325809e+00 
1.396484e+04 5.000000e+02 2.500000e+04 3.344606e-02 -1.604066e-17 4.545952e-03 4.745540e+04 -1.111591e+05 -3.120599e+04 -1.115432e+00 3.060047e-09 4.135667e+02 3.371937e-10 
1.396484e+04 1.000000e+03 2.500000e+04 3.344622e-02 0.000000e+00 4.546118e-03 4.745540e+04 -1.111591e+05 -3.120599e+04 -1.115432e+00 2.697552e+00 4.135667e+02 3.325809e+00 
1.406250e+04 0.000000e+00 2.500000e+04 3.305555e-02 0.000000e+00 4.392669e-03 4.710709e+04 -1.103426e+05 -3.097695e+04 -1.695121e+00 -2.556073e+00 4.082961e+02 -3.038690e+00 
1.406250e+04 5.000000e+02 2.500000e+04 3.305539e-02 -1.513001e-17 4.392508e-03 4.710709e+04 -1.103426e+05 -3.097695e+04 -1.695121e+00 2.911188e-09 4.082961e+02 2.901563e-10 
1.406250e+04 1.000000e+03 2.500000e+04 3.305555e-02 0.000000e+00 4.392669e-03 4.710709e+04 -1.103426e+05 -3.097695e+04 -1.695121e+00 2.556073e+00 4.082961e+02 3.038690e+00 
1.416016e+04 0.000000e+00 2.500000e+04 3.266773e-02 0.000000e+00 4.242609e-03 4.676371e+04 -1.095386e+05 -3.075115e+04 -1.326099e+00 -2.032656e+00 4.017459e+02 -2.888995e+00 
1.416016e+04 5.000000e+02 2.500000e+04 3.266761e-02 -1.444395e-17 4.242445e-03 4.676371e+04 -1.095386e+05 -3.075115e+04 -1.326099e+00 2.945494e-09 4.017459e+02 2.488971e-10 
1.416016e+04 1.000000e+03 2.500000e+04 3.266773e-02 0.000000e+00 4.242609e-03 4.676371e+04 -1.095386e+05 -3.075115e+04 -1.326099e+00 2.032656e+00 4.017459e+02 2.888995e+00 
1.425781e+04 0.000000e+00 2.500000e+04 3.228275e-02 0.000000e+00 4.095808e-03 4.642524e+04 -1.087453e+05 -3.052857e+04 -1.885203e+00 -1.336125e+00 3.947560e+02 -2.902347e+00 
1.425781e+04 5.000000e+02 2.500000e+04 3.228268e-02 -1.385179e-17 4.095655e-03 4.642524e+04 -1.087453e+05 -3.052857e+04 -1.885203e+00 2.994297e-09 3.947560e+02 2.516500e-10 
1.425781e+04 1.000000e+03 2.500000e+04 3.228275e-02 0.000000e+00 4.095808e-03 4.642524e+04 -1.087453e+05 -3.052857e+04 -1.885203e+00 1.336125e+00 3.947560e+02 2.902347e+00 
1.435547e+04 0.000000e+00 2.500000e+04 3.190059e-02 0.000000e+00 3.952232e-03 4.609310e+04 -1.079654e+05 -3.031017e+04 -3.721362e+00 -7.624842e-01 3.896816e+02 -3.074921e+00 
1.435547e+04 5.000000e+02 2.500000e+04 3.190055e-02 -1.329960e-17 3.952064e-03 4.609310e+04 -1.079654e+05 -3.031017e+04 -3.721362e+00 3.070731e-09 3.896816e+02 2.582796e-10 
1.435547e+04 1.000000e+03 2.500000e+04 3.190059e-02 0.000000e+00 3.952232e-03 4.609310e+04 -1.079654e+05 -3.031017e+04 -3.721362e+00 7.624842e-01 3.896816e+02 3.074921e+00 
1.445312e+04 0.000000e+00 2.500000e+04 3.152118e-02 0.000000e+00 3.811829e-03 4.576424e+04 -1.071955e+05 -3.009391e+04 -3.313176e+00 -2.392247e-01 3.846713e+02 -3.222613e+00 
1.445312e+04 5.000000e+02 2.500000e+04 3.152116e-02 -1.269994e-17 3.811637e-03 4.576424e+04 -1.071955e+05 -3.009391e+04 -3.313176e+00 2.970441e-09 3.846713e+02 2.500704e-10 
1.445312e+04 1.000000e+03 2.500000e+04 3.152118e-02 0.000000e+00 3.811829e-03 4.576424e+04 -1.071955e+05 -3.009391e+04 -3.313176e+00 2.392247e-01 3.846713e+02 3.222613e+00 
1.455078e+04 0.000000e+00 2.500000e+04 3.114450e-02 0.000000e+00 3.674477e-03 4.543851e+04 -1.064347e+05 -2.987972e+04 -1.104863e+00 3.070962e-01 3.784149e+02 -3.090167e+00 
1.455078e+04 5.000000e+02 2.500000e+04 3.114451e-02 -1.211581e-17 3.674299e-03 4.543851e+04 -1.064347e+05 -2.987972e+04 -1.104863e+00 2.752637e-09 3.784149e+02 2.588352e-10 
1.455078e+04 1.000000e+03 2.500000e+04 3.114450e-02 0.000000e+00 3.674477e-03 4.543851e+04 -1.064347e+05 -2.987972e+04 -1.104863e+00 -3.070962e-01 3.784149e+02 3.090167e+00 
1.464844e+04 0.000000e+00 2.500000e+04 3.077051e-02 0.000000e+00 3.540087e-03 4.511870e+04 -1.056869e+05 -2.966941e+04 1.855032e-01 6.916851e-01 3.722517e+02 -2.696719e+00 
1.464844e+04 5.000000e+02 2.500000e+04 3.077054e-02 -1.141987e-17 3.539945e-03 4.511870e+04 -1.056869e+05 -2.966941e+04 1.855032e-01 2.718935e-09 3.722517e+02 2.580165e-10 
1.464844e+04 1.000000e+03 2.500000e+04 3.077051e-02 0.000000e+00 3.540087e-03 4.511870e+04 -1.056869e+05 -2.966941e+04 1.855032e-01 -6.916851e-01 3.722517e+02 2.696719e+00 
1.474609e+04 0.000000e+00 2.500000e+04 3.039916e-02 0.000000e+00 3.408624e-03 4.480386e+04 -1.049502e+05 -2.946238e+04 9.496660e-01 9.131922e-01 3.671911e+02 -2.273348e+00 
1.474609e+04 5.000000e+02 2.500000e+04 3.039920e-02 -1.083244e-17 3.408507e-03 4.480386e+04 -1.049502e+05 -2.946238e+04 9.496660e-01 2.639904e-09 3.671911e+02 2.326054e-10 
1.474609e+04 1.000000e+03 2.500000e+04 3.039916e-02 0.000000e+00 3.408624e-03 4.480386e+04 -1.049502e+05 -2.946238e+04 9.496660e-01 -9.131922e-01 3.671911e+02 2.273348e+00 
1.484375e+04 0.000000e+00 2.500000e+04 3.003041e-02 0.000000e+00 3.280029e-03 4.449452e+04 -1.042249e+05 -2.925896e+04 2.882876e-01 1.113129e+00 3.623654e+02 -1.856442e+00 
1.484375e+04 5.000000e+02 2.500000e+04 3.003046e-02 -1.010672e-17 3.279929e-03 4.449452e+04 -1.042249e+05 -2.925896e+04 2.882876e-01 2.475995e-09 3.623654e+02 2.294411e-10 
1.484375e+04 1.000000e+03 2.500000e+04 3.003041e-02 0.000000e+00 3.280029e-03 4.449452e+04 -1.042249e+05 -2.925896e+04 2.882876e-01 -1.113129e+00 3.623654e+02 1.856442e+00 
1.494141e+04 0.000000e+00 2.500000e+04 2.966423e-02 0.000000e+00 3.154216e-03 4.419098e+04 -1.035118e+05 -2.905936e+04 -1.785248e+00 1.266140e+00 3.570907e+02 -1.344875e+00 
1.494141e+04 5.000000e+02 2.500000e+04 2.966429e-02 -9.236329e-18 3.154143e-03 4.419098e+04 -1.035118e+05 -2.905936e+04 -1.785248e+00 2.600466e-09 3.570907e+02 2.009080e-10 
1.494141e+04 1.000000e+03 2.500000e+04 2.966423e-02 0.000000e+00 3.154216e-03 4.419098e+04 -1.035118e+05 -2.905936e+04 -1.785248e+00 -1.266140e+00 3.570907e+02 1.344875e+00 
1.503906e+04 0.000000e+00 2.500000e+04 2.930056e-02 0.000000e+00 3.031125e-03 4.389176e+04 -1.028090e+05 -2.886260e+04 -3.728420e+00 1.324566e+00 3.523392e+02 -7.843599e-01 
1.503906e+04 5.000000e+02 2.500000e+04 2.930063e-02 -8.512652e-18 3.031088e-03 4.389176e+04 -1.028090e+05 -2.886260e+04 -3.728420e+00 2.814018e-09 3.523392e+02 1.445185e-10 
1.503906e+04 1.000000e+03 2.500000e+04 2.930056e-02 0.000000e+00 3.031125e-03 4.389176e+04 -1.028090e+05 -2.886260e+04 -3.728420e+00 -1.324566e+00 3.523392e+02 7.843599e-01 
1.513672e+04 0.000000e+00 2.500000e+04 2.893937e-02 0.000000e+00 2.910726e-03 4.359543e+04 -1.021144e+05 -2.866773e+04 -4.199055e+00 1.383401e+00 3.473957e+02 -3.405187e-01 
1.513672e+04 5.000000e+02 2.500000e+04 2.893944e-02 -7.725280e-18 2.910710e-03 4.359543e+04 -1.021144e+05 -2.866773e+04 -4.199055e+00 2.765206e-09 3.473957e+02 1.325284e-10 
1.513672e+04 1.000000e+03 2.500000e+04 2.893937e-02 0.000000e+00 2.910726e-03 4.359543e+04 -1.021144e+05 -2.866773e+04 -4.199055e+00 -1.383401e+00 3.473957e+02 3.405187e-01 
1.523438e+04 0.000000e+00 2.500000e+04 2.858065e-02 0.000000e+00 2.792955e-03 4.330220e+04 -1.014290e+05 -2.847491e+04 -2.640313e+00 1.590868e+00 3.407011e+02 -3.730284e-02 
1.523438e+04 5.000000e+02 2.500000e+04 2.858072e-02 -7.041589e-18 2.792947e-03 4.330220e+04 -1.014290e+05 -2.847491e+04 -2.640313e+00 2.609011e-09 3.407011e+02 1.222995e-10 
1.523438e+04 1.000000e+03 2.500000e+04 2.858065e-02 0.000000e+00 2.792955e-03 4.330220e+04 -1.014290e+05 -2.847491e+04 -2.640313e+00 -1.590868e+00 3.407011e+02 3.730284e-02 
1.533203e+04 0.000000e+00 2.500000e+04 2.822432e-02 0.000000e+00 2.677711e-03 4.301493e+04 -1.007570e+05 -2.828601e+04 -1.796780e+00 1.932837e+00 3.337092e+02 2.994426e-01 
1.533203e+04 5.000000e+02 2.500000e+04 2.822441e-02 -6.440052e-18 2.677721e-03 4.301493e+04 -1.007570e+05 -2.828601e+04 -1.796780e+00 2.629893e-09 3.337092e+02 1.107301e-10 
1.533203e+04 1.000000e+03 2.500000e+04 2.822432e-02 0.000000e+00 2.677711e-03 4.301493e+04 -1.007570e+05 -2.828601e+04 -1.796780e+00 -1.932837e+00 3.337092e+02 -2.994426e-01 
1.542969e+04 0.000000e+00 2.500000e+04 2.787036e-02 0.000000e+00 2.564944e-03 4.273274e+04 -1.000957e+05 -2.810044e+04 -2.094920e+00 2.299461e+00 3.282690e+02 6.385650e-01 
1.542969e+04 5.000000e+02 2.500000e+04 2.787047e-02 -5.945457e-18 2.564983e-03 4.273274e+04 -1.000957e+05 -2.810044e+04 -2.094920e+00 2.765939e-09 3.282690e+02 1.290873e-10 
1.542969e+04 1.000000e+03 2.500000e+04 2.787036e-02 0.000000e+00 2.564944e-03 4.273274e+04 -1.000957e+05 -2.810044e+04 -2.094920e+00 -2.299461e+00 3.282690e+02 -6.385650e-01 
1.552734e+04 0.000000e+00 2.500000e+04 2.751874e-02 0.000000e+00 2.454633e-03 4.245444e+04 -9.944366e+04 -2.791743e+04 -2.227851e+00 2.698876e+00 3.234189e+02 7.571812e-01 
1.552734e+04 5.000000e+02 2.500000e+04 2.751888e-02 -5.527917e-18 2.454670e-03 4.245444e+04 -9.944366e+04 -2.791743e+04 -2.227851e+00 2.716257e-09 3.234189e+02 1.311241e-10 
1.552734e+04 1.000000e+03 2.500000e+04 2.751874e-02 0.000000e+00 2.454633e-03 4.245444e+04 -9.944366e+04 -2.791743e+04 -2.227851e+00 -2.698876e+00 3.234189e+02 -7.571812e-01 
1.562500e+04 0.000000e+00 2.500000e+04 2.716941e-02 0.000000e+00 2.346707e-03 4.218056e+04 -9.880221e+04 -2.773733e+04 -2.128905e+00 3.167582e+00 3.185651e+02 8.603548e-01 
1.562500e+04 5.000000e+02 2.500000e+04 2.716958e-02 -5.173818e-18 2.346730e-03 4.218056e+04 -9.880221e+04 -2.773733e+04 -2.128905e+00 2.571598e-09 3.185651e+02 1.200806e-10 
1.562500e+04 1.000000e+03 2.500000e+04 2.716941e-02 0.000000e+00 2.346707e-03 4.218056e+04 -9.880221e+04 -2.773733e+04 -2.128905e+00 -3.167582e+00 3.185651e+02 -8.603548e-01 
1.572266e+04 0.000000e+00 2.500000e+04 2.682234e-02 0.000000e+00 2.241093e-03 4.191091e+04 -9.817061e+04 -2.756002e+04 -2.117746e+00 3.688108e+00 3.141745e+02 1.401174e+00 
1.572266e+04 5.000000e+02 2.500000e+04 2.682254e-02 -4.797939e-18 2.241154e-03 4.191091e+04 -9.817061e+04 -2.756002e+04 -2.117746e+00 2.442284e-09 3.141745e+02 1.133862e-10 
1.572266e+04 1.000000e+03 2.500000e+04 2.682234e-02 0.000000e+00 2.241093e-03 4.191091e+04 -9.817061e+04 -2.756002e+04 -2.117746e+00 -3.688108e+00 3.141745e+02 -1.401174e+00 
1.582031e+04 0.000000e+00 2.500000e+04 2.647749e-02 0.000000e+00 2.137764e-03 4.164516e+04 -9.754799e+04 -2.738526e+04 -2.225444e+00 4.215776e+00 3.092652e+02 2.168005e+00 
1.582031e+04 5.000000e+02 2.500000e+04 2.647772e-02 -4.346446e-18 2.137885e-03 4.164516e+04 -9.754799e+04 -2.738526e+04 -2.225444e+00 2.401083e-09 3.092652e+02 1.016186e-10 
1.582031e+04 1.000000e+03 2.500000e+04 2.647749e-02 0.000000e+00 2.137764e-03 4.164516e+04 -9.754799e+04 -2.738526e+04 -2.225444e+00 -4.215776e+00 3.092652e+02 -2.168005e+00 
1.591797e+04 0.000000e+00 2.500000e+04 2.613484e-02 0.000000e+00 2.036699e-03 4.138352e+04 -9.693493e+04 -2.721321e+04 -2.428677e+00 4.650870e+00 3.039108e+02 2.484806e+00 
1.591797e+04 5.000000e+02 2.500000e+04 2.613510e-02 -3.895814e-18 2.036837e-03 4.138352e+04 -9.693493e+04 -2.721321e+04 -2.428677e+00 2.395218e-09 3.039108e+02 8.857270e-11 
1.591797e+04 1.000000e+03 2.500000e+04 2.613484e-02 0.000000e+00 2.036699e-03 4.138352e+04 -9.693493e+04 -2.721321e+04 -2.428677e+00 -4.650870e+00 3.039108e+02 -2.484806e+00 
1.601562e+04 0.000000e+00 2.500000e+04 2.579435e-02 0.000000e+00 1.937841e-03 4.112654e+04 -9.633243e+04 -2.704422e+04 -2.958529e+00 4.869430e+00 2.988770e+02 2.259314e+00 
1.601562e+04 5.000000e+02 2.500000e+04 2.579464e-02 -3.484299e-18 1.937958e-03 4.112654e+04 -9.633243e+04 -2.704422e+04 -2.958529e+00 2.326582e-09 2.988770e+02 7.757384e-11 
1.601562e+04 1.000000e+03 2.500000e+04 2.579435e-02 0.000000e+00 1.937841e-03 4.112654e+04 -9.633243e+04 -2.704422e+04 -2.958529e+00 -4.869430e+00 2.988770e+02 -2.259314e+00 
1.611328e+04 0.000000e+00 2.500000e+04 2.545601e-02 0.000000e+00 1.841119e-03 4.087305e+04 -9.573850e+04 -2.687753e+04 -3.101485e+00 4.847071e+00 2.938027e+02 1.904669e+00 
1.611328e+04 5.000000e+02 2.500000e+04 2.545629e-02 -3.114896e-18 1.841222e-03 4.087305e+04 -9.573850e+04 -2.687753e+04 -3.101485e+00 2.386862e-09 2.938027e+02 6.639717e-11 
1.611328e+04 1.000000e+03 2.500000e+04 2.545601e-02 0.000000e+00 1.841119e-03 4.087305e+04 -9.573850e+04 -2.687753e+04 -3.101485e+00 -4.847071e+00 2.938027e+02 -1.904669e+00 
1.621094e+04 0.000000e+00 2.500000e+04 2.511976e-02 0.000000e+00 1.746482e-03 4.062366e+04 -9.515383e+04 -2.671354e+04 -3.613341e+00 4.660510e+00 2.886694e+02 1.456717e+00 
1.621094e+04 5.000000e+02 2.500000e+04 2.512003e-02 -2.707384e-18 1.746573e-03 4.062366e+04 -9.515383e+04 -2.671354e+04 -3.613341e+00 2.453898e-09 2.886694e+02 4.315193e-11 
1.621094e+04 1.000000e+03 2.500000e+04 2.511976e-02 0.000000e+00 1.746482e-03 4.062366e+04 -9.515383e+04 -2.671354e+04 -3.613341e+00 -4.660510e+00 2.886694e+02 -1.456717e+00 
1.630859e+04 0.000000e+00 2.500000e+04 2.478557e-02 0.000000e+00 1.653907e-03 4.037853e+04 -9.457933e+04 -2.655235e+04 -3.923543e+00 4.315117e+00 2.838981e+02 6.207619e-01 
1.630859e+04 5.000000e+02 2.500000e+04 2.478583e-02 -2.205867e-18 1.653952e-03 4.037853e+04 -9.457933e+04 -2.655235e+04 -3.923543e+00 2.483405e-09 2.838981e+02 3.085630e-11 
1.630859e+04 1.000000e+03 2.500000e+04 2.478557e-02 0.000000e+00 1.653907e-03 4.037853e+04 -9.457933e+04 -2.655235e+04 -3.923543e+00 -4.315117e+00 2.838981e+02 -6.207619e-01 
1.640625e+04 0.000000e+00 2.500000e+04 2.445341e-02 0.000000e+00 1.563352e-03 4.013760e+04 -9.401511e+04 -2.639391e+04 -3.765140e+00 3.734693e+00 2.794102e+02 -3.727692e-01 
1.640625e+04 5.000000e+02 2.500000e+04 2.445364e-02 -1.588255e-18 1.563329e-03 4.013760e+04 -9.401511e+04 -2.639391e+04 -3.765140e+00 2.558202e-09 2.794102e+02 4.175324e-11 
1.640625e+04 1.000000e+03 2.500000e+04 2.445341e-02 0.000000e+00 1.563352e-03 4.013760e+04 -9.401511e+04 -2.639391e+04 -3.765140e+00 -3.734693e+00 2.794102e+02 3.727692e-01 
1.650391e+04 0.000000e+00 2.500000e+04 2.412326e-02 0.000000e+00 1.474732e-03 3.990131e+04 -9.346065e+04 -2.623853e+04 -4.743168e+00 2.980109e+00 2.746610e+02 -7.535203e-01 
1.650391e+04 5.000000e+02 2.500000e+04 2.412342e-02 -1.145171e-18 1.474678e-03 3.990131e+04 -9.346065e+04 -2.623853e+04 -4.743168e+00 2.445637e-09 2.746610e+02 4.309708e-11 
1.650391e+04 1.000000e+03 2.500000e+04 2.412326e-02 0.000000e+00 1.474732e-03 3.990131e+04 -9.346065e+04 -2.623853e+04 -4.743168e+00 -2.980109e+00 2.746610e+02 7.535203e-01 
1.660156e+04 0.000000e+00 2.500000e+04 2.379505e-02 0.000000e+00 1.387993e-03 3.966797e+04 -9.291358e+04 -2.608509e+04 -5.238400e+00 2.320394e+00 2.700831e+02 -1.879584e-01 
1.660156e+04 5.000000e+02 2.500000e+04 2.379515e-02 -6.529289e-19 1.387979e-03 3.966797e+04 -9.291358e+04 -2.608509e+04 -5.238400e+00 2.288993e-09 2.700831e+02 2.967096e-11 
1.660156e+04 1.000000e+03 2.500000e+04 2.379505e-02 0.000000e+00 1.387993e-03 3.966797e+04 -9.291358e+04 -2.608509e+04 -5.238400e+00 -2.320394e+00 2.700831e+02 1.879584e-01 
1.669922e+04 0.000000e+00 2.500000e+04 2.346876e-02 0.000000e+00 1.303130e-03 3.943802e+04 -9.237589e+04 -2.593388e+04 -4.294951e+00 1.957069e+00 2.653511e+02 8.497344e-01 
1.669922e+04 5.000000e+02 2.500000e+04 2.346883e-02 -1.758833e-19 1.303180e-03 3.943802e+04 -9.237589e+04 -2.593388e+04 -4.294951e+00 2.378914e-09 2.653511e+02 2.058814e-11 
1.669922e+04 1.000000e+03 2.500000e+04 2.346876e-02 0.000000e+00 1.303130e-03 3.943802e+04 -9.237589e+04 -2.593388e+04 -4.294951e+00 -1.957069e+00 2.653511e+02 -8.497344e-01 
1.679688e+04 0.000000e+00 2.500000e+04 2.314434e-02 0.000000e+00 1.220112e-03 3.921196e+04 -9.184781e+04 -2.578523e+04 -2.841015e+00 1.888677e+00 2.597767e+02 1.810498e+00 
1.679688e+04 5.000000e+02 2.500000e+04 2.314441e-02 9.975956e-20 1.220206e-03 3.921196e+04 -9.184781e+04 -2.578523e+04 -2.841015e+00 2.395620e-09 2.597767e+02 1.500866e-11 
1.679688e+04 1.000000e+03 2.500000e+04 2.314434e-02 0.000000e+00 1.220112e-03 3.921196e+04 -9.184781e+04 -2.578523e+04 -2.841015e+00 -1.888677e+00 2.597767e+02 -1.810498e+00 
1.689453e+04 0.000000e+00 2.500000e+04 2.282176e-02 0.000000e+00 1.138894e-03 3.898936e+04 -9.132778e+04 -2.563884e+04 -1.444705e+00 2.096374e+00 2.548270e+02 2.589609e+00 
1.689453e+04 5.000000e+02 2.500000e+04 2.282185e-02 4.011192e-19 1.139028e-03 3.898936e+04 -9.132778e+04 -2.563884e+04 -1.444705e+00 2.166992e-09 2.548270e+02 2.567502e-12 
1.689453e+04 1.000000e+03 2.500000e+04 2.282176e-02 0.000000e+00 1.138894e-03 3.898936e+04 -9.132778e+04 -2.563884e+04 -1.444705e+00 -2.096374e+00 2.548270e+02 -2.589609e+00 
1.699219e+04 0.000000e+00 2.500000e+04 2.250100e-02 0.000000e+00 1.059458e-03 3.877075e+04 -9.081656e+04 -2.549509e+04 -5.853354e-01 2.510036e+00 2.508994e+02 3.025451e+00 
1.699219e+04 5.000000e+02 2.500000e+04 2.250113e-02 7.124382e-19 1.059629e-03 3.877075e+04 -9.081656e+04 -2.549509e+04 -5.853354e-01 2.168515e-09 2.508994e+02 -9.470758e-12 
1.699219e+04 1.000000e+03 2.500000e+04 2.250100e-02 0.000000e+00 1.059458e-03 3.877075e+04 -9.081656e+04 -2.549509e+04 -5.853354e-01 -2.510036e+00 2.508994e+02 -3.025451e+00 
1.708984e+04 0.000000e+00 2.500000e+04 2.218204e-02 0.000000e+00 9.817817e-04 3.855649e+04 -9.031435e+04 -2.535420e+04 -9.293357e-01 2.917461e+00 2.471414e+02 2.699940e+00 
1.708984e+04 5.000000e+02 2.500000e+04 2.218222e-02 1.076791e-18 9.819366e-04 3.855649e+04 -9.031435e+04 -2.535420e+04 -9.293357e-01 2.211265e-09 2.471414e+02 -4.942824e-12 
1.708984e+04 1.000000e+03 2.500000e+04 2.218204e-02 0.000000e+00 9.817817e-04 3.855649e+04 -9.031435e+04 -2.535420e+04 -9.293357e-01 -2.917461e+00 2.471414e+02 -2.699940e+00 
1.718750e+04 0.000000e+00 2.500000e+04 2.186486e-02 0.000000e+00 9.058264e-04 3.834644e+04 -8.982084e+04 -2.521607e+04 -2.413591e+00 3.096981e+00 2.440797e+02 1.705950e+00 
1.718750e+04 5.000000e+02 2.500000e+04 2.186506e-02 1.426924e-18 9.059129e-04 3.834644e+04 -8.982084e+04 -2.521607e+04 -2.413591e+00 1.959839e-09 2.440797e+02 1.231182e-12 
1.718750e+04 1.000000e+03 2.500000e+04 2.186486e-02 0.000000e+00 9.058264e-04 3.834644e+04 -8.982084e+04 -2.521607e+04 -2.413591e+00 -3.096981e+00 2.440797e+02 -1.705950e+00 
1.728516e+04 0.000000e+00 2.500000e+04 2.154944e-02 0.000000e+00 8.315465e-04 3.813930e+04 -8.933482e+04 -2.507986e+04 -3.222964e+00 2.976051e+00 2.412950e+02 7.574633e-01 
1.728516e+04 5.000000e+02 2.500000e+04 2.154962e-02 1.663150e-18 8.315761e-04 3.813930e+04 -8.933482e+04 -2.507986e+04 -3.222964e+00 1.930567e-09 2.412950e+02 -1.505765e-11 
1.728516e+04 1.000000e+03 2.500000e+04 2.154944e-02 0.000000e+00 8.315465e-04 3.813930e+04 -8.933482e+04 -2.507986e+04 -3.222964e+00 -2.976051e+00 2.412950e+02 -7.574633e-01 
1.738281e+04 0.000000e+00 2.500000e+04 2.123574e-02 0.000000e+00 7.588810e-04 3.793501e+04 -8.885632e+04 -2.494552e+04 -3.180336e+00 2.700199e+00 2.375005e+02 3.288248e-01 
1.738281e+04 5.000000e+02 2.500000e+04 2.123589e-02 1.869383e-18 7.588922e-04 3.793501e+04 -8.885632e+04 -2.494552e+04 -3.180336e+00 2.072912e-09 2.375005e+02 -3.233028e-11 
1.738281e+04 1.000000e+03 2.500000e+04 2.123574e-02 0.000000e+00 7.588810e-04 3.793501e+04 -8.885632e+04 -2.494552e+04 -3.180336e+00 -2.700199e+00 2.375005e+02 -3.288248e-01 
1.748047e+04 0.000000e+00 2.500000e+04 2.092370e-02 0.000000e+00 6.877963e-04 3.773453e+04 -8.838672e+04 -2.481369e+04 -3.183034e+00 2.445087e+00 2.333341e+02 2.929467e-01 
1.748047e+04 5.000000e+02 2.500000e+04 2.092384e-02 2.047477e-18 6.878138e-04 3.773453e+04 -8.838672e+04 -2.481369e+04 -3.183034e+00 2.108679e-09 2.333341e+02 -4.067369e-11 
1.748047e+04 1.000000e+03 2.500000e+04 2.092370e-02 0.000000e+00 6.877963e-04 3.773453e+04 -8.838672e+04 -2.481369e+04 -3.183034e+00 -2.445087e+00 2.333341e+02 -2.929467e-01 
1.757812e+04 0.000000e+00 2.500000e+04 2.061331e-02 0.000000e+00 6.182929e-04 3.753700e+04 -8.792472e+04 -2.468380e+04 -2.484435e+00 2.262754e+00 2.289684e+02 1.855475e-01 
1.757812e+04 5.000000e+02 2.500000e+04 2.061343e-02 2.287229e-18 6.183138e-04 3.753700e+04 -8.792472e+04 -2.468380e+04 -2.484435e+00 2.162173e-09 2.289684e+02 -4.744576e-11 
1.757812e+04 1.000000e+03 2.500000e+04 2.061331e-02 0.000000e+00 6.182929e-04 3.753700e+04 -8.792472e+04 -2.468380e+04 -2.484435e+00 -2.262754e+00 2.289684e+02 -1.855475e-01 
1.767578e+04 0.000000e+00 2.500000e+04 2.030454e-02 0.000000e+00 5.503418e-04 3.734277e+04 -8.747085e+04 -2.455608e+04 -1.395595e+00 2.089973e+00 2.243773e+02 -3.384183e-01 
1.767578e+04 5.000000e+02 2.500000e+04 2.030467e-02 2.562671e-18 5.503268e-04 3.734277e+04 -8.747085e+04 -2.455608e+04 -1.395595e+00 2.054496e-09 2.243773e+02 -4.271958e-11 
1.767578e+04 1.000000e+03 2.500000e+04 2.030454e-02 0.000000e+00 5.503418e-04 3.734277e+04 -8.747085e+04 -2.455608e+04 -1.395595e+00 -2.089973e+00 2.243773e+02 3.384183e-01 
1.777344e+04 0.000000e+00 2.500000e+04 1.999738e-02 0.000000e+00 4.838978e-04 3.715184e+04 -8.702511e+04 -2.443052e+04 1.056234e-01 1.802787e+00 2.207766e+02 -9.486180e-01 
1.777344e+04 5.000000e+02 2.500000e+04 1.999749e-02 2.960891e-18 4.838355e-04 3.715184e+04 -8.702511e+04 -2.443052e+04 1.056234e-01 1.853052e-09 2.207766e+02 -4.046824e-11 
1.777344e+04 1.000000e+03 2.500000e+04 1.999738e-02 0.000000e+00 4.838978e-04 3.715184e+04 -8.702511e+04 -2.443052e+04 1.056234e-01 -1.802787e+00 2.207766e+02 9.486180e-01 
1.787109e+04 0.000000e+00 2.500000e+04 1.969179e-02 0.000000e+00 4.189189e-04 3.696337e+04 -8.658570e+04 -2.430658e+04 2.177142e+00 1.458630e+00 2.170287e+02 -9.560552e-01 
1.787109e+04 5.000000e+02 2.500000e+04 1.969185e-02 3.319049e-18 4.188589e-04 3.696337e+04 -8.658570e+04 -2.430658e+04 2.177142e+00 1.766263e-09 2.170287e+02 -4.516873e-11 
1.787109e+04 1.000000e+03 2.500000e+04 1.969179e-02 0.000000e+00 4.189189e-04 3.696337e+04 -8.658570e+04 -2.430658e+04 2.177142e+00 -1.458630e+00 2.170287e+02 9.560552e-01 
1.796875e+04 0.000000e+00 2.500000e+04 1.938774e-02 0.000000e+00 3.553524e-04 3.677992e+04 -8.615584e+04 -2.418595e+04 2.026020e+00 1.305799e+00 2.123426e+02 -2.696194e-01 
1.796875e+04 5.000000e+02 2.500000e+04 1.938778e-02 3.622392e-18 3.553367e-04 3.677992e+04 -8.615584e+04 -2.418595e+04 2.026020e+00 1.740936e-09 2.123426e+02 -3.744378e-11 
1.796875e+04 1.000000e+03 2.500000e+04 1.938774e-02 0.000000e+00 3.553524e-04 3.677992e+04 -8.615584e+04 -2.418595e+04 2.026020e+00 -1.305799e+00 2.123426e+02 2.696194e-01 
1.806641e+04 0.000000e+00 2.500000e+04 1.908517e-02 0.000000e+00 2.931806e-04 3.660274e+04 -8.573772e+04 -2.406944e+04 -1.073235e+00 1.448412e+00 2.085944e+02 6.136963e-01 
1.806641e+04 5.000000e+02 2.500000e+04 1.908524e-02 3.831182e-18 2.932132e-04 3.660274e+04 -8.573772e+04 -2.406944e+04 -1.073235e+00 1.739476e-09 2.085944e+02 -3.586043e-11 
1.806641e+04 1.000000e+03 2.500000e+04 1.908517e-02 0.000000e+00 2.931806e-04 3.660274e+04 -8.573772e+04 -2.406944e+04 -1.073235e+00 -1.448412e+00 2.085944e+02 -6.136963e-01 
1.816406e+04 0.000000e+00 2.500000e+04 1.878406e-02 0.000000e+00 2.324239e-04 3.642843e+04 -8.532691e+04 -2.395481e+04 -3.559649e+00 1.749788e+00 2.055145e+02 1.190795e+00 
1.816406e+04 5.000000e+02 2.500000e+04 1.878415e-02 4.047112e-18 2.324912e-04 3.642843e+04 -8.532691e+04 -2.395481e+04 -3.559649e+00 1.702252e-09 2.055145e+02 -5.942763e-11 
1.816406e+04 1.000000e+03 2.500000e+04 1.878406e-02 0.000000e+00 2.324239e-04 3.642843e+04 -8.532691e+04 -2.395481e+04 -3.559649e+00 -1.749788e+00 2.055145e+02 -1.190795e+00 
1.826172e+04 0.000000e+00 2.500000e+04 1.848439e-02 0.000000e+00 1.730667e-04 3.625536e+04 -8.492089e+04 -2.384101e+04 -4.176693e+00 2.078257e+00 2.018183e+02 1.163211e+00 
1.826172e+04 5.000000e+02 2.500000e+04 1.848453e-02 4.267964e-18 1.731310e-04 3.625536e+04 -8.492089e+04 -2.384101e+04 -4.176693e+00 1.631314e-09 2.018183e+02 -8.583964e-11 
1.826172e+04 1.000000e+03 2.500000e+04 1.848439e-02 0.000000e+00 1.730667e-04 3.625536e+04 -8.492089e+04 -2.384101e+04 -4.176693e+00 -2.078257e+00 2.018183e+02 -1.163211e+00 
1.835938e+04 0.000000e+00 2.500000e+04 1.818617e-02 0.000000e+00 1.150662e-04 3.608503e+04 -8.452206e+04 -2.372900e+04 -4.025923e+00 2.335689e+00 1.981540e+02 6.543568e-01 
1.835938e+04 5.000000e+02 2.500000e+04 1.818633e-02 4.532625e-18 1.150934e-04 3.608503e+04 -8.452206e+04 -2.372900e+04 -4.025923e+00 1.627615e-09 1.981540e+02 -9.061484e-11 
1.835938e+04 1.000000e+03 2.500000e+04 1.818617e-02 0.000000e+00 1.150662e-04 3.608503e+04 -8.452206e+04 -2.372900e+04 -4.025923e+00 -2.335689e+00 1.981540e+02 -6.543568e-01 
1.845703e+04 0.000000e+00 2.500000e+04 1.788935e-02 0.000000e+00 5.839300e-05 3.591738e+04 -8.413071e+04 -2.361876e+04 -2.685918e+00 2.336053e+00 1.944020e+02 1.156738e-01 
1.845703e+04 5.000000e+02 2.500000e+04 1.788950e-02 4.771538e-18 5.839737e-05 3.591738e+04 -8.413071e+04 -2.361876e+04 -2.685918e+00 1.680296e-09 1.944020e+02 -8.293201e-11 
1.845703e+04 1.000000e+03 2.500000e+04 1.788935e-02 0.000000e+00 5.839300e-05 3.591738e+04 -8.413071e+04 -2.361876e+04 -2.685918e+00 -2.336053e+00 1.944020e+02 -1.156738e-01 
1.855469e+04 0.000000e+00 2.500000e+04 1.759392e-02 0.000000e+00 3.007192e-06 3.575280e+04 -8.374625e+04 -2.351053e+04 -1.624561e+00 2.025611e+00 1.901820e+02 -1.721303e-01 
1.855469e+04 5.000000e+02 2.500000e+04 1.759404e-02 5.106871e-18 3.003567e-06 3.575280e+04 -8.374625e+04 -2.351053e+04 -1.624561e+00 1.643764e-09 1.901820e+02 -8.152647e-11 
1.855469e+04 1.000000e+03 2.500000e+04 1.759392e-02 0.000000e+00 3.007192e-06 3.575280e+04 -8.374625e+04 -2.351053e+04 -1.624561e+00 -2.025611e+00 1.901820e+02 1.721303e-01 
1.865234e+04 0.000000e+00 2.500000e+04 1.729984e-02 0.000000e+00 -5.112507e-05 3.559172e+04 -8.336879e+04 -2.340461e+04 -1.768285e+00 1.573018e+00 1.866757e+02 -4.767701e-02 
1.865234e+04 5.000000e+02 2.500000e+04 1.729992e-02 5.437349e-18 -5.113179e-05 3.559172e+04 -8.336879e+04 -2.340461e+04 -1.768285e+00 1.620796e-09 1.866757e+02 -9.149759e-11 
1.865234e+04 1.000000e+03 2.500000e+04 1.729984e-02 0.000000e+00 -5.112507e-05 3.559172e+04 -8.336879e+04 -2.340461e+04 -1.768285e+00 -1.573018e+00 1.866757e+02 4.767701e-02 
1.875000e+04 0.000000e+00 2.500000e+04 1.700709e-02 0.000000e+00 -1.040167e-04 3.543335e+04 -8.299841e+04 -2.330047e+04 -1.189393e+00 1.158572e+00 1.837607e+02 5.735522e-01 
1.875000e+04 5.000000e+02 2.500000e+04 1.700714e-02 5.700466e-18 -1.039845e-04 3.543335e+04 -8.299841e+04 -2.330047e+04 -1.189393e+00 1.660042e-09 1.837607e+02 -1.010063e-10 
1.875000e+04 1.000000e+03 2.500000e+04 1.700709e-02 0.000000e+00 -1.040167e-04 3.543335e+04 -8.299841e+04 -2.330047e+04 -1.189393e+00 -1.158572e+00 1.837607e+02 -5.735522e-01 
1.884766e+04 0.000000e+00 2.500000e+04 1.671562e-02 0.000000e+00 -1.556862e-04 3.527874e+04 -8.263629e+04 -2.319879e+04 -1.130290e+00 8.881450e-01 1.799910e+02 1.332906e+00 
1.884766e+04 5.000000e+02 2.500000e+04 1.671566e-02 5.887348e-18 -1.556018e-04 3.527874e+04 -8.263629e+04 -2.319879e+04 -1.130290e+00 1.602856e-09 1.799910e+02 -9.051804e-11 
1.884766e+04 1.000000e+03 2.500000e+04 1.671562e-02 0.000000e+00 -1.556862e-04 3.527874e+04 -8.263629e+04 -2.319879e+04 -1.130290e+00 -8.881450e-01 1.799910e+02 -1.332906e+00 
1.894531e+04 0.000000e+00 2.500000e+04 1.642541e-02 0.000000e+00 -2.061445e-04 3.512786e+04 -8.228123e+04 -2.309958e+04 -2.762038e+00 7.834739e-01 1.758211e+02 1.760732e+00 
1.894531e+04 5.000000e+02 2.500000e+04 1.642545e-02 6.067652e-18 -2.060479e-04 3.512786e+04 -8.228123e+04 -2.309958e+04 -2.762038e+00 1.564220e-09 1.758211e+02 -8.747836e-11 
1.894531e+04 1.000000e+03 2.500000e+04 1.642541e-02 0.000000e+00 -2.061445e-04 3.512786e+04 -8.228123e+04 -2.309958e+04 -2.762038e+00 -7.834739e-01 1.758211e+02 -1.760732e+00 
1.904297e+04 0.000000e+00 2.500000e+04 1.613645e-02 0.000000e+00 -2.553974e-04 3.497943e+04 -8.193236e+04 -2.300197e+04 -3.950594e+00 7.572489e-01 1.724876e+02 1.787326e+00 
1.904297e+04 5.000000e+02 2.500000e+04 1.613649e-02 6.244401e-18 -2.553056e-04 3.497943e+04 -8.193236e+04 -2.300197e+04 -3.950594e+00 1.568526e-09 1.724876e+02 -1.144375e-10 
1.904297e+04 1.000000e+03 2.500000e+04 1.613645e-02 0.000000e+00 -2.553974e-04 3.497943e+04 -8.193236e+04 -2.300197e+04 -3.950594e+00 -7.572489e-01 1.724876e+02 -1.787326e+00 
1.914062e+04 0.000000e+00 2.500000e+04 1.584871e-02 0.000000e+00 -3.034646e-04 3.483360e+04 -8.159097e+04 -2.290608e+04 -3.748182e+00 6.670653e-01 1.693918e+02 1.559994e+00 
1.914062e+04 5.000000e+02 2.500000e+04 1.584876e-02 6.388664e-18 -3.033828e-04 3.483360e+04 -8.159097e+04 -2.290608e+04 -3.748182e+00 1.547716e-09 1.693918e+02 -1.362508e-10 
1.914062e+04 1.000000e+03 2.500000e+04 1.584871e-02 0.000000e+00 -3.034646e-04 3.483360e+04 -8.159097e+04 -2.290608e+04 -3.748182e+00 -6.670653e-01 1.693918e+02 -1.559994e+00 
1.923828e+04 0.000000e+00 2.500000e+04 1.556218e-02 0.000000e+00 -3.503769e-04 3.468924e+04 -8.125462e+04 -2.281115e+04 -1.941837e+00 4.772813e-01 1.657820e+02 1.256623e+00 
1.923828e+04 5.000000e+02 2.500000e+04 1.556221e-02 6.589490e-18 -3.503147e-04 3.468924e+04 -8.125462e+04 -2.281115e+04 -1.941837e+00 1.528732e-09 1.657820e+02 -1.393521e-10 
1.923828e+04 1.000000e+03 2.500000e+04 1.556218e-02 0.000000e+00 -3.503769e-04 3.468924e+04 -8.125462e+04 -2.281115e+04 -1.941837e+00 -4.772813e-01 1.657820e+02 -1.256623e+00 
1.933594e+04 0.000000e+00 2.500000e+04 1.527684e-02 0.000000e+00 -3.961740e-04 3.454662e+04 -8.092301e+04 -2.271737e+04 5.053751e-01 2.642840e-01 1.621147e+02 1.006000e+00 
1.933594e+04 5.000000e+02 2.500000e+04 1.527685e-02 6.821924e-18 -3.961180e-04 3.454662e+04 -8.092301e+04 -2.271737e+04 5.053751e-01 1.456997e-09 1.621147e+02 -1.374840e-10 
1.933594e+04 1.000000e+03 2.500000e+04 1.527684e-02 0.000000e+00 -3.961740e-04 3.454662e+04 -8.092301e+04 -2.271737e+04 5.053751e-01 -2.642840e-01 1.621147e+02 -1.006000e+00 
1.943359e+04 0.000000e+00 2.500000e+04 1.499266e-02 0.000000e+00 -4.408824e-04 3.440906e+04 -8.060139e+04 -2.262691e+04 1.106596e+00 1.397568e-02 1.588469e+02 7.965187e-01 
1.943359e+04 5.000000e+02 2.500000e+04 1.499267e-02 7.033301e-18 -4.408336e-04 3.440906e+04 -8.060139e+04 -2.262691e+04 1.106596e+00 1.406799e-09 1.588469e+02 -1.436635e-10 
1.943359e+04 1.000000e+03 2.500000e+04 1.499266e-02 0.000000e+00 -4.408824e-04 3.440906e+04 -8.060139e+04 -2.262691e+04 1.106596e+00 -1.397568e-02 1.588469e+02 -7.965187e-01 
1.953125e+04 0.000000e+00 2.500000e+04 1.470960e-02 0.000000e+00 -4.845133e-04 3.427614e+04 -8.028904e+04 -2.253950e+04 1.271775e-01 -3.517949e-01 1.560894e+02 7.027650e-01 
1.953125e+04 5.000000e+02 2.500000e+04 1.470958e-02 7.283064e-18 -4.844771e-04 3.427614e+04 -8.028904e+04 -2.253950e+04 1.271775e-01 1.397317e-09 1.560894e+02 -1.513655e-10 
1.953125e+04 1.000000e+03 2.500000e+04 1.470960e-02 0.000000e+00 -4.845133e-04 3.427614e+04 -8.028904e+04 -2.253950e+04 1.271775e-01 3.517950e-01 1.560894e+02 -7.027650e-01 
1.962891e+04 0.000000e+00 2.500000e+04 1.442764e-02 0.000000e+00 -5.270876e-04 3.414506e+04 -7.998104e+04 -2.245330e+04 -8.273250e-01 -7.646246e-01 1.534859e+02 8.701884e-01 
1.962891e+04 5.000000e+02 2.500000e+04 1.442759e-02 7.516227e-18 -5.270389e-04 3.414506e+04 -7.998104e+04 -2.245330e+04 -8.273250e-01 1.349980e-09 1.534859e+02 -1.448688e-10 
1.962891e+04 1.000000e+03 2.500000e+04 1.442764e-02 0.000000e+00 -5.270876e-04 3.414506e+04 -7.998104e+04 -2.245330e+04 -8.273250e-01 7.646246e-01 1.534859e+02 -8.701884e-01 
1.972656e+04 0.000000e+00 2.500000e+04 1.414675e-02 0.000000e+00 -5.686174e-04 3.401651e+04 -7.967904e+04 -2.236877e+04 -1.729314e+00 -1.094079e+00 1.508325e+02 1.194868e+00 
1.972656e+04 5.000000e+02 2.500000e+04 1.414669e-02 7.754401e-18 -5.685486e-04 3.401651e+04 -7.967904e+04 -2.236877e+04 -1.729314e+00 1.271898e-09 1.508325e+02 -1.339884e-10 
1.972656e+04 1.000000e+03 2.500000e+04 1.414675e-02 0.000000e+00 -5.686174e-04 3.401651e+04 -7.967904e+04 -2.236877e+04 -1.729314e+00 1.094079e+00 1.508325e+02 -1.194868e+00 
1.982422e+04 0.000000e+00 2.500000e+04 1.386692e-02 0.000000e+00 -6.091031e-04 3.389140e+04 -7.938536e+04 -2.228650e+04 -2.338871e+00 -1.337589e+00 1.480204e+02 1.495450e+00 
1.982422e+04 5.000000e+02 2.500000e+04 1.386684e-02 7.895671e-18 -6.090226e-04 3.389140e+04 -7.938536e+04 -2.228650e+04 -2.338871e+00 1.248015e-09 1.480204e+02 -1.284699e-10 
1.982422e+04 1.000000e+03 2.500000e+04 1.386692e-02 0.000000e+00 -6.091031e-04 3.389140e+04 -7.938536e+04 -2.228650e+04 -2.338871e+00 1.337589e+00 1.480204e+02 -1.495450e+00 
1.992188e+04 0.000000e+00 2.500000e+04 1.358812e-02 0.000000e+00 -6.485715e-04 3.376909e+04 -7.909834e+04 -2.220607e+04 -2.865657e+00 -1.531789e+00 1.447809e+02 1.769135e+00 
1.992188e+04 5.000000e+02 2.500000e+04 1.358803e-02 8.081291e-18 -6.484793e-04 3.376909e+04 -7.909834e+04 -2.220607e+04 -2.865657e+00 1.276847e-09 1.447809e+02 -1.362542e-10 
1.992188e+04 1.000000e+03 2.500000e+04 1.358812e-02 0.000000e+00 -6.485715e-04 3.376909e+04 -7.909834e+04 -2.220607e+04 -2.865657e+00 1.531789e+00 1.447809e+02 -1.769135e+00 
2.001953e+04 0.000000e+00 2.500000e+04 1.331031e-02 0.000000e+00 -6.870394e-04 3.364940e+04 -7.881727e+04 -2.212736e+04 -3.553381e+00 -1.654599e+00 1.415622e+02 2.047529e+00 
2.001953e+04 5.000000e+02 2.500000e+04 1.331021e-02 8.176245e-18 -6.869354e-04 3.364940e+04 -7.881727e+04 -2.212736e+04 -3.553381e+00 1.269657e-09 1.415622e+02 -1.458988e-10 
2.001953e+04 1.000000e+03 2.500000e+04 1.331031e-02 0.000000e+00 -6.870394e-04 3.364940e+04 -7.881727e+04 -2.212736e+04 -3.553381e+00 1.654599e+00 1.415622e+02 -2.047529e+00 
2.011719e+04 0.000000e+00 2.500000e+04 1.303349e-02 0.000000e+00 -7.245042e-04 3.353170e+04 -7.854171e+04 -2.204997e+04 -3.420416e+00 -1.652776e+00 1.385622e+02 2.237861e+00 
2.011719e+04 5.000000e+02 2.500000e+04 1.303339e-02 8.203810e-18 -7.243874e-04 3.353170e+04 -7.854171e+04 -2.204997e+04 -3.420416e+00 1.265243e-09 1.385622e+02 -1.531330e-10 
2.011719e+04 1.000000e+03 2.500000e+04 1.303349e-02 0.000000e+00 -7.245042e-04 3.353170e+04 -7.854171e+04 -2.204997e+04 -3.420416e+00 1.652776e+00 1.385622e+02 -2.237861e+00 
2.021484e+04 0.000000e+00 2.500000e+04 1.275762e-02 0.000000e+00 -7.609782e-04 3.341592e+04 -7.827142e+04 -2.197383e+04 -2.520760e+00 -1.564499e+00 1.354882e+02 2.143342e+00 
2.021484e+04 5.000000e+02 2.500000e+04 1.275753e-02 8.232100e-18 -7.608608e-04 3.341592e+04 -7.827142e+04 -2.197383e+04 -2.520760e+00 1.270380e-09 1.354882e+02 -1.569976e-10 
2.021484e+04 1.000000e+03 2.500000e+04 1.275762e-02 0.000000e+00 -7.609782e-04 3.341592e+04 -7.827142e+04 -2.197383e+04 -2.520760e+00 1.564499e+00 1.354882e+02 -2.143342e+00 
2.031250e+04 0.000000e+00 2.500000e+04 1.248269e-02 0.000000e+00 -7.964657e-04 3.330223e+04 -7.800654e+04 -2.189907e+04 -1.081789e+00 -1.572646e+00 1.323907e+02 1.654441e+00 
2.031250e+04 5.000000e+02 2.500000e+04 1.248262e-02 8.248359e-18 -7.963714e-04 3.330223e+04 -7.800654e+04 -2.189907e+04 -1.081789e+00 1.262037e-09 1.323907e+02 -1.504534e-10 
2.031250e+04 1.000000e+03 2.500000e+04 1.248269e-02 0.000000e+00 -7.964657e-04 3.330223e+04 -7.800654e+04 -2.189907e+04 -1.081789e+00 1.572646e+00 1.323907e+02 -1.654441e+00 
2.041016e+04 0.000000e+00 2.500000e+04 1.220871e-02 0.000000e+00 -8.309899e-04 3.319012e+04 -7.774585e+04 -2.182535e+04 8.486538e-01 -1.704049e+00 1.294265e+02 8.607674e-01 
2.041016e+04 5.000000e+02 2.500000e+04 1.220863e-02 8.253979e-18 -8.309373e-04 3.319012e+04 -7.774585e+04 -2.182535e+04 8.486538e-01 1.229688e-09 1.294265e+02 -1.455079e-10 
2.041016e+04 1.000000e+03 2.500000e+04 1.220871e-02 0.000000e+00 -8.309899e-04 3.319012e+04 -7.774585e+04 -2.182535e+04 8.486538e-01 1.704049e+00 1.294265e+02 -8.607674e-01 
2.050781e+04 0.000000e+00 2.500000e+04 1.193565e-02 0.000000e+00 -8.645944e-04 3.308122e+04 -7.749164e+04 -2.175374e+04 1.729674e+00 -1.870003e+00 1.262430e+02 -1.296230e-01 
2.050781e+04 5.000000e+02 2.500000e+04 1.193557e-02 8.465891e-18 -8.645920e-04 3.308122e+04 -7.749164e+04 -2.175374e+04 1.729674e+00 1.122817e-09 1.262430e+02 -1.375187e-10 
2.050781e+04 1.000000e+03 2.500000e+04 1.193565e-02 0.000000e+00 -8.645944e-04 3.308122e+04 -7.749164e+04 -2.175374e+04 1.729674e+00 1.870003e+00 1.262430e+02 1.296230e-01 
2.060547e+04 0.000000e+00 2.500000e+04 1.166348e-02 0.000000e+00 -8.973010e-04 3.297745e+04 -7.724732e+04 -2.168550e+04 4.639092e-01 -2.204362e+00 1.225597e+02 -1.223938e+00 
2.060547e+04 5.000000e+02 2.500000e+04 1.166339e-02 8.622654e-18 -8.973570e-04 3.297745e+04 -7.724732e+04 -2.168550e+04 4.639092e-01 1.074425e-09 1.225597e+02 -1.337823e-10 
2.060547e+04 1.000000e+03 2.500000e+04 1.166348e-02 0.000000e+00 -8.973010e-04 3.297745e+04 -7.724732e+04 -2.168550e+04 4.639092e-01 2.204362e+00 1.225597e+02 1.223938e+00 
2.070312e+04 0.000000e+00 2.500000e+04 1.139217e-02 0.000000e+00 -9.291278e-04 3.287763e+04 -7.701069e+04 -2.161986e+04 -2.339439e+00 -2.771220e+00 1.192169e+02 -2.097116e+00 
2.070312e+04 5.000000e+02 2.500000e+04 1.139203e-02 8.728570e-18 -9.292396e-04 3.287763e+04 -7.701069e+04 -2.161986e+04 -2.339439e+00 1.101336e-09 1.192169e+02 -1.487741e-10 
2.070312e+04 1.000000e+03 2.500000e+04 1.139217e-02 0.000000e+00 -9.291278e-04 3.287763e+04 -7.701069e+04 -2.161986e+04 -2.339439e+00 2.771220e+00 1.192169e+02 2.097116e+00 
2.080078e+04 0.000000e+00 2.500000e+04 1.112169e-02 0.000000e+00 -9.600869e-04 3.277950e+04 -7.677880e+04 -2.155533e+04 -4.370337e+00 -3.396733e+00 1.165657e+02 -2.359875e+00 
2.080078e+04 5.000000e+02 2.500000e+04 1.112150e-02 8.749336e-18 -9.602184e-04 3.277950e+04 -7.677880e+04 -2.155533e+04 -4.370337e+00 1.103217e-09 1.165657e+02 -1.652383e-10 
2.080078e+04 1.000000e+03 2.500000e+04 1.112169e-02 0.000000e+00 -9.600869e-04 3.277950e+04 -7.677880e+04 -2.155533e+04 -4.370337e+00 3.396733e+00 1.165657e+02 2.359875e+00 
2.089844e+04 0.000000e+00 2.500000e+04 1.085203e-02 0.000000e+00 -9.901809e-04 3.268252e+04 -7.655198e+04 -2.149156e+04 -4.014321e+00 -3.979305e+00 1.138795e+02 -1.967989e+00 
2.089844e+04 5.000000e+02 2.500000e+04 1.085179e-02 8.765945e-18 -9.902870e-04 3.268252e+04 -7.655198e+04 -2.149156e+04 -4.014321e+00 1.110354e-09 1.138795e+02 -1.620213e-10 
2.089844e+04 1.000000e+03 2.500000e+04 1.085203e-02 0.000000e+00 -9.901809e-04 3.268252e+04 -7.655198e+04 -2.149156e+04 -4.014321e+00 3.979305e+00 1.138795e+02 1.967989e+00 
2.099609e+04 0.000000e+00 2.500000e+04 1.058315e-02 0.000000e+00 -1.019419e-03 3.258713e+04 -7.633030e+04 -2.142883e+04 -2.254267e+00 -4.445667e+00 1.111156e+02 -1.143589e+00 
2.099609e+04 5.000000e+02 2.500000e+04 1.058287e-02 8.745941e-18 -1.019477e-03 3.258713e+04 -7.633030e+04 -2.142883e+04 -2.254267e+00 1.100841e-09 1.111156e+02 -1.612513e-10 
2.099609e+04 1.000000e+03 2.500000e+04 1.058315e-02 0.000000e+00 -1.019419e-03 3.258713e+04 -7.633030e+04 -2.142883e+04 -2.254267e+00 4.445667e+00 1.111156e+02 1.143589e+00 
2.109375e+04 0.000000e+00 2.500000e+04 1.031503e-02 0.000000e+00 -1.047809e-03 3.249405e+04 -7.611407e+04 -2.136762e+04 -4.548267e-01 -4.700625e+00 1.082531e+02 -1.336135e-01 
2.109375e+04 5.000000e+02 2.500000e+04 1.031474e-02 8.775206e-18 -1.047814e-03 3.249405e+04 -7.611407e+04 -2.136762e+04 -4.548267e-01 1.084039e-09 1.082531e+02 -1.713389e-10 
2.109375e+04 1.000000e+03 2.500000e+04 1.031503e-02 0.000000e+00 -1.047809e-03 3.249405e+04 -7.611407e+04 -2.136762e+04 -4.548267e-01 4.700625e+00 1.082531e+02 1.336135e-01 
2.119141e+04 0.000000e+00 2.500000e+04 1.004767e-02 0.000000e+00 -1.075371e-03 3.240414e+04 -7.590457e+04 -2.130850e+04 6.455867e-01 -4.738240e+00 1.049420e+02 8.606451e-01 
2.119141e+04 5.000000e+02 2.500000e+04 1.004738e-02 8.841491e-18 -1.075325e-03 3.240414e+04 -7.590457e+04 -2.130850e+04 6.455867e-01 1.023823e-09 1.049420e+02 -1.695821e-10 
2.119141e+04 1.000000e+03 2.500000e+04 1.004767e-02 0.000000e+00 -1.075371e-03 3.240414e+04 -7.590457e+04 -2.130850e+04 6.455867e-01 4.738240e+00 1.049420e+02 -8.606451e-01 
2.128906e+04 0.000000e+00 2.500000e+04 9.781013e-03 0.000000e+00 -1.102120e-03 3.231784e+04 -7.570231e+04 -2.125175e+04 5.384179e-01 -4.532350e+00 1.019289e+02 1.639475e+00 
2.128906e+04 5.000000e+02 2.500000e+04 9.780746e-03 8.947620e-18 -1.102029e-03 3.231784e+04 -7.570231e+04 -2.125175e+04 5.384179e-01 9.149805e-10 1.019289e+02 -1.635436e-10 
2.128906e+04 1.000000e+03 2.500000e+04 9.781013e-03 0.000000e+00 -1.102120e-03 3.231784e+04 -7.570231e+04 -2.125175e+04 5.384179e-01 4.532350e+00 1.019289e+02 -1.639475e+00 
2.138672e+04 0.000000e+00 2.500000e+04 9.515045e-03 0.000000e+00 -1.128030e-03 3.223478e+04 -7.550633e+04 -2.119713e+04 -8.858720e-01 -4.112602e+00 9.946825e+01 1.998783e+00 
2.138672e+04 5.000000e+02 2.500000e+04 9.514818e-03 9.014488e-18 -1.127922e-03 3.223478e+04 -7.550633e+04 -2.119713e+04 -8.858720e-01 8.670824e-10 9.946825e+01 -1.684085e-10 
2.138672e+04 1.000000e+03 2.500000e+04 9.515045e-03 0.000000e+00 -1.128030e-03 3.223478e+04 -7.550633e+04 -2.119713e+04 -8.858720e-01 4.112602e+00 9.946825e+01 -1.998783e+00 
2.148438e+04 0.000000e+00 2.500000e+04 9.249762e-03 0.000000e+00 -1.153100e-03 3.215333e+04 -7.531393e+04 -2.114357e+04 -2.478591e+00 -3.608392e+00 9.702623e+01 1.991311e+00 
2.148438e+04 5.000000e+02 2.500000e+04 9.249572e-03 9.044138e-18 -1.153007e-03 3.215333e+04 -7.531393e+04 -2.114357e+04 -2.478591e+00 8.407276e-10 9.702623e+01 -1.768253e-10 
2.148438e+04 1.000000e+03 2.500000e+04 9.249762e-03 0.000000e+00 -1.153100e-03 3.215333e+04 -7.531393e+04 -2.114357e+04 -2.478591e+00 3.608392e+00 9.702623e+01 -1.991311e+00 
2.158203e+04 0.000000e+00 2.500000e+04 8.985163e-03 0.000000e+00 -1.177355e-03 3.207287e+04 -7.512531e+04 -2.109066e+04 -2.645944e+00 -3.059230e+00 9.368024e+01 1.791285e+00 
2.158203e+04 5.000000e+02 2.500000e+04 8.985011e-03 9.157087e-18 -1.177267e-03 3.207287e+04 -7.512531e+04 -2.109066e+04 -2.645944e+00 8.037323e-10 9.368024e+01 -1.683685e-10 
2.158203e+04 1.000000e+03 2.500000e+04 8.985163e-03 0.000000e+00 -1.177355e-03 3.207287e+04 -7.512531e+04 -2.109066e+04 -2.645944e+00 3.059230e+00 9.368024e+01 -1.791285e+00 
2.167969e+04 0.000000e+00 2.500000e+04 8.721224e-03 0.000000e+00 -1.200815e-03 3.199461e+04 -7.494263e+04 -2.103920e+04 -2.002532e+00 -2.544724e+00 8.913735e+01 1.265835e+00 
2.167969e+04 5.000000e+02 2.500000e+04 8.721104e-03 9.227683e-18 -1.200746e-03 3.199461e+04 -7.494263e+04 -2.103920e+04 -2.002532e+00 7.603760e-10 8.913735e+01 -1.610557e-10 
2.167969e+04 1.000000e+03 2.500000e+04 8.721224e-03 0.000000e+00 -1.200815e-03 3.199461e+04 -7.494263e+04 -2.103920e+04 -2.002532e+00 2.544724e+00 8.913735e+01 -1.265835e+00 
2.177734e+04 0.000000e+00 2.500000e+04 8.457926e-03 0.000000e+00 -1.223494e-03 3.191921e+04 -7.476593e+04 -2.098962e+04 -2.090756e+00 -2.226811e+00 8.529750e+01 3.891339e-01 
2.177734e+04 5.000000e+02 2.500000e+04 8.457822e-03 9.259565e-18 -1.223477e-03 3.191921e+04 -7.476593e+04 -2.098962e+04 -2.090756e+00 7.214674e-10 8.529750e+01 -1.762776e-10 
2.177734e+04 1.000000e+03 2.500000e+04 8.457926e-03 0.000000e+00 -1.223494e-03 3.191921e+04 -7.476593e+04 -2.098962e+04 -2.090756e+00 2.226811e+00 8.529750e+01 -3.891339e-01 
2.187500e+04 0.000000e+00 2.500000e+04 8.195258e-03 0.000000e+00 -1.245398e-03 3.184656e+04 -7.459540e+04 -2.094184e+04 -2.422087e+00 -2.136990e+00 8.269632e+01 -3.800402e-01 
2.187500e+04 5.000000e+02 2.500000e+04 8.195149e-03 9.298293e-18 -1.245428e-03 3.184656e+04 -7.459540e+04 -2.094184e+04 -2.422087e+00 7.381856e-10 8.269632e+01 -1.918201e-10 
2.187500e+04 1.000000e+03 2.500000e+04 8.195258e-03 0.000000e+00 -1.245398e-03 3.184656e+04 -7.459540e+04 -2.094184e+04 -2.422087e+00 2.136990e+00 8.269632e+01 3.800402e-01 
2.197266e+04 0.000000e+00 2.500000e+04 7.933199e-03 0.000000e+00 -1.266553e-03 3.177564e+04 -7.443020e+04 -2.089520e+04 -1.502129e+00 -2.160791e+00 8.059784e+01 -5.402722e-01 
2.197266e+04 5.000000e+02 2.500000e+04 7.933064e-03 9.351247e-18 -1.266595e-03 3.177564e+04 -7.443020e+04 -2.089520e+04 -1.502129e+00 7.368207e-10 8.059784e+01 -1.925893e-10 
2.197266e+04 1.000000e+03 2.500000e+04 7.933199e-03 0.000000e+00 -1.266553e-03 3.177564e+04 -7.443020e+04 -2.089520e+04 -1.502129e+00 2.160791e+00 8.059784e+01 5.402722e-01 
2.207031e+04 0.000000e+00 2.500000e+04 7.671712e-03 0.000000e+00 -1.286984e-03 3.170647e+04 -7.426959e+04 -2.084972e+04 -1.069954e-01 -2.066787e+00 7.852751e+01 4.359151e-03 
2.207031e+04 5.000000e+02 2.500000e+04 7.671563e-03 9.325636e-18 -1.286986e-03 3.170647e+04 -7.426959e+04 -2.084972e+04 -1.069954e-01 7.329678e-10 7.852751e+01 -1.928181e-10 
2.207031e+04 1.000000e+03 2.500000e+04 7.671712e-03 0.000000e+00 -1.286984e-03 3.170647e+04 -7.426959e+04 -2.084972e+04 -1.069954e-01 2.066787e+00 7.852751e+01 -4.359151e-03 
2.216797e+04 0.000000e+00 2.500000e+04 7.410763e-03 0.000000e+00 -1.306693e-03 3.164143e+04 -7.411674e+04 -2.080695e+04 -6.020873e-01 -1.696337e+00 7.643799e+01 8.779056e-01 
2.216797e+04 5.000000e+02 2.500000e+04 7.410640e-03 9.270555e-18 -1.306644e-03 3.164143e+04 -7.411674e+04 -2.080695e+04 -6.020873e-01 7.268007e-10 7.643799e+01 -1.927355e-10 
2.216797e+04 1.000000e+03 2.500000e+04 7.410763e-03 0.000000e+00 -1.306693e-03 3.164143e+04 -7.411674e+04 -2.080695e+04 -6.020873e-01 1.696337e+00 7.643799e+01 -8.779056e-01 
2.226562e+04 0.000000e+00 2.500000e+04 7.150323e-03 0.000000e+00 -1.325656e-03 3.158016e+04 -7.397180e+04 -2.076667e+04 -2.025298e+00 -1.150362e+00 7.502121e+01 1.661495e+00 
2.226562e+04 5.000000e+02 2.500000e+04 7.150242e-03 9.242562e-18 -1.325570e-03 3.158016e+04 -7.397180e+04 -2.076667e+04 -2.025298e+00 6.847221e-10 7.502121e+01 -1.855799e-10 
2.226562e+04 1.000000e+03 2.500000e+04 7.150323e-03 0.000000e+00 -1.325656e-03 3.158016e+04 -7.397180e+04 -2.076667e+04 -2.025298e+00 1.150362e+00 7.502121e+01 -1.661495e+00 
2.236328e+04 0.000000e+00 2.500000e+04 6.890385e-03 0.000000e+00 -1.343864e-03 3.151984e+04 -7.383021e+04 -2.072700e+04 -2.307988e+00 -5.273462e-01 7.336049e+01 2.258956e+00 
2.236328e+04 5.000000e+02 2.500000e+04 6.890345e-03 9.194557e-18 -1.343749e-03 3.151984e+04 -7.383021e+04 -2.072700e+04 -2.307988e+00 6.575323e-10 7.336049e+01 -1.775481e-10 
2.236328e+04 1.000000e+03 2.500000e+04 6.890385e-03 0.000000e+00 -1.343864e-03 3.151984e+04 -7.383021e+04 -2.072700e+04 -2.307988e+00 5.273462e-01 7.336049e+01 -2.258956e+00 
2.246094e+04 0.000000e+00 2.500000e+04 6.630943e-03 0.000000e+00 -1.361342e-03 3.146065e+04 -7.369193e+04 -2.068807e+04 -1.931199e+00 2.081987e-01 7.081068e+01 2.693171e+00 
2.246094e+04 5.000000e+02 2.500000e+04 6.630952e-03 9.124550e-18 -1.361205e-03 3.146065e+04 -7.369193e+04 -2.068807e+04 -1.931199e+00 6.387949e-10 7.081068e+01 -1.622016e-10 
2.246094e+04 1.000000e+03 2.500000e+04 6.630943e-03 0.000000e+00 -1.361342e-03 3.146065e+04 -7.369193e+04 -2.068807e+04 -1.931199e+00 -2.081987e-01 7.081068e+01 -2.693171e+00 
2.255859e+04 0.000000e+00 2.500000e+04 6.371971e-03 0.000000e+00 -1.378092e-03 3.140409e+04 -7.355948e+04 -2.065088e+04 -1.915802e+00 1.052035e+00 6.737017e+01 2.820586e+00 
2.255859e+04 5.000000e+02 2.500000e+04 6.372040e-03 9.130206e-18 -1.377942e-03 3.140409e+04 -7.355948e+04 -2.065088e+04 -1.915802e+00 6.072083e-10 6.737017e+01 -1.554379e-10 
2.255859e+04 1.000000e+03 2.500000e+04 6.371971e-03 0.000000e+00 -1.378092e-03 3.140409e+04 -7.355948e+04 -2.065088e+04 -1.915802e+00 -1.052035e+00 6.737017e+01 -2.820586e+00 
2.265625e+04 0.000000e+00 2.500000e+04 6.113451e-03 0.000000e+00 -1.394114e-03 3.135023e+04 -7.343252e+04 -2.061546e+04 -2.697956e+00 1.909389e+00 6.327719e+01 2.508457e+00 
2.265625e+04 5.000000e+02 2.500000e+04 6.113574e-03 9.124993e-18 -1.393991e-03 3.135023e+04 -7.343252e+04 -2.061546e+04 -2.697956e+00 5.540518e-10 6.327719e+01 -1.713467e-10 
2.265625e+04 1.000000e+03 2.500000e+04 6.113451e-03 0.000000e+00 -1.394114e-03 3.135023e+04 -7.343252e+04 -2.061546e+04 -2.697956e+00 -1.909389e+00 6.327719e+01 -2.508457e+00 
2.275391e+04 0.000000e+00 2.500000e+04 5.855377e-03 0.000000e+00 -1.409416e-03 3.129812e+04 -7.331003e+04 -2.058120e+04 -3.138062e+00 2.624928e+00 5.981737e+01 1.896041e+00 
2.275391e+04 5.000000e+02 2.500000e+04 5.855546e-03 9.129916e-18 -1.409324e-03 3.129812e+04 -7.331003e+04 -2.058120e+04 -3.138062e+00 5.344390e-10 5.981737e+01 -1.845733e-10 
2.275391e+04 1.000000e+03 2.500000e+04 5.855377e-03 0.000000e+00 -1.409416e-03 3.129812e+04 -7.331003e+04 -2.058120e+04 -3.138062e+00 -2.624928e+00 5.981737e+01 -1.896041e+00 
2.285156e+04 0.000000e+00 2.500000e+04 5.597742e-03 0.000000e+00 -1.423999e-03 3.124746e+04 -7.319174e+04 -2.054788e+04 -2.745072e+00 3.126276e+00 5.644291e+01 1.082662e+00 
2.285156e+04 5.000000e+02 2.500000e+04 5.597944e-03 9.117366e-18 -1.423940e-03 3.124746e+04 -7.319174e+04 -2.054788e+04 -2.745072e+00 5.622032e-10 5.644291e+01 -1.899887e-10 
2.285156e+04 1.000000e+03 2.500000e+04 5.597742e-03 0.000000e+00 -1.423999e-03 3.124746e+04 -7.319174e+04 -2.054788e+04 -2.745072e+00 -3.126276e+00 5.644291e+01 -1.082662e+00 
2.294922e+04 0.000000e+00 2.500000e+04 5.340532e-03 0.000000e+00 -1.437884e-03 3.119909e+04 -7.307885e+04 -2.051608e+04 -2.351327e+00 3.417810e+00 5.281717e+01 1.057891e-01 
2.294922e+04 5.000000e+02 2.500000e+04 5.340751e-03 9.143119e-18 -1.437889e-03 3.119909e+04 -7.307885e+04 -2.051608e+04 -2.351327e+00 5.332262e-10 5.281717e+01 -2.081802e-10 
2.294922e+04 1.000000e+03 2.500000e+04 5.340532e-03 0.000000e+00 -1.437884e-03 3.119909e+04 -7.307885e+04 -2.051608e+04 -2.351327e+00 -3.417810e+00 5.281717e+01 -1.057891e-01 
2.304688e+04 0.000000e+00 2.500000e+04 5.083727e-03 0.000000e+00 -1.451100e-03 3.115367e+04 -7.297221e+04 -2.048621e+04 -2.581314e+00 3.455300e+00 4.964674e+01 -7.052722e-01 
2.304688e+04 5.000000e+02 2.500000e+04 5.083934e-03 9.173339e-18 -1.451151e-03 3.115367e+04 -7.297221e+04 -2.048621e+04 -2.581314e+00 4.443353e-10 4.964674e+01 -1.987766e-10 
2.304688e+04 1.000000e+03 2.500000e+04 5.083727e-03 0.000000e+00 -1.451100e-03 3.115367e+04 -7.297221e+04 -2.048621e+04 -2.581314e+00 -3.455300e+00 4.964674e+01 7.052722e-01 
2.314453e+04 0.000000e+00 2.500000e+04 4.827294e-03 0.000000e+00 -1.463665e-03 3.111010e+04 -7.286997e+04 -2.045756e+04 -2.776038e+00 3.340037e+00 4.770862e+01 -9.436173e-01 
2.314453e+04 5.000000e+02 2.500000e+04 4.827475e-03 9.145560e-18 -1.463730e-03 3.111010e+04 -7.286997e+04 -2.045756e+04 -2.776038e+00 4.220664e-10 4.770862e+01 -1.636713e-10 
2.314453e+04 1.000000e+03 2.500000e+04 4.827294e-03 0.000000e+00 -1.463665e-03 3.111010e+04 -7.286997e+04 -2.045756e+04 -2.776038e+00 -3.340037e+00 4.770862e+01 9.436173e-01 
2.324219e+04 0.000000e+00 2.500000e+04 4.571215e-03 0.000000e+00 -1.475564e-03 3.106800e+04 -7.277230e+04 -2.042988e+04 -1.835575e+00 3.263591e+00 4.630620e+01 -5.443886e-01 
2.324219e+04 5.000000e+02 2.500000e+04 4.571389e-03 9.117096e-18 -1.475596e-03 3.106800e+04 -7.277230e+04 -2.042988e+04 -1.835575e+00 4.588697e-10 4.630620e+01 -1.836291e-10 
2.324219e+04 1.000000e+03 2.500000e+04 4.571215e-03 0.000000e+00 -1.475564e-03 3.106800e+04 -7.277230e+04 -2.042988e+04 -1.835575e+00 -3.263591e+00 4.630620e+01 5.443886e-01 
2.333984e+04 0.000000e+00 2.500000e+04 4.315464e-03 0.000000e+00 -1.486808e-03 3.102881e+04 -7.268105e+04 -2.040410e+04 -1.262431e+00 3.264911e+00 4.360518e+01 4.961306e-02 
2.333984e+04 5.000000e+02 2.500000e+04 4.315642e-03 9.126159e-18 -1.486798e-03 3.102881e+04 -7.268105e+04 -2.040410e+04 -1.262431e+00 4.336342e-10 4.360518e+01 -2.054947e-10 
2.333984e+04 1.000000e+03 2.500000e+04 4.315464e-03 0.000000e+00 -1.486808e-03 3.102881e+04 -7.268105e+04 -2.040410e+04 -1.262431e+00 -3.264911e+00 4.360518e+01 -4.961306e-02 
2.343750e+04 0.000000e+00 2.500000e+04 4.060019e-03 0.000000e+00 -1.497396e-03 3.099302e+04 -7.259653e+04 -2.038057e+04 -1.954986e+00 3.353341e+00 4.146748e+01 4.563145e-01 
2.343750e+04 5.000000e+02 2.500000e+04 4.060205e-03 9.159039e-18 -1.497379e-03 3.099302e+04 -7.259653e+04 -2.038057e+04 -1.954986e+00 3.716355e-10 4.146748e+01 -1.745240e-10 
2.343750e+04 1.000000e+03 2.500000e+04 4.060019e-03 0.000000e+00 -1.497396e-03 3.099302e+04 -7.259653e+04 -2.038057e+04 -1.954986e+00 -3.353341e+00 4.146748e+01 -4.563145e-01 
2.353516e+04 0.000000e+00 2.500000e+04 3.804862e-03 0.000000e+00 -1.507319e-03 3.096023e+04 -7.251893e+04 -2.035901e+04 -2.752966e+00 3.485264e+00 4.039138e+01 9.502361e-01 
2.353516e+04 5.000000e+02 2.500000e+04 3.805057e-03 9.138267e-18 -1.507283e-03 3.096023e+04 -7.251893e+04 -2.035901e+04 -2.752966e+00 3.602652e-10 4.039138e+01 -1.650717e-10 
2.353516e+04 1.000000e+03 2.500000e+04 3.804862e-03 0.000000e+00 -1.507319e-03 3.096023e+04 -7.251893e+04 -2.035901e+04 -2.752966e+00 -3.485264e+00 4.039138e+01 -9.502361e-01 
2.363281e+04 0.000000e+00 2.500000e+04 3.549963e-03 0.000000e+00 -1.516593e-03 3.092927e+04 -7.244614e+04 -2.033864e+04 -3.012356e+00 3.592344e+00 3.785052e+01 1.701630e+00 
2.363281e+04 5.000000e+02 2.500000e+04 3.550159e-03 9.082329e-18 -1.516499e-03 3.092927e+04 -7.244614e+04 -2.033864e+04 -3.012356e+00 3.522965e-10 3.785052e+01 -1.909921e-10 
2.363281e+04 1.000000e+03 2.500000e+04 3.549963e-03 0.000000e+00 -1.516593e-03 3.092927e+04 -7.244614e+04 -2.033864e+04 -3.012356e+00 -3.592344e+00 3.785052e+01 -1.701630e+00 
2.373047e+04 0.000000e+00 2.500000e+04 3.295306e-03 0.000000e+00 -1.525204e-03 3.090053e+04 -7.237809e+04 -2.031975e+04 -3.746586e+00 3.711258e+00 3.378600e+01 2.157958e+00 
2.373047e+04 5.000000e+02 2.500000e+04 3.295517e-03 9.008758e-18 -1.525078e-03 3.090053e+04 -7.237809e+04 -2.031975e+04 -3.746586e+00 3.290505e-10 3.378600e+01 -2.179753e-10 
2.373047e+04 1.000000e+03 2.500000e+04 3.295306e-03 0.000000e+00 -1.525204e-03 3.090053e+04 -7.237809e+04 -2.031975e+04 -3.746586e+00 -3.711258e+00 3.378600e+01 -2.157958e+00 
2.382812e+04 0.000000e+00 2.500000e+04 3.040876e-03 0.000000e+00 -1.533139e-03 3.087464e+04 -7.231629e+04 -2.030273e+04 -4.917596e+00 3.759875e+00 3.030272e+01 1.907816e+00 
2.382812e+04 5.000000e+02 2.500000e+04 3.041103e-03 8.944203e-18 -1.533036e-03 3.087464e+04 -7.231629e+04 -2.030273e+04 -4.917596e+00 3.333683e-10 3.030272e+01 -2.247333e-10 
2.382812e+04 1.000000e+03 2.500000e+04 3.040876e-03 0.000000e+00 -1.533139e-03 3.087464e+04 -7.231629e+04 -2.030273e+04 -4.917596e+00 -3.759875e+00 3.030272e+01 -1.907816e+00 
2.392578e+04 0.000000e+00 2.500000e+04 2.786667e-03 0.000000e+00 -1.540393e-03 3.084958e+04 -7.225771e+04 -2.028624e+04 -4.779175e+00 3.627536e+00 2.740123e+01 1.216773e+00 
2.392578e+04 5.000000e+02 2.500000e+04 2.786887e-03 8.919580e-18 -1.540328e-03 3.084958e+04 -7.225771e+04 -2.028624e+04 -4.779175e+00 3.257424e-10 2.740123e+01 -2.018517e-10 
2.392578e+04 1.000000e+03 2.500000e+04 2.786667e-03 0.000000e+00 -1.540393e-03 3.084958e+04 -7.225771e+04 -2.028624e+04 -4.779175e+00 -3.627536e+00 2.740123e+01 -1.216773e+00 
2.402344e+04 0.000000e+00 2.500000e+04 2.532676e-03 0.000000e+00 -1.546997e-03 3.082512e+04 -7.220163e+04 -2.027016e+04 -3.578373e+00 3.383140e+00 2.388626e+01 4.814265e-01 
2.402344e+04 5.000000e+02 2.500000e+04 2.532875e-03 8.945435e-18 -1.546976e-03 3.082512e+04 -7.220163e+04 -2.027016e+04 -3.578373e+00 2.819553e-10 2.388626e+01 -2.024369e-10 
2.402344e+04 1.000000e+03 2.500000e+04 2.532676e-03 0.000000e+00 -1.546997e-03 3.082512e+04 -7.220163e+04 -2.027016e+04 -3.578373e+00 -3.383140e+00 2.388626e+01 -4.814265e-01 
2.412109e+04 0.000000e+00 2.500000e+04 2.278876e-03 0.000000e+00 -1.552967e-03 3.080225e+04 -7.214964e+04 -2.025512e+04 -2.005198e+00 3.093278e+00 2.040634e+01 -1.087963e-01 
2.412109e+04 5.000000e+02 2.500000e+04 2.279048e-03 8.924620e-18 -1.552974e-03 3.080225e+04 -7.214964e+04 -2.025512e+04 -2.005198e+00 2.351395e-10 2.040634e+01 -2.169925e-10 
2.412109e+04 1.000000e+03 2.500000e+04 2.278876e-03 0.000000e+00 -1.552967e-03 3.080225e+04 -7.214964e+04 -2.025512e+04 -2.005198e+00 -3.093278e+00 2.040634e+01 1.087963e-01 
2.421875e+04 0.000000e+00 2.500000e+04 2.025246e-03 0.000000e+00 -1.558299e-03 3.078141e+04 -7.210227e+04 -2.024141e+04 -5.303100e-01 2.756160e+00 1.741978e+01 -5.429969e-01 
2.421875e+04 5.000000e+02 2.500000e+04 2.025393e-03 8.925291e-18 -1.558323e-03 3.078141e+04 -7.210227e+04 -2.024141e+04 -5.303100e-01 1.998269e-10 1.741978e+01 -2.073503e-10 
2.421875e+04 1.000000e+03 2.500000e+04 2.025246e-03 0.000000e+00 -1.558299e-03 3.078141e+04 -7.210227e+04 -2.024141e+04 -5.303100e-01 -2.756160e+00 1.741978e+01 5.429969e-01 
2.431641e+04 0.000000e+00 2.500000e+04 1.771777e-03 0.000000e+00 -1.562986e-03 3.076366e+04 -7.206158e+04 -2.022974e+04 3.464318e-01 2.316092e+00 1.474733e+01 -9.435536e-01 
2.431641e+04 5.000000e+02 2.500000e+04 1.771901e-03 8.910481e-18 -1.563024e-03 3.076366e+04 -7.206158e+04 -2.022974e+04 3.464318e-01 1.694426e-10 1.474733e+01 -1.850042e-10 
2.431641e+04 1.000000e+03 2.500000e+04 1.771777e-03 0.000000e+00 -1.562986e-03 3.076366e+04 -7.206158e+04 -2.022974e+04 3.464318e-01 -2.316092e+00 1.474733e+01 9.435536e-01 
2.441406e+04 0.000000e+00 2.500000e+04 1.518458e-03 0.000000e+00 -1.567041e-03 3.074869e+04 -7.202723e+04 -2.021990e+04 1.064500e+00 1.767386e+00 1.232588e+01 -1.355119e+00 
2.441406e+04 5.000000e+02 2.500000e+04 1.518551e-03 8.892720e-18 -1.567109e-03 3.074869e+04 -7.202723e+04 -2.021990e+04 1.064500e+00 1.440463e-10 1.232588e+01 -1.649439e-10 
2.441406e+04 1.000000e+03 2.500000e+04 1.518458e-03 0.000000e+00 -1.567041e-03 3.074869e+04 -7.202723e+04 -2.021990e+04 1.064500e+00 -1.767386e+00 1.232588e+01 1.355119e+00 
2.451172e+04 0.000000e+00 2.500000e+04 1.265255e-03 0.000000e+00 -1.570496e-03 3.073615e+04 -7.199828e+04 -2.021166e+04 1.472360e+00 1.231375e+00 1.054060e+01 -1.570458e+00 
2.451172e+04 5.000000e+02 2.500000e+04 1.265312e-03 8.892526e-18 -1.570585e-03 3.073615e+04 -7.199828e+04 -2.021166e+04 1.472360e+00 1.222890e-10 1.054060e+01 -1.718841e-10 
2.451172e+04 1.000000e+03 2.500000e+04 1.265255e-03 0.000000e+00 -1.570496e-03 3.073615e+04 -7.199828e+04 -2.021166e+04 1.472360e+00 -1.231375e+00 1.054060e+01 1.570458e+00 
2.460938e+04 0.000000e+00 2.500000e+04 1.012136e-03 0.000000e+00 -1.573346e-03 3.072712e+04 -7.197642e+04 -2.020571e+04 7.821444e-01 7.734738e-01 9.211544e+00 -1.311103e+00 
2.460938e+04 5.000000e+02 2.500000e+04 1.012153e-03 8.910332e-18 -1.573422e-03 3.072712e+04 -7.197642e+04 -2.020571e+04 7.821444e-01 9.582207e-11 9.211544e+00 -1.825566e-10 
2.460938e+04 1.000000e+03 2.500000e+04 1.012136e-03 0.000000e+00 -1.573346e-03 3.072712e+04 -7.197642e+04 -2.020571e+04 7.821444e-01 -7.734738e-01 9.211544e+00 1.311103e+00 
2.470703e+04 0.000000e+00 2.500000e+04 7.590769e-04 0.000000e+00 -1.575585e-03 3.072197e+04 -7.196261e+04 -2.020233e+04 -9.836449e-01 3.705938e-01 7.425877e+00 -4.604761e-01 
2.470703e+04 5.000000e+02 2.500000e+04 7.590696e-04 8.902631e-18 -1.575618e-03 3.072197e+04 -7.196261e+04 -2.020233e+04 -9.836449e-01 7.119121e-11 7.425877e+00 -1.897694e-10 
2.470703e+04 1.000000e+03 2.500000e+04 7.590769e-04 0.000000e+00 -1.575585e-03 3.072197e+04 -7.196261e+04 -2.020233e+04 -9.836449e-01 -3.705938e-01 7.425877e+00 4.604761e-01 
2.480469e+04 0.000000e+00 2.500000e+04 5.060549e-04 0.000000e+00 -1.577222e-03 3.071961e+04 -7.195533e+04 -2.020078e+04 -2.728399e+00 1.112855e-02 5.466730e+00 8.819501e-01 
2.480469e+04 5.000000e+02 2.500000e+04 5.060251e-04 8.892050e-18 -1.577181e-03 3.071961e+04 -7.195533e+04 -2.020078e+04 -2.728399e+00 4.940529e-11 5.466730e+00 -1.979304e-10 
2.480469e+04 1.000000e+03 2.500000e+04 5.060549e-04 0.000000e+00 -1.577222e-03 3.071961e+04 -7.195533e+04 -2.020078e+04 -2.728399e+00 -1.112855e-02 5.466730e+00 -8.819501e-01 
2.490234e+04 0.000000e+00 2.500000e+04 2.530300e-04 0.000000e+00 -1.578232e-03 3.071747e+04 -7.194937e+04 -2.019937e+04 -3.656892e+00 -1.549274e-01 3.044212e+00 2.402843e+00 
2.490234e+04 5.000000e+02 2.500000e+04 2.529931e-04 8.892674e-18 -1.578103e-03 3.071747e+04 -7.194937e+04 -2.019937e+04 -3.656892e+00 2.628409e-11 3.044212e+00 -2.000475e-10 
2.490234e+04 1.000000e+03 2.500000e+04 2.530300e-04 0.000000e+00 -1.578232e-03 3.071747e+04 -7.194937e+04 -2.019937e+04 -3.656892e+00 1.549274e-01 3.044212e+00 -2.402843e+00 
2.500000e+04 0.000000e+00 2.500000e+04 0.000000e+00 0.000000e+00 -1.578599e-03 3.071604e+04 -7.194579e+04 -2.019843e+04 -3.907654e+00 -1.526314e-01 1.478711e+00 3.156263e+00 
2.500000e+04 5.000000e+02 2.500000e+04 0.000000e+00 8.906633e-18 -1.578402e-03 3.071604e+04 -7.194579e+04 -2.019843e+04 -3.907654e+00 1.453769e-11 1.478711e+00 -2.025324e-10 
2.500000e+04 1.000000e+03 2.500000e+04 0.000000e+00 0.000000e+00 -1.578599e-03 3.071604e+04 -7.194579e+04 -2.019843e+04 -3.907654e+00 1.526314e-01 1.478711e+00 -3.156263e+00 
