3.906250e+01 3.906250e+01 2.460938e+03 -6.015262e-06 -2.728083e-06 -1.072972e-05 -1.550995e-08 1.210666e-08 3.557031e-09
3.906250e+01 1.171875e+02 2.460938e+03 -6.031953e-06 -2.732187e-06 -1.072513e-05 -1.255042e-08 1.923073e-08 1.103991e-09
3.906250e+01 1.953125e+02 2.460938e+03 -6.015580e-06 -2.755947e-06 -1.072618e-05 -7.434560e-09 2.685990e-08 2.217306e-09
3.906250e+01 2.734375e+02 2.460938e+03 -5.975939e-06 -2.795452e-06 -1.072940e-05 -3.016308e-10 3.467801e-08 4.117675e-09
3.906250e+01 3.515625e+02 2.460938e+03 -5.913858e-06 -2.849508e-06 -1.073477e-05 8.204177e-09 4.257325e-08 6.570629e-09
3.906250e+01 4.296875e+02 2.460938e+03 -5.828620e-06 -2.917875e-06 -1.074282e-05 1.742781e-08 5.003351e-08 9.784573e-09
3.906250e+01 5.078125e+02 2.460938e+03 -5.718979e-06 -2.999396e-06 -1.075478e-05 2.672075e-08 5.694249e-08 1.439127e-08
3.906250e+01 5.859375e+02 2.460938e+03 -5.583221e-06 -3.090965e-06 -1.077220e-05 3.534173e-08 6.424894e-08 2.155227e-08
3.906250e+01 6.640625e+02 2.460938e+03 -5.420013e-06 -3.186342e-06 -1.079791e-05 4.196909e-08 7.358449e-08 3.301840e-08
3.906250e+01 7.421875e+02 2.460938e+03 -5.229010e-06 -3.271562e-06 -1.083630e-05 4.472099e-08 8.774753e-08 5.283468e-08
3.906250e+01 8.203125e+02 2.460938e+03 -5.011381e-06 -3.313427e-06 -1.090205e-05 4.240990e-08 1.137073e-07 9.129927e-08
3.906250e+01 8.984375e+02 2.460938e+03 -4.767740e-06 -3.246378e-06 -1.098078e-05 3.677799e-08 1.746785e-07 1.854613e-07
3.906250e+01 9.765625e+02 2.460938e+03 -4.480287e-06 -2.825997e-06 -1.125120e-05 1.003893e-07 3.711898e-07 4.984101e-07
3.906250e+01 1.054688e+03 2.460938e+03 -4.172120e-06 -2.055173e-06 -9.270608e-06 4.252622e-07 1.235025e-06 2.869823e-06
3.906250e+01 1.132812e+03 2.460938e+03 -3.913396e-06 -9.481580e-08 -3.158285e-06 4.934293e-07 1.155492e-06 4.230312e-06
3.906250e+01 1.210938e+03 2.460938e+03 -3.588981e-06 1.047557e-06 5.936749e-07 2.770289e-07 2.732952e-07 8.555877e-07
3.906250e+01 1.289062e+03 2.460938e+03 -3.167811e-06 1.618754e-06 3.989393e-07 1.912399e-07 1.480289e-07 2.974639e-07
3.906250e+01 1.367188e+03 2.460938e+03 -2.789440e-06 1.759205e-06 2.948308e-07 1.734541e-07 9.465979e-08 1.422918e-07
3.906250e+01 1.445312e+03 2.460938e+03 -2.469285e-06 1.743175e-06 2.083168e-07 1.566385e-07 6.353381e-08 8.077044e-08
3.906250e+01 1.523438e+03 2.460938e+03 -2.194022e-06 1.659528e-06 1.546095e-07 1.385165e-07 4.469420e-08 4.992304e-08
3.906250e+01 1.601562e+03 2.460938e+03 -1.957521e-06 1.551351e-06 1.177289e-07 1.207943e-07 3.231028e-08 3.278851e-08
3.906250e+01 1.679688e+03 2.460938e+03 -1.754134e-06 1.437659e-06 9.200619e-08 1.045307e-07 2.396118e-08 2.257424e-08
3.906250e+01 1.757812e+03 2.460938e+03 -1.578944e-06 1.327287e-06 7.344134e-08 9.025151e-08 1.818629e-08 1.604501e-08
3.906250e+01 1.835938e+03 2.460938e+03 -1.427684e-06 1.224050e-06 5.963460e-08 7.790184e-08 1.394144e-08 1.173101e-08
3.906250e+01 1.914062e+03 2.460938e+03 -1.296636e-06 1.129292e-06 4.912439e-08 6.744560e-08 1.084173e-08 8.857338e-09
3.906250e+01 1.992188e+03 2.460938e+03 -1.182399e-06 1.043213e-06 4.107757e-08 5.863466e-08 8.633779e-09 6.828367e-09
3.906250e+01 2.070312e+03 2.460938e+03 -1.082496e-06 9.654166e-07 3.468571e-08 5.103596e-08 6.902904e-09 5.223826e-09
3.906250e+01 2.148438e+03 2.460938e+03 -9.948019e-07 8.952867e-07 2.947906e-08 4.470220e-08 5.470545e-09 4.152815e-09
3.906250e+01 2.226562e+03 2.460938e+03 -9.172857e-07 8.321089e-07 2.542067e-08 3.939002e-08 4.494071e-09 3.476253e-09
3.906250e+01 2.304688e+03 2.460938e+03 -8.485670e-07 7.749763e-07 2.211888e-08 3.484396e-08 3.785733e-09 2.752319e-09
3.906250e+01 2.382812e+03 2.460938e+03 -7.873774e-07 7.232704e-07 1.924917e-08 3.097915e-08 3.038921e-09 2.227916e-09
3.906250e+01 2.460938e+03 2.460938e+03 -7.325900e-07 6.765341e-07 1.690719e-08 2.760498e-08 2.479140e-09 1.941624e-09
3.906250e+01 2.539062e+03 2.460938e+03 -6.834317e-07 6.341143e-07 1.498491e-08 2.469577e-08 2.112810e-09 1.569367e-09
3.906250e+01 2.617188e+03 2.460938e+03 -6.391598e-07 5.954946e-07 1.328324e-08 2.220787e-08 1.718225e-09 1.323323e-09
3.906250e+01 2.695312e+03 2.460938e+03 -5.990719e-07 5.602726e-07 1.187000e-08 2.006063e-08 1.425052e-09 1.200447e-09
3.906250e+01 2.773438e+03 2.460938e+03 -5.626957e-07 5.280441e-07 1.069299e-08 1.812613e-08 1.207907e-09 9.725709e-10
3.906250e+01 2.851562e+03 2.460938e+03 -5.296788e-07 4.985504e-07 9.588356e-09 1.640873e-08 9.436796e-10 8.247566e-10
3.906250e+01 2.929688e+03 2.460938e+03 -4.994898e-07 4.714903e-07 8.656913e-09 1.498687e-08 7.730372e-10 7.775711e-10
3.906250e+01 3.007812e+03 2.460938e+03 -4.717657e-07 4.465444e-07 7.896235e-09 1.368547e-08 6.920992e-10 6.465484e-10
3.906250e+01 3.085938e+03 2.460938e+03 -4.464117e-07 4.235624e-07 7.153488e-09 1.249930e-08 5.339936e-10 5.374417e-10
3.906250e+01 3.164062e+03 2.460938e+03 -4.231127e-07 4.023138e-07 6.519054e-09 1.152089e-08 3.795445e-10 5.425712e-10
3.906250e+01 3.242188e+03 2.460938e+03 -4.015272e-07 3.825806e-07 6.015970e-09 1.062668e-08 3.346155e-10 4.901799e-10
3.906250e+01 3.320312e+03 2.460938e+03 -3.815722e-07 3.642978e-07 5.494808e-09 9.747704e-09 2.459283e-10 3.581602e-10
3.906250e+01 3.398438e+03 2.460938e+03 -3.631603e-07 3.473265e-07 5.003058e-09 8.953720e-09 9.355399e-11 3.338549e-10
3.906250e+01 3.476562e+03 2.460938e+03 -3.460589e-07 3.315435e-07 4.638623e-09 8.283292e-09 5.090677e-11 3.602971e-10
3.906250e+01 3.554688e+03 2.460938e+03 -3.301029e-07 3.168083e-07 4.325242e-09 7.676104e-09 6.887647e-11 2.924271e-10
3.906250e+01 3.632812e+03 2.460938e+03 -3.152601e-07 3.030070e-07 4.003012e-09 7.091715e-09 9.998339e-12 2.329958e-10
3.906250e+01 3.710938e+03 2.460938e+03 -3.014812e-07 2.901303e-07 3.694959e-09 6.545282e-09 -5.281413e-11 2.344693e-10
3.906250e+01 3.789062e+03 2.460938e+03 -2.886104e-07 2.780881e-07 3.425976e-09 6.098485e-09 -2.763214e-11 2.251203e-10
3.906250e+01 3.867188e+03 2.460938e+03 -2.764965e-07 2.667690e-07 3.199523e-09 5.711949e-09 1.538873e-11 1.959215e-10
3.906250e+01 3.945312e+03 2.460938e+03 -2.651620e-07 2.561232e-07 2.978567e-09 5.316426e-09 5.320437e-12 1.587437e-10
3.906250e+01 4.023438e+03 2.460938e+03 -2.545869e-07 2.461285e-07 2.773164e-09 4.986282e-09 -7.390365e-12 1.563528e-10
3.906250e+01 4.101562e+03 2.460938e+03 -2.446156e-07 2.367303e-07 2.603612e-09 4.733704e-09 2.238597e-11 1.622421e-10
3.906250e+01 4.179688e+03 2.460938e+03 -2.351780e-07 2.278214e-07 2.417948e-09 4.502325e-09 3.751452e-11 1.407792e-10
3.906250e+01 4.257812e+03 2.460938e+03 -2.262650e-07 2.193728e-07 2.235098e-09 4.256842e-09 -1.137498e-11 1.288042e-10
3.906250e+01 4.335938e+03 2.460938e+03 -2.178595e-07 2.114039e-07 2.108479e-09 3.983599e-09 -7.260972e-11 1.229542e-10
3.906250e+01 4.414062e+03 2.460938e+03 -2.099698e-07 2.038886e-07 2.013061e-09 3.696053e-09 -6.549735e-11 1.129994e-10
3.906250e+01 4.492188e+03 2.460938e+03 -2.025394e-07 1.968004e-07 1.902866e-09 3.462633e-09 -1.487350e-11 8.252159e-11
3.906250e+01 4.570312e+03 2.460938e+03 -1.954906e-07 1.900921e-07 1.775969e-09 3.272914e-09 -5.298367e-12 5.793997e-11
3.906250e+01 4.648438e+03 2.460938e+03 -1.888188e-07 1.836859e-07 1.663652e-09 3.104501e-09 -3.824361e-11 6.746809e-11
3.906250e+01 4.726562e+03 2.460938e+03 -1.824874e-07 1.776001e-07 1.593079e-09 2.957769e-09 -5.302021e-11 8.307403e-11
3.906250e+01 4.804688e+03 2.460938e+03 -1.764639e-07 1.718421e-07 1.552350e-09 2.822177e-09 -2.953317e-11 8.314830e-11
3.906250e+01 4.882812e+03 2.460938e+03 -1.707533e-07 1.663626e-07 1.476986e-09 2.715773e-09 1.346845e-12 5.460163e-11
3.906250e+01 4.960938e+03 2.460938e+03 -1.653325e-07 1.611627e-07 1.541468e-09 2.607650e-09 -6.326524e-11 1.496880e-10
1.171875e+02 3.906250e+01 2.460938e+03 -5.977405e-06 -2.736606e-06 -1.074065e-05 -2.428903e-08 2.908763e-08 1.296637e-08
1.171875e+02 1.171875e+02 2.460938e+03 -5.990355e-06 -2.729174e-06 -1.072675e-05 9.558364e-09 2.634127e-08 2.790611e-09
1.171875e+02 1.953125e+02 2.460938e+03 -5.972360e-06 -2.745203e-06 -1.072807e-05 3.682889e-08 3.061933e-08 2.925193e-09
1.171875e+02 2.734375e+02 2.460938e+03 -5.928413e-06 -2.780162e-06 -1.073120e-05 6.508232e-08 3.599658e-08 4.248284e-09
1.171875e+02 3.515625e+02 2.460938e+03 -5.862224e-06 -2.831154e-06 -1.073621e-05 9.581130e-08 4.107276e-08 5.614727e-09
1.171875e+02 4.296875e+02 2.460938e+03 -5.773606e-06 -2.897447e-06 -1.074351e-05 1.295139e-07 4.546605e-08 7.734420e-09
1.171875e+02 5.078125e+02 2.460938e+03 -5.660655e-06 -2.977914e-06 -1.075424e-05 1.664124e-07 4.934036e-08 1.113451e-08
1.171875e+02 5.859375e+02 2.460938e+03 -5.520991e-06 -3.069662e-06 -1.076991e-05 2.064807e-07 5.310599e-08 1.661751e-08
1.171875e+02 6.640625e+02 2.460938e+03 -5.351589e-06 -3.166707e-06 -1.079336e-05 2.490684e-07 5.784174e-08 2.544735e-08
1.171875e+02 7.421875e+02 2.460938e+03 -5.149510e-06 -3.255119e-06 -1.082851e-05 2.936410e-07 6.559094e-08 4.106143e-08
1.171875e+02 8.203125e+02 2.460938e+03 -4.912218e-06 -3.297749e-06 -1.089354e-05 3.402713e-07 8.177788e-08 7.315840e-08
1.171875e+02 8.984375e+02 2.460938e+03 -4.638818e-06 -3.214423e-06 -1.095220e-05 3.985329e-07 1.213282e-07 1.645681e-07
1.171875e+02 9.765625e+02 2.460938e+03 -4.356720e-06 -2.629758e-06 -1.128994e-05 4.902719e-07 2.378275e-07 5.418523e-07
1.171875e+02 1.054688e+03 2.460938e+03 -4.057124e-06 -1.499936e-06 -8.334309e-06 5.397018e-07 2.348720e-07 3.675580e-06
1.171875e+02 1.132812e+03 2.460938e+03 -3.657634e-06 -4.011837e-07 -2.042850e-06 5.731869e-07 1.838358e-07 3.659744e-06
1.171875e+02 1.210938e+03 2.460938e+03 -3.273027e-06 8.307450e-07 6.787199e-07 6.418740e-07 1.659152e-07 7.341485e-07
1.171875e+02 1.289062e+03 2.460938e+03 -2.970754e-06 1.562176e-06 3.672570e-07 5.810567e-07 9.014554e-08 2.621108e-07
1.171875e+02 1.367188e+03 2.460938e+03 -2.663591e-06 1.719328e-06 2.927670e-07 4.987759e-07 6.138028e-08 1.262789e-07
1.171875e+02 1.445312e+03 2.460938e+03 -2.374627e-06 1.706134e-06 2.088476e-07 4.325459e-07 4.265927e-08 7.402319e-08
1.171875e+02 1.523438e+03 2.460938e+03 -2.120121e-06 1.624222e-06 1.575470e-07 3.745135e-07 2.975673e-08 4.698360e-08
1.171875e+02 1.601562e+03 2.460938e+03 -1.898647e-06 1.518990e-06 1.212032e-07 3.237254e-07 2.111427e-08 3.164535e-08
1.171875e+02 1.679688e+03 2.460938e+03 -1.706815e-06 1.408974e-06 9.559934e-08 2.796491e-07 1.532646e-08 2.217404e-08
1.171875e+02 1.757812e+03 2.460938e+03 -1.540724e-06 1.302533e-06 7.674868e-08 2.418613e-07 1.129902e-08 1.590468e-08
1.171875e+02 1.835938e+03 2.460938e+03 -1.396628e-06 1.202830e-06 6.258295e-08 2.096779e-07 8.428183e-09 1.176198e-08
1.171875e+02 1.914062e+03 2.460938e+03 -1.271087e-06 1.111229e-06 5.172897e-08 1.824434e-07 6.418911e-09 8.948748e-09
1.171875e+02 1.992188e+03 2.460938e+03 -1.161433e-06 1.027939e-06 4.334779e-08 1.594747e-07 4.927503e-09 6.888190e-09
1.171875e+02 2.070312e+03 2.460938e+03 -1.065193e-06 9.524063e-07 3.662138e-08 1.398347e-07 3.785157e-09 5.221937e-09
1.171875e+02 2.148438e+03 2.460938e+03 -9.803288e-07 8.842376e-07 3.107285e-08 1.232336e-07 2.981594e-09 4.199314e-09
1.171875e+02 2.226562e+03 2.460938e+03 -9.052437e-07 8.228131e-07 2.686865e-08 1.091228e-07 2.408968e-09 3.606278e-09
1.171875e+02 2.304688e+03 2.460938e+03 -8.384121e-07 7.670585e-07 2.342183e-08 9.698948e-08 1.940402e-09 2.760239e-09
1.171875e+02 2.382812e+03 2.460938e+03 -7.786954e-07 7.163475e-07 2.028326e-08 8.665543e-08 1.521969e-09 2.187565e-09
1.171875e+02 2.460938e+03 2.460938e+03 -7.252075e-07 6.705502e-07 1.780187e-08 7.763715e-08 1.236740e-09 2.000462e-09
1.171875e+02 2.539062e+03 2.460938e+03 -6.771410e-07 6.290277e-07 1.579180e-08 6.979580e-08 1.006104e-09 1.572121e-09
1.171875e+02 2.617188e+03 2.460938e+03 -6.337454e-07 5.910024e-07 1.397208e-08 6.304464e-08 7.678779e-10 1.326351e-09
1.171875e+02 2.695312e+03 2.460938e+03 -5.943867e-07 5.562969e-07 1.251124e-08 5.711325e-08 6.765856e-10 1.242371e-09
1.171875e+02 2.773438e+03 2.460938e+03 -5.586365e-07 5.246363e-07 1.123438e-08 5.182873e-08 5.600373e-10 8.947402e-10
1.171875e+02 2.851562e+03 2.460938e+03 -5.261196e-07 4.955290e-07 9.982071e-09 4.720329e-08 3.293265e-10 7.983022e-10
1.171875e+02 2.929688e+03 2.460938e+03 -4.963929e-07 4.687571e-07 9.057681e-09 4.323910e-08 2.720808e-10 8.785803e-10
1.171875e+02 3.007812e+03 2.460938e+03 -4.690846e-07 4.441861e-07 8.302399e-09 3.959693e-08 3.063768e-10 6.103274e-10
1.171875e+02 3.085938e+03 2.460938e+03 -4.440608e-07 4.215050e-07 7.415266e-09 3.627559e-08 1.850713e-10 4.439332e-10
1.171875e+02 3.164062e+03 2.460938e+03 -4.210492e-07 4.004192e-07 6.741828e-09 3.348937e-08 6.276673e-11 6.135175e-10
1.171875e+02 3.242188e+03 2.460938e+03 -3.996882e-07 3.808534e-07 6.318462e-09 3.096564e-08 8.277315e-11 5.269655e-10
1.171875e+02 3.320312e+03 2.460938e+03 -3.799517e-07 3.627360e-07 5.729602e-09 2.854928e-08 6.609611e-11 2.425645e-10
1.171875e+02 3.398438e+03 2.460938e+03 -3.617410e-07 3.458938e-07 5.127749e-09 2.641925e-08 -5.770367e-11 3.137345e-10
1.171875e+02 3.476562e+03 2.460938e+03 -3.447956e-07 3.302490e-07 4.808199e-09 2.455457e-08 -9.188619e-11 4.559644e-10
1.171875e+02 3.554688e+03 2.460938e+03 -3.289902e-07 3.156421e-07 4.519935e-09 2.281475e-08 -3.417950e-11 2.656009e-10
1.171875e+02 3.632812e+03 2.460938e+03 -3.142902e-07 3.019338e-07 4.104429e-09 2.117370e-08 -7.485641e-11 1.327345e-10
1.171875e+02 3.710938e+03 2.460938e+03 -3.006110e-07 2.891723e-07 3.746974e-09 1.970428e-08 -1.434857e-10 2.497686e-10
1.171875e+02 3.789062e+03 2.460938e+03 -2.877922e-07 2.772614e-07 3.527342e-09 1.846647e-08 -9.393885e-11 2.854045e-10
1.171875e+02 3.867188e+03 2.460938e+03 -2.757730e-07 2.660084e-07 3.329472e-09 1.731656e-08 -2.218759e-11 1.690973e-10
1.171875e+02 3.945312e+03 2.460938e+03 -2.645204e-07 2.554286e-07 3.027303e-09 1.617465e-08 -3.823656e-11 9.054411e-11
1.171875e+02 4.023438e+03 2.460938e+03 -2.539707e-07 2.455391e-07 2.762236e-09 1.518228e-08 -8.310909e-11 1.740200e-10
1.171875e+02 4.101562e+03 2.460938e+03 -2.440503e-07 2.362211e-07 2.651692e-09 1.434569e-08 -6.921081e-11 2.207411e-10
1.171875e+02 4.179688e+03 2.460938e+03 -2.346546e-07 2.273466e-07 2.487389e-09 1.356213e-08 -2.442749e-11 1.296884e-10
1.171875e+02 4.257812e+03 2.460938e+03 -2.257650e-07 2.188765e-07 2.243500e-09 1.280513e-08 -2.601302e-11 9.395314e-11
1.171875e+02 4.335938e+03 2.460938e+03 -2.174205e-07 2.108694e-07 2.093065e-09 1.204610e-08 -7.118514e-11 1.214362e-10
1.171875e+02 4.414062e+03 2.460938e+03 -2.095614e-07 2.033980e-07 2.030280e-09 1.132165e-08 -7.606930e-11 1.388698e-10
1.171875e+02 4.492188e+03 2.460938e+03 -2.021314e-07 1.964050e-07 1.937822e-09 1.070790e-08 -4.025930e-11 7.276286e-11
1.171875e+02 4.570312e+03 2.460938e+03 -1.951133e-07 1.897456e-07 1.793930e-09 1.015245e-08 -3.200763e-11 2.074810e-11
1.171875e+02 4.648438e+03 2.460938e+03 -1.884523e-07 1.833582e-07 1.670337e-09 9.614121e-09 -3.170464e-11 4.280395e-11
1.171875e+02 4.726562e+03 2.460938e+03 -1.821670e-07 1.773071e-07 1.591696e-09 9.121490e-09 -1.962402e-11 6.072265e-11
1.171875e+02 4.804688e+03 2.460938e+03 -1.762158e-07 1.716058e-07 1.545704e-09 8.692453e-09 -1.249690e-11 8.196151e-11
1.171875e+02 4.882812e+03 2.460938e+03 -1.705043e-07 1.661811e-07 1.498744e-09 8.300741e-09 1.699590e-11 5.533391e-11
1.171875e+02 4.960938e+03 2.460938e+03 -1.650698e-07 1.609529e-07 1.413497e-09 7.929324e-09 2.397922e-11 2.135376e-11
1.953125e+02 3.906250e+01 2.460938e+03 -5.897889e-06 -2.721619e-06 -1.077450e-05 -3.546236e-08 5.689706e-08 2.498009e-08
1.953125e+02 1.171875e+02 2.460938e+03 -5.907567e-06 -2.707192e-06 -1.075891e-05 2.601741e-08 4.873525e-08 1.017408e-08
1.953125e+02 1.953125e+02 2.460938e+03 -5.883240e-06 -2.715484e-06 -1.076486e-05 7.730528e-08 5.286407e-08 9.111202e-09
1.953125e+02 2.734375e+02 2.460938e+03 -5.835135e-06 -2.743943e-06 -1.077097e-05 1.266633e-07 5.827881e-08 8.628931e-09
1.953125e+02 3.515625e+02 2.460938e+03 -5.766610e-06 -2.789282e-06 -1.077845e-05 1.787923e-07 6.293274e-08 8.180910e-09
1.953125e+02 4.296875e+02 2.460938e+03 -5.677723e-06 -2.850212e-06 -1.078745e-05 2.359669e-07 6.648900e-08 9.112959e-09
1.953125e+02 5.078125e+02 2.460938e+03 -5.565969e-06 -2.925337e-06 -1.079934e-05 2.993894e-07 6.913778e-08 1.169140e-08
1.953125e+02 5.859375e+02 2.460938e+03 -5.427751e-06 -3.011919e-06 -1.081618e-05 3.696032e-07 7.143839e-08 1.661137e-08
1.953125e+02 6.640625e+02 2.460938e+03 -5.259284e-06 -3.103794e-06 -1.084107e-05 4.468518e-07 7.421461e-08 2.535236e-08
1.953125e+02 7.421875e+02 2.460938e+03 -5.055428e-06 -3.186581e-06 -1.087885e-05 5.307967e-07 7.857372e-08 4.195048e-08
1.953125e+02 8.203125e+02 2.460938e+03 -4.810681e-06 -3.220998e-06 -1.094781e-05 6.205347e-07 8.713800e-08 7.961555e-08
1.953125e+02 8.984375e+02 2.460938e+03 -4.524468e-06 -3.113847e-06 -1.101884e-05 7.141310e-07 1.052884e-07 1.926349e-07
1.953125e+02 9.765625e+02 2.460938e+03 -4.194305e-06 -2.499418e-06 -1.132298e-05 7.973024e-07 1.137625e-07 6.381389e-07
1.953125e+02 1.054688e+03 2.460938e+03 -3.820479e-06 -1.452947e-06 -8.478399e-06 8.665909e-07 1.105850e-07 3.633414e-06
1.953125e+02 1.132812e+03 2.460938e+03 -3.441466e-06 -3.300512e-07 -2.194347e-06 9.156628e-07 9.866455e-08 3.648800e-06
1.953125e+02 1.210938e+03 2.460938e+03 -3.092252e-06 7.668282e-07 6.733227e-07 9.212447e-07 8.036649e-08 6.678830e-07
1.953125e+02 1.289062e+03 2.460938e+03 -2.780389e-06 1.458622e-06 3.527429e-07 8.789975e-07 6.334797e-08 2.391205e-07
1.953125e+02 1.367188e+03 2.460938e+03 -2.499931e-06 1.629103e-06 2.728136e-07 7.897571e-07 4.510193e-08 1.122172e-07
1.953125e+02 1.445312e+03 2.460938e+03 -2.241849e-06 1.626570e-06 1.931573e-07 6.908011e-07 3.294053e-08 6.485536e-08
1.953125e+02 1.523438e+03 2.460938e+03 -2.011433e-06 1.554044e-06 1.456372e-07 5.989504e-07 2.388717e-08 4.138702e-08
1.953125e+02 1.601562e+03 2.460938e+03 -1.809676e-06 1.457785e-06 1.124976e-07 5.176607e-07 1.739863e-08 2.833789e-08
1.953125e+02 1.679688e+03 2.460938e+03 -1.634010e-06 1.356299e-06 8.927341e-08 4.474448e-07 1.276734e-08 2.011340e-08
1.953125e+02 1.757812e+03 2.460938e+03 -1.481046e-06 1.257623e-06 7.202532e-08 3.874389e-07 9.405214e-09 1.464702e-08
1.953125e+02 1.835938e+03 2.460938e+03 -1.347424e-06 1.164604e-06 5.908664e-08 3.365292e-07 7.044126e-09 1.102469e-08
1.953125e+02 1.914062e+03 2.460938e+03 -1.230458e-06 1.078828e-06 4.912523e-08 2.933924e-07 5.369688e-09 8.415768e-09
1.953125e+02 1.992188e+03 2.460938e+03 -1.127694e-06 1.000534e-06 4.131656e-08 2.569615e-07 4.090260e-09 6.514108e-09
1.953125e+02 2.070312e+03 2.460938e+03 -1.036963e-06 9.290135e-07 3.507701e-08 2.258932e-07 3.138581e-09 5.003745e-09
1.953125e+02 2.148438e+03 2.460938e+03 -9.566187e-07 8.642657e-07 2.987256e-08 1.994454e-07 2.454312e-09 4.077427e-09
1.953125e+02 2.226562e+03 2.460938e+03 -8.851926e-07 8.058574e-07 2.595604e-08 1.769768e-07 1.912171e-09 3.547647e-09
1.953125e+02 2.304688e+03 2.460938e+03 -8.213959e-07 7.524726e-07 2.274092e-08 1.576647e-07 1.521008e-09 2.678578e-09
1.953125e+02 2.382812e+03 2.460938e+03 -7.641668e-07 7.036816e-07 1.968565e-08 1.410331e-07 1.231668e-09 2.069322e-09
1.953125e+02 2.460938e+03 2.460938e+03 -7.127840e-07 6.596309e-07 1.731928e-08 1.265278e-07 9.883825e-10 1.972964e-09
1.953125e+02 2.539062e+03 2.460938e+03 -6.664836e-07 6.195549e-07 1.543348e-08 1.139725e-07 7.614664e-10 1.598900e-09
1.953125e+02 2.617188e+03 2.460938e+03 -6.244256e-07 5.826280e-07 1.370644e-08 1.031003e-07 5.673121e-10 1.316553e-09
1.953125e+02 2.695312e+03 2.460938e+03 -5.862662e-07 5.489639e-07 1.233842e-08 9.350533e-08 5.100038e-10 1.219827e-09
1.953125e+02 2.773438e+03 2.460938e+03 -5.516559e-07 5.182844e-07 1.104368e-08 8.500901e-08 4.118668e-10 8.479420e-10
1.953125e+02 2.851562e+03 2.460938e+03 -5.199630e-07 4.898332e-07 9.795816e-09 7.752180e-08 2.144341e-10 8.084186e-10
1.953125e+02 2.929688e+03 2.460938e+03 -4.908826e-07 4.636358e-07 8.984489e-09 7.101887e-08 1.784088e-10 9.508989e-10
1.953125e+02 3.007812e+03 2.460938e+03 -4.643095e-07 4.397498e-07 8.242971e-09 6.512983e-08 2.038079e-10 5.627779e-10
1.953125e+02 3.085938e+03 2.460938e+03 -4.398741e-07 4.175502e-07 7.306838e-09 5.977202e-08 9.302426e-11 3.805993e-10
1.953125e+02 3.164062e+03 2.460938e+03 -4.172485e-07 3.967832e-07 6.694490e-09 5.521343e-08 9.208841e-12 6.816412e-10
1.953125e+02 3.242188e+03 2.460938e+03 -3.963383e-07 3.776178e-07 6.355194e-09 5.108978e-08 4.576179e-11 5.173818e-10
1.953125e+02 3.320312e+03 2.460938e+03 -3.770263e-07 3.598356e-07 5.734093e-09 4.715299e-08 2.773752e-11 1.283536e-10
1.953125e+02 3.398438e+03 2.460938e+03 -3.591183e-07 3.432034e-07 5.092655e-09 4.369553e-08 -9.790329e-11 3.353943e-10
1.953125e+02 3.476562e+03 2.460938e+03 -3.424176e-07 3.277961e-07 4.851429e-09 4.065835e-08 -1.295392e-10 5.497992e-10
1.953125e+02 3.554688e+03 2.460938e+03 -3.268651e-07 3.134360e-07 4.588410e-09 3.782360e-08 -5.051621e-11 2.100081e-10
1.953125e+02 3.632812e+03 2.460938e+03 -3.124220e-07 2.999316e-07 4.087952e-09 3.516634e-08 -6.850493e-11 3.368517e-11
1.953125e+02 3.710938e+03 2.460938e+03 -2.989385e-07 2.873596e-07 3.732640e-09 3.278383e-08 -1.426763e-10 2.956332e-10
1.953125e+02 3.789062e+03 2.460938e+03 -2.862834e-07 2.756358e-07 3.592266e-09 3.072572e-08 -1.263007e-10 3.548481e-10
1.953125e+02 3.867188e+03 2.460938e+03 -2.743934e-07 2.645279e-07 3.394689e-09 2.880383e-08 -7.479424e-11 1.220893e-10
1.953125e+02 3.945312e+03 2.460938e+03 -2.632606e-07 2.540782e-07 3.012166e-09 2.696136e-08 -7.414982e-11 3.547007e-11
1.953125e+02 4.023438e+03 2.460938e+03 -2.528177e-07 2.443214e-07 2.734180e-09 2.532086e-08 -9.725123e-11 2.364590e-10
1.953125e+02 4.101562e+03 2.460938e+03 -2.429521e-07 2.351204e-07 2.714416e-09 2.390672e-08 -8.017306e-11 3.011220e-10
1.953125e+02 4.179688e+03 2.460938e+03 -2.336394e-07 2.263293e-07 2.592839e-09 2.259194e-08 -3.696330e-11 9.792538e-11
1.953125e+02 4.257812e+03 2.460938e+03 -2.248647e-07 2.178923e-07 2.289477e-09 2.131017e-08 -3.975099e-11 2.419695e-11
1.953125e+02 4.335938e+03 2.460938e+03 -2.165796e-07 2.099138e-07 2.095852e-09 2.005981e-08 -8.716462e-11 1.080552e-10
1.953125e+02 4.414062e+03 2.460938e+03 -2.087804e-07 2.025398e-07 2.061662e-09 1.891448e-08 -8.771194e-11 1.923844e-10
1.953125e+02 4.492188e+03 2.460938e+03 -2.014200e-07 1.956485e-07 1.997709e-09 1.790192e-08 -3.611570e-11 1.023807e-10
1.953125e+02 4.570312e+03 2.460938e+03 -1.944238e-07 1.890250e-07 1.834537e-09 1.697458e-08 -2.022304e-11 9.897956e-12
1.953125e+02 4.648438e+03 2.460938e+03 -1.878196e-07 1.826856e-07 1.686823e-09 1.607523e-08 -4.513093e-11 2.314455e-11
1.953125e+02 4.726562e+03 2.460938e+03 -1.815697e-07 1.767001e-07 1.590563e-09 1.524757e-08 -4.332018e-11 4.646900e-11
1.953125e+02 4.804688e+03 2.460938e+03 -1.756195e-07 1.710882e-07 1.521462e-09 1.452796e-08 -6.896609e-12 9.241462e-11
1.953125e+02 4.882812e+03 2.460938e+03 -1.699663e-07 1.657185e-07 1.493248e-09 1.388221e-08 8.608396e-12 5.875970e-11
1.953125e+02 4.960938e+03 2.460938e+03 -1.645664e-07 1.605125e-07 1.422829e-09 1.322785e-08 4.873037e-12 -2.992543e-11
2.734375e+02 3.906250e+01 2.460938e+03 -5.741181e-06 -2.692164e-06 -1.084117e-05 -4.774694e-08 1.052384e-07 4.395149e-08
2.734375e+02 1.171875e+02 2.460938e+03 -5.745440e-06 -2.665951e-06 -1.082532e-05 4.606555e-08 8.962048e-08 2.365115e-08
2.734375e+02 1.953125e+02 2.460938e+03 -5.709199e-06 -2.666651e-06 -1.083672e-05 1.191487e-07 9.743969e-08 1.917126e-08
2.734375e+02 2.734375e+02 2.460938e+03 -5.654323e-06 -2.687826e-06 -1.084665e-05 1.863535e-07 1.054491e-07 1.434541e-08
2.734375e+02 3.515625e+02 2.460938e+03 -5.585725e-06 -2.724709e-06 -1.085612e-05 2.573387e-07 1.106664e-07 1.109497e-08
2.734375e+02 4.296875e+02 2.460938e+03 -5.500238e-06 -2.777690e-06 -1.086626e-05 3.361021e-07 1.134742e-07 1.071243e-08
2.734375e+02 5.078125e+02 2.460938e+03 -5.394290e-06 -2.844296e-06 -1.087891e-05 4.240736e-07 1.150730e-07 1.247356e-08
2.734375e+02 5.859375e+02 2.460938e+03 -5.264283e-06 -2.921082e-06 -1.089627e-05 5.225747e-07 1.161387e-07 1.702135e-08
2.734375e+02 6.640625e+02 2.460938e+03 -5.104983e-06 -3.002299e-06 -1.092143e-05 6.331101e-07 1.167988e-07 2.580158e-08
2.734375e+02 7.421875e+02 2.460938e+03 -4.910175e-06 -3.074313e-06 -1.095933e-05 7.562094e-07 1.169943e-07 4.269347e-08
2.734375e+02 8.203125e+02 2.460938e+03 -4.672263e-06 -3.098916e-06 -1.102847e-05 8.900521e-07 1.164769e-07 8.228046e-08
2.734375e+02 8.984375e+02 2.460938e+03 -4.383039e-06 -2.989553e-06 -1.109507e-05 1.025333e-06 1.131108e-07 2.007859e-07
2.734375e+02 9.765625e+02 2.460938e+03 -4.041178e-06 -2.396883e-06 -1.140038e-05 1.147151e-06 1.062245e-07 6.326389e-07
2.734375e+02 1.054688e+03 2.460938e+03 -3.662581e-06 -1.379593e-06 -8.528956e-06 1.234517e-06 9.644055e-08 3.622270e-06
2.734375e+02 1.132812e+03 2.460938e+03 -3.274980e-06 -3.231772e-07 -2.223836e-06 1.270035e-06 8.450216e-08 3.626490e-06
2.734375e+02 1.210938e+03 2.460938e+03 -2.910273e-06 7.228778e-07 6.388304e-07 1.246909e-06 7.066851e-08 6.455304e-07
2.734375e+02 1.289062e+03 2.460938e+03 -2.590033e-06 1.359130e-06 3.287547e-07 1.167020e-06 5.532296e-08 2.178169e-07
2.734375e+02 1.367188e+03 2.460938e+03 -2.315790e-06 1.509978e-06 2.550577e-07 1.051449e-06 4.069690e-08 9.995670e-08
2.734375e+02 1.445312e+03 2.460938e+03 -2.079954e-06 1.512631e-06 1.796775e-07 9.237736e-07 2.905890e-08 5.739163e-08
2.734375e+02 1.523438e+03 2.460938e+03 -1.874800e-06 1.452326e-06 1.355902e-07 8.023566e-07 2.105577e-08 3.657886e-08
2.734375e+02 1.601562e+03 2.460938e+03 -1.695957e-06 1.369647e-06 1.049759e-07 6.944277e-07 1.547505e-08 2.527049e-08
2.734375e+02 1.679688e+03 2.460938e+03 -1.539804e-06 1.280931e-06 8.364371e-08 6.011845e-07 1.151719e-08 1.812359e-08
2.734375e+02 1.757812e+03 2.460938e+03 -1.402963e-06 1.193592e-06 6.776981e-08 5.216160e-07 8.608019e-09 1.334305e-08
2.734375e+02 1.835938e+03 2.460938e+03 -1.282637e-06 1.110356e-06 5.592269e-08 4.541376e-07 6.544285e-09 1.020141e-08
2.734375e+02 1.914062e+03 2.460938e+03 -1.176473e-06 1.032881e-06 4.672237e-08 3.968275e-07 5.051876e-09 7.809380e-09
2.734375e+02 1.992188e+03 2.460938e+03 -1.082495e-06 9.615042e-07 3.939518e-08 3.483277e-07 3.846142e-09 6.098386e-09
2.734375e+02 2.070312e+03 2.460938e+03 -9.989514e-07 8.957442e-07 3.356537e-08 3.069254e-07 2.979336e-09 4.727345e-09
2.734375e+02 2.148438e+03 2.460938e+03 -9.245172e-07 8.358749e-07 2.866990e-08 2.715586e-07 2.383881e-09 3.895879e-09
2.734375e+02 2.226562e+03 2.460938e+03 -8.579473e-07 7.815735e-07 2.500826e-08 2.414526e-07 1.843493e-09 3.476138e-09
2.734375e+02 2.304688e+03 2.460938e+03 -7.980327e-07 7.315093e-07 2.201919e-08 2.155042e-07 1.481103e-09 2.557114e-09
2.734375e+02 2.382812e+03 2.460938e+03 -7.441690e-07 6.855399e-07 1.904080e-08 1.930555e-07 1.242520e-09 1.914814e-09
2.734375e+02 2.460938e+03 2.460938e+03 -6.956405e-07 6.439263e-07 1.675900e-08 1.734664e-07 9.497122e-10 1.962475e-09
2.734375e+02 2.539062e+03 2.460938e+03 -6.515308e-07 6.057952e-07 1.502476e-08 1.565269e-07 7.206197e-10 1.617951e-09
2.734375e+02 2.617188e+03 2.460938e+03 -6.114114e-07 5.705699e-07 1.336713e-08 1.417796e-07 6.204477e-10 1.241559e-09
2.734375e+02 2.695312e+03 2.460938e+03 -5.750008e-07 5.384455e-07 1.203903e-08 1.286530e-07 5.510727e-10 1.187099e-09
2.734375e+02 2.773438e+03 2.460938e+03 -5.417471e-07 5.089764e-07 1.078189e-08 1.171265e-07 3.920235e-10 8.705133e-10
2.734375e+02 2.851562e+03 2.460938e+03 -5.111728e-07 4.815329e-07 9.560209e-09 1.070184e-07 2.465722e-10 7.999226e-10
2.734375e+02 2.929688e+03 2.460938e+03 -4.831668e-07 4.563017e-07 8.791315e-09 9.805626e-08 2.550085e-10 9.479521e-10
2.734375e+02 3.007812e+03 2.460938e+03 -4.575079e-07 4.332555e-07 8.069029e-09 8.997788e-08 2.386575e-10 5.586057e-10
2.734375e+02 3.085938e+03 2.460938e+03 -4.337735e-07 4.117084e-07 7.160432e-09 8.274260e-08 1.217040e-10 3.716748e-10
2.734375e+02 3.164062e+03 2.460938e+03 -4.117744e-07 3.915180e-07 6.599241e-09 7.645630e-08 7.156246e-11 7.004655e-10
2.734375e+02 3.242188e+03 2.460938e+03 -3.914800e-07 3.729068e-07 6.268201e-09 7.072931e-08 8.854508e-11 4.844336e-10
2.734375e+02 3.320312e+03 2.460938e+03 -3.727205e-07 3.555646e-07 5.618562e-09 6.536324e-08 4.092025e-11 5.875483e-11
2.734375e+02 3.398438e+03 2.460938e+03 -3.552217e-07 3.392810e-07 4.981683e-09 6.066129e-08 -5.105266e-11 3.695127e-10
2.734375e+02 3.476562e+03 2.460938e+03 -3.388907e-07 3.242468e-07 4.805403e-09 5.647929e-08 -4.169185e-11 6.029639e-10
2.734375e+02 3.554688e+03 2.460938e+03 -3.237247e-07 3.102330e-07 4.559932e-09 5.254514e-08 2.214722e-11 1.409900e-10
2.734375e+02 3.632812e+03 2.460938e+03 -3.096079e-07 2.970053e-07 4.008980e-09 4.890477e-08 -3.608483e-11 -3.077914e-11
2.734375e+02 3.710938e+03 2.460938e+03 -2.963758e-07 2.846849e-07 3.665194e-09 4.566883e-08 -1.260379e-10 3.473560e-10
2.734375e+02 3.789062e+03 2.460938e+03 -2.839360e-07 2.732169e-07 3.565902e-09 4.282207e-08 -8.870833e-11 3.933555e-10
2.734375e+02 3.867188e+03 2.460938e+03 -2.722847e-07 2.623292e-07 3.341688e-09 4.013857e-08 -1.483434e-11 7.533848e-11
2.734375e+02 3.945312e+03 2.460938e+03 -2.613543e-07 2.520596e-07 2.909575e-09 3.758034e-08 -2.441158e-11 1.440073e-11
2.734375e+02 4.023438e+03 2.460938e+03 -2.510462e-07 2.424919e-07 2.661651e-09 3.531873e-08 -6.729807e-11 2.972177e-10
2.734375e+02 4.101562e+03 2.460938e+03 -2.413240e-07 2.334821e-07 2.698114e-09 3.335173e-08 -5.933155e-11 3.414890e-10
2.734375e+02 4.179688e+03 2.460938e+03 -2.321467e-07 2.248025e-07 2.557768e-09 3.151277e-08 -1.883361e-11 5.114146e-11
2.734375e+02 4.257812e+03 2.460938e+03 -2.234803e-07 2.164138e-07 2.204137e-09 2.973922e-08 -5.081676e-12 -2.541897e-11
2.734375e+02 4.335938e+03 2.460938e+03 -2.153358e-07 2.085272e-07 2.012389e-09 2.800882e-08 -1.867887e-11 1.062667e-10
2.734375e+02 4.414062e+03 2.460938e+03 -2.076311e-07 2.012799e-07 2.025547e-09 2.642821e-08 -1.692912e-11 2.369129e-10
2.734375e+02 4.492188e+03 2.460938e+03 -2.003066e-07 1.944967e-07 1.985257e-09 2.501216e-08 3.529188e-12 1.193055e-10
2.734375e+02 4.570312e+03 2.460938e+03 -1.933905e-07 1.879678e-07 1.799890e-09 2.372017e-08 4.669739e-12 -7.788403e-12
2.734375e+02 4.648438e+03 2.460938e+03 -1.868433e-07 1.816877e-07 1.613662e-09 2.246629e-08 -1.990801e-11 5.790416e-12
2.734375e+02 4.726562e+03 2.460938e+03 -1.806325e-07 1.757782e-07 1.515355e-09 2.132783e-08 -2.087353e-11 6.678991e-11
2.734375e+02 4.804688e+03 2.460938e+03 -1.747317e-07 1.702826e-07 1.489852e-09 2.030108e-08 1.841061e-11 1.220708e-10
2.734375e+02 4.882812e+03 2.460938e+03 -1.691206e-07 1.650182e-07 1.451377e-09 1.938098e-08 2.749071e-11 2.630496e-11
2.734375e+02 4.960938e+03 2.460938e+03 -1.637776e-07 1.597822e-07 1.380368e-09 1.848555e-08 9.830863e-12 -8.577534e-11
3.515625e+02 3.906250e+01 2.460938e+03 -5.439079e-06 -2.645860e-06 -1.092524e-05 -5.970633e-08 2.159186e-07 8.517210e-08
3.515625e+02 1.171875e+02 2.460938e+03 -5.420269e-06 -2.608469e-06 -1.088798e-05 8.396229e-08 1.938882e-07 5.326761e-08
3.515625e+02 1.953125e+02 2.460938e+03 -5.351490e-06 -2.604903e-06 -1.091422e-05 1.666689e-07 2.178804e-07 3.618434e-08
3.515625e+02 2.734375e+02 2.460938e+03 -5.289705e-06 -2.612279e-06 -1.092531e-05 2.423855e-07 2.315010e-07 1.960015e-08
3.515625e+02 3.515625e+02 2.460938e+03 -5.224660e-06 -2.639324e-06 -1.093682e-05 3.300095e-07 2.354185e-07 1.342225e-08
3.515625e+02 4.296875e+02 2.460938e+03 -5.145982e-06 -2.682420e-06 -1.094779e-05 4.274758e-07 2.371733e-07 1.187151e-08
3.515625e+02 5.078125e+02 2.460938e+03 -5.050626e-06 -2.737651e-06 -1.096084e-05 5.367947e-07 2.378773e-07 1.320635e-08
3.515625e+02 5.859375e+02 2.460938e+03 -4.934756e-06 -2.800622e-06 -1.097801e-05 6.604498e-07 2.377305e-07 1.734660e-08
3.515625e+02 6.640625e+02 2.460938e+03 -4.793633e-06 -2.865674e-06 -1.100243e-05 8.012909e-07 2.364740e-07 2.570473e-08
3.515625e+02 7.421875e+02 2.460938e+03 -4.620600e-06 -2.920540e-06 -1.103885e-05 9.614937e-07 2.331695e-07 4.168066e-08
3.515625e+02 8.203125e+02 2.460938e+03 -4.406510e-06 -2.931495e-06 -1.110438e-05 1.140791e-06 2.251559e-07 7.837231e-08
3.515625e+02 8.984375e+02 2.460938e+03 -4.139031e-06 -2.823446e-06 -1.116685e-05 1.330564e-06 2.057883e-07 1.844884e-07
3.515625e+02 9.765625e+02 2.460938e+03 -3.810959e-06 -2.261571e-06 -1.145937e-05 1.503340e-06 1.783168e-07 6.048873e-07
3.515625e+02 1.054688e+03 2.460938e+03 -3.430658e-06 -1.309524e-06 -8.582465e-06 1.619748e-06 1.513968e-07 3.586758e-06
3.515625e+02 1.132812e+03 2.460938e+03 -3.031569e-06 -3.307240e-07 -2.280742e-06 1.648585e-06 1.246050e-07 3.588748e-06
3.515625e+02 1.210938e+03 2.460938e+03 -2.661554e-06 6.370556e-07 5.957670e-07 1.585072e-06 9.600640e-08 6.108549e-07
3.515625e+02 1.289062e+03 2.460938e+03 -2.348960e-06 1.224882e-06 3.006535e-07 1.453605e-06 6.522516e-08 1.926049e-07
3.515625e+02 1.367188e+03 2.460938e+03 -2.095199e-06 1.359421e-06 2.343611e-07 1.291062e-06 4.114537e-08 8.722988e-08
3.515625e+02 1.445312e+03 2.460938e+03 -1.887485e-06 1.368007e-06 1.652736e-07 1.128639e-06 2.796014e-08 5.056604e-08
3.515625e+02 1.523438e+03 2.460938e+03 -1.711846e-06 1.323449e-06 1.251681e-07 9.797219e-07 1.984127e-08 3.239799e-08
3.515625e+02 1.601562e+03 2.460938e+03 -1.559789e-06 1.258314e-06 9.732401e-08 8.489680e-07 1.448911e-08 2.266130e-08
3.515625e+02 1.679688e+03 2.460938e+03 -1.426401e-06 1.185912e-06 7.799712e-08 7.365452e-07 1.080254e-08 1.637046e-08
3.515625e+02 1.757812e+03 2.460938e+03 -1.308536e-06 1.113006e-06 6.348050e-08 6.407946e-07 8.152492e-09 1.209528e-08
3.515625e+02 1.835938e+03 2.460938e+03 -1.203807e-06 1.042114e-06 5.271256e-08 5.594992e-07 6.235160e-09 9.468016e-09
3.515625e+02 1.914062e+03 2.460938e+03 -1.110401e-06 9.749100e-07 4.431101e-08 4.903125e-07 4.843187e-09 7.218768e-09
3.515625e+02 1.992188e+03 2.460938e+03 -1.026835e-06 9.121452e-07 3.741237e-08 4.315397e-07 3.740499e-09 5.581289e-09
3.515625e+02 2.070312e+03 2.460938e+03 -9.519794e-07 8.537048e-07 3.196043e-08 3.812812e-07 2.925482e-09 4.476793e-09
3.515625e+02 2.148438e+03 2.460938e+03 -8.846167e-07 7.998643e-07 2.747937e-08 3.382293e-07 2.332321e-09 3.750755e-09
3.515625e+02 2.226562e+03 2.460938e+03 -8.237296e-07 7.505630e-07 2.406559e-08 3.014355e-07 1.807907e-09 3.314232e-09
3.515625e+02 2.304688e+03 2.460938e+03 -7.687561e-07 7.047966e-07 2.122850e-08 2.696108e-07 1.486800e-09 2.398247e-09
3.515625e+02 2.382812e+03 2.460938e+03 -7.190211e-07 6.623818e-07 1.839278e-08 2.419170e-07 1.246759e-09 1.806975e-09
3.515625e+02 2.460938e+03 2.460938e+03 -6.737836e-07 6.236979e-07 1.622591e-08 2.178137e-07 9.237370e-10 1.941683e-09
3.515625e+02 2.539062e+03 2.460938e+03 -6.325010e-07 5.881037e-07 1.461310e-08 1.969209e-07 7.333720e-10 1.581860e-09
3.515625e+02 2.617188e+03 2.460938e+03 -5.948726e-07 5.550994e-07 1.303302e-08 1.785477e-07 6.731924e-10 1.143974e-09
3.515625e+02 2.695312e+03 2.460938e+03 -5.605286e-07 5.248391e-07 1.173678e-08 1.622311e-07 5.475658e-10 1.147110e-09
3.515625e+02 2.773438e+03 2.460938e+03 -5.289473e-07 4.968998e-07 1.052800e-08 1.479651e-07 3.810576e-10 8.839471e-10
3.515625e+02 2.851562e+03 2.460938e+03 -4.998593e-07 4.708384e-07 9.354397e-09 1.353532e-07 3.264803e-10 7.657842e-10
3.515625e+02 2.929688e+03 2.460938e+03 -4.731612e-07 4.468371e-07 8.614420e-09 1.240618e-07 3.304241e-10 9.192625e-10
3.515625e+02 3.007812e+03 2.460938e+03 -4.485914e-07 4.247810e-07 7.918428e-09 1.139787e-07 2.271908e-10 5.856848e-10
3.515625e+02 3.085938e+03 2.460938e+03 -4.257802e-07 4.040952e-07 7.048117e-09 1.050111e-07 1.253413e-10 3.837586e-10
3.515625e+02 3.164062e+03 2.460938e+03 -4.046112e-07 3.847004e-07 6.513204e-09 9.706340e-08 1.406077e-10 6.782363e-10
3.515625e+02 3.242188e+03 2.460938e+03 -3.850981e-07 3.667526e-07 6.184052e-09 8.977867e-08 1.369681e-10 4.460533e-10
3.515625e+02 3.320312e+03 2.460938e+03 -3.669834e-07 3.499583e-07 5.541648e-09 8.308265e-08 5.311081e-11 2.635546e-11
3.515625e+02 3.398438e+03 2.460938e+03 -3.500244e-07 3.341957e-07 4.927034e-09 7.720551e-08 -8.454801e-12 3.876621e-10
3.515625e+02 3.476562e+03 2.460938e+03 -3.341933e-07 3.196539e-07 4.784625e-09 7.190030e-08 1.353142e-11 6.052090e-10
3.515625e+02 3.554688e+03 2.460938e+03 -3.194960e-07 3.060569e-07 4.533825e-09 6.691602e-08 3.810835e-11 7.261368e-11
3.515625e+02 3.632812e+03 2.460938e+03 -3.057899e-07 2.931830e-07 3.945156e-09 6.236597e-08 -2.485388e-11 -6.149273e-11
3.515625e+02 3.710938e+03 2.460938e+03 -2.928720e-07 2.811878e-07 3.619488e-09 5.832389e-08 -8.184023e-11 4.049926e-10
3.515625e+02 3.789062e+03 2.460938e+03 -2.807299e-07 2.700317e-07 3.568214e-09 5.467754e-08 -3.903344e-11 4.190313e-10
3.515625e+02 3.867188e+03 2.460938e+03 -2.693662e-07 2.594070e-07 3.331673e-09 5.124455e-08 8.980004e-12 1.813021e-11
3.515625e+02 3.945312e+03 2.460938e+03 -2.586853e-07 2.493849e-07 2.830665e-09 4.803742e-08 -2.193213e-11 -1.505580e-11
3.515625e+02 4.023438e+03 2.460938e+03 -2.486062e-07 2.400921e-07 2.591616e-09 4.519013e-08 -5.568920e-11 3.487238e-10
3.515625e+02 4.101562e+03 2.460938e+03 -2.390769e-07 2.313165e-07 2.690049e-09 4.267121e-08 -1.867246e-11 3.671235e-10
3.515625e+02 4.179688e+03 2.460938e+03 -2.300698e-07 2.227713e-07 2.538210e-09 4.031418e-08 3.161802e-11 1.745445e-12
3.515625e+02 4.257812e+03 2.460938e+03 -2.215800e-07 2.144779e-07 2.151797e-09 3.803941e-08 3.125015e-11 -4.862309e-11
3.515625e+02 4.335938e+03 2.460938e+03 -2.135614e-07 2.067038e-07 1.969160e-09 3.585164e-08 2.358071e-12 1.228207e-10
3.515625e+02 4.414062e+03 2.460938e+03 -2.059731e-07 1.996104e-07 2.012792e-09 3.387588e-08 -3.963703e-12 2.560684e-10
3.515625e+02 4.492188e+03 2.460938e+03 -1.987772e-07 1.929705e-07 1.982686e-09 3.208285e-08 5.305302e-12 1.019375e-10
3.515625e+02 4.570312e+03 2.460938e+03 -1.919575e-07 1.865604e-07 1.790559e-09 3.040310e-08 -3.839829e-12 -2.430181e-11
3.515625e+02 4.648438e+03 2.460938e+03 -1.854958e-07 1.803542e-07 1.599537e-09 2.880718e-08 -1.350635e-11 6.361415e-12
3.515625e+02 4.726562e+03 2.460938e+03 -1.793568e-07 1.745489e-07 1.481914e-09 2.733685e-08 -1.232821e-11 7.621367e-11
3.515625e+02 4.804688e+03 2.460938e+03 -1.735385e-07 1.692009e-07 1.462044e-09 2.602657e-08 -3.156592e-12 1.313438e-10
3.515625e+02 4.882812e+03 2.460938e+03 -1.680034e-07 1.640397e-07 1.430536e-09 2.482292e-08 1.708069e-11 -5.925594e-13
3.515625e+02 4.960938e+03 2.460938e+03 -1.627304e-07 1.588105e-07 1.359798e-09 2.366370e-08 1.955066e-11 -1.532372e-10
4.296875e+02 3.906250e+01 2.460938e+03 -4.746897e-06 -2.555672e-06 -1.118803e-05 2.907435e-09 5.785268e-07 2.237964e-07
4.296875e+02 1.171875e+02 2.460938e+03 -4.553609e-06 -2.572832e-06 -1.122311e-05 1.636398e-07 5.935109e-07 1.360276e-07
4.296875e+02 1.953125e+02 2.460938e+03 -4.446393e-06 -2.525667e-06 -1.122892e-05 2.058279e-07 6.645379e-07 4.440112e-08
4.296875e+02 2.734375e+02 2.460938e+03 -4.394575e-06 -2.517758e-06 -1.124607e-05 2.946078e-07 6.681133e-07 2.226370e-08
4.296875e+02 3.515625e+02 2.460938e+03 -4.334356e-06 -2.535812e-06 -1.125794e-05 3.951222e-07 6.701086e-07 1.450853e-08
4.296875e+02 4.296875e+02 2.460938e+03 -4.266271e-06 -2.568255e-06 -1.126920e-05 5.074279e-07 6.705988e-07 1.248400e-08
4.296875e+02 5.078125e+02 2.460938e+03 -4.185605e-06 -2.609617e-06 -1.128184e-05 6.337118e-07 6.703561e-07 1.351553e-08
4.296875e+02 5.859375e+02 2.460938e+03 -4.089590e-06 -2.655264e-06 -1.129827e-05 7.774047e-07 6.689826e-07 1.719856e-08
4.296875e+02 6.640625e+02 2.460938e+03 -3.974805e-06 -2.698963e-06 -1.132107e-05 9.426685e-07 6.661275e-07 2.504603e-08
4.296875e+02 7.421875e+02 2.460938e+03 -3.836180e-06 -2.729514e-06 -1.135404e-05 1.133784e-06 6.604781e-07 3.929612e-08
4.296875e+02 8.203125e+02 2.460938e+03 -3.666173e-06 -2.717232e-06 -1.141394e-05 1.353627e-06 6.480769e-07 7.064869e-08
4.296875e+02 8.984375e+02 2.460938e+03 -3.453799e-06 -2.600992e-06 -1.146377e-05 1.596777e-06 6.176360e-07 1.583396e-07
4.296875e+02 9.765625e+02 2.460938e+03 -3.181481e-06 -2.073424e-06 -1.177275e-05 1.833795e-06 5.163195e-07 5.045676e-07
4.296875e+02 1.054688e+03 2.460938e+03 -2.880329e-06 -1.217878e-06 -8.835414e-06 1.982770e-06 3.923669e-07 3.461147e-06
4.296875e+02 1.132812e+03 2.460938e+03 -2.587654e-06 -3.714900e-07 -2.362694e-06 2.007116e-06 3.031274e-07 3.461969e-06
4.296875e+02 1.210938e+03 2.460938e+03 -2.292941e-06 4.934584e-07 5.737865e-07 1.904343e-06 1.783191e-07 5.077869e-07
4.296875e+02 1.289062e+03 2.460938e+03 -2.030855e-06 1.036499e-06 2.638582e-07 1.706681e-06 7.543564e-08 1.626536e-07
4.296875e+02 1.367188e+03 2.460938e+03 -1.828489e-06 1.169406e-06 2.118108e-07 1.494440e-06 4.277093e-08 7.534001e-08
4.296875e+02 1.445312e+03 2.460938e+03 -1.664675e-06 1.194859e-06 1.499670e-07 1.298119e-06 2.769813e-08 4.446822e-08
4.296875e+02 1.523438e+03 2.460938e+03 -1.526249e-06 1.171975e-06 1.146776e-07 1.125685e-06 1.925307e-08 2.883998e-08
4.296875e+02 1.601562e+03 2.460938e+03 -1.405350e-06 1.128376e-06 8.980437e-08 9.771094e-07 1.389395e-08 2.041390e-08
4.296875e+02 1.679688e+03 2.460938e+03 -1.297771e-06 1.075338e-06 7.248891e-08 8.501580e-07 1.032785e-08 1.484076e-08
4.296875e+02 1.757812e+03 2.460938e+03 -1.201108e-06 1.019185e-06 5.933833e-08 7.421861e-07 7.847974e-09 1.103760e-08
4.296875e+02 1.835938e+03 2.460938e+03 -1.113740e-06 9.624615e-07 4.960137e-08 6.503539e-07 6.010924e-09 8.798645e-09
4.296875e+02 1.914062e+03 2.460938e+03 -1.034500e-06 9.070522e-07 4.193944e-08 5.719575e-07 4.697357e-09 6.625995e-09
4.296875e+02 1.992188e+03 2.460938e+03 -9.627195e-07 8.542546e-07 3.545648e-08 5.050218e-07 3.685389e-09 5.093758e-09
4.296875e+02 2.070312e+03 2.460938e+03 -8.975402e-07 8.042165e-07 3.042997e-08 4.476291e-07 2.875642e-09 4.300949e-09
4.296875e+02 2.148438e+03 2.460938e+03 -8.380341e-07 7.572786e-07 2.637849e-08 3.983658e-07 2.307507e-09 3.609237e-09
4.296875e+02 2.226562e+03 2.460938e+03 -7.837837e-07 7.138068e-07 2.315894e-08 3.559481e-07 1.861861e-09 3.082635e-09
4.296875e+02 2.304688e+03 2.460938e+03 -7.344040e-07 6.730351e-07 2.045503e-08 3.190774e-07 1.533320e-09 2.268031e-09
4.296875e+02 2.382812e+03 2.460938e+03 -6.893001e-07 6.347197e-07 1.779803e-08 2.869755e-07 1.246364e-09 1.749859e-09
4.296875e+02 2.460938e+03 2.460938e+03 -6.478897e-07 5.994705e-07 1.574281e-08 2.589998e-07 9.559136e-10 1.880368e-09
4.296875e+02 2.539062e+03 2.460938e+03 -6.099007e-07 5.669104e-07 1.422064e-08 2.345698e-07 8.201891e-10 1.522016e-09
4.296875e+02 2.617188e+03 2.460938e+03 -5.751455e-07 5.365036e-07 1.273765e-08 2.129830e-07 7.416755e-10 1.071855e-09
4.296875e+02 2.695312e+03 2.460938e+03 -5.431524e-07 5.083927e-07 1.148803e-08 1.938799e-07 5.674015e-10 1.114367e-09
4.296875e+02 2.773438e+03 2.460938e+03 -5.135486e-07 4.823038e-07 1.032738e-08 1.771317e-07 4.291544e-10 8.885105e-10
4.296875e+02 2.851562e+03 2.460938e+03 -4.862555e-07 4.579200e-07 9.217790e-09 1.622056e-07 4.152929e-10 7.223366e-10
4.296875e+02 2.929688e+03 2.460938e+03 -4.611386e-07 4.353639e-07 8.483510e-09 1.488113e-07 3.685266e-10 8.793149e-10
4.296875e+02 3.007812e+03 2.460938e+03 -4.378331e-07 4.144787e-07 7.788024e-09 1.369230e-07 2.305655e-10 6.217176e-10
4.296875e+02 3.085938e+03 2.460938e+03 -4.160894e-07 3.948425e-07 6.976980e-09 1.263440e-07 1.866328e-10 4.160780e-10
4.296875e+02 3.164062e+03 2.460938e+03 -3.959319e-07 3.764043e-07 6.483043e-09 1.168060e-07 2.315193e-10 6.507257e-10
4.296875e+02 3.242188e+03 2.460938e+03 -3.773053e-07 3.592270e-07 6.153382e-09 1.080732e-07 1.696210e-10 4.101316e-10
4.296875e+02 3.320312e+03 2.460938e+03 -3.599442e-07 3.431121e-07 5.513697e-09 1.001839e-07 5.264632e-11 2.517376e-11
4.296875e+02 3.398438e+03 2.460938e+03 -3.436499e-07 3.280098e-07 4.912699e-09 9.320985e-08 4.003018e-11 3.988808e-10
4.296875e+02 3.476562e+03 2.460938e+03 -3.284516e-07 3.140544e-07 4.784574e-09 8.681631e-08 9.297607e-11 5.768440e-10
4.296875e+02 3.554688e+03 2.460938e+03 -3.143126e-07 3.009458e-07 4.521413e-09 8.082332e-08 9.361525e-11 3.327206e-11
4.296875e+02 3.632812e+03 2.460938e+03 -3.010379e-07 2.884978e-07 3.936209e-09 7.542416e-08 2.706999e-11 -4.033707e-11
4.296875e+02 3.710938e+03 2.460938e+03 -2.885151e-07 2.769056e-07 3.650537e-09 7.061735e-08 -1.485044e-11 4.476729e-10
4.296875e+02 3.789062e+03 2.460938e+03 -2.767487e-07 2.661192e-07 3.605931e-09 6.621098e-08 1.710124e-11 4.052074e-10
4.296875e+02 3.867188e+03 2.460938e+03 -2.657356e-07 2.558113e-07 3.334936e-09 6.208114e-08 5.062292e-11 -2.494932e-11
4.296875e+02 3.945312e+03 2.460938e+03 -2.553704e-07 2.460960e-07 2.802669e-09 5.825790e-08 2.678353e-11 -1.678818e-11
4.296875e+02 4.023438e+03 2.460938e+03 -2.455538e-07 2.371188e-07 2.596085e-09 5.483648e-08 2.948823e-12 3.973260e-10
4.296875e+02 4.101562e+03 2.460938e+03 -2.362654e-07 2.286175e-07 2.747020e-09 5.177523e-08 3.196218e-11 3.850231e-10
4.296875e+02 4.179688e+03 2.460938e+03 -2.274870e-07 2.202490e-07 2.587042e-09 4.891527e-08 6.394136e-11 -3.858652e-11
4.296875e+02 4.257812e+03 2.460938e+03 -2.192017e-07 2.120937e-07 2.164354e-09 4.616151e-08 4.605526e-11 -6.718268e-11
4.296875e+02 4.335938e+03 2.460938e+03 -2.113706e-07 2.044856e-07 1.964079e-09 4.356057e-08 1.199628e-11 1.477238e-10
4.296875e+02 4.414062e+03 2.460938e+03 -2.039296e-07 1.975654e-07 2.038795e-09 4.119861e-08 2.011157e-11 2.948760e-10
4.296875e+02 4.492188e+03 2.460938e+03 -1.968748e-07 1.910801e-07 2.033224e-09 3.903319e-08 3.334082e-11 9.018650e-11
4.296875e+02 4.570312e+03 2.460938e+03 -1.901868e-07 1.847639e-07 1.814153e-09 3.698022e-08 8.362398e-12 -5.899024e-11
4.296875e+02 4.648438e+03 2.460938e+03 -1.838352e-07 1.786916e-07 1.616106e-09 3.504099e-08 -1.308299e-11 -2.320714e-12
4.296875e+02 4.726562e+03 2.460938e+03 -1.778125e-07 1.730354e-07 1.502067e-09 3.326646e-08 -1.179230e-11 8.873264e-11
4.296875e+02 4.804688e+03 2.460938e+03 -1.720888e-07 1.678391e-07 1.466859e-09 3.166177e-08 6.556326e-13 1.429021e-10
4.296875e+02 4.882812e+03 2.460938e+03 -1.666381e-07 1.627755e-07 1.436795e-09 3.018982e-08 2.441499e-11 -1.348399e-11
4.296875e+02 4.960938e+03 2.460938e+03 -1.614444e-07 1.576038e-07 1.363671e-09 2.877842e-08 2.599922e-11 -2.312694e-10
5.078125e+02 3.906250e+01 2.460938e+03 -3.718296e-06 -2.478026e-06 -8.923821e-06 3.542021e-07 3.110172e-06 7.319584e-07
5.078125e+02 1.171875e+02 2.460938e+03 -3.104391e-06 -2.517331e-06 -8.307857e-06 1.708197e-07 3.701227e-06 1.225581e-07
5.078125e+02 1.953125e+02 2.460938e+03 -3.097386e-06 -2.416679e-06 -8.391232e-06 2.445074e-07 3.658093e-06 4.221721e-08
5.078125e+02 2.734375e+02 2.460938e+03 -3.042042e-06 -2.408034e-06 -8.396020e-06 3.418027e-07 3.658992e-06 2.148025e-08
5.078125e+02 3.515625e+02 2.460938e+03 -2.993814e-06 -2.418443e-06 -8.409145e-06 4.513270e-07 3.658103e-06 1.436052e-08
5.078125e+02 4.296875e+02 2.460938e+03 -2.938495e-06 -2.439997e-06 -8.419268e-06 5.736231e-07 3.657456e-06 1.249706e-08
5.078125e+02 5.078125e+02 2.460938e+03 -2.875923e-06 -2.466025e-06 -8.430965e-06 7.114580e-07 3.656325e-06 1.339012e-08
5.078125e+02 5.859375e+02 2.460938e+03 -2.804129e-06 -2.491689e-06 -8.446116e-06 8.685256e-07 3.654374e-06 1.660731e-08
5.078125e+02 6.640625e+02 2.460938e+03 -2.721647e-06 -2.510293e-06 -8.466622e-06 1.049672e-06 3.650632e-06 2.385389e-08
5.078125e+02 7.421875e+02 2.460938e+03 -2.626854e-06 -2.510585e-06 -8.495389e-06 1.260542e-06 3.643520e-06 3.623289e-08
5.078125e+02 8.203125e+02 2.460938e+03 -2.517021e-06 -2.466039e-06 -8.545893e-06 1.505951e-06 3.629005e-06 6.258220e-08
5.078125e+02 8.984375e+02 2.460938e+03 -2.389176e-06 -2.326520e-06 -8.588024e-06 1.784570e-06 3.593547e-06 1.330113e-07
5.078125e+02 9.765625e+02 2.460938e+03 -2.232263e-06 -1.858162e-06 -8.837398e-06 2.057316e-06 3.467666e-06 3.816091e-07
5.078125e+02 1.054688e+03 2.460938e+03 -2.077492e-06 -1.132270e-06 -6.628457e-06 2.177736e-06 2.602402e-06 2.596224e-06
5.078125e+02 1.132812e+03 2.460938e+03 -1.945428e-06 -4.126989e-07 -1.729625e-06 2.199422e-06 1.072261e-06 2.596531e-06
5.078125e+02 1.210938e+03 2.460938e+03 -1.794709e-06 3.188639e-07 4.789350e-07 2.120928e-06 2.065586e-07 3.835321e-07
5.078125e+02 1.289062e+03 2.460938e+03 -1.644385e-06 7.966844e-07 2.291966e-07 1.885973e-06 7.995482e-08 1.354209e-07
5.078125e+02 1.367188e+03 2.460938e+03 -1.523348e-06 9.466815e-07 1.857476e-07 1.639853e-06 4.333435e-08 6.513417e-08
5.078125e+02 1.445312e+03 2.460938e+03 -1.418180e-06 9.996329e-07 1.342582e-07 1.422031e-06 2.735160e-08 3.932471e-08
5.078125e+02 1.523438e+03 2.460938e+03 -1.324207e-06 1.004422e-06 1.040161e-07 1.235018e-06 1.876998e-08 2.576313e-08
5.078125e+02 1.601562e+03 2.460938e+03 -1.238164e-06 9.856035e-07 8.225989e-08 1.075542e-06 1.348395e-08 1.835761e-08
5.078125e+02 1.679688e+03 2.460938e+03 -1.158554e-06 9.539703e-07 6.697683e-08 9.397021e-07 9.962746e-09 1.352526e-08
5.078125e+02 1.757812e+03 2.460938e+03 -1.084448e-06 9.159503e-07 5.525866e-08 8.240217e-07 7.561541e-09 1.012901e-08
5.078125e+02 1.835938e+03 2.460938e+03 -1.015425e-06 8.744573e-07 4.647759e-08 7.252671e-07 5.823526e-09 8.090424e-09
5.078125e+02 1.914062e+03 2.460938e+03 -9.513632e-07 8.318244e-07 3.951084e-08 6.405255e-07 4.578345e-09 6.074209e-09
5.078125e+02 1.992188e+03 2.460938e+03 -8.920617e-07 7.898044e-07 3.349897e-08 5.677209e-07 3.613911e-09 4.716636e-09
5.078125e+02 2.070312e+03 2.460938e+03 -8.371070e-07 7.487970e-07 2.892043e-08 5.051551e-07 2.819883e-09 4.123584e-09
5.078125e+02 2.148438e+03 2.460938e+03 -7.861131e-07 7.094192e-07 2.525950e-08 4.511623e-07 2.289985e-09 3.418265e-09
5.078125e+02 2.226562e+03 2.460938e+03 -7.390638e-07 6.723661e-07 2.220235e-08 4.042620e-07 1.898662e-09 2.819819e-09
5.078125e+02 2.304688e+03 2.460938e+03 -6.957690e-07 6.370212e-07 1.964174e-08 3.633917e-07 1.516201e-09 2.158128e-09
5.078125e+02 2.382812e+03 2.460938e+03 -6.556635e-07 6.032339e-07 1.717972e-08 3.277472e-07 1.205670e-09 1.712425e-09
5.078125e+02 2.460938e+03 2.460938e+03 -6.184780e-07 5.718468e-07 1.524355e-08 2.965443e-07 1.014781e-09 1.782913e-09
5.078125e+02 2.539062e+03 2.460938e+03 -5.841851e-07 5.426716e-07 1.380983e-08 2.690750e-07 8.976026e-10 1.455754e-09
5.078125e+02 2.617188e+03 2.460938e+03 -5.525653e-07 5.151359e-07 1.242723e-08 2.447515e-07 7.353684e-10 1.022932e-09
5.078125e+02 2.695312e+03 2.460938e+03 -5.231968e-07 4.894361e-07 1.122380e-08 2.233053e-07 5.396111e-10 1.062268e-09
5.078125e+02 2.773438e+03 2.460938e+03 -4.958662e-07 4.654801e-07 1.009341e-08 2.043691e-07 4.581706e-10 8.669802e-10
5.078125e+02 2.851562e+03 2.460938e+03 -4.706033e-07 4.429910e-07 9.047020e-09 1.873483e-07 4.552016e-10 6.865687e-10
5.078125e+02 2.929688e+03 2.460938e+03 -4.472037e-07 4.220342e-07 8.333914e-09 1.721103e-07 3.543498e-10 8.523323e-10
5.078125e+02 3.007812e+03 2.460938e+03 -4.253280e-07 4.024996e-07 7.653896e-09 1.586360e-07 2.196570e-10 6.484332e-10
5.078125e+02 3.085938e+03 2.460938e+03 -4.048619e-07 3.840855e-07 6.907706e-09 1.465565e-07 2.314019e-10 4.228695e-10
5.078125e+02 3.164062e+03 2.460938e+03 -3.858741e-07 3.667364e-07 6.435507e-09 1.355455e-07 2.659111e-10 5.980207e-10
5.078125e+02 3.242188e+03 2.460938e+03 -3.682682e-07 3.504585e-07 6.085833e-09 1.255288e-07 1.549202e-10 3.746895e-10
5.078125e+02 3.320312e+03 2.460938e+03 -3.517343e-07 3.351436e-07 5.456981e-09 1.165741e-07 5.591134e-11 5.618967e-11
5.078125e+02 3.398438e+03 2.460938e+03 -3.361809e-07 3.207894e-07 4.896247e-09 1.085598e-07 9.735339e-11 4.293411e-10
5.078125e+02 3.476562e+03 2.460938e+03 -3.216808e-07 3.074750e-07 4.789145e-09 1.011196e-07 1.409796e-10 5.439751e-10
5.078125e+02 3.554688e+03 2.460938e+03 -3.081513e-07 2.949252e-07 4.500415e-09 9.420669e-08 9.036156e-11 8.602530e-13
5.078125e+02 3.632812e+03 2.460938e+03 -2.954045e-07 2.830057e-07 3.916963e-09 8.803120e-08 1.910744e-11 -1.353433e-11
5.078125e+02 3.710938e+03 2.460938e+03 -2.833556e-07 2.718980e-07 3.671536e-09 8.249509e-08 4.801546e-12 4.551463e-10
5.078125e+02 3.789062e+03 2.460938e+03 -2.720429e-07 2.615300e-07 3.621430e-09 7.736344e-08 3.926681e-11 3.616862e-10
5.078125e+02 3.867188e+03 2.460938e+03 -2.614251e-07 2.515836e-07 3.313994e-09 7.257057e-08 5.671679e-11 -3.956986e-11
5.078125e+02 3.945312e+03 2.460938e+03 -2.513929e-07 2.422244e-07 2.785731e-09 6.817936e-08 2.407250e-11 1.951399e-11
5.078125e+02 4.023438e+03 2.460938e+03 -2.418857e-07 2.335906e-07 2.623899e-09 6.422779e-08 3.058277e-12 4.316331e-10
5.078125e+02 4.101562e+03 2.460938e+03 -2.328909e-07 2.253850e-07 2.794045e-09 6.064083e-08 2.864873e-11 3.641121e-10
5.078125e+02 4.179688e+03 2.460938e+03 -2.243998e-07 2.172470e-07 2.613981e-09 5.727832e-08 5.039265e-11 -7.963914e-11
5.078125e+02 4.257812e+03 2.460938e+03 -2.163754e-07 2.092857e-07 2.168686e-09 5.406566e-08 4.903718e-11 -7.849939e-11
5.078125e+02 4.335938e+03 2.460938e+03 -2.087565e-07 2.018890e-07 1.968483e-09 5.107022e-08 5.414239e-11 1.775004e-10
5.078125e+02 4.414062e+03 2.460938e+03 -2.015081e-07 1.951678e-07 2.078972e-09 4.834527e-08 5.647520e-11 3.326446e-10
5.078125e+02 4.492188e+03 2.460938e+03 -1.946148e-07 1.888226e-07 2.081484e-09 4.581620e-08 2.514576e-11 6.864511e-11
5.078125e+02 4.570312e+03 2.460938e+03 -1.880831e-07 1.826252e-07 1.820685e-09 4.342212e-08 -4.892792e-12 -1.044238e-10
5.078125e+02 4.648438e+03 2.460938e+03 -1.818924e-07 1.766958e-07 1.598342e-09 4.116231e-08 -1.838138e-11 -1.893895e-11
5.078125e+02 4.726562e+03 2.460938e+03 -1.759846e-07 1.712301e-07 1.500856e-09 3.907387e-08 -2.300625e-11 1.145257e-10
5.078125e+02 4.804688e+03 2.460938e+03 -1.703575e-07 1.661909e-07 1.478280e-09 3.718064e-08 -1.468424e-13 1.644784e-10
5.078125e+02 4.882812e+03 2.460938e+03 -1.650252e-07 1.612779e-07 1.440459e-09 3.544904e-08 2.145928e-11 -3.568917e-11
5.078125e+02 4.960938e+03 2.460938e+03 -1.599313e-07 1.561479e-07 1.360590e-09 3.380949e-08 1.957984e-11 -2.973404e-10
5.859375e+02 3.906250e+01 2.460938e+03 -1.283080e-06 -2.480239e-06 -2.803060e-06 3.831507e-07 3.966458e-06 5.947145e-07
5.859375e+02 1.171875e+02 2.460938e+03 -1.755598e-06 -2.355538e-06 -2.025783e-06 1.910438e-07 3.680058e-06 6.312690e-08
5.859375e+02 1.953125e+02 2.460938e+03 -1.673246e-06 -2.296063e-06 -2.118506e-06 2.857456e-07 3.667566e-06 3.437429e-08
5.859375e+02 2.734375e+02 2.460938e+03 -1.647877e-06 -2.289323e-06 -2.114959e-06 3.834297e-07 3.661651e-06 1.844136e-08
5.859375e+02 3.515625e+02 2.460938e+03 -1.610048e-06 -2.293538e-06 -2.126533e-06 4.969259e-07 3.659390e-06 1.327993e-08
5.859375e+02 4.296875e+02 2.460938e+03 -1.571082e-06 -2.303415e-06 -2.135318e-06 6.240354e-07 3.657790e-06 1.178370e-08
5.859375e+02 5.078125e+02 2.460938e+03 -1.528519e-06 -2.313332e-06 -2.145846e-06 7.675007e-07 3.655997e-06 1.293467e-08
5.859375e+02 5.859375e+02 2.460938e+03 -1.483041e-06 -2.318070e-06 -2.159126e-06 9.306526e-07 3.653563e-06 1.580372e-08
5.859375e+02 6.640625e+02 2.460938e+03 -1.435527e-06 -2.310351e-06 -2.176775e-06 1.117777e-06 3.649405e-06 2.213748e-08
5.859375e+02 7.421875e+02 2.460938e+03 -1.388040e-06 -2.278451e-06 -2.201454e-06 1.334145e-06 3.641830e-06 3.276053e-08
5.859375e+02 8.203125e+02 2.460938e+03 -1.344631e-06 -2.199262e-06 -2.239020e-06 1.584059e-06 3.626983e-06 5.479886e-08
5.859375e+02 8.984375e+02 2.460938e+03 -1.310521e-06 -2.028089e-06 -2.285916e-06 1.865852e-06 3.591375e-06 1.084086e-07
5.859375e+02 9.765625e+02 2.460938e+03 -1.299987e-06 -1.649232e-06 -2.365228e-06 2.140065e-06 3.465403e-06 2.935777e-07
5.859375e+02 1.054688e+03 2.460938e+03 -1.285645e-06 -1.069537e-06 -1.730379e-06 2.260233e-06 2.600150e-06 1.066715e-06
5.859375e+02 1.132812e+03 2.460938e+03 -1.250462e-06 -4.349247e-07 -3.506353e-07 2.280312e-06 1.070200e-06 1.066793e-06
5.859375e+02 1.210938e+03 2.460938e+03 -1.238524e-06 1.482208e-07 2.840019e-07 2.199380e-06 2.047226e-07 2.948740e-07
5.859375e+02 1.289062e+03 2.460938e+03 -1.232193e-06 5.329179e-07 2.046639e-07 1.961830e-06 7.835825e-08 1.097449e-07
5.859375e+02 1.367188e+03 2.460938e+03 -1.202540e-06 7.106605e-07 1.568274e-07 1.713367e-06 4.202865e-08 5.611544e-08
5.859375e+02 1.445312e+03 2.460938e+03 -1.162215e-06 7.949650e-07 1.187757e-07 1.493467e-06 2.628513e-08 3.469030e-08
5.859375e+02 1.523438e+03 2.460938e+03 -1.115344e-06 8.298360e-07 9.322881e-08 1.304390e-06 1.792920e-08 2.294580e-08
5.859375e+02 1.601562e+03 2.460938e+03 -1.065366e-06 8.368397e-07 7.466775e-08 1.142567e-06 1.284621e-08 1.648049e-08
5.859375e+02 1.679688e+03 2.460938e+03 -1.014089e-06 8.270684e-07 6.141315e-08 1.004146e-06 9.438849e-09 1.240437e-08
5.859375e+02 1.757812e+03 2.460938e+03 -9.627046e-07 8.074113e-07 5.116990e-08 8.855510e-07 7.160233e-09 9.295370e-09
5.859375e+02 1.835938e+03 2.460938e+03 -9.122732e-07 7.814062e-07 4.329427e-08 7.835400e-07 5.566573e-09 7.367841e-09
5.859375e+02 1.914062e+03 2.460938e+03 -8.635443e-07 7.518489e-07 3.698841e-08 6.953725e-07 4.362075e-09 5.615229e-09
5.859375e+02 1.992188e+03 2.460938e+03 -8.169238e-07 7.208528e-07 3.150490e-08 6.191417e-07 3.399236e-09 4.441542e-09
5.859375e+02 2.070312e+03 2.460938e+03 -7.724474e-07 6.891512e-07 2.734540e-08 5.533366e-07 2.650449e-09 3.912216e-09
5.859375e+02 2.148438e+03 2.460938e+03 -7.303150e-07 6.576757e-07 2.401842e-08 4.960974e-07 2.170511e-09 3.204815e-09
5.859375e+02 2.226562e+03 2.460938e+03 -6.908021e-07 6.273288e-07 2.114780e-08 4.459778e-07 1.805655e-09 2.617381e-09
5.859375e+02 2.304688e+03 2.460938e+03 -6.537204e-07 5.976306e-07 1.874732e-08 4.021765e-07 1.399508e-09 2.088413e-09
5.859375e+02 2.382812e+03 2.460938e+03 -6.188831e-07 5.686660e-07 1.647435e-08 3.638396e-07 1.105791e-09 1.675603e-09
5.859375e+02 2.460938e+03 2.460938e+03 -5.862815e-07 5.414638e-07 1.466096e-08 3.300643e-07 9.826781e-10 1.672324e-09
5.859375e+02 2.539062e+03 2.460938e+03 -5.559251e-07 5.158965e-07 1.330856e-08 3.001394e-07 8.363753e-10 1.394367e-09
5.859375e+02 2.617188e+03 2.460938e+03 -5.276185e-07 4.914167e-07 1.200870e-08 2.736409e-07 6.114917e-10 1.007243e-09
5.859375e+02 2.695312e+03 2.460938e+03 -5.010580e-07 4.683448e-07 1.085574e-08 2.502572e-07 4.549197e-10 1.024499e-09
5.859375e+02 2.773438e+03 2.460938e+03 -4.762278e-07 4.467165e-07 9.780780e-09 2.294114e-07 4.336596e-10 8.549229e-10
5.859375e+02 2.851562e+03 2.460938e+03 -4.531386e-07 4.262637e-07 8.809272e-09 2.105831e-07 4.043258e-10 6.878026e-10
5.859375e+02 2.929688e+03 2.460938e+03 -4.315740e-07 4.070511e-07 8.115874e-09 1.937825e-07 2.537811e-10 8.405491e-10
5.859375e+02 3.007812e+03 2.460938e+03 -4.112936e-07 3.890352e-07 7.445082e-09 1.789337e-07 1.409271e-10 6.463070e-10
5.859375e+02 3.085938e+03 2.460938e+03 -3.922846e-07 3.719902e-07 6.748831e-09 1.655079e-07 1.959712e-10 4.051098e-10
5.859375e+02 3.164062e+03 2.460938e+03 -3.745992e-07 3.558345e-07 6.292448e-09 1.531854e-07 2.204653e-10 5.640289e-10
5.859375e+02 3.242188e+03 2.460938e+03 -3.580571e-07 3.405540e-07 5.935072e-09 1.420471e-07 9.063302e-11 3.893093e-10
5.859375e+02 3.320312e+03 2.460938e+03 -3.424436e-07 3.261384e-07 5.339230e-09 1.321229e-07 1.296755e-11 1.178624e-10
5.859375e+02 3.398438e+03 2.460938e+03 -3.277374e-07 3.126041e-07 4.823505e-09 1.231289e-07 7.090510e-11 4.549865e-10
5.859375e+02 3.476562e+03 2.460938e+03 -3.140019e-07 2.999927e-07 4.713647e-09 1.147339e-07 8.567067e-11 5.121648e-10
5.859375e+02 3.554688e+03 2.460938e+03 -3.011383e-07 2.880768e-07 4.395337e-09 1.070070e-07 9.601725e-12 -2.916974e-12
5.859375e+02 3.632812e+03 2.460938e+03 -2.889797e-07 2.767711e-07 3.832663e-09 1.001241e-07 -3.889228e-11 3.419371e-11
5.859375e+02 3.710938e+03 2.460938e+03 -2.774912e-07 2.662068e-07 3.634243e-09 9.389382e-08 -2.684914e-11 4.575423e-10
5.859375e+02 3.789062e+03 2.460938e+03 -2.666802e-07 2.562827e-07 3.576238e-09 8.807388e-08 -4.624695e-12 3.223531e-10
5.859375e+02 3.867188e+03 2.460938e+03 -2.565045e-07 2.467528e-07 3.228879e-09 8.266697e-08 -1.771468e-11 -3.681835e-11
5.859375e+02 3.945312e+03 2.460938e+03 -2.468569e-07 2.378148e-07 2.707737e-09 7.774601e-08 -5.601924e-11 7.177305e-11
5.859375e+02 4.023438e+03 2.460938e+03 -2.376879e-07 2.295567e-07 2.589319e-09 7.329131e-08 -5.438516e-11 4.671088e-10
5.859375e+02 4.101562e+03 2.460938e+03 -2.290277e-07 2.216517e-07 2.764496e-09 6.920720e-08 -2.393004e-11 3.328350e-10
5.859375e+02 4.179688e+03 2.460938e+03 -2.208553e-07 2.137648e-07 2.552230e-09 6.537378e-08 -2.093001e-11 -1.119917e-10
5.859375e+02 4.257812e+03 2.460938e+03 -2.131137e-07 2.060625e-07 2.100583e-09 6.172656e-08 -2.122753e-11 -6.727395e-11
5.859375e+02 4.335938e+03 2.460938e+03 -2.057475e-07 1.989201e-07 1.935557e-09 5.835724e-08 2.707128e-12 2.176053e-10
5.859375e+02 4.414062e+03 2.460938e+03 -1.987127e-07 1.924259e-07 2.064252e-09 5.528049e-08 5.000213e-12 3.442031e-10
5.859375e+02 4.492188e+03 2.460938e+03 -1.920221e-07 1.862364e-07 2.031197e-09 5.241468e-08 -2.852169e-11 3.845180e-11
5.859375e+02 4.570312e+03 2.460938e+03 -1.856716e-07 1.801773e-07 1.747383e-09 4.969157e-08 -3.732976e-11 -1.101405e-10
5.859375e+02 4.648438e+03 2.460938e+03 -1.796221e-07 1.744000e-07 1.529183e-09 4.713941e-08 -2.778620e-11 -5.885434e-12
5.859375e+02 4.726562e+03 2.460938e+03 -1.738536e-07 1.691091e-07 1.447641e-09 4.477748e-08 -2.626336e-11 1.476700e-10
5.859375e+02 4.804688e+03 2.460938e+03 -1.683645e-07 1.642989e-07 1.451642e-09 4.260272e-08 -5.885266e-12 1.910567e-10
5.859375e+02 4.882812e+03 2.460938e+03 -1.631389e-07 1.595125e-07 1.424258e-09 4.060225e-08 1.800541e-11 -5.788108e-11
5.859375e+02 4.960938e+03 2.460938e+03 -1.581526e-07 1.544693e-07 1.349618e-09 3.873180e-08 2.070879e-11 -3.513999e-10
6.640625e+02 3.906250e+01 2.460938e+03 -7.454882e-08 -2.403660e-06 6.547781e-07 9.989966e-08 7.667538e-07 6.634426e-08
6.640625e+02 1.171875e+02 2.460938e+03 -2.624986e-07 -2.223060e-06 7.238891e-07 2.691116e-07 7.005348e-07 5.641015e-08
6.640625e+02 1.953125e+02 2.460938e+03 -3.092721e-07 -2.183951e-06 7.342406e-07 3.180409e-07 6.814558e-07 2.375940e-08
6.640625e+02 2.734375e+02 2.460938e+03 -2.902739e-07 -2.171310e-06 7.277462e-07 4.166560e-07 6.762625e-07 1.529541e-08
6.640625e+02 3.515625e+02 2.460938e+03 -2.715879e-07 -2.167121e-06 7.209287e-07 5.294122e-07 6.738830e-07 1.181578e-08
6.640625e+02 4.296875e+02 2.460938e+03 -2.493820e-07 -2.164394e-06 7.131488e-07 6.573005e-07 6.721598e-07 1.082924e-08
6.640625e+02 5.078125e+02 2.460938e+03 -2.275189e-07 -2.158077e-06 7.040725e-07 8.010698e-07 6.703176e-07 1.208901e-08
6.640625e+02 5.859375e+02 2.460938e+03 -2.078534e-07 -2.142774e-06 6.926510e-07 9.632500e-07 6.676299e-07 1.461934e-08
6.640625e+02 6.640625e+02 2.460938e+03 -1.937009e-07 -2.110633e-06 6.777831e-07 1.146752e-06 6.633850e-07 1.998487e-08
6.640625e+02 7.421875e+02 2.460938e+03 -1.903387e-07 -2.050083e-06 6.576023e-07 1.354733e-06 6.561403e-07 2.870876e-08
6.640625e+02 8.203125e+02 2.460938e+03 -2.063248e-07 -1.941175e-06 6.299767e-07 1.588575e-06 6.423565e-07 4.582455e-08
6.640625e+02 8.984375e+02 2.460938e+03 -2.549531e-07 -1.749798e-06 5.913356e-07 1.841502e-06 6.109527e-07 8.226909e-08
6.640625e+02 9.765625e+02 2.460938e+03 -3.572414e-07 -1.433431e-06 5.717145e-07 2.083018e-06 5.091305e-07 1.700559e-07
6.640625e+02 1.054688e+03 2.460938e+03 -4.863781e-07 -9.861702e-07 4.781087e-07 2.231098e-06 3.852642e-07 2.017472e-07
6.640625e+02 1.132812e+03 2.460938e+03 -6.094137e-07 -4.801732e-07 2.838472e-07 2.250221e-06 2.967162e-07 2.017007e-07
6.640625e+02 1.210938e+03 2.460938e+03 -7.401035e-07 -3.071253e-08 1.901357e-07 2.139695e-06 1.727603e-07 1.709400e-07
6.640625e+02 1.289062e+03 2.460938e+03 -8.450057e-07 2.892369e-07 1.706462e-07 1.934102e-06 7.071639e-08 8.305039e-08
6.640625e+02 1.367188e+03 2.460938e+03 -8.963332e-07 4.846148e-07 1.313150e-07 1.715015e-06 3.893357e-08 4.646491e-08
6.640625e+02 1.445312e+03 2.460938e+03 -9.141048e-07 5.964043e-07 1.034588e-07 1.512747e-06 2.463832e-08 2.983686e-08
6.640625e+02 1.523438e+03 2.460938e+03 -9.108670e-07 6.584239e-07 8.273636e-08 1.334315e-06 1.695120e-08 2.013720e-08
6.640625e+02 1.601562e+03 2.460938e+03 -8.945158e-07 6.892969e-07 6.725198e-08 1.178793e-06 1.224550e-08 1.472595e-08
6.640625e+02 1.679688e+03 2.460938e+03 -8.698768e-07 6.999653e-07 5.601506e-08 1.043934e-06 9.044669e-09 1.131510e-08
6.640625e+02 1.757812e+03 2.460938e+03 -8.401496e-07 6.977138e-07 4.716374e-08 9.270014e-07 6.901705e-09 8.424006e-09
6.640625e+02 1.835938e+03 2.460938e+03 -8.076076e-07 6.865762e-07 4.013725e-08 8.252639e-07 5.435864e-09 6.647299e-09
6.640625e+02 1.914062e+03 2.460938e+03 -7.737920e-07 6.697178e-07 3.445775e-08 7.365226e-07 4.273147e-09 5.218358e-09
6.640625e+02 1.992188e+03 2.460938e+03 -7.394850e-07 6.494788e-07 2.953086e-08 6.592183e-07 3.340497e-09 4.191440e-09
6.640625e+02 2.070312e+03 2.460938e+03 -7.053656e-07 6.269787e-07 2.576408e-08 5.919773e-07 2.672312e-09 3.665105e-09
6.640625e+02 2.148438e+03 2.460938e+03 -6.721003e-07 6.034294e-07 2.272395e-08 5.329189e-07 2.232835e-09 2.990070e-09
6.640625e+02 2.226562e+03 2.460938e+03 -6.400494e-07 5.797752e-07 2.007499e-08 4.808610e-07 1.844179e-09 2.464939e-09
6.640625e+02 2.304688e+03 2.460938e+03 -6.092882e-07 5.557975e-07 1.784250e-08 4.352064e-07 1.415413e-09 2.010169e-09
6.640625e+02 2.382812e+03 2.460938e+03 -5.798625e-07 5.318273e-07 1.573668e-08 3.950032e-07 1.156333e-09 1.586479e-09
6.640625e+02 2.460938e+03 2.460938e+03 -5.519760e-07 5.089536e-07 1.404318e-08 3.593381e-07 1.068984e-09 1.554574e-09
6.640625e+02 2.539062e+03 2.460938e+03 -5.256635e-07 4.871016e-07 1.277123e-08 3.275800e-07 8.932194e-10 1.351831e-09
6.640625e+02 2.617188e+03 2.460938e+03 -5.007454e-07 4.657869e-07 1.155996e-08 2.994229e-07 6.517611e-10 1.005725e-09
6.640625e+02 2.695312e+03 2.460938e+03 -4.771500e-07 4.454840e-07 1.046558e-08 2.744720e-07 5.370399e-10 9.825725e-10
6.640625e+02 2.773438e+03 2.460938e+03 -4.549649e-07 4.263198e-07 9.443135e-09 2.520446e-07 5.282422e-10 8.271312e-10
6.640625e+02 2.851562e+03 2.460938e+03 -4.341744e-07 4.080154e-07 8.529900e-09 2.317644e-07 4.528399e-10 6.870557e-10
6.640625e+02 2.929688e+03 2.460938e+03 -4.145593e-07 3.906689e-07 7.847941e-09 2.137047e-07 2.908665e-10 8.167927e-10
6.640625e+02 3.007812e+03 2.460938e+03 -3.960134e-07 3.743004e-07 7.191182e-09 1.976763e-07 2.231936e-10 6.132461e-10
6.640625e+02 3.085938e+03 2.460938e+03 -3.785783e-07 3.587130e-07 6.548232e-09 1.830584e-07 2.901120e-10 3.774045e-10
6.640625e+02 3.164062e+03 2.460938e+03 -3.622277e-07 3.438146e-07 6.117640e-09 1.696046e-07 2.770503e-10 5.550859e-10
6.640625e+02 3.242188e+03 2.460938e+03 -3.468105e-07 3.296156e-07 5.767577e-09 1.575037e-07 1.303518e-10 4.261974e-10
6.640625e+02 3.320312e+03 2.460938e+03 -3.322009e-07 3.161892e-07 5.211520e-09 1.466998e-07 7.503052e-11 1.576549e-10
6.640625e+02 3.398438e+03 2.460938e+03 -3.184612e-07 3.035533e-07 4.716311e-09 1.368085e-07 1.480009e-10 4.382827e-10
6.640625e+02 3.476562e+03 2.460938e+03 -3.055804e-07 2.917129e-07 4.572679e-09 1.275821e-07 1.483738e-10 4.816251e-10
6.640625e+02 3.554688e+03 2.460938e+03 -2.934155e-07 2.804989e-07 4.249544e-09 1.191452e-07 6.154529e-11 3.138107e-11
6.640625e+02 3.632812e+03 2.460938e+03 -2.818923e-07 2.698579e-07 3.744087e-09 1.116088e-07 1.840026e-11 8.671238e-11
6.640625e+02 3.710938e+03 2.460938e+03 -2.709932e-07 2.598641e-07 3.577682e-09 1.047333e-07 2.470435e-11 4.393944e-10
6.640625e+02 3.789062e+03 2.460938e+03 -2.607250e-07 2.504206e-07 3.485672e-09 9.828196e-08 2.671557e-11 2.810990e-10
6.640625e+02 3.867188e+03 2.460938e+03 -2.510285e-07 2.413572e-07 3.099237e-09 9.231720e-08 3.256937e-12 -3.001470e-11
6.640625e+02 3.945312e+03 2.460938e+03 -2.418087e-07 2.328953e-07 2.596025e-09 8.691144e-08 -1.958370e-11 1.151211e-10
6.640625e+02 4.023438e+03 2.460938e+03 -2.330402e-07 2.250553e-07 2.520130e-09 8.198176e-08 -7.978123e-13 4.799368e-10
6.640625e+02 4.101562e+03 2.460938e+03 -2.247329e-07 2.174621e-07 2.688618e-09 7.742670e-08 2.308591e-11 2.984651e-10
6.640625e+02 4.179688e+03 2.460938e+03 -2.168841e-07 2.098440e-07 2.444838e-09 7.315405e-08 1.950166e-11 -1.266509e-10
6.640625e+02 4.257812e+03 2.460938e+03 -2.094353e-07 2.024323e-07 2.001306e-09 6.911706e-08 3.539146e-11 -4.714945e-11
6.640625e+02 4.335938e+03 2.460938e+03 -2.023281e-07 1.955934e-07 1.881424e-09 6.539197e-08 7.669458e-11 2.470354e-10
6.640625e+02 4.414062e+03 2.460938e+03 -1.955542e-07 1.893489e-07 2.037698e-09 6.198469e-08 7.957507e-11 3.396681e-10
6.640625e+02 4.492188e+03 2.460938e+03 -1.891020e-07 1.833412e-07 1.985955e-09 5.878686e-08 4.342375e-11 8.031651e-12
6.640625e+02 4.570312e+03 2.460938e+03 -1.829545e-07 1.774246e-07 1.684042e-09 5.575944e-08 1.976302e-11 -1.214678e-10
6.640625e+02 4.648438e+03 2.460938e+03 -1.770833e-07 1.718313e-07 1.468033e-09 5.292755e-08 1.967910e-11 8.652992e-12
6.640625e+02 4.726562e+03 2.460938e+03 -1.714709e-07 1.667524e-07 1.406308e-09 5.031631e-08 2.312974e-11 1.786614e-10
6.640625e+02 4.804688e+03 2.460938e+03 -1.661234e-07 1.621388e-07 1.424433e-09 4.788735e-08 2.125373e-11 2.037891e-10
6.640625e+02 4.882812e+03 2.460938e+03 -1.610189e-07 1.575015e-07 1.404964e-09 4.565029e-08 2.815835e-11 -8.158332e-11
6.640625e+02 4.960938e+03 2.460938e+03 -1.561563e-07 1.525577e-07 1.341782e-09 4.354057e-08 2.759253e-11 -4.127789e-10
7.421875e+02 3.906250e+01 2.460938e+03 6.838477e-07 -2.225565e-06 4.292564e-07 3.759753e-08 2.760302e-07 6.404100e-08
7.421875e+02 1.171875e+02 2.460938e+03 6.651160e-07 -2.145885e-06 4.019484e-07 2.276444e-07 2.471582e-07 3.180149e-08
7.421875e+02 1.953125e+02 2.460938e+03 6.188525e-07 -2.083545e-06 4.055153e-07 3.346402e-07 2.459598e-07 1.871210e-08
7.421875e+02 2.734375e+02 2.460938e+03 6.081197e-07 -2.058583e-06 4.009293e-07 4.330764e-07 2.425569e-07 1.266069e-08
7.421875e+02 3.515625e+02 2.460938e+03 6.114475e-07 -2.042787e-06 3.953146e-07 5.465886e-07 2.404850e-07 1.042402e-08
7.421875e+02 4.296875e+02 2.460938e+03 6.162237e-07 -2.027238e-06 3.889425e-07 6.728352e-07 2.388811e-07 9.952679e-09
7.421875e+02 5.078125e+02 2.460938e+03 6.189498e-07 -2.005940e-06 3.813389e-07 8.131275e-07 2.370266e-07 1.104634e-08
7.421875e+02 5.859375e+02 2.460938e+03 6.156137e-07 -1.973196e-06 3.716452e-07 9.687727e-07 2.344921e-07 1.310246e-08
7.421875e+02 6.640625e+02 2.460938e+03 6.014010e-07 -1.921253e-06 3.593441e-07 1.141026e-06 2.306689e-07 1.745682e-08
7.421875e+02 7.421875e+02 2.460938e+03 5.695894e-07 -1.839573e-06 3.435974e-07 1.330537e-06 2.244070e-07 2.400081e-08
7.421875e+02 8.203125e+02 2.460938e+03 5.103649e-07 -1.712524e-06 3.227801e-07 1.534469e-06 2.133230e-07 3.546993e-08
7.421875e+02 8.984375e+02 2.460938e+03 4.096141e-07 -1.519824e-06 2.977536e-07 1.741666e-06 1.914581e-07 5.391020e-08
7.421875e+02 9.765625e+02 2.460938e+03 2.566885e-07 -1.244722e-06 2.624337e-07 1.922360e-06 1.628675e-07 6.843934e-08
7.421875e+02 1.054688e+03 2.460938e+03 5.466171e-08 -9.001121e-07 2.285795e-07 2.036646e-06 1.362343e-07 7.578870e-08
7.421875e+02 1.132812e+03 2.460938e+03 -1.694999e-07 -5.294978e-07 2.046295e-07 2.055168e-06 1.107847e-07 7.569510e-08
7.421875e+02 1.210938e+03 2.460938e+03 -3.725525e-07 -1.834176e-07 1.707149e-07 1.977454e-06 8.407471e-08 6.901986e-08
7.421875e+02 1.289062e+03 2.460938e+03 -5.269872e-07 9.379634e-08 1.355663e-07 1.832290e-06 5.530807e-08 5.439664e-08
7.421875e+02 1.367188e+03 2.460938e+03 -6.291866e-07 2.888251e-07 1.100707e-07 1.659278e-06 3.323516e-08 3.577860e-08
7.421875e+02 1.445312e+03 2.460938e+03 -6.892874e-07 4.172952e-07 8.914502e-08 1.487969e-06 2.184931e-08 2.456896e-08
7.421875e+02 1.523438e+03 2.460938e+03 -7.206854e-07 4.992938e-07 7.298463e-08 1.329655e-06 1.533408e-08 1.727059e-08
7.421875e+02 1.601562e+03 2.460938e+03 -7.325382e-07 5.494740e-07 6.037245e-08 1.187376e-06 1.122767e-08 1.297771e-08
7.421875e+02 1.679688e+03 2.460938e+03 -7.311116e-07 5.775601e-07 5.100293e-08 1.061198e-06 8.351364e-09 1.009680e-08
7.421875e+02 1.757812e+03 2.460938e+03 -7.207881e-07 5.906567e-07 4.336104e-08 9.498279e-07 6.394186e-09 7.495629e-09
7.421875e+02 1.835938e+03 2.460938e+03 -7.045815e-07 5.929694e-07 3.713377e-08 8.514731e-07 5.058155e-09 5.993437e-09
7.421875e+02 1.914062e+03 2.460938e+03 -6.844119e-07 5.877892e-07 3.208878e-08 7.646981e-07 3.979366e-09 4.873956e-09
7.421875e+02 1.992188e+03 2.460938e+03 -6.616607e-07 5.776163e-07 2.772712e-08 6.883728e-07 3.123655e-09 3.921010e-09
7.421875e+02 2.070312e+03 2.460938e+03 -6.374699e-07 5.638933e-07 2.433697e-08 6.212790e-07 2.529129e-09 3.380366e-09
7.421875e+02 2.148438e+03 2.460938e+03 -6.127513e-07 5.479708e-07 2.155549e-08 5.618031e-07 2.103932e-09 2.769751e-09
7.421875e+02 2.226562e+03 2.460938e+03 -5.879576e-07 5.308055e-07 1.912997e-08 5.090567e-07 1.693000e-09 2.311874e-09
7.421875e+02 2.304688e+03 2.460938e+03 -5.633576e-07 5.124705e-07 1.704581e-08 4.625109e-07 1.295820e-09 1.902971e-09
7.421875e+02 2.382812e+03 2.460938e+03 -5.393542e-07 4.934900e-07 1.508953e-08 4.212112e-07 1.101900e-09 1.484237e-09
7.421875e+02 2.460938e+03 2.460938e+03 -5.161836e-07 4.749243e-07 1.353941e-08 3.843203e-07 1.016626e-09 1.467251e-09
7.421875e+02 2.539062e+03 2.460938e+03 -4.938779e-07 4.567795e-07 1.235765e-08 3.513501e-07 8.068511e-10 1.320324e-09
7.421875e+02 2.617188e+03 2.460938e+03 -4.723979e-07 4.386898e-07 1.122039e-08 3.220442e-07 5.752671e-10 9.698320e-10
7.421875e+02 2.695312e+03 2.460938e+03 -4.518590e-07 4.212495e-07 1.016856e-08 2.958839e-07 4.949077e-10 9.003657e-10
7.421875e+02 2.773438e+03 2.460938e+03 -4.324289e-07 4.046361e-07 9.180902e-09 2.722342e-07 4.897182e-10 7.795867e-10
7.421875e+02 2.851562e+03 2.460938e+03 -4.139740e-07 3.885569e-07 8.325042e-09 2.508782e-07 4.002737e-10 6.874727e-10
7.421875e+02 2.929688e+03 2.460938e+03 -3.963482e-07 3.731454e-07 7.682332e-09 2.318289e-07 2.597567e-10 7.929993e-10
7.421875e+02 3.007812e+03 2.460938e+03 -3.796024e-07 3.584755e-07 7.053558e-09 2.147861e-07 2.196917e-10 5.682793e-10
7.421875e+02 3.085938e+03 2.460938e+03 -3.638043e-07 3.443887e-07 6.443181e-09 1.991498e-07 2.597368e-10 3.419720e-10
7.421875e+02 3.164062e+03 2.460938e+03 -3.488734e-07 3.308074e-07 6.020865e-09 1.847722e-07 2.117507e-10 5.417324e-10
7.421875e+02 3.242188e+03 2.460938e+03 -3.346510e-07 3.177745e-07 5.683594e-09 1.718676e-07 8.041007e-11 4.458947e-10
7.421875e+02 3.320312e+03 2.460938e+03 -3.211475e-07 3.054190e-07 5.178020e-09 1.602714e-07 6.059314e-11 1.680492e-10
7.421875e+02 3.398438e+03 2.460938e+03 -3.084281e-07 2.937414e-07 4.701220e-09 1.495811e-07 1.413393e-10 3.976365e-10
7.421875e+02 3.476562e+03 2.460938e+03 -2.964307e-07 2.827311e-07 4.522932e-09 1.396546e-07 1.232301e-10 4.556646e-10
7.421875e+02 3.554688e+03 2.460938e+03 -2.850260e-07 2.722726e-07 4.209772e-09 1.306043e-07 2.999722e-11 7.575216e-11
7.421875e+02 3.632812e+03 2.460938e+03 -2.741746e-07 2.623281e-07 3.757336e-09 1.224664e-07 -4.624734e-12 1.133789e-10
7.421875e+02 3.710938e+03 2.460938e+03 -2.639199e-07 2.529290e-07 3.586008e-09 1.149965e-07 -5.864432e-12 3.931647e-10
7.421875e+02 3.789062e+03 2.460938e+03 -2.542360e-07 2.440042e-07 3.447974e-09 1.079832e-07 -1.867056e-11 2.421036e-10
7.421875e+02 3.867188e+03 2.460938e+03 -2.450391e-07 2.354527e-07 3.050018e-09 1.015318e-07 -3.274236e-11 -6.186229e-12
7.421875e+02 3.945312e+03 2.460938e+03 -2.362680e-07 2.275040e-07 2.584299e-09 9.567987e-08 -2.904751e-11 1.535781e-10
7.421875e+02 4.023438e+03 2.460938e+03 -2.279237e-07 2.201029e-07 2.541563e-09 9.030058e-08 -3.580114e-12 4.599730e-10
7.421875e+02 4.101562e+03 2.460938e+03 -2.200130e-07 2.128401e-07 2.681210e-09 8.530552e-08 1.916828e-12 2.553559e-10
7.421875e+02 4.179688e+03 2.460938e+03 -2.125079e-07 2.055253e-07 2.404016e-09 8.062094e-08 -1.296828e-11 -1.211167e-10
7.421875e+02 4.257812e+03 2.460938e+03 -2.053666e-07 1.984462e-07 1.973182e-09 7.623545e-08 1.708753e-11 -9.858631e-12
7.421875e+02 4.335938e+03 2.460938e+03 -1.985423e-07 1.919304e-07 1.894231e-09 7.219360e-08 7.639256e-11 2.703438e-10
7.421875e+02 4.414062e+03 2.460938e+03 -1.920339e-07 1.859591e-07 2.088979e-09 6.846162e-08 7.188531e-11 3.182799e-10
7.421875e+02 4.492188e+03 2.460938e+03 -1.858503e-07 1.801348e-07 2.033596e-09 6.495815e-08 2.073449e-11 -3.973729e-11
7.421875e+02 4.570312e+03 2.460938e+03 -1.799402e-07 1.743954e-07 1.688283e-09 6.165533e-08 -5.084609e-12 -1.657714e-10
7.421875e+02 4.648438e+03 2.460938e+03 -1.742679e-07 1.690022e-07 1.444834e-09 5.857476e-08 -2.367570e-12 1.809707e-11
7.421875e+02 4.726562e+03 2.460938e+03 -1.688323e-07 1.641589e-07 1.407759e-09 5.570649e-08 1.097345e-11 2.183407e-10
7.421875e+02 4.804688e+03 2.460938e+03 -1.636238e-07 1.597297e-07 1.437680e-09 5.302844e-08 2.364168e-11 2.150674e-10
7.421875e+02 4.882812e+03 2.460938e+03 -1.586707e-07 1.552683e-07 1.407498e-09 5.055052e-08 3.133258e-11 -9.847195e-11
7.421875e+02 4.960938e+03 2.460938e+03 -1.539609e-07 1.504104e-07 1.338937e-09 4.820992e-08 2.729759e-11 -4.718548e-10
8.203125e+02 3.906250e+01 2.460938e+03 1.006569e-06 -2.071155e-06 3.245918e-07 4.434146e-08 1.395110e-07 4.624330e-08
8.203125e+02 1.171875e+02 2.460938e+03 1.007275e-06 -2.029435e-06 3.238610e-07 1.964272e-07 1.236309e-07 2.683880e-08
8.203125e+02 1.953125e+02 2.460938e+03 9.854630e-07 -1.982120e-06 3.177113e-07 3.222215e-07 1.195141e-07 1.517932e-08
8.203125e+02 2.734375e+02 2.460938e+03 9.671674e-07 -1.947792e-06 3.135087e-07 4.338342e-07 1.182708e-07 1.087661e-08
8.203125e+02 3.515625e+02 2.460938e+03 9.564576e-07 -1.921536e-06 3.084435e-07 5.483225e-07 1.169958e-07 9.253183e-09
8.203125e+02 4.296875e+02 2.460938e+03 9.469225e-07 -1.894642e-06 3.030206e-07 6.719445e-07 1.155842e-07 8.969265e-09
8.203125e+02 5.078125e+02 2.460938e+03 9.334033e-07 -1.860922e-06 2.965152e-07 8.061057e-07 1.137967e-07 9.877358e-09
8.203125e+02 5.859375e+02 2.460938e+03 9.114098e-07 -1.814668e-06 2.884396e-07 9.515706e-07 1.115686e-07 1.148524e-08
8.203125e+02 6.640625e+02 2.460938e+03 8.757943e-07 -1.748867e-06 2.785006e-07 1.108237e-06 1.083286e-07 1.472722e-08
8.203125e+02 7.421875e+02 2.460938e+03 8.201266e-07 -1.655103e-06 2.663294e-07 1.274494e-06 1.033535e-07 1.910094e-08
8.203125e+02 8.203125e+02 2.460938e+03 7.362261e-07 -1.522896e-06 2.511877e-07 1.444807e-06 9.577476e-08 2.558707e-08
8.203125e+02 8.984375e+02 2.460938e+03 6.158447e-07 -1.342332e-06 2.327743e-07 1.606891e-06 8.573274e-08 3.220201e-08
8.203125e+02 9.765625e+02 2.460938e+03 4.557185e-07 -1.111021e-06 2.112786e-07 1.740876e-06 7.515661e-08 3.709590e-08
8.203125e+02 1.054688e+03 2.460938e+03 2.643379e-07 -8.400505e-07 1.857702e-07 1.824088e-06 6.565112e-08 3.988043e-08
8.203125e+02 1.132812e+03 2.460938e+03 6.115211e-08 -5.535529e-07 1.573054e-07 1.842226e-06 5.689207e-08 3.982323e-08
8.203125e+02 1.210938e+03 2.460938e+03 -1.308061e-07 -2.816826e-07 1.317975e-07 1.795072e-06 4.728747e-08 3.751935e-08
8.203125e+02 1.289062e+03 2.460938e+03 -2.917018e-07 -4.917611e-08 1.104071e-07 1.696459e-06 3.658073e-08 3.246230e-08
8.203125e+02 1.367188e+03 2.460938e+03 -4.128072e-07 1.326608e-07 9.161204e-08 1.568810e-06 2.639771e-08 2.567379e-08
8.203125e+02 1.445312e+03 2.460938e+03 -4.969176e-07 2.653389e-07 7.641045e-08 1.431914e-06 1.864688e-08 1.937659e-08
8.203125e+02 1.523438e+03 2.460938e+03 -5.516625e-07 3.586121e-07 6.399953e-08 1.298190e-06 1.362087e-08 1.443382e-08
8.203125e+02 1.601562e+03 2.460938e+03 -5.846451e-07 4.222139e-07 5.394469e-08 1.173250e-06 1.021257e-08 1.119381e-08
8.203125e+02 1.679688e+03 2.460938e+03 -6.018524e-07 4.637022e-07 4.618756e-08 1.059181e-06 7.720523e-09 8.814044e-09
8.203125e+02 1.757812e+03 2.460938e+03 -6.077963e-07 4.893210e-07 3.963700e-08 9.562201e-07 6.019514e-09 6.654067e-09
8.203125e+02 1.835938e+03 2.460938e+03 -6.056067e-07 5.030559e-07 3.424526e-08 8.637097e-07 4.860409e-09 5.466362e-09
8.203125e+02 1.914062e+03 2.460938e+03 -5.975277e-07 5.080964e-07 2.986627e-08 7.809576e-07 3.874811e-09 4.526793e-09
8.203125e+02 1.992188e+03 2.460938e+03 -5.852383e-07 5.070033e-07 2.599563e-08 7.073036e-07 3.081430e-09 3.609479e-09
8.203125e+02 2.070312e+03 2.460938e+03 -5.702100e-07 5.013472e-07 2.291764e-08 6.417645e-07 2.542504e-09 3.098343e-09
8.203125e+02 2.148438e+03 2.460938e+03 -5.534497e-07 4.924875e-07 2.039460e-08 5.831224e-07 2.130089e-09 2.583941e-09
8.203125e+02 2.226562e+03 2.460938e+03 -5.354801e-07 4.814376e-07 1.819636e-08 5.307664e-07 1.727185e-09 2.183969e-09
8.203125e+02 2.304688e+03 2.460938e+03 -5.168515e-07 4.685088e-07 1.626266e-08 4.841728e-07 1.379495e-09 1.803923e-09
8.203125e+02 2.382812e+03 2.460938e+03 -4.980632e-07 4.543395e-07 1.446071e-08 4.424835e-07 1.204682e-09 1.414061e-09
8.203125e+02 2.460938e+03 2.460938e+03 -4.794313e-07 4.399618e-07 1.305685e-08 4.050268e-07 1.073453e-09 1.414677e-09
8.203125e+02 2.539062e+03 2.460938e+03 -4.610542e-07 4.254596e-07 1.195959e-08 3.714424e-07 8.438176e-10 1.278286e-09
8.203125e+02 2.617188e+03 2.460938e+03 -4.430366e-07 4.105965e-07 1.087796e-08 3.414462e-07 6.554385e-10 9.104825e-10
8.203125e+02 2.695312e+03 2.460938e+03 -4.256211e-07 3.960468e-07 9.868688e-09 3.144519e-07 6.159147e-10 8.301192e-10
8.203125e+02 2.773438e+03 2.460938e+03 -4.088946e-07 3.819917e-07 8.935752e-09 2.899629e-07 6.036979e-10 7.680602e-10
8.203125e+02 2.851562e+03 2.460938e+03 -3.927605e-07 3.681534e-07 8.149106e-09 2.678582e-07 4.897967e-10 7.109976e-10
8.203125e+02 2.929688e+03 2.460938e+03 -3.771849e-07 3.547007e-07 7.545828e-09 2.480410e-07 3.505205e-10 7.684970e-10
8.203125e+02 3.007812e+03 2.460938e+03 -3.623008e-07 3.417496e-07 6.931512e-09 2.301654e-07 3.100416e-10 5.246501e-10
8.203125e+02 3.085938e+03 2.460938e+03 -3.481634e-07 3.291944e-07 6.338247e-09 2.137217e-07 3.244679e-10 3.281424e-10
8.203125e+02 3.164062e+03 2.460938e+03 -3.346604e-07 3.169814e-07 5.935368e-09 1.986371e-07 2.714963e-10 5.414104e-10
8.203125e+02 3.242188e+03 2.460938e+03 -3.217188e-07 3.051755e-07 5.632127e-09 1.850785e-07 1.652006e-10 4.523291e-10
8.203125e+02 3.320312e+03 2.460938e+03 -3.093879e-07 2.939410e-07 5.170200e-09 1.727829e-07 1.546883e-10 1.673245e-10
8.203125e+02 3.398438e+03 2.460938e+03 -2.977355e-07 2.832658e-07 4.696620e-09 1.614066e-07 2.142807e-10 3.645346e-10
8.203125e+02 3.476562e+03 2.460938e+03 -2.866592e-07 2.731325e-07 4.490049e-09 1.509000e-07 1.738523e-10 4.449695e-10
8.203125e+02 3.554688e+03 2.460938e+03 -2.760475e-07 2.634776e-07 4.194173e-09 1.413273e-07 8.677887e-11 1.197713e-10
8.203125e+02 3.632812e+03 2.460938e+03 -2.659208e-07 2.542500e-07 3.784096e-09 1.326586e-07 7.529290e-11 1.287575e-10
8.203125e+02 3.710938e+03 2.460938e+03 -2.563250e-07 2.454633e-07 3.593642e-09 1.246434e-07 8.075514e-11 3.528132e-10
8.203125e+02 3.789062e+03 2.460938e+03 -2.472455e-07 2.370925e-07 3.416855e-09 1.171351e-07 5.556096e-11 2.248257e-10
8.203125e+02 3.867188e+03 2.460938e+03 -2.385817e-07 2.290984e-07 3.036051e-09 1.102611e-07 3.996324e-11 4.487341e-11
8.203125e+02 3.945312e+03 2.460938e+03 -2.302919e-07 2.216886e-07 2.626103e-09 1.040038e-07 4.992737e-11 2.003754e-10
8.203125e+02 4.023438e+03 2.460938e+03 -2.223970e-07 2.147195e-07 2.601529e-09 9.821123e-08 6.182104e-11 4.343786e-10
8.203125e+02 4.101562e+03 2.460938e+03 -2.148974e-07 2.078102e-07 2.692954e-09 9.280989e-08 5.285936e-11 2.216975e-10
8.203125e+02 4.179688e+03 2.460938e+03 -2.077669e-07 2.008453e-07 2.387965e-09 8.776002e-08 4.258558e-11 -9.831185e-11
8.203125e+02 4.257812e+03 2.460938e+03 -2.009521e-07 1.941450e-07 1.981543e-09 8.305582e-08 8.814733e-11 4.791179e-11
8.203125e+02 4.335938e+03 2.460938e+03 -1.944271e-07 1.879776e-07 1.940442e-09 7.872472e-08 1.568264e-10 2.993817e-10
8.203125e+02 4.414062e+03 2.460938e+03 -1.882012e-07 1.822700e-07 2.149931e-09 7.469435e-08 1.378857e-10 2.912266e-10
8.203125e+02 4.492188e+03 2.460938e+03 -1.822730e-07 1.766413e-07 2.077542e-09 7.089737e-08 6.755228e-11 -7.571488e-11
8.203125e+02 4.570312e+03 2.460938e+03 -1.766066e-07 1.710880e-07 1.712840e-09 6.733637e-08 4.819488e-11 -1.819454e-10
8.203125e+02 4.648438e+03 2.460938e+03 -1.711497e-07 1.659236e-07 1.466219e-09 6.401088e-08 5.861007e-11 4.692700e-11
8.203125e+02 4.726562e+03 2.460938e+03 -1.659009e-07 1.612960e-07 1.443865e-09 6.089957e-08 5.761677e-11 2.637363e-10
8.203125e+02 4.804688e+03 2.460938e+03 -1.608795e-07 1.571138e-07 1.482942e-09 5.799980e-08 6.122504e-11 2.385596e-10
8.203125e+02 4.882812e+03 2.460938e+03 -1.560888e-07 1.527968e-07 1.431707e-09 5.528045e-08 5.606862e-11 -1.073673e-10
8.203125e+02 4.960938e+03 2.460938e+03 -1.515367e-07 1.480641e-07 1.335550e-09 5.272802e-08 3.341833e-11 -5.176319e-10
8.984375e+02 3.906250e+01 2.460938e+03 1.156578e-06 -1.935358e-06 2.375521e-07 5.018645e-08 8.330147e-08 3.347943e-08
8.984375e+02 1.171875e+02 2.460938e+03 1.158720e-06 -1.906187e-06 2.380811e-07 1.829465e-07 7.555077e-08 2.078759e-08
8.984375e+02 1.953125e+02 2.460938e+03 1.145528e-06 -1.869922e-06 2.315281e-07 3.061571e-07 7.169983e-08 1.323073e-08
8.984375e+02 2.734375e+02 2.460938e+03 1.127825e-06 -1.835982e-06 2.270989e-07 4.220868e-07 7.012902e-08 9.633643e-09
8.984375e+02 3.515625e+02 2.460938e+03 1.109648e-06 -1.803250e-06 2.226653e-07 5.374075e-07 6.902178e-08 8.267038e-09
8.984375e+02 4.296875e+02 2.460938e+03 1.089551e-06 -1.768126e-06 2.178894e-07 6.572879e-07 6.775770e-08 7.962416e-09
8.984375e+02 5.078125e+02 2.460938e+03 1.063777e-06 -1.725377e-06 2.122584e-07 7.837993e-07 6.631759e-08 8.633925e-09
8.984375e+02 5.859375e+02 2.460938e+03 1.028238e-06 -1.669943e-06 2.056054e-07 9.174232e-07 6.452797e-08 9.866188e-09
8.984375e+02 6.640625e+02 2.460938e+03 9.785288e-07 -1.596301e-06 1.976885e-07 1.057103e-06 6.201678e-08 1.208076e-08
8.984375e+02 7.421875e+02 2.460938e+03 9.094916e-07 -1.498409e-06 1.883658e-07 1.200062e-06 5.853339e-08 1.472235e-08
8.984375e+02 8.203125e+02 2.460938e+03 8.158574e-07 -1.370042e-06 1.772434e-07 1.340236e-06 5.411187e-08 1.807513e-08
8.984375e+02 8.984375e+02 2.460938e+03 6.939840e-07 -1.207561e-06 1.645101e-07 1.467805e-06 4.898590e-08 2.107814e-08
8.984375e+02 9.765625e+02 2.460938e+03 5.445420e-07 -1.012349e-06 1.499559e-07 1.569888e-06 4.386682e-08 2.319512e-08
8.984375e+02 1.054688e+03 2.460938e+03 3.745042e-07 -7.930523e-07 1.345761e-07 1.633761e-06 3.920097e-08 2.458218e-08
8.984375e+02 1.132812e+03 2.460938e+03 1.967175e-07 -5.649725e-07 1.194095e-07 1.651688e-06 3.471680e-08 2.456977e-08
8.984375e+02 1.210938e+03 2.460938e+03 2.645522e-08 -3.452368e-07 1.041255e-07 1.623572e-06 2.999625e-08 2.354712e-08
8.984375e+02 1.289062e+03 2.460938e+03 -1.234021e-07 -1.493223e-07 8.967132e-08 1.556826e-06 2.486748e-08 2.119029e-08
8.984375e+02 1.367188e+03 2.460938e+03 -2.456120e-07 1.374469e-08 7.662011e-08 1.463933e-06 1.966485e-08 1.800825e-08
8.984375e+02 1.445312e+03 2.460938e+03 -3.390711e-07 1.419824e-07 6.545392e-08 1.357886e-06 1.507265e-08 1.488892e-08
8.984375e+02 1.523438e+03 2.460938e+03 -4.068784e-07 2.389547e-07 5.603773e-08 1.248589e-06 1.153564e-08 1.176074e-08
8.984375e+02 1.601562e+03 2.460938e+03 -4.538975e-07 3.101499e-07 4.807201e-08 1.142144e-06 8.884455e-09 9.407850e-09
8.984375e+02 1.679688e+03 2.460938e+03 -4.847920e-07 3.608034e-07 4.167805e-08 1.041797e-06 6.856451e-09 7.574484e-09
8.984375e+02 1.757812e+03 2.460938e+03 -5.033812e-07 3.958431e-07 3.615253e-08 9.489467e-07 5.442460e-09 5.900351e-09
8.984375e+02 1.835938e+03 2.460938e+03 -5.126458e-07 4.187281e-07 3.156394e-08 8.639400e-07 4.425077e-09 4.952009e-09
8.984375e+02 1.914062e+03 2.460938e+03 -5.147883e-07 4.323307e-07 2.774825e-08 7.867273e-07 3.538824e-09 4.099556e-09
8.984375e+02 1.992188e+03 2.460938e+03 -5.117059e-07 4.390831e-07 2.429471e-08 7.170197e-07 2.843063e-09 3.273338e-09
8.984375e+02 2.070312e+03 2.460938e+03 -5.048559e-07 4.405343e-07 2.153934e-08 6.541737e-07 2.361641e-09 2.856971e-09
8.984375e+02 2.148438e+03 2.460938e+03 -4.952190e-07 4.379845e-07 1.929035e-08 5.974091e-07 1.959332e-09 2.421303e-09
8.984375e+02 2.226562e+03 2.460938e+03 -4.835270e-07 4.325492e-07 1.729425e-08 5.463127e-07 1.574087e-09 2.044586e-09
8.984375e+02 2.304688e+03 2.460938e+03 -4.704598e-07 4.246714e-07 1.549933e-08 5.003986e-07 1.271798e-09 1.681671e-09
8.984375e+02 2.382812e+03 2.460938e+03 -4.566294e-07 4.150315e-07 1.385158e-08 4.589955e-07 1.107457e-09 1.343911e-09
8.984375e+02 2.460938e+03 2.460938e+03 -4.423283e-07 4.046475e-07 1.257527e-08 4.215994e-07 9.589805e-10 1.358487e-09
8.984375e+02 2.539062e+03 2.460938e+03 -4.277419e-07 3.936572e-07 1.154738e-08 3.879181e-07 7.525963e-10 1.204602e-09
8.984375e+02 2.617188e+03 2.460938e+03 -4.131225e-07 3.819522e-07 1.051756e-08 3.576332e-07 6.048465e-10 8.436456e-10
8.984375e+02 2.695312e+03 2.460938e+03 -3.987217e-07 3.702430e-07 9.561147e-09 3.301771e-07 5.684279e-10 7.975468e-10
8.984375e+02 2.773438e+03 2.460938e+03 -3.846313e-07 3.586849e-07 8.698279e-09 3.052167e-07 5.269746e-10 7.875794e-10
8.984375e+02 2.851562e+03 2.460938e+03 -3.707899e-07 3.470494e-07 7.978699e-09 2.826536e-07 3.995461e-10 7.239198e-10
8.984375e+02 2.929688e+03 2.460938e+03 -3.572859e-07 3.355515e-07 7.399058e-09 2.622856e-07 2.862051e-10 7.170644e-10
8.984375e+02 3.007812e+03 2.460938e+03 -3.442779e-07 3.243316e-07 6.783937e-09 2.437809e-07 2.654352e-10 4.783870e-10
8.984375e+02 3.085938e+03 2.460938e+03 -3.318019e-07 3.133333e-07 6.214217e-09 2.267422e-07 2.677222e-10 3.341216e-10
8.984375e+02 3.164062e+03 2.460938e+03 -3.197721e-07 3.025193e-07 5.857546e-09 2.111451e-07 2.108852e-10 5.424739e-10
8.984375e+02 3.242188e+03 2.460938e+03 -3.081452e-07 2.919657e-07 5.588412e-09 1.970680e-07 1.155581e-10 4.314509e-10
8.984375e+02 3.320312e+03 2.460938e+03 -2.970307e-07 2.818697e-07 5.138508e-09 1.841922e-07 9.894041e-11 1.525850e-10
8.984375e+02 3.398438e+03 2.460938e+03 -2.864436e-07 2.722158e-07 4.659504e-09 1.722611e-07 1.441214e-10 3.521980e-10
8.984375e+02 3.476562e+03 2.460938e+03 -2.762952e-07 2.630001e-07 4.448698e-09 1.612810e-07 1.095733e-10 4.468228e-10
8.984375e+02 3.554688e+03 2.460938e+03 -2.665258e-07 2.541790e-07 4.177314e-09 1.512612e-07 4.345297e-11 1.369494e-10
8.984375e+02 3.632812e+03 2.460938e+03 -2.571577e-07 2.456915e-07 3.791942e-09 1.421196e-07 4.182881e-11 1.178199e-10
8.984375e+02 3.710938e+03 2.460938e+03 -2.482540e-07 2.375386e-07 3.583886e-09 1.336302e-07 3.652311e-11 3.192708e-10
8.984375e+02 3.789062e+03 2.460938e+03 -2.397821e-07 2.297506e-07 3.383729e-09 1.257046e-07 -9.296686e-13 2.282510e-10
8.984375e+02 3.867188e+03 2.460938e+03 -2.316723e-07 2.223532e-07 3.021272e-09 1.184702e-07 -1.377213e-11 1.016323e-10
8.984375e+02 3.945312e+03 2.460938e+03 -2.238921e-07 2.154823e-07 2.652555e-09 1.118480e-07 -2.013161e-12 2.299479e-10
8.984375e+02 4.023438e+03 2.460938e+03 -2.164712e-07 2.089412e-07 2.627847e-09 1.056674e-07 -1.132252e-12 3.971490e-10
8.984375e+02 4.101562e+03 2.460938e+03 -2.094218e-07 2.024073e-07 2.681933e-09 9.989903e-08 -1.430410e-11 1.985135e-10
8.984375e+02 4.179688e+03 2.460938e+03 -2.026894e-07 1.958404e-07 2.369581e-09 9.452469e-08 -1.097035e-11 -6.772269e-11
8.984375e+02 4.257812e+03 2.460938e+03 -1.962260e-07 1.895580e-07 1.988339e-09 8.954271e-08 4.366791e-11 1.007156e-10
8.984375e+02 4.335938e+03 2.460938e+03 -1.900224e-07 1.837606e-07 1.967163e-09 8.493873e-08 1.017831e-10 3.181845e-10
8.984375e+02 4.414062e+03 2.460938e+03 -1.840931e-07 1.783139e-07 2.163081e-09 8.063392e-08 6.995283e-11 2.653856e-10
8.984375e+02 4.492188e+03 2.460938e+03 -1.784292e-07 1.728715e-07 2.070098e-09 7.657343e-08 -1.150396e-11 -8.710750e-11
8.984375e+02 4.570312e+03 2.460938e+03 -1.730004e-07 1.675144e-07 1.711017e-09 7.276883e-08 -3.898024e-11 -1.655056e-10
8.984375e+02 4.648438e+03 2.460938e+03 -1.677774e-07 1.625849e-07 1.484928e-09 6.922455e-08 -8.764303e-12 8.671927e-11
8.984375e+02 4.726562e+03 2.460938e+03 -1.627476e-07 1.582222e-07 1.468728e-09 6.589829e-08 1.906894e-11 2.909103e-10
8.984375e+02 4.804688e+03 2.460938e+03 -1.579260e-07 1.542667e-07 1.497308e-09 6.277691e-08 3.168847e-11 2.445021e-10
8.984375e+02 4.882812e+03 2.460938e+03 -1.533166e-07 1.501327e-07 1.434767e-09 5.984509e-08 3.892732e-11 -1.253962e-10
8.984375e+02 4.960938e+03 2.460938e+03 -1.489313e-07 1.455305e-07 1.327777e-09 5.708423e-08 3.164649e-11 -5.521591e-10
9.765625e+02 3.906250e+01 2.460938e+03 1.215028e-06 -1.809360e-06 1.822268e-07 5.301026e-08 5.424057e-08 2.539398e-08
9.765625e+02 1.171875e+02 2.460938e+03 1.214936e-06 -1.786522e-06 1.847666e-07 1.737173e-07 5.029990e-08 1.575029e-08
9.765625e+02 1.953125e+02 2.460938e+03 1.203976e-06 -1.756224e-06 1.786486e-07 2.911296e-07 4.761026e-08 1.104929e-08
9.765625e+02 2.734375e+02 2.460938e+03 1.186268e-06 -1.723782e-06 1.744384e-07 4.049014e-07 4.599399e-08 8.463014e-09
9.765625e+02 3.515625e+02 2.460938e+03 1.164231e-06 -1.688503e-06 1.702505e-07 5.177554e-07 4.477958e-08 7.286233e-09
9.765625e+02 4.296875e+02 2.460938e+03 1.137364e-06 -1.648500e-06 1.660143e-07 6.324739e-07 4.372107e-08 7.075002e-09
9.765625e+02 5.078125e+02 2.460938e+03 1.103410e-06 -1.600207e-06 1.612851e-07 7.504806e-07 4.256200e-08 7.485222e-09
9.765625e+02 5.859375e+02 2.460938e+03 1.059363e-06 -1.539783e-06 1.557923e-07 8.719497e-07 4.105269e-08 8.308916e-09
9.765625e+02 6.640625e+02 2.460938e+03 1.001822e-06 -1.463241e-06 1.494590e-07 9.953788e-07 3.914077e-08 9.741607e-09
9.765625e+02 7.421875e+02 2.460938e+03 9.272477e-07 -1.366606e-06 1.423205e-07 1.117767e-06 3.680696e-08 1.129996e-08
9.765625e+02 8.203125e+02 2.460938e+03 8.327039e-07 -1.246632e-06 1.342134e-07 1.233885e-06 3.412938e-08 1.320092e-08
9.765625e+02 8.984375e+02 2.460938e+03 7.171084e-07 -1.102371e-06 1.251448e-07 1.336479e-06 3.124421e-08 1.468455e-08
9.765625e+02 9.765625e+02 2.460938e+03 5.823251e-07 -9.363699e-07 1.150762e-07 1.417270e-06 2.843291e-08 1.577107e-08
9.765625e+02 1.054688e+03 2.460938e+03 4.339349e-07 -7.548737e-07 1.045454e-07 1.468756e-06 2.581746e-08 1.656480e-08
9.765625e+02 1.132812e+03 2.460938e+03 2.806066e-07 -5.679074e-07 9.396932e-08 1.486576e-06 2.320958e-08 1.651493e-08
9.765625e+02 1.210938e+03 2.460938e+03 1.320996e-07 -3.862198e-07 8.351491e-08 1.470649e-06 2.048514e-08 1.598281e-08
9.765625e+02 1.289062e+03 2.460938e+03 -2.902764e-09 -2.197316e-07 7.356816e-08 1.425179e-06 1.761547e-08 1.469862e-08
9.765625e+02 1.367188e+03 2.460938e+03 -1.185670e-07 -7.527962e-08 6.420752e-08 1.357567e-06 1.467888e-08 1.306610e-08
9.765625e+02 1.445312e+03 2.460938e+03 -2.126285e-07 4.426509e-08 5.606095e-08 1.276264e-06 1.191542e-08 1.145239e-08
9.765625e+02 1.523438e+03 2.460938e+03 -2.859397e-07 1.397680e-07 4.891474e-08 1.188478e-06 9.534646e-09 9.415735e-09
9.765625e+02 1.601562e+03 2.460938e+03 -3.410637e-07 2.139021e-07 4.256713e-08 1.099561e-06 7.555477e-09 7.745458e-09
9.765625e+02 1.679688e+03 2.460938e+03 -3.811046e-07 2.699412e-07 3.732660e-08 1.013092e-06 5.985308e-09 6.458184e-09
9.765625e+02 1.757812e+03 2.460938e+03 -4.089826e-07 3.114884e-07 3.275152e-08 9.310564e-07 4.860815e-09 5.178191e-09
9.765625e+02 1.835938e+03 2.460938e+03 -4.271129e-07 3.412606e-07 2.888315e-08 8.544577e-07 3.998533e-09 4.394747e-09
9.765625e+02 1.914062e+03 2.460938e+03 -4.376067e-07 3.616720e-07 2.553547e-08 7.836542e-07 3.235036e-09 3.661287e-09
9.765625e+02 1.992188e+03 2.460938e+03 -4.422090e-07 3.748914e-07 2.248320e-08 7.187288e-07 2.639871e-09 2.980216e-09
9.765625e+02 2.070312e+03 2.460938e+03 -4.423186e-07 3.823538e-07 2.008192e-08 6.594427e-07 2.197522e-09 2.651121e-09
9.765625e+02 2.148438e+03 2.460938e+03 -4.389457e-07 3.853066e-07 1.808338e-08 6.053511e-07 1.805656e-09 2.237566e-09
9.765625e+02 2.226562e+03 2.460938e+03 -4.329112e-07 3.848972e-07 1.624235e-08 5.561946e-07 1.457389e-09 1.865490e-09
9.765625e+02 2.304688e+03 2.460938e+03 -4.249893e-07 3.816254e-07 1.457850e-08 5.115945e-07 1.209230e-09 1.549134e-09
9.765625e+02 2.382812e+03 2.460938e+03 -4.156997e-07 3.761692e-07 1.308780e-08 4.710711e-07 1.062246e-09 1.276526e-09
9.765625e+02 2.460938e+03 2.460938e+03 -4.054171e-07 3.695024e-07 1.193507e-08 4.342633e-07 9.073916e-10 1.286956e-09
9.765625e+02 2.539062e+03 2.460938e+03 -3.944335e-07 3.618299e-07 1.097752e-08 4.009180e-07 7.149112e-10 1.112017e-09
9.765625e+02 2.617188e+03 2.460938e+03 -3.830724e-07 3.531442e-07 1.000231e-08 3.707027e-07 5.829854e-10 7.883407e-10
9.765625e+02 2.695312e+03 2.460938e+03 -3.715787e-07 3.441543e-07 9.106056e-09 3.431559e-07 5.395320e-10 8.011161e-10
9.765625e+02 2.773438e+03 2.460938e+03 -3.599787e-07 3.349999e-07 8.319692e-09 3.180617e-07 4.838318e-10 8.200118e-10
9.765625e+02 2.851562e+03 2.460938e+03 -3.483712e-07 3.255034e-07 7.668839e-09 2.952793e-07 3.666240e-10 7.144559e-10
9.765625e+02 2.929688e+03 2.460938e+03 -3.369331e-07 3.159249e-07 7.114972e-09 2.745689e-07 2.832893e-10 6.511593e-10
9.765625e+02 3.007812e+03 2.460938e+03 -3.257931e-07 3.064317e-07 6.503532e-09 2.556565e-07 2.677051e-10 4.402405e-10
9.765625e+02 3.085938e+03 2.460938e+03 -3.149617e-07 2.969940e-07 5.970347e-09 2.382302e-07 2.486099e-10 3.429006e-10
9.765625e+02 3.164062e+03 2.460938e+03 -3.043885e-07 2.875839e-07 5.663938e-09 2.222800e-07 1.856878e-10 5.299534e-10
9.765625e+02 3.242188e+03 2.460938e+03 -2.941142e-07 2.782860e-07 5.401223e-09 2.078065e-07 1.030091e-10 3.943994e-10
9.765625e+02 3.320312e+03 2.460938e+03 -2.842084e-07 2.693245e-07 4.941885e-09 1.944803e-07 8.805791e-11 1.432661e-10
9.765625e+02 3.398438e+03 2.460938e+03 -2.746817e-07 2.606967e-07 4.485330e-09 1.821351e-07 1.248753e-10 3.721240e-10
9.765625e+02 3.476562e+03 2.460938e+03 -2.654664e-07 2.524145e-07 4.315971e-09 1.707823e-07 9.661464e-11 4.604561e-10
9.765625e+02 3.554688e+03 2.460938e+03 -2.565539e-07 2.444468e-07 4.070081e-09 1.603886e-07 4.267128e-11 1.205579e-10
9.765625e+02 3.632812e+03 2.460938e+03 -2.479992e-07 2.367134e-07 3.674718e-09 1.508482e-07 3.498225e-11 7.331503e-11
9.765625e+02 3.710938e+03 2.460938e+03 -2.398176e-07 2.292244e-07 3.440351e-09 1.419571e-07 1.810552e-11 2.890984e-10
9.765625e+02 3.789062e+03 2.460938e+03 -2.319742e-07 2.220510e-07 3.237345e-09 1.336876e-07 -1.579134e-11 2.526772e-10
9.765625e+02 3.867188e+03 2.460938e+03 -2.244187e-07 2.152568e-07 2.912625e-09 1.261328e-07 -1.884098e-11 1.535853e-10
9.765625e+02 3.945312e+03 2.460938e+03 -2.171654e-07 2.089198e-07 2.576726e-09 1.191802e-07 -7.733024e-12 2.332724e-10
9.765625e+02 4.023438e+03 2.460938e+03 -2.102405e-07 2.028047e-07 2.530178e-09 1.126512e-07 -1.435365e-11 3.485610e-10
9.765625e+02 4.101562e+03 2.460938e+03 -2.036419e-07 1.966774e-07 2.548773e-09 1.065541e-07 -3.356992e-11 1.797688e-10
9.765625e+02 4.179688e+03 2.460938e+03 -1.973239e-07 1.905503e-07 2.237814e-09 1.009092e-07 -3.152536e-11 -3.438486e-11
9.765625e+02 4.257812e+03 2.460938e+03 -1.912338e-07 1.847228e-07 1.885989e-09 9.568644e-08 2.170660e-11 1.460426e-10
9.765625e+02 4.335938e+03 2.460938e+03 -1.853728e-07 1.792863e-07 1.878999e-09 9.083525e-08 7.175846e-11 3.312884e-10
9.765625e+02 4.414062e+03 2.460938e+03 -1.797517e-07 1.740971e-07 2.059298e-09 8.626938e-08 4.807102e-11 2.500248e-10
9.765625e+02 4.492188e+03 2.460938e+03 -1.743610e-07 1.688493e-07 1.957939e-09 8.196298e-08 -1.286532e-11 -9.194136e-11
9.765625e+02 4.570312e+03 2.460938e+03 -1.691810e-07 1.637096e-07 1.606295e-09 7.794154e-08 -4.053977e-11 -1.494419e-10
9.765625e+02 4.648438e+03 2.460938e+03 -1.641930e-07 1.590333e-07 1.408272e-09 7.420603e-08 -1.633113e-11 1.254026e-10
9.765625e+02 4.726562e+03 2.460938e+03 -1.593895e-07 1.549488e-07 1.430509e-09 7.068690e-08 2.672333e-11 3.084842e-10
9.765625e+02 4.804688e+03 2.460938e+03 -1.547662e-07 1.512034e-07 1.460807e-09 6.736874e-08 5.085896e-11 2.375467e-10
9.765625e+02 4.882812e+03 2.460938e+03 -1.503626e-07 1.472782e-07 1.404407e-09 6.421904e-08 5.489073e-11 -1.413984e-10
9.765625e+02 4.960938e+03 2.460938e+03 -1.461661e-07 1.428338e-07 1.316060e-09 6.126971e-08 4.000011e-11 -5.617379e-10
1.054688e+03 3.906250e+01 2.460938e+03 1.224182e-06 -1.691214e-06 1.431563e-07 5.340310e-08 3.738436e-08 1.998819e-08
1.054688e+03 1.171875e+02 2.460938e+03 1.221921e-06 -1.672057e-06 1.463319e-07 1.652004e-07 3.531075e-08 1.217716e-08
1.054688e+03 1.953125e+02 2.460938e+03 1.210970e-06 -1.645374e-06 1.412080e-07 2.759418e-07 3.350214e-08 8.996710e-09
1.054688e+03 2.734375e+02 2.460938e+03 1.192851e-06 -1.614461e-06 1.373157e-07 3.848657e-07 3.213298e-08 7.266281e-09
1.054688e+03 3.515625e+02 2.460938e+03 1.168534e-06 -1.578535e-06 1.335094e-07 4.928351e-07 3.119465e-08 6.366819e-09
1.054688e+03 4.296875e+02 2.460938e+03 1.137725e-06 -1.536322e-06 1.298548e-07 6.010881e-07 3.037117e-08 6.237363e-09
1.054688e+03 5.078125e+02 2.460938e+03 1.099088e-06 -1.485512e-06 1.259146e-07 7.103118e-07 2.940147e-08 6.462598e-09
1.054688e+03 5.859375e+02 2.460938e+03 1.050581e-06 -1.423530e-06 1.213712e-07 8.201602e-07 2.827231e-08 6.930550e-09
1.054688e+03 6.640625e+02 2.460938e+03 9.898047e-07 -1.347543e-06 1.162613e-07 9.290783e-07 2.695190e-08 7.842239e-09
1.054688e+03 7.421875e+02 2.460938e+03 9.146526e-07 -1.255292e-06 1.107055e-07 1.034354e-06 2.535412e-08 8.762732e-09
1.054688e+03 8.203125e+02 2.460938e+03 8.237997e-07 -1.145301e-06 1.045848e-07 1.131884e-06 2.355266e-08 9.955644e-09
1.054688e+03 8.984375e+02 2.460938e+03 7.172777e-07 -1.017766e-06 9.792589e-08 1.216474e-06 2.173353e-08 1.073918e-08
1.054688e+03 9.765625e+02 2.460938e+03 5.971093e-07 -8.751648e-07 9.065861e-08 1.282728e-06 2.001525e-08 1.135708e-08
1.054688e+03 1.054688e+03 2.460938e+03 4.675598e-07 -7.221411e-07 8.326588e-08 1.326045e-06 1.833532e-08 1.181964e-08
1.054688e+03 1.132812e+03 2.460938e+03 3.346471e-07 -5.655724e-07 7.585664e-08 1.343836e-06 1.662335e-08 1.171665e-08
1.054688e+03 1.210938e+03 2.460938e+03 2.049833e-07 -4.124342e-07 6.836784e-08 1.335996e-06 1.492952e-08 1.143576e-08
1.054688e+03 1.289062e+03 2.460938e+03 8.460010e-08 -2.694876e-07 6.119703e-08 1.305052e-06 1.320792e-08 1.073455e-08
1.054688e+03 1.367188e+03 2.460938e+03 -2.194013e-08 -1.418665e-07 5.437988e-08 1.255696e-06 1.140225e-08 9.862354e-09
1.054688e+03 1.445312e+03 2.460938e+03 -1.123599e-07 -3.235102e-08 4.836384e-08 1.193465e-06 9.593637e-09 8.908903e-09
1.054688e+03 1.523438e+03 2.460938e+03 -1.864299e-07 5.880011e-08 4.281553e-08 1.123532e-06 7.943632e-09 7.458846e-09
1.054688e+03 1.601562e+03 2.460938e+03 -2.452981e-07 1.326763e-07 3.768268e-08 1.050185e-06 6.529213e-09 6.323179e-09
1.054688e+03 1.679688e+03 2.460938e+03 -2.908062e-07 1.911661e-07 3.344570e-08 9.767407e-07 5.348654e-09 5.498187e-09
1.054688e+03 1.757812e+03 2.460938e+03 -3.249187e-07 2.367187e-07 2.968641e-08 9.053920e-07 4.433881e-09 4.512583e-09
1.054688e+03 1.835938e+03 2.460938e+03 -3.495904e-07 2.712530e-07 2.641191e-08 8.373727e-07 3.700012e-09 3.863958e-09
1.054688e+03 1.914062e+03 2.460938e+03 -3.665705e-07 2.967627e-07 2.349608e-08 7.733430e-07 3.057109e-09 3.276376e-09
1.054688e+03 1.992188e+03 2.460938e+03 -3.774039e-07 3.151009e-07 2.084253e-08 7.137098e-07 2.543014e-09 2.722554e-09
1.054688e+03 2.070312e+03 2.460938e+03 -3.833143e-07 3.274956e-07 1.875926e-08 6.585643e-07 2.128494e-09 2.434528e-09
1.054688e+03 2.148438e+03 2.460938e+03 -3.853080e-07 3.351222e-07 1.694360e-08 6.077032e-07 1.773334e-09 2.035040e-09
1.054688e+03 2.226562e+03 2.460938e+03 -3.842764e-07 3.391016e-07 1.524754e-08 5.609877e-07 1.491808e-09 1.692589e-09
1.054688e+03 2.304688e+03 2.460938e+03 -3.809072e-07 3.399310e-07 1.375341e-08 5.182153e-07 1.283864e-09 1.437824e-09
1.054688e+03 2.382812e+03 2.460938e+03 -3.757322e-07 3.382499e-07 1.241844e-08 4.790742e-07 1.125259e-09 1.202966e-09
1.054688e+03 2.460938e+03 2.460938e+03 -3.691296e-07 3.349644e-07 1.136351e-08 4.432805e-07 9.548841e-10 1.192738e-09
1.054688e+03 2.539062e+03 2.460938e+03 -3.615035e-07 3.303609e-07 1.045720e-08 4.106099e-07 7.748671e-10 1.033127e-09
1.054688e+03 2.617188e+03 2.460938e+03 -3.531991e-07 3.245115e-07 9.534575e-09 3.807967e-07 6.605384e-10 7.764051e-10
1.054688e+03 2.695312e+03 2.460938e+03 -3.443760e-07 3.180752e-07 8.714720e-09 3.535108e-07 6.177193e-10 8.314679e-10
1.054688e+03 2.773438e+03 2.460938e+03 -3.351709e-07 3.111974e-07 8.005036e-09 3.285606e-07 5.555333e-10 8.357992e-10
1.054688e+03 2.851562e+03 2.460938e+03 -3.257620e-07 3.037628e-07 7.407460e-09 3.057622e-07 4.462140e-10 6.730156e-10
1.054688e+03 2.929688e+03 2.460938e+03 -3.163459e-07 2.960563e-07 6.873447e-09 2.849204e-07 3.732702e-10 5.866344e-10
1.054688e+03 3.007812e+03 2.460938e+03 -3.070133e-07 2.882609e-07 6.270221e-09 2.658269e-07 3.443082e-10 4.232287e-10
1.054688e+03 3.085938e+03 2.460938e+03 -2.977739e-07 2.803450e-07 5.776322e-09 2.482089e-07 3.050590e-10 3.549318e-10
1.054688e+03 3.164062e+03 2.460938e+03 -2.886448e-07 2.723024e-07 5.509948e-09 2.320365e-07 2.445150e-10 5.114018e-10
1.054688e+03 3.242188e+03 2.460938e+03 -2.796928e-07 2.642528e-07 5.240965e-09 2.172683e-07 1.802280e-10 3.621177e-10
1.054688e+03 3.320312e+03 2.460938e+03 -2.709985e-07 2.564216e-07 4.774712e-09 2.036247e-07 1.706839e-10 1.459329e-10
1.054688e+03 3.398438e+03 2.460938e+03 -2.625301e-07 2.488279e-07 4.354666e-09 1.909964e-07 1.919899e-10 4.002606e-10
1.054688e+03 3.476562e+03 2.460938e+03 -2.542621e-07 2.414901e-07 4.237920e-09 1.793846e-07 1.521215e-10 4.696689e-10
1.054688e+03 3.554688e+03 2.460938e+03 -2.462305e-07 2.343684e-07 4.011968e-09 1.686992e-07 1.001971e-10 9.336149e-11
1.054688e+03 3.632812e+03 2.460938e+03 -2.384874e-07 2.273785e-07 3.591299e-09 1.588265e-07 9.230146e-11 2.933099e-11
1.054688e+03 3.710938e+03 2.460938e+03 -2.310314e-07 2.205595e-07 3.328170e-09 1.496140e-07 7.325478e-11 2.743532e-10
1.054688e+03 3.789062e+03 2.460938e+03 -2.238162e-07 2.140363e-07 3.134163e-09 1.410503e-07 4.396836e-11 2.838387e-10
1.054688e+03 3.867188e+03 2.460938e+03 -2.168426e-07 2.078503e-07 2.856907e-09 1.332189e-07 4.146958e-11 1.858875e-10
1.054688e+03 3.945312e+03 2.460938e+03 -2.101367e-07 2.020482e-07 2.545231e-09 1.259706e-07 4.620358e-11 2.150887e-10
1.054688e+03 4.023438e+03 2.460938e+03 -2.037305e-07 1.963761e-07 2.460411e-09 1.191482e-07 3.649542e-11 3.037942e-10
1.054688e+03 4.101562e+03 2.460938e+03 -1.976025e-07 1.906708e-07 2.443475e-09 1.127855e-07 2.049576e-11 1.844082e-10
1.054688e+03 4.179688e+03 2.460938e+03 -1.917032e-07 1.850176e-07 2.158993e-09 1.069080e-07 3.507612e-11 2.227197e-11
1.054688e+03 4.257812e+03 2.460938e+03 -1.859963e-07 1.796434e-07 1.858954e-09 1.014675e-07 9.860575e-11 1.953633e-10
1.054688e+03 4.335938e+03 2.460938e+03 -1.804774e-07 1.745624e-07 1.855445e-09 9.637880e-08 1.419055e-10 3.291922e-10
1.054688e+03 4.414062e+03 2.460938e+03 -1.751742e-07 1.696226e-07 2.007454e-09 9.157314e-08 1.060757e-10 2.218260e-10
1.054688e+03 4.492188e+03 2.460938e+03 -1.700878e-07 1.646169e-07 1.903041e-09 8.705451e-08 4.665686e-11 -1.057244e-10
1.054688e+03 4.570312e+03 2.460938e+03 -1.651820e-07 1.597223e-07 1.570984e-09 8.285929e-08 3.105120e-11 -1.349319e-10
1.054688e+03 4.648438e+03 2.460938e+03 -1.604385e-07 1.553176e-07 1.386997e-09 7.895984e-08 4.837485e-11 1.561899e-10
1.054688e+03 4.726562e+03 2.460938e+03 -1.558552e-07 1.514844e-07 1.419100e-09 7.527682e-08 6.964111e-11 3.203844e-10
1.054688e+03 4.804688e+03 2.460938e+03 -1.514529e-07 1.479693e-07 1.456654e-09 7.177889e-08 8.191503e-11 2.351636e-10
1.054688e+03 4.882812e+03 2.460938e+03 -1.472428e-07 1.442045e-07 1.400229e-09 6.842595e-08 6.530368e-11 -1.470887e-10
1.054688e+03 4.960938e+03 2.460938e+03 -1.432147e-07 1.399855e-07 1.307881e-09 6.529557e-08 3.722889e-11 -5.370228e-10
1.132812e+03 3.906250e+01 2.460938e+03 1.205015e-06 -1.580338e-06 1.149166e-07 5.222784e-08 2.680983e-08 1.611547e-08
1.132812e+03 1.171875e+02 2.460938e+03 1.201085e-06 -1.563569e-06 1.182438e-07 1.563333e-07 2.552023e-08 9.591870e-09
1.132812e+03 1.953125e+02 2.460938e+03 1.189583e-06 -1.539377e-06 1.139803e-07 2.603992e-07 2.425612e-08 7.305098e-09
1.132812e+03 2.734375e+02 2.460938e+03 1.171008e-06 -1.510008e-06 1.105768e-07 3.631653e-07 2.325798e-08 6.193957e-09
1.132812e+03 3.515625e+02 2.460938e+03 1.145512e-06 -1.474454e-06 1.073839e-07 4.649638e-07 2.246890e-08 5.533841e-09
1.132812e+03 4.296875e+02 2.460938e+03 1.112872e-06 -1.431943e-06 1.042343e-07 5.660386e-07 2.166681e-08 5.365635e-09
1.132812e+03 5.078125e+02 2.460938e+03 1.072177e-06 -1.380899e-06 1.008584e-07 6.665048e-07 2.080533e-08 5.496310e-09
1.132812e+03 5.859375e+02 2.460938e+03 1.022090e-06 -1.319687e-06 9.712203e-08 7.657166e-07 1.994538e-08 5.776962e-09
1.132812e+03 6.640625e+02 2.460938e+03 9.612076e-07 -1.246566e-06 9.304577e-08 8.621777e-07 1.899878e-08 6.425734e-09
1.132812e+03 7.421875e+02 2.460938e+03 8.884220e-07 -1.160343e-06 8.875404e-08 9.535795e-07 1.791732e-08 6.928160e-09
1.132812e+03 8.203125e+02 2.460938e+03 8.032587e-07 -1.060499e-06 8.403984e-08 1.036819e-06 1.676916e-08 7.678922e-09
1.132812e+03 8.984375e+02 2.460938e+03 7.062674e-07 -9.475908e-07 7.900848e-08 1.108257e-06 1.562831e-08 8.095017e-09
1.132812e+03 9.765625e+02 2.460938e+03 5.993151e-07 -8.239371e-07 7.358267e-08 1.164302e-06 1.448267e-08 8.447955e-09
1.132812e+03 1.054688e+03 2.460938e+03 4.857077e-07 -6.930275e-07 6.807381e-08 1.202021e-06 1.332083e-08 8.714102e-09
1.132812e+03 1.132812e+03 2.460938e+03 3.697244e-07 -5.596851e-07 6.258254e-08 1.219756e-06 1.219769e-08 8.650143e-09
1.132812e+03 1.210938e+03 2.460938e+03 2.559970e-07 -4.286587e-07 5.704164e-08 1.217439e-06 1.113713e-08 8.575818e-09
1.132812e+03 1.289062e+03 2.460938e+03 1.489368e-07 -3.047194e-07 5.176947e-08 1.196754e-06 1.003943e-08 8.152065e-09
1.132812e+03 1.367188e+03 2.460938e+03 5.189706e-08 -1.917918e-07 4.668084e-08 1.160730e-06 8.826485e-09 7.604292e-09
1.132812e+03 1.445312e+03 2.460938e+03 -3.307823e-08 -9.219632e-08 4.208270e-08 1.113101e-06 7.584565e-09 6.946171e-09
1.132812e+03 1.523438e+03 2.460938e+03 -1.052842e-07 -6.718281e-09 3.767791e-08 1.057576e-06 6.476985e-09 5.907273e-09
1.132812e+03 1.601562e+03 2.460938e+03 -1.650076e-07 6.494139e-08 3.353746e-08 9.975159e-07 5.533040e-09 5.203409e-09
1.132812e+03 1.679688e+03 2.460938e+03 -2.131822e-07 1.237637e-07 3.014336e-08 9.357684e-07 4.668121e-09 4.672305e-09
1.132812e+03 1.757812e+03 2.460938e+03 -2.511497e-07 1.712670e-07 2.702944e-08 8.743688e-07 3.907933e-09 3.880815e-09
1.132812e+03 1.835938e+03 2.460938e+03 -2.802995e-07 2.087790e-07 2.422326e-08 8.146287e-07 3.284423e-09 3.369917e-09
1.132812e+03 1.914062e+03 2.460938e+03 -3.020744e-07 2.378899e-07 2.170660e-08 7.573746e-07 2.761773e-09 2.922294e-09
1.132812e+03 1.992188e+03 2.460938e+03 -3.177331e-07 2.601144e-07 1.942061e-08 7.032556e-07 2.330698e-09 2.453055e-09
1.132812e+03 2.070312e+03 2.460938e+03 -3.283571e-07 2.764296e-07 1.759974e-08 6.525684e-07 1.963819e-09 2.179967e-09
1.132812e+03 2.148438e+03 2.460938e+03 -3.348848e-07 2.879143e-07 1.595529e-08 6.052667e-07 1.660798e-09 1.820934e-09
1.132812e+03 2.226562e+03 2.460938e+03 -3.381117e-07 2.956261e-07 1.442929e-08 5.613596e-07 1.430042e-09 1.537272e-09
1.132812e+03 2.304688e+03 2.460938e+03 -3.387118e-07 3.000222e-07 1.310563e-08 5.208059e-07 1.237906e-09 1.327205e-09
1.132812e+03 2.382812e+03 2.460938e+03 -3.371582e-07 3.016589e-07 1.189268e-08 4.834125e-07 1.070108e-09 1.100558e-09
1.132812e+03 2.460938e+03 2.460938e+03 -3.339070e-07 3.013775e-07 1.090563e-08 4.489443e-07 9.131269e-10 1.087123e-09
1.132812e+03 2.539062e+03 2.460938e+03 -3.293529e-07 2.995717e-07 1.004461e-08 4.172401e-07 7.666215e-10 9.798576e-10
1.132812e+03 2.617188e+03 2.460938e+03 -3.238039e-07 2.963437e-07 9.191623e-09 3.881362e-07 6.669461e-10 7.817148e-10
1.132812e+03 2.695312e+03 2.460938e+03 -3.174835e-07 2.922740e-07 8.461026e-09 3.613927e-07 6.131966e-10 8.336378e-10
1.132812e+03 2.773438e+03 2.460938e+03 -3.105552e-07 2.875372e-07 7.809141e-09 3.368159e-07 5.412916e-10 7.945908e-10
1.132812e+03 2.851562e+03 2.460938e+03 -3.032548e-07 2.820699e-07 7.234283e-09 3.142150e-07 4.442257e-10 6.008106e-10
1.132812e+03 2.929688e+03 2.460938e+03 -2.957544e-07 2.761576e-07 6.712958e-09 2.934493e-07 3.847340e-10 5.357250e-10
1.132812e+03 3.007812e+03 2.460938e+03 -2.881417e-07 2.699897e-07 6.134897e-09 2.743597e-07 3.506985e-10 4.183631e-10
1.132812e+03 3.085938e+03 2.460938e+03 -2.804491e-07 2.635251e-07 5.681350e-09 2.567023e-07 3.048120e-10 3.523564e-10
1.132812e+03 3.164062e+03 2.460938e+03 -2.727224e-07 2.568017e-07 5.431512e-09 2.404299e-07 2.498101e-10 4.768524e-10
1.132812e+03 3.242188e+03 2.460938e+03 -2.650771e-07 2.499817e-07 5.153658e-09 2.254878e-07 1.998950e-10 3.314734e-10
1.132812e+03 3.320312e+03 2.460938e+03 -2.575578e-07 2.432885e-07 4.705830e-09 2.116628e-07 1.973513e-10 1.459287e-10
1.132812e+03 3.398438e+03 2.460938e+03 -2.501447e-07 2.367268e-07 4.330865e-09 1.988826e-07 2.072963e-10 4.026353e-10
1.132812e+03 3.476562e+03 2.460938e+03 -2.428305e-07 2.303186e-07 4.242043e-09 1.870882e-07 1.569166e-10 4.520338e-10
1.132812e+03 3.554688e+03 2.460938e+03 -2.356742e-07 2.240172e-07 4.018322e-09 1.761698e-07 1.048110e-10 6.376150e-11
1.132812e+03 3.632812e+03 2.460938e+03 -2.287262e-07 2.177450e-07 3.586609e-09 1.660370e-07 9.817258e-11 5.680025e-12
1.132812e+03 3.710938e+03 2.460938e+03 -2.219869e-07 2.116175e-07 3.317587e-09 1.565866e-07 8.454162e-11 2.690603e-10
1.132812e+03 3.789062e+03 2.460938e+03 -2.154287e-07 2.057558e-07 3.139751e-09 1.478167e-07 5.957406e-11 2.890111e-10
1.132812e+03 3.867188e+03 2.460938e+03 -2.090576e-07 2.001818e-07 2.888059e-09 1.397479e-07 4.710235e-11 1.730315e-10
1.132812e+03 3.945312e+03 2.460938e+03 -2.029345e-07 1.949097e-07 2.580559e-09 1.322382e-07 3.731604e-11 1.716588e-10
1.132812e+03 4.023438e+03 2.460938e+03 -1.970536e-07 1.897052e-07 2.471358e-09 1.251622e-07 3.006879e-11 2.695509e-10
1.132812e+03 4.101562e+03 2.460938e+03 -1.913825e-07 1.844457e-07 2.438647e-09 1.185807e-07 2.462555e-11 2.122340e-10
1.132812e+03 4.179688e+03 2.460938e+03 -1.858871e-07 1.792580e-07 2.193380e-09 1.125104e-07 3.694836e-11 9.093282e-11
1.132812e+03 4.257812e+03 2.460938e+03 -1.805474e-07 1.743306e-07 1.938597e-09 1.068761e-07 8.735058e-11 2.252150e-10
1.132812e+03 4.335938e+03 2.460938e+03 -1.753831e-07 1.696041e-07 1.911617e-09 1.015821e-07 1.246403e-10 2.894889e-10
1.132812e+03 4.414062e+03 2.460938e+03 -1.704167e-07 1.649462e-07 2.014505e-09 9.657235e-08 9.636419e-11 1.662058e-10
1.132812e+03 4.492188e+03 2.460938e+03 -1.656436e-07 1.602044e-07 1.898074e-09 9.187194e-08 4.506393e-11 -1.244187e-10
1.132812e+03 4.570312e+03 2.460938e+03 -1.610290e-07 1.555936e-07 1.596994e-09 8.752751e-08 3.057735e-11 -1.159068e-10
1.132812e+03 4.648438e+03 2.460938e+03 -1.565460e-07 1.514593e-07 1.429549e-09 8.348807e-08 4.455124e-11 1.788016e-10
1.132812e+03 4.726562e+03 2.460938e+03 -1.521926e-07 1.478681e-07 1.438657e-09 7.966639e-08 6.154555e-11 3.292867e-10
1.132812e+03 4.804688e+03 2.460938e+03 -1.479995e-07 1.445416e-07 1.461892e-09 7.597935e-08 6.876108e-11 2.387326e-10
1.132812e+03 4.882812e+03 2.460938e+03 -1.439690e-07 1.409622e-07 1.396087e-09 7.246145e-08 5.875696e-11 -1.328081e-10
1.132812e+03 4.960938e+03 2.460938e+03 -1.401162e-07 1.369530e-07 1.294147e-09 6.914846e-08 3.942070e-11 -4.830611e-10
1.210938e+03 3.906250e+01 2.460938e+03 1.169469e-06 -1.476461e-06 9.390303e-08 5.019322e-08 1.996136e-08 1.328145e-08
1.210938e+03 1.171875e+02 2.460938e+03 1.164626e-06 -1.461385e-06 9.706069e-08 1.472794e-07 1.925409e-08 7.645280e-09
1.210938e+03 1.953125e+02 2.460938e+03 1.152798e-06 -1.439322e-06 9.356356e-08 2.445477e-07 1.845705e-08 5.998235e-09
1.210938e+03 2.734375e+02 2.460938e+03 1.133893e-06 -1.411433e-06 9.074543e-08 3.407156e-07 1.774340e-08 5.196306e-09
1.210938e+03 3.515625e+02 2.460938e+03 1.108020e-06 -1.376917e-06 8.798002e-08 4.358153e-07 1.702741e-08 4.754024e-09
1.210938e+03 4.296875e+02 2.460938e+03 1.074938e-06 -1.335406e-06 8.523424e-08 5.295409e-07 1.641957e-08 4.594603e-09
1.210938e+03 5.078125e+02 2.460938e+03 1.033996e-06 -1.285658e-06 8.237439e-08 6.215920e-07 1.583817e-08 4.683042e-09
1.210938e+03 5.859375e+02 2.460938e+03 9.843935e-07 -1.226762e-06 7.929993e-08 7.112044e-07 1.518258e-08 4.819106e-09
1.210938e+03 6.640625e+02 2.460938e+03 9.254246e-07 -1.157845e-06 7.597235e-08 7.970132e-07 1.438748e-08 5.293574e-09
1.210938e+03 7.421875e+02 2.460938e+03 8.565908e-07 -1.078273e-06 7.254671e-08 8.772211e-07 1.353292e-08 5.536410e-09
1.210938e+03 8.203125e+02 2.460938e+03 7.778618e-07 -9.880167e-07 6.885631e-08 9.494768e-07 1.273625e-08 6.041568e-09
1.210938e+03 8.984375e+02 2.460938e+03 6.899638e-07 -8.878084e-07 6.502572e-08 1.011138e-06 1.194165e-08 6.262708e-09
1.210938e+03 9.765625e+02 2.460938e+03 5.946415e-07 -7.797559e-07 6.084533e-08 1.059748e-06 1.108444e-08 6.443970e-09
1.210938e+03 1.054688e+03 2.460938e+03 4.944629e-07 -6.664619e-07 5.655343e-08 1.093417e-06 1.025957e-08 6.655948e-09
1.210938e+03 1.132812e+03 2.460938e+03 3.925211e-07 -5.513950e-07 5.239850e-08 1.111047e-06 9.523477e-09 6.652839e-09
1.210938e+03 1.210938e+03 2.460938e+03 2.922017e-07 -4.378876e-07 4.825799e-08 1.112686e-06 8.786884e-09 6.655549e-09
1.210938e+03 1.289062e+03 2.460938e+03 1.967055e-07 -3.294768e-07 4.427993e-08 1.099416e-06 7.960731e-09 6.308239e-09
1.210938e+03 1.367188e+03 2.460938e+03 1.086510e-07 -2.291621e-07 4.033348e-08 1.073299e-06 7.056009e-09 5.918668e-09
1.210938e+03 1.445312e+03 2.460938e+03 2.973671e-08 -1.388825e-07 3.670252e-08 1.036896e-06 6.199331e-09 5.498201e-09
1.210938e+03 1.523438e+03 2.460938e+03 -3.914336e-08 -5.949265e-08 3.320066e-08 9.929057e-07 5.481664e-09 4.771817e-09
1.210938e+03 1.601562e+03 2.460938e+03 -9.782454e-08 8.867185e-09 2.990297e-08 9.439531e-07 4.799693e-09 4.337973e-09
1.210938e+03 1.679688e+03 2.460938e+03 -1.467712e-07 6.656958e-08 2.715548e-08 8.923469e-07 4.074860e-09 3.954368e-09
1.210938e+03 1.757812e+03 2.460938e+03 -1.867487e-07 1.144974e-07 2.452427e-08 8.399288e-07 3.439965e-09 3.306056e-09
1.210938e+03 1.835938e+03 2.460938e+03 -2.187973e-07 1.535925e-07 2.213742e-08 7.879116e-07 2.976779e-09 2.947174e-09
1.210938e+03 1.914062e+03 2.460938e+03 -2.439677e-07 1.850867e-07 2.001586e-08 7.372028e-07 2.583355e-09 2.599580e-09
1.210938e+03 1.992188e+03 2.460938e+03 -2.632716e-07 2.100959e-07 1.804337e-08 6.885687e-07 2.196707e-09 2.170941e-09
1.210938e+03 2.070312e+03 2.460938e+03 -2.776196e-07 2.294019e-07 1.641901e-08 6.424201e-07 1.855680e-09 1.919173e-09
1.210938e+03 2.148438e+03 2.460938e+03 -2.878307e-07 2.439781e-07 1.494169e-08 5.988431e-07 1.599813e-09 1.623180e-09
1.210938e+03 2.226562e+03 2.460938e+03 -2.946334e-07 2.547939e-07 1.359180e-08 5.579737e-07 1.400192e-09 1.408842e-09
1.210938e+03 2.304688e+03 2.460938e+03 -2.985806e-07 2.621963e-07 1.241277e-08 5.198990e-07 1.205470e-09 1.224589e-09
1.210938e+03 2.382812e+03 2.460938e+03 -3.001827e-07 2.666573e-07 1.130444e-08 4.844884e-07 1.037693e-09 1.002365e-09
1.210938e+03 2.460938e+03 2.460938e+03 -2.998662e-07 2.690184e-07 1.038968e-08 4.515796e-07 9.118988e-10 1.008780e-09
1.210938e+03 2.539062e+03 2.460938e+03 -2.980433e-07 2.697394e-07 9.591398e-09 4.210929e-07 7.962676e-10 9.473142e-10
1.210938e+03 2.617188e+03 2.460938e+03 -2.950310e-07 2.688983e-07 8.818912e-09 3.929565e-07 6.964092e-10 7.711734e-10
1.210938e+03 2.695312e+03 2.460938e+03 -2.910217e-07 2.670059e-07 8.154792e-09 3.669902e-07 6.260143e-10 7.916276e-10
1.210938e+03 2.773438e+03 2.460938e+03 -2.862548e-07 2.642588e-07 7.528073e-09 3.429830e-07 5.513358e-10 7.216888e-10
1.210938e+03 2.851562e+03 2.460938e+03 -2.809359e-07 2.606219e-07 6.968683e-09 3.207622e-07 4.680182e-10 5.464705e-10
1.210938e+03 2.929688e+03 2.460938e+03 -2.752225e-07 2.563857e-07 6.482103e-09 3.002426e-07 4.141458e-10 5.230708e-10
1.210938e+03 3.007812e+03 2.460938e+03 -2.692161e-07 2.517509e-07 5.960296e-09 2.813093e-07 3.782665e-10 4.181139e-10
1.210938e+03 3.085938e+03 2.460938e+03 -2.629894e-07 2.466751e-07 5.545197e-09 2.637552e-07 3.349971e-10 3.237172e-10
1.210938e+03 3.164062e+03 2.460938e+03 -2.566397e-07 2.412256e-07 5.283607e-09 2.475077e-07 2.810740e-10 4.297454e-10
1.210938e+03 3.242188e+03 2.460938e+03 -2.502586e-07 2.356121e-07 4.996090e-09 2.325206e-07 2.330452e-10 3.201929e-10
1.210938e+03 3.320312e+03 2.460938e+03 -2.438808e-07 2.300369e-07 4.592514e-09 2.186439e-07 2.329801e-10 1.678051e-10
1.210938e+03 3.398438e+03 2.460938e+03 -2.374886e-07 2.244788e-07 4.270277e-09 2.057954e-07 2.391650e-10 4.021600e-10
1.210938e+03 3.476562e+03 2.460938e+03 -2.311195e-07 2.189586e-07 4.188589e-09 1.938926e-07 1.807229e-10 4.175695e-10
1.210938e+03 3.554688e+03 2.460938e+03 -2.248351e-07 2.134446e-07 3.955035e-09 1.828072e-07 1.207923e-10 3.023795e-11
1.210938e+03 3.632812e+03 2.460938e+03 -2.186833e-07 2.079068e-07 3.527793e-09 1.724977e-07 1.137788e-10 -3.090868e-12
1.210938e+03 3.710938e+03 2.460938e+03 -2.126593e-07 2.024886e-07 3.272991e-09 1.628969e-07 1.107395e-10 2.718637e-10
1.210938e+03 3.789062e+03 2.460938e+03 -2.067578e-07 1.972956e-07 3.114887e-09 1.539798e-07 9.445708e-11 2.791396e-10
1.210938e+03 3.867188e+03 2.460938e+03 -2.010172e-07 1.922968e-07 2.875301e-09 1.457319e-07 7.225650e-11 1.384394e-10
1.210938e+03 3.945312e+03 2.460938e+03 -1.954677e-07 1.875339e-07 2.563011e-09 1.379979e-07 4.719471e-11 1.308581e-10
1.210938e+03 4.023438e+03 2.460938e+03 -1.901053e-07 1.827980e-07 2.437963e-09 1.307120e-07 4.025708e-11 2.595995e-10
1.210938e+03 4.101562e+03 2.460938e+03 -1.848819e-07 1.780213e-07 2.400545e-09 1.239398e-07 4.259800e-11 2.468799e-10
1.210938e+03 4.179688e+03 2.460938e+03 -1.797866e-07 1.733100e-07 2.186227e-09 1.177060e-07 4.930121e-11 1.422099e-10
1.210938e+03 4.257812e+03 2.460938e+03 -1.748391e-07 1.688263e-07 1.961830e-09 1.119122e-07 8.640956e-11 2.328660e-10
1.210938e+03 4.335938e+03 2.460938e+03 -1.700541e-07 1.644633e-07 1.914196e-09 1.064491e-07 1.272938e-10 2.432609e-10
1.210938e+03 4.414062e+03 2.460938e+03 -1.654409e-07 1.601056e-07 1.979987e-09 1.012658e-07 1.155160e-10 1.224001e-10
1.210938e+03 4.492188e+03 2.460938e+03 -1.609888e-07 1.556472e-07 1.858191e-09 9.641477e-08 6.677869e-11 -1.243751e-10
1.210938e+03 4.570312e+03 2.460938e+03 -1.566698e-07 1.513254e-07 1.585219e-09 9.194014e-08 3.374608e-11 -8.433016e-11
1.210938e+03 4.648438e+03 2.460938e+03 -1.524505e-07 1.474661e-07 1.439565e-09 8.777845e-08 3.596063e-11 2.058148e-10
1.210938e+03 4.726562e+03 2.460938e+03 -1.483327e-07 1.440906e-07 1.448064e-09 8.381204e-08 6.409037e-11 3.456222e-10
1.210938e+03 4.804688e+03 2.460938e+03 -1.443451e-07 1.409261e-07 1.449137e-09 7.995904e-08 7.667242e-11 2.422546e-10
1.210938e+03 4.882812e+03 2.460938e+03 -1.405337e-07 1.375592e-07 1.373338e-09 7.626553e-08 7.572664e-11 -9.149956e-11
1.210938e+03 4.960938e+03 2.460938e+03 -1.368920e-07 1.337736e-07 1.281018e-09 7.279420e-08 5.530955e-11 -4.090325e-10
1.289062e+03 3.906250e+01 2.460938e+03 1.124810e-06 -1.379356e-06 7.783205e-08 4.756235e-08 1.504341e-08 1.110744e-08
1.289062e+03 1.171875e+02 2.460938e+03 1.119457e-06 -1.365755e-06 8.078065e-08 1.380788e-07 1.458853e-08 6.184813e-09
1.289062e+03 1.953125e+02 2.460938e+03 1.107511e-06 -1.345445e-06 7.793317e-08 2.286381e-07 1.404690e-08 4.917871e-09
1.289062e+03 2.734375e+02 2.460938e+03 1.088749e-06 -1.319183e-06 7.556227e-08 3.182729e-07 1.340921e-08 4.315918e-09
1.289062e+03 3.515625e+02 2.460938e+03 1.063183e-06 -1.286259e-06 7.318357e-08 4.065175e-07 1.285138e-08 4.046335e-09
1.289062e+03 4.296875e+02 2.460938e+03 1.030514e-06 -1.246439e-06 7.091933e-08 4.929884e-07 1.238705e-08 3.962244e-09
1.289062e+03 5.078125e+02 2.460938e+03 9.904679e-07 -1.198996e-06 6.856863e-08 5.771825e-07 1.187522e-08 4.034023e-09
1.289062e+03 5.859375e+02 2.460938e+03 9.426696e-07 -1.143416e-06 6.601184e-08 6.582792e-07 1.134936e-08 4.065753e-09
1.289062e+03 6.640625e+02 2.460938e+03 8.867043e-07 -1.079294e-06 6.325976e-08 7.350534e-07 1.082530e-08 4.364424e-09
1.289062e+03 7.421875e+02 2.460938e+03 8.224365e-07 -1.006330e-06 6.047384e-08 8.061497e-07 1.027312e-08 4.460617e-09
1.289062e+03 8.203125e+02 2.460938e+03 7.501778e-07 -9.248779e-07 5.753719e-08 8.697304e-07 9.701808e-09 4.842408e-09
1.289062e+03 8.984375e+02 2.460938e+03 6.707831e-07 -8.357795e-07 5.450476e-08 9.238927e-07 9.066064e-09 4.968556e-09
1.289062e+03 9.765625e+02 2.460938e+03 5.857158e-07 -7.407687e-07 5.115237e-08 9.669501e-07 8.438236e-09 5.064088e-09
1.289062e+03 1.054688e+03 2.460938e+03 4.969104e-07 -6.417987e-07 4.778673e-08 9.975813e-07 7.918051e-09 5.273853e-09
1.289062e+03 1.132812e+03 2.460938e+03 4.067244e-07 -5.413488e-07 4.462076e-08 1.015142e-06 7.421835e-09 5.276385e-09
1.289062e+03 1.210938e+03 2.460938e+03 3.176909e-07 -4.420641e-07 4.144116e-08 1.019657e-06 6.848113e-09 5.250873e-09
1.289062e+03 1.289062e+03 2.460938e+03 2.322336e-07 -3.464951e-07 3.829116e-08 1.011884e-06 6.230235e-09 4.952442e-09
1.289062e+03 1.367188e+03 2.460938e+03 1.523421e-07 -2.570181e-07 3.512395e-08 9.932049e-07 5.599322e-09 4.702219e-09
1.289062e+03 1.445312e+03 2.460938e+03 7.950671e-08 -1.752240e-07 3.225991e-08 9.654883e-07 5.013268e-09 4.485681e-09
1.289062e+03 1.523438e+03 2.460938e+03 1.465257e-08 -1.018571e-07 2.947425e-08 9.307675e-07 4.516771e-09 3.948969e-09
1.289062e+03 1.601562e+03 2.460938e+03 -4.193111e-08 -3.735798e-08 2.680264e-08 8.909849e-07 3.992689e-09 3.629642e-09
1.289062e+03 1.679688e+03 2.460938e+03 -9.033946e-08 1.829389e-08 2.451110e-08 8.480697e-07 3.412457e-09 3.345923e-09
1.289062e+03 1.757812e+03 2.460938e+03 -1.310249e-07 6.562173e-08 2.226625e-08 8.035620e-07 2.949079e-09 2.838653e-09
1.289062e+03 1.835938e+03 2.460938e+03 -1.646759e-07 1.052789e-07 2.027109e-08 7.585747e-07 2.629547e-09 2.593249e-09
1.289062e+03 1.914062e+03 2.460938e+03 -1.920959e-07 1.381500e-07 1.848030e-08 7.140020e-07 2.294313e-09 2.287593e-09
1.289062e+03 1.992188e+03 2.460938e+03 -2.140303e-07 1.650068e-07 1.674388e-08 6.706368e-07 1.926123e-09 1.892986e-09
1.289062e+03 2.070312e+03 2.460938e+03 -2.312159e-07 1.864815e-07 1.528636e-08 6.289599e-07 1.634793e-09 1.704389e-09
1.289062e+03 2.148438e+03 2.460938e+03 -2.443438e-07 2.034652e-07 1.397262e-08 5.891453e-07 1.443465e-09 1.488193e-09
1.289062e+03 2.226562e+03 2.460938e+03 -2.540060e-07 2.167665e-07 1.278811e-08 5.514220e-07 1.268723e-09 1.318658e-09
1.289062e+03 2.304688e+03 2.460938e+03 -2.607600e-07 2.266102e-07 1.174174e-08 5.159439e-07 1.068824e-09 1.134843e-09
1.289062e+03 2.382812e+03 2.460938e+03 -2.650451e-07 2.334480e-07 1.072832e-08 4.826697e-07 9.150987e-10 9.217458e-10
1.289062e+03 2.460938e+03 2.460938e+03 -2.673106e-07 2.381289e-07 9.875034e-09 4.515067e-07 8.261163e-10 9.533959e-10
1.289062e+03 2.539062e+03 2.460938e+03 -2.679253e-07 2.411108e-07 9.141770e-09 4.224482e-07 7.329136e-10 9.171157e-10
1.289062e+03 2.617188e+03 2.460938e+03 -2.671595e-07 2.424032e-07 8.446550e-09 3.954895e-07 6.279310e-10 7.457312e-10
1.289062e+03 2.695312e+03 2.460938e+03 -2.652733e-07 2.424672e-07 7.823980e-09 3.704606e-07 5.518500e-10 7.410636e-10
1.289062e+03 2.773438e+03 2.460938e+03 -2.624771e-07 2.415253e-07 7.212022e-09 3.471628e-07 4.959050e-10 6.662396e-10
1.289062e+03 2.851562e+03 2.460938e+03 -2.589749e-07 2.395636e-07 6.685483e-09 3.254786e-07 4.354355e-10 5.277088e-10
1.289062e+03 2.929688e+03 2.460938e+03 -2.549184e-07 2.368813e-07 6.252162e-09 3.053639e-07 3.785015e-10 5.250522e-10
1.289062e+03 3.007812e+03 2.460938e+03 -2.504347e-07 2.336887e-07 5.782616e-09 2.867366e-07 3.309898e-10 4.025725e-10
1.289062e+03 3.085938e+03 2.460938e+03 -2.456267e-07 2.299372e-07 5.382263e-09 2.694058e-07 2.931854e-10 2.866450e-10
1.289062e+03 3.164062e+03 2.460938e+03 -2.405890e-07 2.257169e-07 5.101674e-09 2.532960e-07 2.533847e-10 4.045443e-10
1.289062e+03 3.242188e+03 2.460938e+03 -2.354102e-07 2.212599e-07 4.825371e-09 2.383848e-07 2.105706e-10 3.463291e-10
1.289062e+03 3.320312e+03 2.460938e+03 -2.301054e-07 2.167492e-07 4.480027e-09 2.245586e-07 2.009226e-10 2.162676e-10
1.289062e+03 3.398438e+03 2.460938e+03 -2.246953e-07 2.121505e-07 4.200916e-09 2.117259e-07 1.924167e-10 4.053211e-10
1.289062e+03 3.476562e+03 2.460938e+03 -2.192525e-07 2.074827e-07 4.112966e-09 1.997715e-07 1.311462e-10 3.744227e-10
1.289062e+03 3.554688e+03 2.460938e+03 -2.138459e-07 2.027395e-07 3.864144e-09 1.886092e-07 8.084196e-11 -2.407157e-12
1.289062e+03 3.632812e+03 2.460938e+03 -2.084850e-07 1.979530e-07 3.445436e-09 1.782124e-07 8.684016e-11 -5.587790e-14
1.289062e+03 3.710938e+03 2.460938e+03 -2.031763e-07 1.932574e-07 3.219404e-09 1.685347e-07 9.219307e-11 2.844930e-10
1.289062e+03 3.789062e+03 2.460938e+03 -1.979259e-07 1.887013e-07 3.088347e-09 1.595229e-07 7.408125e-11 2.782966e-10
1.289062e+03 3.867188e+03 2.460938e+03 -1.927793e-07 1.842476e-07 2.851396e-09 1.511221e-07 4.513351e-11 1.189145e-10
1.289062e+03 3.945312e+03 2.460938e+03 -1.877811e-07 1.799475e-07 2.520037e-09 1.432184e-07 1.103347e-11 1.197521e-10
1.289062e+03 4.023438e+03 2.460938e+03 -1.829108e-07 1.756897e-07 2.376509e-09 1.357709e-07 -2.473647e-12 2.790619e-10
1.289062e+03 4.101562e+03 2.460938e+03 -1.781491e-07 1.714144e-07 2.352068e-09 1.288650e-07 6.130555e-12 2.849399e-10
1.289062e+03 4.179688e+03 2.460938e+03 -1.734878e-07 1.672109e-07 2.169468e-09 1.224944e-07 2.390515e-11 1.745799e-10
1.289062e+03 4.257812e+03 2.460938e+03 -1.689475e-07 1.631709e-07 1.949861e-09 1.165563e-07 5.893516e-11 2.269870e-10
1.289062e+03 4.335938e+03 2.460938e+03 -1.645497e-07 1.591715e-07 1.871868e-09 1.109426e-07 9.046417e-11 2.104872e-10
1.289062e+03 4.414062e+03 2.460938e+03 -1.602957e-07 1.551260e-07 1.914499e-09 1.056139e-07 7.894027e-11 1.069461e-10
1.289062e+03 4.492188e+03 2.460938e+03 -1.561618e-07 1.509687e-07 1.811198e-09 1.006394e-07 4.188272e-11 -9.512939e-11
1.289062e+03 4.570312e+03 2.460938e+03 -1.521125e-07 1.469284e-07 1.566974e-09 9.605894e-08 1.871524e-11 -3.472129e-11
1.289062e+03 4.648438e+03 2.460938e+03 -1.481460e-07 1.433225e-07 1.423922e-09 9.178398e-08 1.745078e-11 2.355170e-10
1.289062e+03 4.726562e+03 2.460938e+03 -1.442857e-07 1.401478e-07 1.427501e-09 8.768098e-08 3.882110e-11 3.496200e-10
1.289062e+03 4.804688e+03 2.460938e+03 -1.405525e-07 1.371758e-07 1.416929e-09 8.369353e-08 6.619405e-11 2.401622e-10
1.289062e+03 4.882812e+03 2.460938e+03 -1.369692e-07 1.340014e-07 1.337275e-09 7.984885e-08 7.013360e-11 -4.420482e-11
1.289062e+03 4.960938e+03 2.460938e+03 -1.335291e-07 1.304927e-07 1.259984e-09 7.625969e-08 4.736815e-11 -3.095196e-10
1.367188e+03 3.906250e+01 2.460938e+03 1.075443e-06 -1.288921e-06 6.515066e-08 4.471864e-08 1.163343e-08 9.268429e-09
1.367188e+03 1.171875e+02 2.460938e+03 1.069748e-06 -1.276605e-06 6.785395e-08 1.288866e-07 1.136922e-08 5.130473e-09
1.367188e+03 1.953125e+02 2.460938e+03 1.057850e-06 -1.257852e-06 6.549027e-08 2.129291e-07 1.100288e-08 4.042277e-09
1.367188e+03 2.734375e+02 2.460938e+03 1.039648e-06 -1.233358e-06 6.339474e-08 2.960804e-07 1.055947e-08 3.640043e-09
1.367188e+03 3.515625e+02 2.460938e+03 1.014870e-06 -1.202315e-06 6.142005e-08 3.776941e-07 1.018206e-08 3.422322e-09
1.367188e+03 4.296875e+02 2.460938e+03 9.833611e-07 -1.164675e-06 5.948707e-08 4.573047e-07 9.739006e-09 3.359801e-09
1.367188e+03 5.078125e+02 2.460938e+03 9.450320e-07 -1.120129e-06 5.744770e-08 5.342959e-07 9.242528e-09 3.384176e-09
1.367188e+03 5.859375e+02 2.460938e+03 8.997053e-07 -1.068273e-06 5.526940e-08 6.078887e-07 8.789839e-09 3.390725e-09
1.367188e+03 6.640625e+02 2.460938e+03 8.472758e-07 -1.009080e-06 5.301911e-08 6.770486e-07 8.362856e-09 3.617928e-09
1.367188e+03 7.421875e+02 2.460938e+03 7.878509e-07 -9.425415e-07 5.080976e-08 7.406590e-07 7.917527e-09 3.663035e-09
1.367188e+03 8.203125e+02 2.460938e+03 7.218718e-07 -8.691704e-07 4.847895e-08 7.972586e-07 7.471226e-09 3.941598e-09
1.367188e+03 8.984375e+02 2.460938e+03 6.501824e-07 -7.897461e-07 4.603814e-08 8.454939e-07 7.021736e-09 3.981526e-09
1.367188e+03 9.765625e+02 2.460938e+03 5.740035e-07 -7.056778e-07 4.332556e-08 8.842410e-07 6.639800e-09 4.050617e-09
1.367188e+03 1.054688e+03 2.460938e+03 4.948808e-07 -6.184632e-07 4.072208e-08 9.125771e-07 6.326932e-09 4.238124e-09
1.367188e+03 1.132812e+03 2.460938e+03 4.145990e-07 -5.300567e-07 3.830185e-08 9.300452e-07 5.932855e-09 4.196828e-09
1.367188e+03 1.210938e+03 2.460938e+03 3.351657e-07 -4.424908e-07 3.578244e-08 9.366910e-07 5.458221e-09 4.150829e-09
1.367188e+03 1.289062e+03 2.460938e+03 2.584084e-07 -3.577324e-07 3.324284e-08 9.330036e-07 5.008254e-09 3.931865e-09
1.367188e+03 1.367188e+03 2.460938e+03 1.859118e-07 -2.775812e-07 3.067512e-08 9.200233e-07 4.576339e-09 3.802850e-09
1.367188e+03 1.445312e+03 2.460938e+03 1.189454e-07 -2.033791e-07 2.841775e-08 8.991515e-07 4.168723e-09 3.707971e-09
1.367188e+03 1.523438e+03 2.460938e+03 5.829582e-08 -1.357743e-07 2.618463e-08 8.718429e-07 3.795819e-09 3.278954e-09
1.367188e+03 1.601562e+03 2.460938e+03 4.410639e-09 -7.533500e-08 2.396462e-08 8.396253e-07 3.379887e-09 3.033846e-09
1.367188e+03 1.679688e+03 2.460938e+03 -4.264858e-08 -2.228462e-08 2.205239e-08 8.040601e-07 2.951823e-09 2.846994e-09
1.367188e+03 1.757812e+03 2.460938e+03 -8.311647e-08 2.380066e-08 2.018726e-08 7.664528e-07 2.642243e-09 2.435796e-09
1.367188e+03 1.835938e+03 2.460938e+03 -1.174654e-07 6.328577e-08 1.853904e-08 7.277463e-07 2.393789e-09 2.225276e-09
1.367188e+03 1.914062e+03 2.460938e+03 -1.462116e-07 9.671789e-08 1.699072e-08 6.887982e-07 2.074540e-09 1.959832e-09
1.367188e+03 1.992188e+03 2.460938e+03 -1.699130e-07 1.246466e-07 1.542966e-08 6.503740e-07 1.758954e-09 1.651515e-09
1.367188e+03 2.070312e+03 2.460938e+03 -1.891401e-07 1.476088e-07 1.414726e-08 6.129845e-07 1.554098e-09 1.545495e-09
1.367188e+03 2.148438e+03 2.460938e+03 -2.044500e-07 1.663811e-07 1.301486e-08 5.768597e-07 1.408207e-09 1.377788e-09
1.367188e+03 2.226562e+03 2.460938e+03 -2.163929e-07 1.815832e-07 1.197968e-08 5.422661e-07 1.224008e-09 1.207461e-09
1.367188e+03 2.304688e+03 2.460938e+03 -2.254175e-07 1.933667e-07 1.103727e-08 5.094407e-07 1.015664e-09 1.015365e-09
1.367188e+03 2.382812e+03 2.460938e+03 -2.319915e-07 2.022004e-07 1.009240e-08 4.783930e-07 8.909270e-10 8.313569e-10
1.367188e+03 2.460938e+03 2.460938e+03 -2.364869e-07 2.089141e-07 9.296274e-09 4.491099e-07 8.400550e-10 8.917426e-10
1.367188e+03 2.539062e+03 2.460938e+03 -2.392073e-07 2.138671e-07 8.639817e-09 4.216369e-07 7.561693e-10 8.701883e-10
1.367188e+03 2.617188e+03 2.460938e+03 -2.404422e-07 2.170004e-07 8.020404e-09 3.959732e-07 6.392267e-10 7.021726e-10
1.367188e+03 2.695312e+03 2.460938e+03 -2.404320e-07 2.187812e-07 7.437708e-09 3.719865e-07 5.639377e-10 6.872576e-10
1.367188e+03 2.773438e+03 2.460938e+03 -2.394119e-07 2.194599e-07 6.856908e-09 3.495265e-07 5.338326e-10 6.218636e-10
1.367188e+03 2.851562e+03 2.460938e+03 -2.375613e-07 2.190387e-07 6.379917e-09 3.285169e-07 4.935995e-10 5.034280e-10
1.367188e+03 2.929688e+03 2.460938e+03 -2.350513e-07 2.177943e-07 5.994443e-09 3.089436e-07 4.290936e-10 4.887007e-10
1.367188e+03 3.007812e+03 2.460938e+03 -2.320094e-07 2.159396e-07 5.551266e-09 2.907442e-07 3.674052e-10 3.515843e-10
1.367188e+03 3.085938e+03 2.460938e+03 -2.285326e-07 2.134323e-07 5.150386e-09 2.737464e-07 3.306623e-10 2.552043e-10
1.367188e+03 3.164062e+03 2.460938e+03 -2.247226e-07 2.103784e-07 4.871435e-09 2.578749e-07 3.046083e-10 4.082621e-10
1.367188e+03 3.242188e+03 2.460938e+03 -2.206480e-07 2.070101e-07 4.634766e-09 2.431387e-07 2.691767e-10 3.783925e-10
1.367188e+03 3.320312e+03 2.460938e+03 -2.163588e-07 2.035018e-07 4.342492e-09 2.294504e-07 2.480049e-10 2.373161e-10
1.367188e+03 3.398438e+03 2.460938e+03 -2.119179e-07 1.998234e-07 4.083457e-09 2.166940e-07 2.307558e-10 3.735712e-10
1.367188e+03 3.476562e+03 2.460938e+03 -2.073944e-07 1.959775e-07 3.982224e-09 2.047682e-07 1.813009e-10 3.162395e-10
1.367188e+03 3.554688e+03 2.460938e+03 -2.028266e-07 1.920057e-07 3.726484e-09 1.936062e-07 1.457624e-10 -2.758286e-11
1.367188e+03 3.632812e+03 2.460938e+03 -1.982334e-07 1.879658e-07 3.329773e-09 1.832140e-07 1.546331e-10 1.355438e-11
1.367188e+03 3.710938e+03 2.460938e+03 -1.936059e-07 1.839646e-07 3.140143e-09 1.735182e-07 1.532544e-10 2.957381e-10
1.367188e+03 3.789062e+03 2.460938e+03 -1.889904e-07 1.799990e-07 3.033375e-09 1.644383e-07 1.217439e-10 2.677149e-10
1.367188e+03 3.867188e+03 2.460938e+03 -1.844386e-07 1.760481e-07 2.794899e-09 1.559230e-07 8.573843e-11 9.983236e-11
1.367188e+03 3.945312e+03 2.460938e+03 -1.799703e-07 1.722191e-07 2.442451e-09 1.478954e-07 5.392643e-11 1.165410e-10
1.367188e+03 4.023438e+03 2.460938e+03 -1.755934e-07 1.684416e-07 2.282432e-09 1.403489e-07 3.736982e-11 3.021682e-10
1.367188e+03 4.101562e+03 2.460938e+03 -1.712882e-07 1.646823e-07 2.272671e-09 1.333500e-07 3.948706e-11 3.138313e-10
1.367188e+03 4.179688e+03 2.460938e+03 -1.670617e-07 1.609763e-07 2.114620e-09 1.268764e-07 5.175981e-11 1.829471e-10
1.367188e+03 4.257812e+03 2.460938e+03 -1.629364e-07 1.573850e-07 1.888688e-09 1.208134e-07 8.319335e-11 2.009337e-10
1.367188e+03 4.335938e+03 2.460938e+03 -1.589260e-07 1.537468e-07 1.777758e-09 1.150734e-07 1.185388e-10 1.782220e-10
1.367188e+03 4.414062e+03 2.460938e+03 -1.550172e-07 1.500244e-07 1.799915e-09 1.096273e-07 1.205344e-10 1.058706e-10
1.367188e+03 4.492188e+03 2.460938e+03 -1.511839e-07 1.461652e-07 1.719536e-09 1.045499e-07 9.569773e-11 -5.838516e-11
1.367188e+03 4.570312e+03 2.460938e+03 -1.474150e-07 1.424275e-07 1.518543e-09 9.988027e-08 7.671994e-11 2.725827e-13
1.367188e+03 4.648438e+03 2.460938e+03 -1.437205e-07 1.390590e-07 1.395354e-09 9.551752e-08 7.112878e-11 2.329866e-10
1.367188e+03 4.726562e+03 2.460938e+03 -1.401351e-07 1.360833e-07 1.387620e-09 9.130802e-08 7.642897e-11 3.165928e-10
1.367188e+03 4.804688e+03 2.460938e+03 -1.366724e-07 1.332955e-07 1.372337e-09 8.719768e-08 9.840239e-11 2.276656e-10
1.367188e+03 4.882812e+03 2.460938e+03 -1.333148e-07 1.303387e-07 1.289453e-09 8.322746e-08 9.999150e-11 -9.874802e-12
1.367188e+03 4.960938e+03 2.460938e+03 -1.300650e-07 1.271082e-07 1.222960e-09 7.952913e-08 5.904983e-11 -1.878745e-10
1.445312e+03 3.906250e+01 2.460938e+03 1.024054e-06 -1.204875e-06 5.514655e-08 4.180833e-08 9.294249e-09 7.850295e-09
1.445312e+03 1.171875e+02 2.460938e+03 1.018305e-06 -1.193766e-06 5.763329e-08 1.198473e-07 9.124972e-09 4.274434e-09
1.445312e+03 1.953125e+02 2.460938e+03 1.006716e-06 -1.176598e-06 5.576378e-08 1.977888e-07 8.812000e-09 3.353844e-09
1.445312e+03 2.734375e+02 2.460938e+03 9.890690e-07 -1.153784e-06 5.406327e-08 2.746802e-07 8.554561e-09 3.083232e-09
1.445312e+03 3.515625e+02 2.460938e+03 9.652621e-07 -1.124737e-06 5.244945e-08 3.500070e-07 8.229053e-09 2.908735e-09
1.445312e+03 4.296875e+02 2.460938e+03 9.353372e-07 -1.089640e-06 5.079519e-08 4.231999e-07 7.882590e-09 2.864895e-09
1.445312e+03 5.078125e+02 2.460938e+03 8.991568e-07 -1.048178e-06 4.907575e-08 4.936672e-07 7.612116e-09 2.853573e-09
1.445312e+03 5.859375e+02 2.460938e+03 8.566639e-07 -1.000191e-06 4.725632e-08 5.606495e-07 7.353361e-09 2.815811e-09
1.445312e+03 6.640625e+02 2.460938e+03 8.079901e-07 -9.458802e-07 4.535746e-08 6.232339e-07 6.978875e-09 2.997642e-09
1.445312e+03 7.421875e+02 2.460938e+03 7.534131e-07 -8.854774e-07 4.350002e-08 6.805136e-07 6.540768e-09 3.011278e-09
1.445312e+03 8.203125e+02 2.460938e+03 6.933914e-07 -8.193802e-07 4.154986e-08 7.314483e-07 6.167974e-09 3.238860e-09
1.445312e+03 8.984375e+02 2.460938e+03 6.286776e-07 -7.483916e-07 3.957196e-08 7.750134e-07 5.886840e-09 3.228157e-09
1.445312e+03 9.765625e+02 2.460938e+03 5.602850e-07 -6.735276e-07 3.742171e-08 8.103951e-07 5.649354e-09 3.284104e-09
1.445312e+03 1.054688e+03 2.460938e+03 4.894744e-07 -5.961823e-07 3.538925e-08 8.368729e-07 5.348586e-09 3.408023e-09
1.445312e+03 1.132812e+03 2.460938e+03 4.177291e-07 -5.178910e-07 3.343045e-08 8.541818e-07 4.943686e-09 3.333820e-09
1.445312e+03 1.210938e+03 2.460938e+03 3.465392e-07 -4.401745e-07 3.132850e-08 8.623692e-07 4.566751e-09 3.339953e-09
1.445312e+03 1.289062e+03 2.460938e+03 2.773629e-07 -3.645657e-07 2.927527e-08 8.617771e-07 4.270287e-09 3.187545e-09
1.445312e+03 1.367188e+03 2.460938e+03 2.115090e-07 -2.924491e-07 2.719059e-08 8.532445e-07 3.962913e-09 3.132109e-09
1.445312e+03 1.445312e+03 2.460938e+03 1.500046e-07 -2.250322e-07 2.536753e-08 8.377624e-07 3.641461e-09 3.090930e-09
1.445312e+03 1.523438e+03 2.460938e+03 9.358288e-08 -1.628300e-07 2.352620e-08 8.164363e-07 3.332359e-09 2.717199e-09
1.445312e+03 1.601562e+03 2.460938e+03 4.267066e-08 -1.064674e-07 2.164796e-08 7.904484e-07 2.996496e-09 2.546730e-09
1.445312e+03 1.679688e+03 2.460938e+03 -2.539811e-09 -5.621795e-08 2.007811e-08 7.611010e-07 2.663133e-09 2.435270e-09
1.445312e+03 1.757812e+03 2.460938e+03 -4.218265e-08 -1.178247e-08 1.853820e-08 7.294486e-07 2.409284e-09 2.074216e-09
1.445312e+03 1.835938e+03 2.460938e+03 -7.651776e-08 2.696725e-08 1.712925e-08 6.962939e-07 2.176760e-09 1.887396e-09
1.445312e+03 1.914062e+03 2.460938e+03 -1.058756e-07 6.030891e-08 1.575677e-08 6.624007e-07 1.895059e-09 1.697331e-09
1.445312e+03 1.992188e+03 2.460938e+03 -1.306296e-07 8.871119e-08 1.437118e-08 6.285183e-07 1.657953e-09 1.487702e-09
1.445312e+03 2.070312e+03 2.460938e+03 -1.512243e-07 1.126193e-07 1.327669e-08 5.951649e-07 1.511169e-09 1.414555e-09
1.445312e+03 2.148438e+03 2.460938e+03 -1.681599e-07 1.326367e-07 1.229449e-08 5.625681e-07 1.367058e-09 1.240272e-09
1.445312e+03 2.226562e+03 2.460938e+03 -1.818622e-07 1.492431e-07 1.134713e-08 5.310462e-07 1.168465e-09 1.059957e-09
1.445312e+03 2.304688e+03 2.460938e+03 -1.927625e-07 1.625440e-07 1.046897e-08 5.008637e-07 9.802118e-10 8.964502e-10
1.445312e+03 2.382812e+03 2.460938e+03 -2.012108e-07 1.730438e-07 9.595441e-09 4.720928e-07 9.005340e-10 7.696400e-10
1.445312e+03 2.460938e+03 2.460938e+03 -2.075473e-07 1.814786e-07 8.882935e-09 4.447618e-07 8.712075e-10 8.490844e-10
1.445312e+03 2.539062e+03 2.460938e+03 -2.120739e-07 1.880802e-07 8.303580e-09 4.189298e-07 7.728959e-10 8.214935e-10
1.445312e+03 2.617188e+03 2.460938e+03 -2.150406e-07 1.927716e-07 7.728404e-09 3.946338e-07 6.377786e-10 6.476952e-10
1.445312e+03 2.695312e+03 2.460938e+03 -2.167016e-07 1.960547e-07 7.172018e-09 3.717825e-07 5.698142e-10 6.324939e-10
1.445312e+03 2.773438e+03 2.460938e+03 -2.172581e-07 1.981999e-07 6.635821e-09 3.502737e-07 5.604105e-10 5.834332e-10
1.445312e+03 2.851562e+03 2.460938e+03 -2.169153e-07 1.991825e-07 6.215441e-09 3.300530e-07 5.270338e-10 4.718796e-10
1.445312e+03 2.929688e+03 2.460938e+03 -2.158294e-07 1.992475e-07 5.863199e-09 3.111245e-07 4.563351e-10 4.385397e-10
1.445312e+03 3.007812e+03 2.460938e+03 -2.141087e-07 1.986034e-07 5.424860e-09 2.934547e-07 3.897396e-10 3.057189e-10
1.445312e+03 3.085938e+03 2.460938e+03 -2.118541e-07 1.972441e-07 5.025715e-09 2.768718e-07 3.571835e-10 2.478373e-10
1.445312e+03 3.164062e+03 2.460938e+03 -2.091641e-07 1.952853e-07 4.772142e-09 2.613259e-07 3.439846e-10 4.253621e-10
1.445312e+03 3.242188e+03 2.460938e+03 -2.061268e-07 1.929413e-07 4.578964e-09 2.468539e-07 3.146054e-10 3.914902e-10
1.445312e+03 3.320312e+03 2.460938e+03 -2.028179e-07 1.903853e-07 4.312533e-09 2.333711e-07 2.824750e-10 2.215989e-10
1.445312e+03 3.398438e+03 2.460938e+03 -1.993141e-07 1.875775e-07 4.051608e-09 2.207590e-07 2.587354e-10 3.270595e-10
1.445312e+03 3.476562e+03 2.460938e+03 -1.956706e-07 1.845364e-07 3.941051e-09 2.089318e-07 2.263053e-10 2.806429e-10
1.445312e+03 3.554688e+03 2.460938e+03 -1.919051e-07 1.813165e-07 3.693203e-09 1.978565e-07 2.091068e-10 -2.071986e-11
1.445312e+03 3.632812e+03 2.460938e+03 -1.880187e-07 1.779988e-07 3.327009e-09 1.875226e-07 2.139885e-10 3.969722e-11
1.445312e+03 3.710938e+03 2.460938e+03 -1.840542e-07 1.746279e-07 3.162135e-09 1.778498e-07 1.908979e-10 2.952178e-10
1.445312e+03 3.789062e+03 2.460938e+03 -1.800569e-07 1.712045e-07 3.060705e-09 1.687287e-07 1.380839e-10 2.361083e-10
1.445312e+03 3.867188e+03 2.460938e+03 -1.760841e-07 1.677455e-07 2.818240e-09 1.601435e-07 1.022956e-10 7.684949e-11
1.445312e+03 3.945312e+03 2.460938e+03 -1.721590e-07 1.644053e-07 2.459214e-09 1.520509e-07 9.288015e-11 1.194344e-10
1.445312e+03 4.023438e+03 2.460938e+03 -1.682670e-07 1.611339e-07 2.294473e-09 1.444538e-07 9.181581e-11 3.208312e-10
1.445312e+03 4.101562e+03 2.460938e+03 -1.644155e-07 1.578693e-07 2.287208e-09 1.374086e-07 8.327872e-11 3.293505e-10
1.445312e+03 4.179688e+03 2.460938e+03 -1.606215e-07 1.546452e-07 2.133306e-09 1.308607e-07 7.508086e-11 1.798251e-10
1.445312e+03 4.257812e+03 2.460938e+03 -1.569026e-07 1.514677e-07 1.900382e-09 1.246982e-07 9.745459e-11 1.796038e-10
1.445312e+03 4.335938e+03 2.460938e+03 -1.532620e-07 1.482043e-07 1.777994e-09 1.188451e-07 1.384090e-10 1.587422e-10
1.445312e+03 4.414062e+03 2.460938e+03 -1.496833e-07 1.448092e-07 1.795509e-09 1.133111e-07 1.477656e-10 1.130707e-10
1.445312e+03 4.492188e+03 2.460938e+03 -1.461503e-07 1.412754e-07 1.722624e-09 1.081678e-07 1.166093e-10 -3.332991e-11
1.445312e+03 4.570312e+03 2.460938e+03 -1.426736e-07 1.378373e-07 1.538944e-09 1.034333e-07 8.470356e-11 1.033983e-11
1.445312e+03 4.648438e+03 2.460938e+03 -1.392683e-07 1.347229e-07 1.423536e-09 9.899202e-08 7.497599e-11 2.080001e-10
1.445312e+03 4.726562e+03 2.460938e+03 -1.359410e-07 1.319142e-07 1.398124e-09 9.468468e-08 8.022112e-11 2.810769e-10
1.445312e+03 4.804688e+03 2.460938e+03 -1.327114e-07 1.292995e-07 1.365034e-09 9.046793e-08 9.083149e-11 2.253417e-10
1.445312e+03 4.882812e+03 2.460938e+03 -1.295689e-07 1.265743e-07 1.266710e-09 8.641011e-08 1.053975e-10 4.239406e-11
1.445312e+03 4.960938e+03 2.460938e+03 -1.265073e-07 1.236306e-07 1.196706e-09 8.260829e-08 7.388550e-11 -6.384915e-11
1.523438e+03 3.906250e+01 2.460938e+03 9.725093e-07 -1.127026e-06 4.710954e-08 3.882374e-08 7.350270e-09 6.708931e-09
1.523438e+03 1.171875e+02 2.460938e+03 9.669419e-07 -1.116992e-06 4.926040e-08 1.110747e-07 7.141641e-09 3.450705e-09
1.523438e+03 1.953125e+02 2.460938e+03 9.558692e-07 -1.101272e-06 4.774107e-08 1.832121e-07 6.896900e-09 2.734909e-09
1.523438e+03 2.734375e+02 2.460938e+03 9.390629e-07 -1.080137e-06 4.633671e-08 2.542682e-07 6.624553e-09 2.513675e-09
1.523438e+03 3.515625e+02 2.460938e+03 9.165841e-07 -1.053291e-06 4.488784e-08 3.237368e-07 6.278393e-09 2.430451e-09
1.523438e+03 4.296875e+02 2.460938e+03 8.884133e-07 -1.020746e-06 4.351632e-08 3.909963e-07 5.993430e-09 2.430693e-09
1.523438e+03 5.078125e+02 2.460938e+03 8.545400e-07 -9.823742e-07 4.214937e-08 4.555404e-07 5.715612e-09 2.466530e-09
1.523438e+03 5.859375e+02 2.460938e+03 8.150640e-07 -9.382862e-07 4.064297e-08 5.166615e-07 5.416503e-09 2.415324e-09
1.523438e+03 6.640625e+02 2.460938e+03 7.701937e-07 -8.887658e-07 3.901127e-08 5.735715e-07 5.126789e-09 2.561480e-09
1.523438e+03 7.421875e+02 2.460938e+03 7.202203e-07 -8.339697e-07 3.746222e-08 6.255279e-07 4.910420e-09 2.544850e-09
1.523438e+03 8.203125e+02 2.460938e+03 6.656153e-07 -7.743428e-07 3.589141e-08 6.717686e-07 4.753264e-09 2.739380e-09
1.523438e+03 8.984375e+02 2.460938e+03 6.071064e-07 -7.106362e-07 3.433614e-08 7.115329e-07 4.581334e-09 2.704102e-09
1.523438e+03 9.765625e+02 2.460938e+03 5.455271e-07 -6.437591e-07 3.260646e-08 7.441258e-07 4.343264e-09 2.713938e-09
1.523438e+03 1.054688e+03 2.460938e+03 4.819270e-07 -5.748450e-07 3.090253e-08 7.690627e-07 4.029778e-09 2.796317e-09
1.523438e+03 1.132812e+03 2.460938e+03 4.175091e-07 -5.051691e-07 2.925580e-08 7.861504e-07 3.720451e-09 2.757412e-09
1.523438e+03 1.210938e+03 2.460938e+03 3.534727e-07 -4.357983e-07 2.753245e-08 7.954614e-07 3.495680e-09 2.843923e-09
1.523438e+03 1.289062e+03 2.460938e+03 2.909895e-07 -3.679714e-07 2.588891e-08 7.972888e-07 3.320498e-09 2.714850e-09
1.523438e+03 1.367188e+03 2.460938e+03 2.310832e-07 -3.028808e-07 2.418711e-08 7.922105e-07 3.107222e-09 2.663417e-09
1.523438e+03 1.445312e+03 2.460938e+03 1.746062e-07 -2.414868e-07 2.269606e-08 7.810151e-07 2.859710e-09 2.632857e-09
1.523438e+03 1.523438e+03 2.460938e+03 1.222026e-07 -1.842916e-07 2.116119e-08 7.645217e-07 2.630136e-09 2.296948e-09
1.523438e+03 1.601562e+03 2.460938e+03 7.433666e-08 -1.318445e-07 1.956451e-08 7.437203e-07 2.394766e-09 2.183519e-09
1.523438e+03 1.679688e+03 2.460938e+03 3.119239e-08 -8.445171e-08 1.826967e-08 7.196164e-07 2.146443e-09 2.110423e-09
1.523438e+03 1.757812e+03 2.460938e+03 -7.230632e-09 -4.193208e-08 1.697257e-08 6.930656e-07 1.931396e-09 1.786251e-09
1.523438e+03 1.835938e+03 2.460938e+03 -4.103981e-08 -4.378251e-09 1.573358e-08 6.647466e-07 1.722586e-09 1.653230e-09
1.523438e+03 1.914062e+03 2.460938e+03 -7.040765e-08 2.842384e-08 1.452322e-08 6.353620e-07 1.506544e-09 1.545466e-09
1.523438e+03 1.992188e+03 2.460938e+03 -9.563870e-08 5.687553e-08 1.333096e-08 6.056292e-07 1.342372e-09 1.377620e-09
1.523438e+03 2.070312e+03 2.460938e+03 -1.171253e-07 8.130240e-08 1.240434e-08 5.760151e-07 1.216510e-09 1.282319e-09
1.523438e+03 2.148438e+03 2.460938e+03 -1.352210e-07 1.021123e-07 1.151981e-08 5.467607e-07 1.066562e-09 1.094855e-09
1.523438e+03 2.226562e+03 2.460938e+03 -1.502845e-07 1.196911e-07 1.063487e-08 5.181797e-07 8.950461e-10 9.459599e-10
1.523438e+03 2.304688e+03 2.460938e+03 -1.626137e-07 1.341759e-07 9.831947e-09 4.905954e-07 7.698320e-10 8.492080e-10
1.523438e+03 2.382812e+03 2.460938e+03 -1.725511e-07 1.460124e-07 9.051621e-09 4.640908e-07 7.279497e-10 7.653940e-10
1.523438e+03 2.460938e+03 2.460938e+03 -1.804101e-07 1.558363e-07 8.428348e-09 4.387041e-07 6.850708e-10 8.296850e-10
1.523438e+03 2.539062e+03 2.460938e+03 -1.864517e-07 1.637853e-07 7.900409e-09 4.145428e-07 5.631745e-10 7.764990e-10
1.523438e+03 2.617188e+03 2.460938e+03 -1.909278e-07 1.698012e-07 7.346591e-09 3.916705e-07 4.358242e-10 6.008148e-10
1.523438e+03 2.695312e+03 2.460938e+03 -1.940407e-07 1.744079e-07 6.824388e-09 3.700465e-07 3.972189e-10 5.996687e-10
1.523438e+03 2.773438e+03 2.460938e+03 -1.960072e-07 1.778502e-07 6.347341e-09 3.495703e-07 4.040824e-10 5.703394e-10
1.523438e+03 2.851562e+03 2.460938e+03 -1.970116e-07 1.800895e-07 5.981500e-09 3.302042e-07 3.680046e-10 4.593824e-10
1.523438e+03 2.929688e+03 2.460938e+03 -1.971918e-07 1.813124e-07 5.649774e-09 3.119966e-07 2.933607e-10 4.134924e-10
1.523438e+03 3.007812e+03 2.460938e+03 -1.966609e-07 1.817509e-07 5.211610e-09 2.949229e-07 2.342816e-10 2.976135e-10
1.523438e+03 3.085938e+03 2.460938e+03 -1.955275e-07 1.814492e-07 4.828176e-09 2.788381e-07 2.172159e-10 2.688832e-10
1.523438e+03 3.164062e+03 2.460938e+03 -1.938913e-07 1.805156e-07 4.612792e-09 2.637040e-07 2.180508e-10 4.482236e-10
1.523438e+03 3.242188e+03 2.460938e+03 -1.918374e-07 1.791491e-07 4.450470e-09 2.495770e-07 1.908022e-10 3.969178e-10
1.523438e+03 3.320312e+03 2.460938e+03 -1.894586e-07 1.774809e-07 4.189752e-09 2.363650e-07 1.488998e-10 2.078018e-10
1.523438e+03 3.398438e+03 2.460938e+03 -1.868380e-07 1.754885e-07 3.930574e-09 2.239527e-07 1.230960e-10 3.110178e-10
1.523438e+03 3.476562e+03 2.460938e+03 -1.840011e-07 1.732098e-07 3.832191e-09 2.122919e-07 1.021854e-10 2.969362e-10
1.523438e+03 3.554688e+03 2.460938e+03 -1.809602e-07 1.707182e-07 3.606007e-09 2.013495e-07 9.628429e-11 2.622965e-11
1.523438e+03 3.632812e+03 2.460938e+03 -1.777582e-07 1.680682e-07 3.268060e-09 1.911182e-07 1.004998e-10 7.065983e-11
1.523438e+03 3.710938e+03 2.460938e+03 -1.744383e-07 1.652892e-07 3.115371e-09 1.814964e-07 7.014611e-11 2.764615e-10
1.523438e+03 3.789062e+03 2.460938e+03 -1.710691e-07 1.623668e-07 3.001682e-09 1.723884e-07 1.712877e-11 1.932122e-10
1.523438e+03 3.867188e+03 2.460938e+03 -1.676837e-07 1.594035e-07 2.749312e-09 1.637890e-07 -1.314595e-11 6.467218e-11
1.523438e+03 3.945312e+03 2.460938e+03 -1.642813e-07 1.565698e-07 2.406432e-09 1.556926e-07 -1.304504e-11 1.452169e-10
1.523438e+03 4.023438e+03 2.460938e+03 -1.608616e-07 1.538051e-07 2.269116e-09 1.480926e-07 4.328842e-13 3.526009e-10
1.523438e+03 4.101562e+03 2.460938e+03 -1.574458e-07 1.510261e-07 2.268015e-09 1.410218e-07 -1.124276e-12 3.427480e-10
1.523438e+03 4.179688e+03 2.460938e+03 -1.540666e-07 1.482312e-07 2.094748e-09 1.344227e-07 -2.079741e-11 1.778765e-10
1.523438e+03 4.257812e+03 2.460938e+03 -1.507412e-07 1.454468e-07 1.837172e-09 1.281827e-07 -2.144446e-11 1.722209e-10
1.523438e+03 4.335938e+03 2.460938e+03 -1.474694e-07 1.425476e-07 1.707073e-09 1.222549e-07 7.189428e-12 1.597048e-10
1.523438e+03 4.414062e+03 2.460938e+03 -1.442239e-07 1.395213e-07 1.730631e-09 1.166686e-07 2.879110e-11 1.354032e-10
1.523438e+03 4.492188e+03 2.460938e+03 -1.409960e-07 1.363308e-07 1.664614e-09 1.114820e-07 2.405578e-11 7.651295e-13
1.523438e+03 4.570312e+03 2.460938e+03 -1.378088e-07 1.331946e-07 1.486491e-09 1.066955e-07 7.957453e-12 3.161361e-11
1.523438e+03 4.648438e+03 2.460938e+03 -1.346884e-07 1.303027e-07 1.373664e-09 1.021858e-07 -2.777487e-12 2.009311e-10
1.523438e+03 4.726562e+03 2.460938e+03 -1.316360e-07 1.276681e-07 1.345098e-09 9.780789e-08 9.113629e-12 2.776464e-10
1.523438e+03 4.804688e+03 2.460938e+03 -1.286461e-07 1.252153e-07 1.303801e-09 9.351248e-08 3.481755e-11 2.514756e-10
1.523438e+03 4.882812e+03 2.460938e+03 -1.257216e-07 1.227287e-07 1.204791e-09 8.938750e-08 6.716925e-11 1.336528e-10
1.523438e+03 4.960938e+03 2.460938e+03 -1.228657e-07 1.200554e-07 1.159211e-09 8.550070e-08 6.107205e-11 7.369037e-11
1.601562e+03 3.906250e+01 2.460938e+03 9.220000e-07 -1.055031e-06 4.049337e-08 3.595944e-08 5.927625e-09 5.607466e-09
1.601562e+03 1.171875e+02 2.460938e+03 9.165720e-07 -1.045998e-06 4.236653e-08 1.028689e-07 5.871059e-09 2.815399e-09
1.601562e+03 1.953125e+02 2.460938e+03 9.060265e-07 -1.031529e-06 4.113771e-08 1.694573e-07 5.779072e-09 2.285054e-09
1.601562e+03 2.734375e+02 2.460938e+03 8.902661e-07 -1.012149e-06 3.992395e-08 2.350294e-07 5.593642e-09 2.098515e-09
1.601562e+03 3.515625e+02 2.460938e+03 8.692604e-07 -9.874528e-07 3.866983e-08 2.990458e-07 5.415067e-09 2.032675e-09
1.601562e+03 4.296875e+02 2.460938e+03 8.429777e-07 -9.574522e-07 3.751128e-08 3.609222e-07 5.214534e-09 2.010423e-09
1.601562e+03 5.078125e+02 2.460938e+03 8.115348e-07 -9.221882e-07 3.631075e-08 4.200836e-07 4.923217e-09 2.069369e-09
1.601562e+03 5.859375e+02 2.460938e+03 7.751092e-07 -8.819015e-07 3.494490e-08 4.759434e-07 4.646646e-09 2.024853e-09
1.601562e+03 6.640625e+02 2.460938e+03 7.339185e-07 -8.367722e-07 3.355149e-08 5.278932e-07 4.455232e-09 2.181379e-09
1.601562e+03 7.421875e+02 2.460938e+03 6.882782e-07 -7.870561e-07 3.234895e-08 5.753498e-07 4.307311e-09 2.162519e-09
1.601562e+03 8.203125e+02 2.460938e+03 6.386735e-07 -7.331986e-07 3.114181e-08 6.176703e-07 4.140392e-09 2.309797e-09
1.601562e+03 8.984375e+02 2.460938e+03 5.856955e-07 -6.759295e-07 2.991111e-08 6.541984e-07 3.909384e-09 2.245123e-09
1.601562e+03 9.765625e+02 2.460938e+03 5.301065e-07 -6.160158e-07 2.843235e-08 6.843940e-07 3.631668e-09 2.211882e-09
1.601562e+03 1.054688e+03 2.460938e+03 4.728088e-07 -5.543827e-07 2.694479e-08 7.079867e-07 3.371286e-09 2.324761e-09
1.601562e+03 1.132812e+03 2.460938e+03 4.147931e-07 -4.920779e-07 2.559210e-08 7.248335e-07 3.189502e-09 2.357997e-09
1.601562e+03 1.210938e+03 2.460938e+03 3.570256e-07 -4.298213e-07 2.423660e-08 7.349986e-07 3.045243e-09 2.443685e-09
1.601562e+03 1.289062e+03 2.460938e+03 3.004138e-07 -3.687347e-07 2.291917e-08 7.386735e-07 2.873839e-09 2.296751e-09
1.601562e+03 1.367188e+03 2.460938e+03 2.458050e-07 -3.097636e-07 2.148562e-08 7.363308e-07 2.672514e-09 2.235596e-09
1.601562e+03 1.445312e+03 2.460938e+03 1.938902e-07 -2.537574e-07 2.024489e-08 7.285720e-07 2.470208e-09 2.225863e-09
1.601562e+03 1.523438e+03 2.460938e+03 1.452909e-07 -2.011261e-07 1.895676e-08 7.160673e-07 2.295951e-09 1.943173e-09
1.601562e+03 1.601562e+03 2.460938e+03 1.004250e-07 -1.523941e-07 1.761298e-08 6.995497e-07 2.102627e-09 1.864015e-09
1.601562e+03 1.679688e+03 2.460938e+03 5.949683e-08 -1.078528e-07 1.655890e-08 6.798309e-07 1.878646e-09 1.820705e-09
1.601562e+03 1.757812e+03 2.460938e+03 2.256989e-08 -6.745690e-08 1.545550e-08 6.576144e-07 1.688815e-09 1.533725e-09
1.601562e+03 1.835938e+03 2.460938e+03 -1.034527e-08 -3.135438e-08 1.437402e-08 6.335232e-07 1.534884e-09 1.451574e-09
1.601562e+03 1.914062e+03 2.460938e+03 -3.935813e-08 6.391122e-10 1.332658e-08 6.081796e-07 1.386361e-09 1.388452e-09
1.601562e+03 1.992188e+03 2.460938e+03 -6.471879e-08 2.884102e-08 1.230150e-08 5.821981e-07 1.242421e-09 1.211615e-09
1.601562e+03 2.070312e+03 2.460938e+03 -8.669850e-08 5.340360e-08 1.149579e-08 5.560187e-07 1.095361e-09 1.106869e-09
1.601562e+03 2.148438e+03 2.460938e+03 -1.055638e-07 7.460582e-08 1.069058e-08 5.298530e-07 9.559527e-10 9.611838e-10
1.601562e+03 2.226562e+03 2.460938e+03 -1.215298e-07 9.283807e-08 9.894489e-09 5.040751e-07 8.476813e-10 8.731220e-10
1.601562e+03 2.304688e+03 2.460938e+03 -1.349106e-07 1.082090e-07 9.185199e-09 4.789852e-07 7.765095e-10 8.147773e-10
1.601562e+03 2.382812e+03 2.460938e+03 -1.460206e-07 1.210793e-07 8.485955e-09 4.546747e-07 7.266625e-10 7.199291e-10
1.601562e+03 2.460938e+03 2.460938e+03 -1.551217e-07 1.319822e-07 7.916819e-09 4.312150e-07 6.424313e-10 7.555541e-10
1.601562e+03 2.539062e+03 2.460938e+03 -1.624478e-07 1.410276e-07 7.408882e-09 4.087276e-07 5.145008e-10 7.054141e-10
1.601562e+03 2.617188e+03 2.460938e+03 -1.681860e-07 1.481738e-07 6.886236e-09 3.873290e-07 4.240648e-10 5.551646e-10
1.601562e+03 2.695312e+03 2.460938e+03 -1.725571e-07 1.539162e-07 6.433069e-09 3.669691e-07 4.150243e-10 5.712155e-10
1.601562e+03 2.773438e+03 2.460938e+03 -1.757603e-07 1.584758e-07 6.025362e-09 3.475658e-07 4.148599e-10 5.440386e-10
1.601562e+03 2.851562e+03 2.460938e+03 -1.779516e-07 1.617868e-07 5.691512e-09 3.291054e-07 3.539725e-10 4.240111e-10
1.601562e+03 2.929688e+03 2.460938e+03 -1.792613e-07 1.640297e-07 5.360621e-09 3.116572e-07 2.733824e-10 3.807428e-10
1.601562e+03 3.007812e+03 2.460938e+03 -1.798081e-07 1.654636e-07 4.926931e-09 2.952472e-07 2.345867e-10 2.909563e-10
1.601562e+03 3.085938e+03 2.460938e+03 -1.797041e-07 1.661461e-07 4.576885e-09 2.797366e-07 2.388165e-10 2.747140e-10
1.601562e+03 3.164062e+03 2.460938e+03 -1.790382e-07 1.661711e-07 4.403375e-09 2.651072e-07 2.388127e-10 4.409693e-10
1.601562e+03 3.242188e+03 2.460938e+03 -1.779000e-07 1.656980e-07 4.257196e-09 2.513879e-07 1.939846e-10 3.794951e-10
1.601562e+03 3.320312e+03 2.460938e+03 -1.763925e-07 1.648406e-07 3.994158e-09 2.384835e-07 1.421857e-10 1.940456e-10
1.601562e+03 3.398438e+03 2.460938e+03 -1.745706e-07 1.635934e-07 3.739229e-09 2.263212e-07 1.246339e-10 3.108224e-10
1.601562e+03 3.476562e+03 2.460938e+03 -1.724684e-07 1.620381e-07 3.660756e-09 2.148738e-07 1.148941e-10 3.160090e-10
1.601562e+03 3.554688e+03 2.460938e+03 -1.701177e-07 1.602364e-07 3.463773e-09 2.041180e-07 1.059699e-10 4.972481e-11
1.601562e+03 3.632812e+03 2.460938e+03 -1.675643e-07 1.582225e-07 3.151394e-09 1.940239e-07 9.948549e-11 5.804451e-11
1.601562e+03 3.710938e+03 2.460938e+03 -1.648895e-07 1.559931e-07 3.002547e-09 1.844935e-07 7.008941e-11 2.207365e-10
1.601562e+03 3.789062e+03 2.460938e+03 -1.621303e-07 1.535677e-07 2.870000e-09 1.754422e-07 3.462796e-11 1.384829e-10
1.601562e+03 3.867188e+03 2.460938e+03 -1.593021e-07 1.510897e-07 2.614209e-09 1.668998e-07 1.563589e-11 4.942629e-11
1.601562e+03 3.945312e+03 2.460938e+03 -1.564049e-07 1.487584e-07 2.303817e-09 1.588515e-07 9.249061e-12 1.677743e-10
1.601562e+03 4.023438e+03 2.460938e+03 -1.534400e-07 1.464787e-07 2.204705e-09 1.512842e-07 1.270327e-11 3.725342e-10
1.601562e+03 4.101562e+03 2.460938e+03 -1.504411e-07 1.441560e-07 2.208289e-09 1.442032e-07 7.818613e-12 3.367440e-10
1.601562e+03 4.179688e+03 2.460938e+03 -1.474610e-07 1.417646e-07 2.005858e-09 1.375644e-07 -1.077091e-11 1.595359e-10
1.601562e+03 4.257812e+03 2.460938e+03 -1.445234e-07 1.393561e-07 1.723666e-09 1.312790e-07 -9.206186e-12 1.574507e-10
1.601562e+03 4.335938e+03 2.460938e+03 -1.416086e-07 1.368274e-07 1.587687e-09 1.253168e-07 2.305002e-11 1.603667e-10
1.601562e+03 4.414062e+03 2.460938e+03 -1.386985e-07 1.341665e-07 1.616296e-09 1.197006e-07 4.792105e-11 1.535732e-10
1.601562e+03 4.492188e+03 2.460938e+03 -1.357898e-07 1.313383e-07 1.565820e-09 1.144756e-07 5.050614e-11 2.471408e-11
1.601562e+03 4.570312e+03 2.460938e+03 -1.329036e-07 1.285028e-07 1.405949e-09 1.096368e-07 4.327321e-11 3.914070e-11
1.601562e+03 4.648438e+03 2.460938e+03 -1.300658e-07 1.258286e-07 1.301081e-09 1.050731e-07 3.148583e-11 1.803761e-10
1.601562e+03 4.726562e+03 2.460938e+03 -1.272844e-07 1.233550e-07 1.267148e-09 1.006410e-07 3.372561e-11 2.622075e-10
1.601562e+03 4.804688e+03 2.460938e+03 -1.245424e-07 1.210781e-07 1.224052e-09 9.629755e-08 5.715731e-11 2.689911e-10
1.601562e+03 4.882812e+03 2.460938e+03 -1.218325e-07 1.188186e-07 1.127865e-09 9.212265e-08 8.186921e-11 2.179342e-10
1.601562e+03 4.960938e+03 2.460938e+03 -1.191634e-07 1.164154e-07 1.111817e-09 8.818521e-08 6.330733e-11 2.230042e-10
1.679688e+03 3.906250e+01 2.460938e+03 8.732325e-07 -9.884749e-07 3.509969e-08 3.318638e-08 4.902250e-09 4.760501e-09
1.679688e+03 1.171875e+02 2.460938e+03 8.680332e-07 -9.803334e-07 3.685470e-08 9.507857e-08 4.884371e-09 2.411419e-09
1.679688e+03 1.953125e+02 2.460938e+03 8.581166e-07 -9.672004e-07 3.589548e-08 1.565894e-07 4.768717e-09 1.923235e-09
1.679688e+03 2.734375e+02 2.460938e+03 8.433742e-07 -9.494656e-07 3.486742e-08 2.170455e-07 4.624472e-09 1.807655e-09
1.679688e+03 3.515625e+02 2.460938e+03 8.237520e-07 -9.267685e-07 3.386327e-08 2.760037e-07 4.463444e-09 1.752300e-09
1.679688e+03 4.296875e+02 2.460938e+03 7.993729e-07 -8.992608e-07 3.291198e-08 3.329144e-07 4.279484e-09 1.734350e-09
1.679688e+03 5.078125e+02 2.460938e+03 7.703609e-07 -8.670575e-07 3.191342e-08 3.872720e-07 4.127778e-09 1.752438e-09
1.679688e+03 5.859375e+02 2.460938e+03 7.368739e-07 -8.302908e-07 3.077326e-08 4.385641e-07 4.061069e-09 1.664414e-09
1.679688e+03 6.640625e+02 2.460938e+03 6.991221e-07 -7.891479e-07 2.964833e-08 4.862221e-07 3.982773e-09 1.784369e-09
1.679688e+03 7.421875e+02 2.460938e+03 6.574754e-07 -7.440430e-07 2.868251e-08 5.297752e-07 3.782117e-09 1.742472e-09
1.679688e+03 8.203125e+02 2.460938e+03 6.124034e-07 -6.954137e-07 2.764539e-08 5.686615e-07 3.528094e-09 1.854851e-09
1.679688e+03 8.984375e+02 2.460938e+03 5.644191e-07 -6.438773e-07 2.655901e-08 6.023620e-07 3.296909e-09 1.800400e-09
1.679688e+03 9.765625e+02 2.460938e+03 5.141760e-07 -5.900550e-07 2.524060e-08 6.305176e-07 3.117451e-09 1.780920e-09
1.679688e+03 1.054688e+03 2.460938e+03 4.624687e-07 -5.347257e-07 2.399090e-08 6.529281e-07 2.991212e-09 1.921671e-09
1.679688e+03 1.132812e+03 2.460938e+03 4.100982e-07 -4.787106e-07 2.290926e-08 6.695254e-07 2.872805e-09 1.969042e-09
1.679688e+03 1.210938e+03 2.460938e+03 3.578164e-07 -4.226267e-07 2.177949e-08 6.802925e-07 2.719640e-09 1.987322e-09
1.679688e+03 1.289062e+03 2.460938e+03 3.063539e-07 -3.673832e-07 2.063226e-08 6.854187e-07 2.552067e-09 1.842321e-09
1.679688e+03 1.367188e+03 2.460938e+03 2.564173e-07 -3.137974e-07 1.938418e-08 6.852440e-07 2.391878e-09 1.826603e-09
1.679688e+03 1.445312e+03 2.460938e+03 2.086824e-07 -2.625993e-07 1.836344e-08 6.802751e-07 2.233655e-09 1.856965e-09
1.679688e+03 1.523438e+03 2.460938e+03 1.636774e-07 -2.141765e-07 1.728326e-08 6.710176e-07 2.086657e-09 1.617466e-09
1.679688e+03 1.601562e+03 2.460938e+03 1.217523e-07 -1.689434e-07 1.614697e-08 6.580210e-07 1.917092e-09 1.552013e-09
1.679688e+03 1.679688e+03 2.460938e+03 8.308813e-08 -1.272189e-07 1.527090e-08 6.419514e-07 1.713439e-09 1.532604e-09
1.679688e+03 1.757812e+03 2.460938e+03 4.783467e-08 -8.899622e-08 1.430126e-08 6.234614e-07 1.554011e-09 1.282099e-09
1.679688e+03 1.835938e+03 2.460938e+03 1.605024e-08 -5.444265e-08 1.335385e-08 6.030817e-07 1.455451e-09 1.230908e-09
1.679688e+03 1.914062e+03 2.460938e+03 -1.235443e-08 -2.342374e-08 1.244690e-08 5.813121e-07 1.339544e-09 1.174091e-09
1.679688e+03 1.992188e+03 2.460938e+03 -3.753454e-08 4.249564e-09 1.154424e-08 5.586846e-07 1.179968e-09 9.926867e-10
1.679688e+03 2.070312e+03 2.460938e+03 -5.967320e-08 2.860201e-08 1.081987e-08 5.355918e-07 1.030097e-09 9.327603e-10
1.679688e+03 2.148438e+03 2.460938e+03 -7.889579e-08 4.990806e-08 1.009381e-08 5.123069e-07 9.355161e-10 8.556046e-10
1.679688e+03 2.226562e+03 2.460938e+03 -9.544207e-08 6.854989e-08 9.399843e-09 4.891498e-07 8.835324e-10 7.965483e-10
1.679688e+03 2.304688e+03 2.460938e+03 -1.095935e-07 8.455685e-08 8.771314e-09 4.664179e-07 8.305014e-10 7.213896e-10
1.679688e+03 2.382812e+03 2.460938e+03 -1.216130e-07 9.818474e-08 8.116283e-09 4.442101e-07 7.567888e-10 5.999490e-10
1.679688e+03 2.460938e+03 2.460938e+03 -1.317187e-07 1.099093e-07 7.565102e-09 4.226181e-07 6.572224e-10 6.400416e-10
1.679688e+03 2.539062e+03 2.460938e+03 -1.400627e-07 1.198283e-07 7.074094e-09 4.018064e-07 5.489738e-10 6.294378e-10
1.679688e+03 2.617188e+03 2.460938e+03 -1.468440e-07 1.279023e-07 6.608970e-09 3.818635e-07 4.886557e-10 5.147545e-10
1.679688e+03 2.695312e+03 2.460938e+03 -1.522649e-07 1.346024e-07 6.237164e-09 3.627632e-07 4.848651e-10 5.297652e-10
1.679688e+03 2.773438e+03 2.460938e+03 -1.565220e-07 1.400976e-07 5.874492e-09 3.444401e-07 4.637663e-10 4.818969e-10
1.679688e+03 2.851562e+03 2.460938e+03 -1.597697e-07 1.443105e-07 5.539909e-09 3.269168e-07 3.855724e-10 3.541734e-10
1.679688e+03 2.929688e+03 2.460938e+03 -1.620986e-07 1.474636e-07 5.205736e-09 3.103024e-07 3.090122e-10 3.333673e-10
1.679688e+03 3.007812e+03 2.460938e+03 -1.636175e-07 1.498238e-07 4.794265e-09 2.946125e-07 2.934234e-10 2.763245e-10
1.679688e+03 3.085938e+03 2.460938e+03 -1.644373e-07 1.514169e-07 4.484316e-09 2.797380e-07 3.149126e-10 2.574882e-10
1.679688e+03 3.164062e+03 2.460938e+03 -1.646544e-07 1.523051e-07 4.335316e-09 2.656451e-07 3.043520e-10 4.012319e-10
1.679688e+03 3.242188e+03 2.460938e+03 -1.643655e-07 1.526217e-07 4.186448e-09 2.523639e-07 2.401421e-10 3.392996e-10
1.679688e+03 3.320312e+03 2.460938e+03 -1.636346e-07 1.524876e-07 3.924850e-09 2.398163e-07 1.865801e-10 1.733860e-10
1.679688e+03 3.398438e+03 2.460938e+03 -1.625317e-07 1.519359e-07 3.681260e-09 2.279544e-07 1.816381e-10 3.071530e-10
1.679688e+03 3.476562e+03 2.460938e+03 -1.611104e-07 1.510710e-07 3.615713e-09 2.167748e-07 1.801929e-10 3.097596e-10
1.679688e+03 3.554688e+03 2.460938e+03 -1.594221e-07 1.499280e-07 3.435665e-09 2.062451e-07 1.655874e-10 2.175414e-11
1.679688e+03 3.632812e+03 2.460938e+03 -1.575296e-07 1.485033e-07 3.133914e-09 1.963252e-07 1.481269e-10 -5.588983e-12
1.679688e+03 3.710938e+03 2.460938e+03 -1.554677e-07 1.468005e-07 2.981512e-09 1.869222e-07 1.213709e-10 1.440150e-10
1.679688e+03 3.789062e+03 2.460938e+03 -1.532696e-07 1.448554e-07 2.842753e-09 1.779828e-07 1.042458e-10 9.317081e-11
1.679688e+03 3.867188e+03 2.460938e+03 -1.509528e-07 1.428617e-07 2.604688e-09 1.695329e-07 1.036457e-10 4.360531e-11
1.679688e+03 3.945312e+03 2.460938e+03 -1.485247e-07 1.409969e-07 2.328882e-09 1.615743e-07 9.581262e-11 1.773369e-10
1.679688e+03 4.023438e+03 2.460938e+03 -1.460025e-07 1.391727e-07 2.249489e-09 1.540630e-07 7.852707e-11 3.607235e-10
1.679688e+03 4.101562e+03 2.460938e+03 -1.434279e-07 1.372690e-07 2.243958e-09 1.469985e-07 5.561855e-11 3.015181e-10
1.679688e+03 4.179688e+03 2.460938e+03 -1.408448e-07 1.352676e-07 2.017456e-09 1.403383e-07 3.402129e-11 1.266894e-10
1.679688e+03 4.257812e+03 2.460938e+03 -1.382726e-07 1.332314e-07 1.728870e-09 1.340287e-07 4.801531e-11 1.434460e-10
1.679688e+03 4.335938e+03 2.460938e+03 -1.356980e-07 1.310762e-07 1.599642e-09 1.280574e-07 9.427059e-11 1.630189e-10
1.679688e+03 4.414062e+03 2.460938e+03 -1.331066e-07 1.287729e-07 1.629502e-09 1.224377e-07 1.158096e-10 1.556721e-10
1.679688e+03 4.492188e+03 2.460938e+03 -1.305119e-07 1.262947e-07 1.578234e-09 1.171959e-07 9.995741e-11 1.045676e-11
1.679688e+03 4.570312e+03 2.460938e+03 -1.279347e-07 1.237566e-07 1.413511e-09 1.123153e-07 7.892097e-11 -3.656707e-12
1.679688e+03 4.648438e+03 2.460938e+03 -1.253896e-07 1.213021e-07 1.293884e-09 1.076957e-07 6.756010e-11 1.190755e-10
1.679688e+03 4.726562e+03 2.460938e+03 -1.228733e-07 1.189945e-07 1.243187e-09 1.032194e-07 6.619121e-11 2.157678e-10
1.679688e+03 4.804688e+03 2.460938e+03 -1.203763e-07 1.168990e-07 1.199722e-09 9.884741e-08 7.739408e-11 2.702078e-10
1.679688e+03 4.882812e+03 2.460938e+03 -1.178892e-07 1.148762e-07 1.103886e-09 9.464752e-08 9.555293e-11 2.713935e-10
1.679688e+03 4.960938e+03 2.460938e+03 -1.154062e-07 1.127443e-07 1.088060e-09 9.068969e-08 6.969285e-11 3.412432e-10
1.757812e+03 3.906250e+01 2.460938e+03 8.266300e-07 -9.270019e-07 3.066759e-08 3.060899e-08 4.016188e-09 4.121817e-09
1.757812e+03 1.171875e+02 2.460938e+03 8.218495e-07 -9.197248e-07 3.219633e-08 8.776273e-08 3.935712e-09 2.024928e-09
1.757812e+03 1.953125e+02 2.460938e+03 8.126485e-07 -9.078612e-07 3.132113e-08 1.445283e-07 3.847480e-09 1.534706e-09
1.757812e+03 2.734375e+02 2.460938e+03 7.989491e-07 -8.916267e-07 3.042411e-08 2.003015e-07 3.725570e-09 1.473253e-09
1.757812e+03 3.515625e+02 2.460938e+03 7.808267e-07 -8.708715e-07 2.953636e-08 2.546702e-07 3.536189e-09 1.467784e-09
1.757812e+03 4.296875e+02 2.460938e+03 7.583711e-07 -8.457287e-07 2.872405e-08 3.070931e-07 3.392398e-09 1.496552e-09
1.757812e+03 5.078125e+02 2.460938e+03 7.316955e-07 -8.163099e-07 2.792830e-08 3.571406e-07 3.284305e-09 1.503971e-09
1.757812e+03 5.859375e+02 2.460938e+03 7.009553e-07 -7.827540e-07 2.705089e-08 4.043661e-07 3.172955e-09 1.419144e-09
1.757812e+03 6.640625e+02 2.460938e+03 6.664179e-07 -7.453452e-07 2.614829e-08 4.482281e-07 2.988014e-09 1.516363e-09
1.757812e+03 7.421875e+02 2.460938e+03 6.284424e-07 -7.045177e-07 2.530017e-08 4.883314e-07 2.747990e-09 1.452655e-09
1.757812e+03 8.203125e+02 2.460938e+03 5.874457e-07 -6.606275e-07 2.436858e-08 5.241892e-07 2.593060e-09 1.572660e-09
1.757812e+03 8.984375e+02 2.460938e+03 5.438975e-07 -6.141063e-07 2.344924e-08 5.554222e-07 2.511821e-09 1.537970e-09
1.757812e+03 9.765625e+02 2.460938e+03 4.984044e-07 -5.656331e-07 2.236349e-08 5.818261e-07 2.431019e-09 1.535236e-09
1.757812e+03 1.054688e+03 2.460938e+03 4.516274e-07 -5.157282e-07 2.135538e-08 6.032407e-07 2.354917e-09 1.652015e-09
1.757812e+03 1.132812e+03 2.460938e+03 4.041555e-07 -4.651955e-07 2.047116e-08 6.195408e-07 2.241472e-09 1.645288e-09
1.757812e+03 1.210938e+03 2.460938e+03 3.566229e-07 -4.144639e-07 1.947973e-08 6.307373e-07 2.097159e-09 1.637073e-09
1.757812e+03 1.289062e+03 2.460938e+03 3.096953e-07 -3.643617e-07 1.847815e-08 6.369574e-07 1.982042e-09 1.554246e-09
1.757812e+03 1.367188e+03 2.460938e+03 2.640052e-07 -3.155602e-07 1.744040e-08 6.385054e-07 1.866664e-09 1.600736e-09
1.757812e+03 1.445312e+03 2.460938e+03 2.201165e-07 -2.687174e-07 1.663045e-08 6.357730e-07 1.732064e-09 1.636975e-09
1.757812e+03 1.523438e+03 2.460938e+03 1.784574e-07 -2.241446e-07 1.572944e-08 6.291448e-07 1.613567e-09 1.396045e-09
1.757812e+03 1.601562e+03 2.460938e+03 1.392858e-07 -1.821834e-07 1.474954e-08 6.190400e-07 1.483955e-09 1.330938e-09
1.757812e+03 1.679688e+03 2.460938e+03 1.028450e-07 -1.431438e-07 1.399370e-08 6.060748e-07 1.327014e-09 1.328152e-09
1.757812e+03 1.757812e+03 2.460938e+03 6.932563e-08 -1.070499e-07 1.314531e-08 5.908153e-07 1.221911e-09 1.110878e-09
1.757812e+03 1.835938e+03 2.460938e+03 3.878942e-08 -7.408413e-08 1.233915e-08 5.736632e-07 1.170583e-09 1.074646e-09
1.757812e+03 1.914062e+03 2.460938e+03 1.119137e-08 -4.419611e-08 1.156015e-08 5.550153e-07 1.063575e-09 1.010810e-09
1.757812e+03 1.992188e+03 2.460938e+03 -1.357425e-08 -1.731140e-08 1.074574e-08 5.353341e-07 9.043402e-10 8.518786e-10
1.757812e+03 2.070312e+03 2.460938e+03 -3.555308e-08 6.609986e-09 1.008762e-08 5.150603e-07 7.861878e-10 8.437402e-10
1.757812e+03 2.148438e+03 2.460938e+03 -5.489134e-08 2.783242e-08 9.455845e-09 4.944184e-07 7.394722e-10 7.949275e-10
1.757812e+03 2.226562e+03 2.460938e+03 -7.178810e-08 4.669228e-08 8.862614e-09 4.737056e-07 7.168505e-10 7.250763e-10
1.757812e+03 2.304688e+03 2.460938e+03 -8.648981e-08 6.310503e-08 8.293379e-09 4.531774e-07 6.588137e-10 6.287087e-10
1.757812e+03 2.382812e+03 2.460938e+03 -9.920135e-08 7.724040e-08 7.667162e-09 4.329583e-07 5.743192e-10 5.206672e-10
1.757812e+03 2.460938e+03 2.460938e+03 -1.100400e-07 8.955902e-08 7.138644e-09 4.131735e-07 4.888356e-10 5.959257e-10
1.757812e+03 2.539062e+03 2.460938e+03 -1.191822e-07 1.001439e-07 6.696193e-09 3.939637e-07 4.095545e-10 6.116428e-10
1.757812e+03 2.617188e+03 2.460938e+03 -1.268091e-07 1.089671e-07 6.306585e-09 3.754461e-07 3.625478e-10 5.031836e-10
1.757812e+03 2.695312e+03 2.460938e+03 -1.331319e-07 1.164622e-07 5.988135e-09 3.575820e-07 3.479509e-10 4.945266e-10
1.757812e+03 2.773438e+03 2.460938e+03 -1.383289e-07 1.227337e-07 5.634896e-09 3.403424e-07 3.142083e-10 4.311285e-10
1.757812e+03 2.851562e+03 2.460938e+03 -1.424853e-07 1.277254e-07 5.294888e-09 3.238006e-07 2.439178e-10 3.227451e-10
1.757812e+03 2.929688e+03 2.460938e+03 -1.456947e-07 1.316912e-07 4.980936e-09 3.080620e-07 1.933507e-10 3.349552e-10
1.757812e+03 3.007812e+03 2.460938e+03 -1.480601e-07 1.348801e-07 4.616711e-09 2.931432e-07 1.983033e-10 2.991807e-10
1.757812e+03 3.085938e+03 2.460938e+03 -1.496973e-07 1.372798e-07 4.344762e-09 2.789190e-07 2.186087e-10 2.621477e-10
1.757812e+03 3.164062e+03 2.460938e+03 -1.507162e-07 1.389205e-07 4.198831e-09 2.653770e-07 1.895972e-10 3.748441e-10
1.757812e+03 3.242188e+03 2.460938e+03 -1.511915e-07 1.399376e-07 4.036279e-09 2.525580e-07 1.155496e-10 3.164605e-10
1.757812e+03 3.320312e+03 2.460938e+03 -1.511932e-07 1.404697e-07 3.783616e-09 2.404173e-07 7.892916e-11 1.766065e-10
1.757812e+03 3.398438e+03 2.460938e+03 -1.507613e-07 1.405873e-07 3.566692e-09 2.289229e-07 9.603531e-11 3.230122e-10
1.757812e+03 3.476562e+03 2.460938e+03 -1.499773e-07 1.403768e-07 3.522027e-09 2.180552e-07 9.793244e-11 3.130958e-10
1.757812e+03 3.554688e+03 2.460938e+03 -1.489258e-07 1.398376e-07 3.357001e-09 2.077809e-07 7.341579e-11 -5.551336e-13
1.757812e+03 3.632812e+03 2.460938e+03 -1.476458e-07 1.389490e-07 3.057522e-09 1.980621e-07 5.182700e-11 -5.005638e-11
1.757812e+03 3.710938e+03 2.460938e+03 -1.461706e-07 1.377350e-07 2.896627e-09 1.888216e-07 3.405636e-11 1.088734e-10
1.757812e+03 3.789062e+03 2.460938e+03 -1.445053e-07 1.362642e-07 2.766342e-09 1.800239e-07 3.103958e-11 9.843899e-11
1.757812e+03 3.867188e+03 2.460938e+03 -1.426583e-07 1.347363e-07 2.563559e-09 1.717079e-07 4.193351e-11 7.599580e-11
1.757812e+03 3.945312e+03 2.460938e+03 -1.406701e-07 1.333241e-07 2.321638e-09 1.638571e-07 3.559971e-11 1.951632e-10
1.757812e+03 4.023438e+03 2.460938e+03 -1.385834e-07 1.319087e-07 2.243829e-09 1.564306e-07 9.437736e-12 3.449808e-10
1.757812e+03 4.101562e+03 2.460938e+03 -1.364253e-07 1.304008e-07 2.211143e-09 1.494097e-07 -2.443853e-11 2.704654e-10
1.757812e+03 4.179688e+03 2.460938e+03 -1.342313e-07 1.287575e-07 1.964820e-09 1.427613e-07 -5.452713e-11 1.108181e-10
1.757812e+03 4.257812e+03 2.460938e+03 -1.320128e-07 1.270986e-07 1.685778e-09 1.364579e-07 -4.049623e-11 1.583897e-10
1.757812e+03 4.335938e+03 2.460938e+03 -1.297555e-07 1.253208e-07 1.576757e-09 1.305075e-07 1.568856e-11 1.936519e-10
1.757812e+03 4.414062e+03 2.460938e+03 -1.274631e-07 1.233847e-07 1.610815e-09 1.249059e-07 4.978978e-11 1.776851e-10
1.757812e+03 4.492188e+03 2.460938e+03 -1.251628e-07 1.212254e-07 1.550900e-09 1.196632e-07 3.906672e-11 5.089748e-12
1.757812e+03 4.570312e+03 2.460938e+03 -1.228854e-07 1.189578e-07 1.376622e-09 1.147528e-07 1.640364e-11 -4.328324e-11
1.757812e+03 4.648438e+03 2.460938e+03 -1.206350e-07 1.167126e-07 1.246969e-09 1.100939e-07 7.837235e-12 6.522541e-11
1.757812e+03 4.726562e+03 2.460938e+03 -1.183988e-07 1.145985e-07 1.192453e-09 1.055860e-07 1.531348e-11 1.811870e-10
1.757812e+03 4.804688e+03 2.460938e+03 -1.161519e-07 1.126883e-07 1.147862e-09 1.012019e-07 2.975076e-11 2.866740e-10
1.757812e+03 4.882812e+03 2.460938e+03 -1.138858e-07 1.108954e-07 1.064008e-09 9.698287e-08 5.630049e-11 3.288751e-10
1.757812e+03 4.960938e+03 2.460938e+03 -1.116013e-07 1.090438e-07 1.066191e-09 9.300537e-08 5.555732e-11 4.391127e-10
1.835938e+03 3.906250e+01 2.460938e+03 7.823885e-07 -8.703251e-07 2.691667e-08 2.815496e-08 3.324818e-09 3.463856e-09
1.835938e+03 1.171875e+02 2.460938e+03 7.778957e-07 -8.638072e-07 2.825337e-08 8.094379e-08 3.306363e-09 1.649621e-09
1.835938e+03 1.953125e+02 2.460938e+03 7.692956e-07 -8.529988e-07 2.753388e-08 1.333977e-07 3.299397e-09 1.256242e-09
1.835938e+03 2.734375e+02 2.460938e+03 7.566470e-07 -8.382585e-07 2.683877e-08 1.849177e-07 3.256895e-09 1.231178e-09
1.835938e+03 3.515625e+02 2.460938e+03 7.400040e-07 -8.193200e-07 2.614869e-08 2.350700e-07 3.245081e-09 1.221435e-09
1.835938e+03 4.296875e+02 2.460938e+03 7.193701e-07 -7.963749e-07 2.551529e-08 2.834094e-07 3.213471e-09 1.225649e-09
1.835938e+03 5.078125e+02 2.460938e+03 6.948660e-07 -7.694913e-07 2.483322e-08 3.295513e-07 3.074664e-09 1.250823e-09
1.835938e+03 5.859375e+02 2.460938e+03 6.667129e-07 -7.389608e-07 2.403765e-08 3.730426e-07 2.866606e-09 1.216542e-09
1.835938e+03 6.640625e+02 2.460938e+03 6.351843e-07 -7.050324e-07 2.318794e-08 4.134310e-07 2.635126e-09 1.339103e-09
1.835938e+03 7.421875e+02 2.460938e+03 6.006099e-07 -6.681118e-07 2.239510e-08 4.504239e-07 2.468631e-09 1.280699e-09
1.835938e+03 8.203125e+02 2.460938e+03 5.633335e-07 -6.283830e-07 2.161402e-08 4.836502e-07 2.414728e-09 1.426330e-09
1.835938e+03 8.984375e+02 2.460938e+03 5.238069e-07 -5.863007e-07 2.088552e-08 5.127940e-07 2.361910e-09 1.374880e-09
1.835938e+03 9.765625e+02 2.460938e+03 4.825661e-07 -5.424629e-07 1.999299e-08 5.377128e-07 2.254063e-09 1.354512e-09
1.835938e+03 1.054688e+03 2.460938e+03 4.401138e-07 -4.973503e-07 1.913123e-08 5.581942e-07 2.138831e-09 1.445641e-09
1.835938e+03 1.132812e+03 2.460938e+03 3.969619e-07 -4.516030e-07 1.835272e-08 5.741375e-07 2.017522e-09 1.412474e-09
1.835938e+03 1.210938e+03 2.460938e+03 3.536765e-07 -4.056267e-07 1.749377e-08 5.855803e-07 1.916592e-09 1.452248e-09
1.835938e+03 1.289062e+03 2.460938e+03 3.108560e-07 -3.600655e-07 1.667049e-08 5.926282e-07 1.833909e-09 1.424250e-09
1.835938e+03 1.367188e+03 2.460938e+03 2.690397e-07 -3.155671e-07 1.582110e-08 5.955245e-07 1.695158e-09 1.464162e-09
1.835938e+03 1.445312e+03 2.460938e+03 2.286609e-07 -2.726467e-07 1.513450e-08 5.945932e-07 1.540833e-09 1.468162e-09
1.835938e+03 1.523438e+03 2.460938e+03 1.900266e-07 -2.315617e-07 1.433201e-08 5.901072e-07 1.443890e-09 1.213318e-09
1.835938e+03 1.601562e+03 2.460938e+03 1.534360e-07 -1.926054e-07 1.346347e-08 5.824426e-07 1.348049e-09 1.171835e-09
1.835938e+03 1.679688e+03 2.460938e+03 1.191727e-07 -1.560937e-07 1.281684e-08 5.721469e-07 1.217407e-09 1.204471e-09
1.835938e+03 1.757812e+03 2.460938e+03 8.741990e-08 -1.220775e-07 1.210213e-08 5.596620e-07 1.129570e-09 1.017565e-09
1.835938e+03 1.835938e+03 2.460938e+03 5.822308e-08 -9.074180e-08 1.142646e-08 5.452783e-07 1.076548e-09 9.800519e-10
1.835938e+03 1.914062e+03 2.460938e+03 3.154681e-08 -6.212844e-08 1.073929e-08 5.293179e-07 9.638236e-10 9.115411e-10
1.835938e+03 1.992188e+03 2.460938e+03 7.423584e-09 -3.615814e-08 9.991212e-09 5.122915e-07 8.242028e-10 7.799639e-10
1.835938e+03 2.070312e+03 2.460938e+03 -1.420765e-08 -1.279806e-08 9.409754e-09 4.945773e-07 7.453959e-10 7.912713e-10
1.835938e+03 2.148438e+03 2.460938e+03 -3.347166e-08 8.222606e-09 8.870921e-09 4.763700e-07 7.244122e-10 7.385860e-10
1.835938e+03 2.226562e+03 2.460938e+03 -5.055649e-08 2.710210e-08 8.338979e-09 4.578961e-07 6.869733e-10 6.571735e-10
1.835938e+03 2.304688e+03 2.460938e+03 -6.561381e-08 4.369019e-08 7.804125e-09 4.394061e-07 6.004564e-10 5.781334e-10
1.835938e+03 2.382812e+03 2.460938e+03 -7.874107e-08 5.812671e-08 7.218373e-09 4.210636e-07 5.175982e-10 5.158114e-10
1.835938e+03 2.460938e+03 2.460938e+03 -9.009693e-08 7.083415e-08 6.738132e-09 4.029837e-07 4.596392e-10 6.115337e-10
1.835938e+03 2.539062e+03 2.460938e+03 -9.983475e-08 8.192696e-08 6.358045e-09 3.853207e-07 3.987154e-10 6.110327e-10
1.835938e+03 2.617188e+03 2.460938e+03 -1.081697e-07 9.135606e-08 6.017289e-09 3.681692e-07 3.434844e-10 4.771972e-10
1.835938e+03 2.695312e+03 2.460938e+03 -1.152808e-07 9.948932e-08 5.704832e-09 3.515154e-07 3.142136e-10 4.511543e-10
1.835938e+03 2.773438e+03 2.460938e+03 -1.212551e-07 1.064106e-07 5.349591e-09 3.353716e-07 2.855181e-10 4.052792e-10
1.835938e+03 2.851562e+03 2.460938e+03 -1.261738e-07 1.120761e-07 5.028866e-09 3.198346e-07 2.372710e-10 3.418247e-10
1.835938e+03 2.929688e+03 2.460938e+03 -1.301161e-07 1.167437e-07 4.752457e-09 3.049973e-07 2.055225e-10 3.809365e-10
1.835938e+03 3.007812e+03 2.460938e+03 -1.332100e-07 1.206444e-07 4.433085e-09 2.908505e-07 2.094848e-10 3.406535e-10
1.835938e+03 3.085938e+03 2.460938e+03 -1.355723e-07 1.237329e-07 4.186553e-09 2.772919e-07 2.098032e-10 2.747369e-10
1.835938e+03 3.164062e+03 2.460938e+03 -1.373019e-07 1.260344e-07 4.034601e-09 2.643125e-07 1.672013e-10 3.576807e-10
1.835938e+03 3.242188e+03 2.460938e+03 -1.384859e-07 1.276805e-07 3.860768e-09 2.519941e-07 1.041818e-10 3.069077e-10
1.835938e+03 3.320312e+03 2.460938e+03 -1.391445e-07 1.288543e-07 3.620419e-09 2.403183e-07 8.927684e-11 1.930710e-10
1.835938e+03 3.398438e+03 2.460938e+03 -1.393423e-07 1.296086e-07 3.431587e-09 2.292354e-07 1.156627e-10 3.458072e-10
1.835938e+03 3.476562e+03 2.460938e+03 -1.391636e-07 1.299995e-07 3.409234e-09 2.187060e-07 1.091581e-10 3.262392e-10
1.835938e+03 3.554688e+03 2.460938e+03 -1.386869e-07 1.299950e-07 3.258921e-09 2.087016e-07 7.057827e-11 3.516307e-14
1.835938e+03 3.632812e+03 2.460938e+03 -1.379774e-07 1.295782e-07 2.962880e-09 1.992015e-07 4.744063e-11 -5.279571e-11
1.835938e+03 3.710938e+03 2.460938e+03 -1.370346e-07 1.288215e-07 2.800541e-09 1.901587e-07 4.041396e-11 1.180130e-10
1.835938e+03 3.789062e+03 2.460938e+03 -1.358530e-07 1.278073e-07 2.687192e-09 1.815478e-07 4.196342e-11 1.308904e-10
1.835938e+03 3.867188e+03 2.460938e+03 -1.344661e-07 1.267416e-07 2.514998e-09 1.733888e-07 5.037568e-11 1.131712e-10
1.835938e+03 3.945312e+03 2.460938e+03 -1.329205e-07 1.257565e-07 2.291622e-09 1.656657e-07 4.232372e-11 2.023029e-10
1.835938e+03 4.023438e+03 2.460938e+03 -1.312557e-07 1.247379e-07 2.203363e-09 1.583411e-07 1.271354e-11 3.230859e-10
1.835938e+03 4.101562e+03 2.460938e+03 -1.295052e-07 1.235829e-07 2.145184e-09 1.514009e-07 -2.473131e-11 2.490419e-10
1.835938e+03 4.179688e+03 2.460938e+03 -1.276835e-07 1.222890e-07 1.888063e-09 1.448097e-07 -5.218577e-11 1.169237e-10
1.835938e+03 4.257812e+03 2.460938e+03 -1.257955e-07 1.209790e-07 1.620016e-09 1.385566e-07 -3.710948e-11 1.973534e-10
1.835938e+03 4.335938e+03 2.460938e+03 -1.238451e-07 1.195830e-07 1.534948e-09 1.326428e-07 1.418581e-11 2.417597e-10
1.835938e+03 4.414062e+03 2.460938e+03 -1.218471e-07 1.180015e-07 1.587023e-09 1.270595e-07 4.630850e-11 2.150974e-10
1.835938e+03 4.492188e+03 2.460938e+03 -1.198367e-07 1.161571e-07 1.532146e-09 1.218112e-07 3.846569e-11 1.995676e-11
1.835938e+03 4.570312e+03 2.460938e+03 -1.178450e-07 1.141220e-07 1.353040e-09 1.168813e-07 1.894899e-11 -5.112735e-11
1.835938e+03 4.648438e+03 2.460938e+03 -1.158795e-07 1.120908e-07 1.210213e-09 1.122022e-07 7.059237e-12 4.397880e-11
1.835938e+03 4.726562e+03 2.460938e+03 -1.139134e-07 1.101657e-07 1.143807e-09 1.076880e-07 6.972495e-12 1.686040e-10
1.835938e+03 4.804688e+03 2.460938e+03 -1.119121e-07 1.084711e-07 1.087716e-09 1.033163e-07 1.895580e-11 3.089502e-10
1.835938e+03 4.882812e+03 2.460938e+03 -1.098485e-07 1.068877e-07 1.006670e-09 9.912331e-08 4.243629e-11 3.860691e-10
1.835938e+03 4.960938e+03 2.460938e+03 -1.077502e-07 1.052991e-07 1.033316e-09 9.513984e-08 4.680394e-11 5.289519e-10
1.914062e+03 3.906250e+01 2.460938e+03 7.405689e-07 -8.180899e-07 2.371598e-08 2.593538e-08 2.840475e-09 2.926810e-09
1.914062e+03 1.171875e+02 2.460938e+03 7.363815e-07 -8.120931e-07 2.492216e-08 7.469533e-08 2.846841e-09 1.409152e-09
1.914062e+03 1.953125e+02 2.460938e+03 7.284669e-07 -8.023882e-07 2.435245e-08 1.231233e-07 2.773959e-09 1.090459e-09
1.914062e+03 2.734375e+02 2.460938e+03 7.168462e-07 -7.889953e-07 2.378560e-08 1.706775e-07 2.678682e-09 1.086326e-09
1.914062e+03 3.515625e+02 2.460938e+03 7.014786e-07 -7.717309e-07 2.326148e-08 2.169737e-07 2.571283e-09 1.070686e-09
1.914062e+03 4.296875e+02 2.460938e+03 6.824606e-07 -7.507644e-07 2.275659e-08 2.615998e-07 2.408769e-09 1.072871e-09
1.914062e+03 5.078125e+02 2.460938e+03 6.599887e-07 -7.263622e-07 2.216910e-08 3.041679e-07 2.246050e-09 1.098094e-09
1.914062e+03 5.859375e+02 2.460938e+03 6.342656e-07 -6.986316e-07 2.145038e-08 3.442726e-07 2.144775e-09 1.032001e-09
1.914062e+03 6.640625e+02 2.460938e+03 6.055369e-07 -6.679165e-07 2.066725e-08 3.815710e-07 2.093171e-09 1.122019e-09
1.914062e+03 7.421875e+02 2.460938e+03 5.740514e-07 -6.343631e-07 1.998316e-08 4.158371e-07 2.088714e-09 1.059168e-09
1.914062e+03 8.203125e+02 2.460938e+03 5.401301e-07 -5.983175e-07 1.937302e-08 4.467564e-07 2.066305e-09 1.193930e-09
1.914062e+03 8.984375e+02 2.460938e+03 5.042253e-07 -5.601475e-07 1.875939e-08 4.740766e-07 1.961595e-09 1.135264e-09
1.914062e+03 9.765625e+02 2.460938e+03 4.667768e-07 -5.204627e-07 1.794258e-08 4.976080e-07 1.848879e-09 1.116892e-09
1.914062e+03 1.054688e+03 2.460938e+03 4.281793e-07 -4.795936e-07 1.716800e-08 5.171600e-07 1.773399e-09 1.216704e-09
1.914062e+03 1.132812e+03 2.460938e+03 3.888990e-07 -4.380965e-07 1.650679e-08 5.326849e-07 1.706526e-09 1.206851e-09
1.914062e+03 1.210938e+03 2.460938e+03 3.494622e-07 -3.963185e-07 1.581683e-08 5.442535e-07 1.643266e-09 1.285891e-09
1.914062e+03 1.289062e+03 2.460938e+03 3.103500e-07 -3.548209e-07 1.514541e-08 5.519334e-07 1.557434e-09 1.240458e-09
1.914062e+03 1.367188e+03 2.460938e+03 2.719898e-07 -3.141550e-07 1.440035e-08 5.559139e-07 1.427954e-09 1.233844e-09
1.914062e+03 1.445312e+03 2.460938e+03 2.347282e-07 -2.747618e-07 1.378420e-08 5.564366e-07 1.329886e-09 1.231751e-09
1.914062e+03 1.523438e+03 2.460938e+03 1.988743e-07 -2.368000e-07 1.307107e-08 5.537296e-07 1.302450e-09 1.009413e-09
1.914062e+03 1.601562e+03 2.460938e+03 1.647469e-07 -2.006178e-07 1.231184e-08 5.481452e-07 1.245036e-09 1.010000e-09
1.914062e+03 1.679688e+03 2.460938e+03 1.326173e-07 -1.665182e-07 1.177007e-08 5.401130e-07 1.116773e-09 1.063221e-09
1.914062e+03 1.757812e+03 2.460938e+03 1.026122e-07 -1.345236e-07 1.116621e-08 5.299749e-07 1.014212e-09 8.810124e-10
1.914062e+03 1.835938e+03 2.460938e+03 7.476080e-08 -1.048636e-07 1.057374e-08 5.179380e-07 9.482936e-10 8.413132e-10
1.914062e+03 1.914062e+03 2.460938e+03 4.914137e-08 -7.753515e-08 9.944405e-09 5.043700e-07 8.543940e-10 7.921686e-10
1.914062e+03 1.992188e+03 2.460938e+03 2.577760e-08 -5.253552e-08 9.266817e-09 4.897342e-07 7.651098e-10 6.892761e-10
1.914062e+03 2.070312e+03 2.460938e+03 4.634026e-09 -2.978798e-08 8.768320e-09 4.743516e-07 7.259380e-10 7.034108e-10
1.914062e+03 2.148438e+03 2.460938e+03 -1.443588e-08 -9.128813e-09 8.286247e-09 4.583249e-07 6.993536e-10 6.398139e-10
1.914062e+03 2.226562e+03 2.460938e+03 -3.153601e-08 9.565519e-09 7.782132e-09 4.418760e-07 6.291052e-10 5.658181e-10
1.914062e+03 2.304688e+03 2.460938e+03 -4.671038e-08 2.613433e-08 7.285633e-09 4.252840e-07 5.326388e-10 5.307550e-10
1.914062e+03 2.382812e+03 2.460938e+03 -6.007268e-08 4.070206e-08 6.756657e-09 4.086902e-07 4.775480e-10 5.028579e-10
1.914062e+03 2.460938e+03 2.460938e+03 -7.176143e-08 5.367742e-08 6.337561e-09 3.922273e-07 4.512647e-10 5.772182e-10
1.914062e+03 2.539062e+03 2.460938e+03 -8.199179e-08 6.515284e-08 6.004756e-09 3.760252e-07 3.986909e-10 5.380205e-10
1.914062e+03 2.617188e+03 2.460938e+03 -9.093045e-08 7.504749e-08 5.677137e-09 3.601844e-07 3.354646e-10 3.901461e-10
1.914062e+03 2.695312e+03 2.460938e+03 -9.867106e-08 8.367177e-08 5.358824e-09 3.447201e-07 3.016136e-10 3.831443e-10
1.914062e+03 2.773438e+03 2.460938e+03 -1.052680e-07 9.112051e-08 5.017770e-09 3.296752e-07 2.848207e-10 3.860496e-10
1.914062e+03 2.851562e+03 2.460938e+03 -1.107764e-07 9.736055e-08 4.737257e-09 3.151366e-07 2.570520e-10 3.590081e-10
1.914062e+03 2.929688e+03 2.460938e+03 -1.153379e-07 1.026226e-07 4.504334e-09 3.011813e-07 2.327666e-10 3.924462e-10
1.914062e+03 3.007812e+03 2.460938e+03 -1.190724e-07 1.071189e-07 4.216357e-09 2.878114e-07 2.224847e-10 3.272714e-10
1.914062e+03 3.085938e+03 2.460938e+03 -1.220909e-07 1.108011e-07 3.981315e-09 2.749230e-07 2.058763e-10 2.416589e-10
1.914062e+03 3.164062e+03 2.460938e+03 -1.244801e-07 1.136760e-07 3.826436e-09 2.625359e-07 1.712028e-10 3.215656e-10
1.914062e+03 3.242188e+03 2.460938e+03 -1.262673e-07 1.159168e-07 3.657490e-09 2.507625e-07 1.362052e-10 2.886109e-10
1.914062e+03 3.320312e+03 2.460938e+03 -1.275178e-07 1.176860e-07 3.438897e-09 2.395876e-07 1.404260e-10 1.885651e-10
1.914062e+03 3.398438e+03 2.460938e+03 -1.282943e-07 1.190253e-07 3.275780e-09 2.289336e-07 1.648493e-10 3.314399e-10
1.914062e+03 3.476562e+03 2.460938e+03 -1.286780e-07 1.199413e-07 3.263899e-09 2.187532e-07 1.424860e-10 3.019982e-10
1.914062e+03 3.554688e+03 2.460938e+03 -1.287523e-07 1.203994e-07 3.114913e-09 2.090183e-07 9.087451e-11 -1.957926e-11
1.914062e+03 3.632812e+03 2.460938e+03 -1.285474e-07 1.204234e-07 2.825961e-09 1.997613e-07 6.912804e-11 -5.822365e-11
1.914062e+03 3.710938e+03 2.460938e+03 -1.280721e-07 1.201026e-07 2.677693e-09 1.909615e-07 7.433133e-11 1.234164e-10
1.914062e+03 3.789062e+03 2.460938e+03 -1.273449e-07 1.195336e-07 2.585146e-09 1.825770e-07 8.556565e-11 1.367094e-10
1.914062e+03 3.867188e+03 2.460938e+03 -1.263987e-07 1.188997e-07 2.430921e-09 1.746104e-07 9.051411e-11 1.040356e-10
1.914062e+03 3.945312e+03 2.460938e+03 -1.252831e-07 1.183202e-07 2.211429e-09 1.670343e-07 7.308251e-11 1.660221e-10
1.914062e+03 4.023438e+03 2.460938e+03 -1.240399e-07 1.176656e-07 2.111157e-09 1.598227e-07 3.883835e-11 2.746964e-10
1.914062e+03 4.101562e+03 2.460938e+03 -1.226780e-07 1.168577e-07 2.042652e-09 1.529781e-07 6.931314e-12 2.181178e-10
1.914062e+03 4.179688e+03 2.460938e+03 -1.212003e-07 1.158884e-07 1.789084e-09 1.464764e-07 -8.129650e-12 1.210881e-10
1.914062e+03 4.257812e+03 2.460938e+03 -1.196204e-07 1.149225e-07 1.532960e-09 1.403020e-07 5.502800e-12 2.260750e-10
1.914062e+03 4.335938e+03 2.460938e+03 -1.179643e-07 1.138626e-07 1.464218e-09 1.344483e-07 3.762990e-11 2.732771e-10
1.914062e+03 4.414062e+03 2.460938e+03 -1.162614e-07 1.126283e-07 1.530692e-09 1.288926e-07 5.038190e-11 2.266885e-10
1.914062e+03 4.492188e+03 2.460938e+03 -1.145404e-07 1.110726e-07 1.482334e-09 1.236400e-07 3.411822e-11 6.828654e-12
1.914062e+03 4.570312e+03 2.460938e+03 -1.128256e-07 1.092907e-07 1.301729e-09 1.186974e-07 1.769275e-11 -7.817749e-11
1.914062e+03 4.648438e+03 2.460938e+03 -1.111167e-07 1.074616e-07 1.152699e-09 1.140208e-07 1.785734e-11 1.933409e-11
1.914062e+03 4.726562e+03 2.460938e+03 -1.093913e-07 1.057421e-07 1.080832e-09 1.095318e-07 2.927840e-11 1.543002e-10
1.914062e+03 4.804688e+03 2.460938e+03 -1.076186e-07 1.042427e-07 1.034730e-09 1.051928e-07 4.180206e-11 3.131688e-10
1.914062e+03 4.882812e+03 2.460938e+03 -1.057842e-07 1.029048e-07 9.691712e-10 1.010372e-07 5.501819e-11 4.084870e-10
1.914062e+03 4.960938e+03 2.460938e+03 -1.038956e-07 1.015173e-07 1.007202e-09 9.706790e-08 4.935362e-11 5.735373e-10
1.992188e+03 3.906250e+01 2.460938e+03 7.012219e-07 -7.697286e-07 2.106093e-08 2.391631e-08 2.428816e-09 2.572311e-09
1.992188e+03 1.171875e+02 2.460938e+03 6.974125e-07 -7.644216e-07 2.212761e-08 6.901192e-08 2.391442e-09 1.180446e-09
1.992188e+03 1.953125e+02 2.460938e+03 6.902290e-07 -7.556743e-07 2.159828e-08 1.137632e-07 2.307150e-09 8.943809e-10
1.992188e+03 2.734375e+02 2.460938e+03 6.795424e-07 -7.435032e-07 2.104265e-08 1.577002e-07 2.228523e-09 8.705942e-10
1.992188e+03 3.515625e+02 2.460938e+03 6.654052e-07 -7.277516e-07 2.047670e-08 2.004417e-07 2.040828e-09 8.886776e-10
1.992188e+03 4.296875e+02 2.460938e+03 6.480094e-07 -7.087637e-07 1.993220e-08 2.416163e-07 1.856584e-09 9.313875e-10
1.992188e+03 5.078125e+02 2.460938e+03 6.274949e-07 -6.866040e-07 1.937296e-08 2.808746e-07 1.758519e-09 9.553437e-10
1.992188e+03 5.859375e+02 2.460938e+03 6.040118e-07 -6.614051e-07 1.875616e-08 3.179625e-07 1.740342e-09 8.435153e-10
1.992188e+03 6.640625e+02 2.460938e+03 5.777817e-07 -6.334428e-07 1.812439e-08 3.525782e-07 1.739352e-09 9.081455e-10
1.992188e+03 7.421875e+02 2.460938e+03 5.490562e-07 -6.029133e-07 1.762115e-08 3.844734e-07 1.708614e-09 8.518221e-10
1.992188e+03 8.203125e+02 2.460938e+03 5.181763e-07 -5.701665e-07 1.713616e-08 4.133561e-07 1.628007e-09 9.704697e-10
1.992188e+03 8.984375e+02 2.460938e+03 4.855226e-07 -5.355929e-07 1.660307e-08 4.389849e-07 1.529187e-09 9.263553e-10
1.992188e+03 9.765625e+02 2.460938e+03 4.514355e-07 -4.995933e-07 1.588993e-08 4.611800e-07 1.476940e-09 9.229396e-10
1.992188e+03 1.054688e+03 2.460938e+03 4.162735e-07 -4.624962e-07 1.525470e-08 4.798332e-07 1.449399e-09 1.025681e-09
1.992188e+03 1.132812e+03 2.460938e+03 3.804574e-07 -4.247520e-07 1.474822e-08 4.949396e-07 1.395860e-09 1.028504e-09
1.992188e+03 1.210938e+03 2.460938e+03 3.444200e-07 -3.866984e-07 1.419711e-08 5.065497e-07 1.311634e-09 1.084333e-09
1.992188e+03 1.289062e+03 2.460938e+03 3.085696e-07 -3.488190e-07 1.361852e-08 5.146905e-07 1.209611e-09 1.001567e-09
1.992188e+03 1.367188e+03 2.460938e+03 2.732687e-07 -3.115774e-07 1.294023e-08 5.195189e-07 1.127698e-09 1.008014e-09
1.992188e+03 1.445312e+03 2.460938e+03 2.388384e-07 -2.753369e-07 1.242245e-08 5.212222e-07 1.101601e-09 1.053157e-09
1.992188e+03 1.523438e+03 2.460938e+03 2.055877e-07 -2.402203e-07 1.184867e-08 5.200028e-07 1.099624e-09 8.754374e-10
1.992188e+03 1.601562e+03 2.460938e+03 1.738153e-07 -2.066424e-07 1.121472e-08 5.161411e-07 1.025927e-09 8.757834e-10
1.992188e+03 1.679688e+03 2.460938e+03 1.437072e-07 -1.748267e-07 1.076686e-08 5.099909e-07 8.883136e-10 9.013519e-10
1.992188e+03 1.757812e+03 2.460938e+03 1.153432e-07 -1.447946e-07 1.023414e-08 5.018098e-07 8.015787e-10 7.119307e-10
1.992188e+03 1.835938e+03 2.460938e+03 8.883990e-08 -1.167273e-07 9.694214e-09 4.918465e-07 7.611790e-10 6.858589e-10
1.992188e+03 1.914062e+03 2.460938e+03 6.430263e-08 -9.068329e-08 9.128729e-09 4.804159e-07 7.031601e-10 6.767612e-10
1.992188e+03 1.992188e+03 2.460938e+03 4.179207e-08 -6.664885e-08 8.536665e-09 4.679248e-07 6.498323e-10 6.002076e-10
1.992188e+03 2.070312e+03 2.460938e+03 2.121474e-08 -4.461829e-08 8.103381e-09 4.545813e-07 6.165830e-10 6.080517e-10
1.992188e+03 2.148438e+03 2.460938e+03 2.484027e-09 -2.447285e-08 7.652103e-09 4.404793e-07 5.713924e-10 5.392937e-10
1.992188e+03 2.226562e+03 2.460938e+03 -1.442376e-08 -6.121528e-09 7.183852e-09 4.258828e-07 4.954301e-10 4.845405e-10
1.992188e+03 2.304688e+03 2.460938e+03 -2.956202e-08 1.029025e-08 6.740875e-09 4.110488e-07 4.237486e-10 4.777305e-10
1.992188e+03 2.382812e+03 2.460938e+03 -4.301690e-08 2.488388e-08 6.269639e-09 3.961089e-07 3.957134e-10 4.400080e-10
1.992188e+03 2.460938e+03 2.460938e+03 -5.497924e-08 3.802695e-08 5.900250e-09 3.811474e-07 3.769559e-10 4.755721e-10
1.992188e+03 2.539062e+03 2.460938e+03 -6.559995e-08 4.977337e-08 5.592613e-09 3.663110e-07 3.220719e-10 4.263009e-10
1.992188e+03 2.617188e+03 2.460938e+03 -7.498768e-08 5.998779e-08 5.273673e-09 3.517147e-07 2.587551e-10 3.057471e-10
1.992188e+03 2.695312e+03 2.460938e+03 -8.319236e-08 6.897374e-08 4.976688e-09 3.374132e-07 2.324675e-10 3.406567e-10
1.992188e+03 2.773438e+03 2.460938e+03 -9.024304e-08 7.683653e-08 4.669055e-09 3.234530e-07 2.286864e-10 3.832140e-10
1.992188e+03 2.851562e+03 2.460938e+03 -9.625481e-08 8.354880e-08 4.425306e-09 3.098863e-07 2.106601e-10 3.565446e-10
1.992188e+03 2.929688e+03 2.460938e+03 -1.013452e-07 8.931703e-08 4.227626e-09 2.967891e-07 1.838171e-10 3.551174e-10
1.992188e+03 3.007812e+03 2.460938e+03 -1.056554e-07 9.431847e-08 3.956756e-09 2.841734e-07 1.627352e-10 2.655449e-10
1.992188e+03 3.085938e+03 2.460938e+03 -1.092705e-07 9.850483e-08 3.726847e-09 2.719635e-07 1.455801e-10 1.843348e-10
1.992188e+03 3.164062e+03 2.460938e+03 -1.122097e-07 1.019019e-07 3.584171e-09 2.602089e-07 1.292635e-10 2.869650e-10
1.992188e+03 3.242188e+03 2.460938e+03 -1.145273e-07 1.046736e-07 3.440441e-09 2.490136e-07 1.133183e-10 2.761124e-10
1.992188e+03 3.320312e+03 2.460938e+03 -1.162895e-07 1.069847e-07 3.251258e-09 2.383379e-07 1.186272e-10 1.750792e-10
1.992188e+03 3.398438e+03 2.460938e+03 -1.175947e-07 1.088267e-07 3.103932e-09 2.281074e-07 1.322800e-10 2.893902e-10
1.992188e+03 3.476562e+03 2.460938e+03 -1.185180e-07 1.101941e-07 3.087303e-09 2.182712e-07 1.040264e-10 2.438711e-10
1.992188e+03 3.554688e+03 2.460938e+03 -1.190953e-07 1.110692e-07 2.931115e-09 2.088410e-07 5.715666e-11 -6.404465e-11
1.992188e+03 3.632812e+03 2.460938e+03 -1.193563e-07 1.115166e-07 2.656134e-09 1.998657e-07 4.332063e-11 -7.898326e-11
1.992188e+03 3.710938e+03 2.460938e+03 -1.193205e-07 1.116284e-07 2.535854e-09 1.913365e-07 5.521212e-11 1.178905e-10
1.992188e+03 3.789062e+03 2.460938e+03 -1.190113e-07 1.114902e-07 2.466757e-09 1.832041e-07 7.249365e-11 1.237281e-10
1.992188e+03 3.867188e+03 2.460938e+03 -1.184772e-07 1.112549e-07 2.324880e-09 1.754520e-07 7.627323e-11 6.722951e-11
1.992188e+03 3.945312e+03 2.460938e+03 -1.177672e-07 1.110259e-07 2.104415e-09 1.680417e-07 4.999943e-11 1.132123e-10
1.992188e+03 4.023438e+03 2.460938e+03 -1.169048e-07 1.106989e-07 1.993241e-09 1.609610e-07 9.006244e-12 2.254626e-10
1.992188e+03 4.101562e+03 2.460938e+03 -1.158999e-07 1.102091e-07 1.916539e-09 1.542247e-07 -1.990067e-11 1.914283e-10
1.992188e+03 4.179688e+03 2.460938e+03 -1.147521e-07 1.095733e-07 1.670070e-09 1.478247e-07 -2.545087e-11 1.190663e-10
1.992188e+03 4.257812e+03 2.460938e+03 -1.134749e-07 1.089426e-07 1.428823e-09 1.417426e-07 -7.166363e-12 2.337208e-10
1.992188e+03 4.335938e+03 2.460938e+03 -1.121098e-07 1.082092e-07 1.363286e-09 1.359619e-07 1.731553e-11 2.781676e-10
1.992188e+03 4.414062e+03 2.460938e+03 -1.106995e-07 1.072725e-07 1.429331e-09 1.304529e-07 1.637358e-11 2.121502e-10
1.992188e+03 4.492188e+03 2.460938e+03 -1.092676e-07 1.059935e-07 1.385268e-09 1.252191e-07 -7.640571e-12 -2.684567e-11
1.992188e+03 4.570312e+03 2.460938e+03 -1.078272e-07 1.044523e-07 1.214267e-09 1.202738e-07 -2.421906e-11 -1.200658e-10
1.992188e+03 4.648438e+03 2.460938e+03 -1.063699e-07 1.028593e-07 1.078489e-09 1.156086e-07 -1.712753e-11 -1.051132e-11
1.992188e+03 4.726562e+03 2.460938e+03 -1.048703e-07 1.013367e-07 1.022174e-09 1.111511e-07 8.511904e-12 1.449240e-10
1.992188e+03 4.804688e+03 2.460938e+03 -1.033166e-07 1.000506e-07 9.967761e-10 1.068642e-07 2.557017e-11 3.133467e-10
1.992188e+03 4.882812e+03 2.460938e+03 -1.017045e-07 9.890824e-08 9.487442e-10 1.027468e-07 3.993621e-11 4.143092e-10
1.992188e+03 4.960938e+03 2.460938e+03 -1.000222e-07 9.774389e-08 9.912568e-10 9.880293e-08 4.455310e-11 5.776077e-10
2.070312e+03 3.906250e+01 2.460938e+03 6.643004e-07 -7.251063e-07 1.872725e-08 2.191066e-08 1.962317e-09 2.207836e-09
2.070312e+03 1.171875e+02 2.460938e+03 6.607635e-07 -7.204124e-07 1.964594e-08 6.360874e-08 1.888806e-09 9.424144e-10
2.070312e+03 1.953125e+02 2.460938e+03 6.540839e-07 -7.124682e-07 1.923149e-08 1.050039e-07 1.872494e-09 7.100724e-10
2.070312e+03 2.734375e+02 2.460938e+03 6.442518e-07 -7.014262e-07 1.874923e-08 1.456121e-07 1.833726e-09 7.068697e-10
2.070312e+03 3.515625e+02 2.460938e+03 6.313931e-07 -6.872046e-07 1.821991e-08 1.851320e-07 1.817933e-09 7.305701e-10
2.070312e+03 4.296875e+02 2.460938e+03 6.155587e-07 -6.699751e-07 1.777054e-08 2.232167e-07 1.864149e-09 7.513336e-10
2.070312e+03 5.078125e+02 2.460938e+03 5.968194e-07 -6.497454e-07 1.733732e-08 2.596498e-07 1.889976e-09 7.571262e-10
2.070312e+03 5.859375e+02 2.460938e+03 5.753697e-07 -6.267534e-07 1.682512e-08 2.941472e-07 1.862130e-09 6.615615e-10
2.070312e+03 6.640625e+02 2.460938e+03 5.514289e-07 -6.012836e-07 1.628395e-08 3.263757e-07 1.789155e-09 7.676533e-10
2.070312e+03 7.421875e+02 2.460938e+03 5.252646e-07 -5.735678e-07 1.586651e-08 3.560721e-07 1.668955e-09 7.367252e-10
2.070312e+03 8.203125e+02 2.460938e+03 4.971795e-07 -5.438760e-07 1.542215e-08 3.830367e-07 1.554949e-09 8.630579e-10
2.070312e+03 8.984375e+02 2.460938e+03 4.674559e-07 -5.125317e-07 1.496667e-08 4.070674e-07 1.496178e-09 8.185818e-10
2.070312e+03 9.765625e+02 2.460938e+03 4.363633e-07 -4.797847e-07 1.438807e-08 4.280444e-07 1.474708e-09 7.996197e-10
2.070312e+03 1.054688e+03 2.460938e+03 4.042552e-07 -4.459996e-07 1.387741e-08 4.458856e-07 1.432760e-09 8.792788e-10
2.070312e+03 1.132812e+03 2.460938e+03 3.715174e-07 -4.116055e-07 1.346579e-08 4.605809e-07 1.341519e-09 8.782782e-10
2.070312e+03 1.210938e+03 2.460938e+03 3.385124e-07 -3.768865e-07 1.296306e-08 4.721433e-07 1.231325e-09 9.122235e-10
2.070312e+03 1.289062e+03 2.460938e+03 3.055869e-07 -3.422455e-07 1.242479e-08 4.805969e-07 1.153709e-09 8.405116e-10
2.070312e+03 1.367188e+03 2.460938e+03 2.730754e-07 -3.080647e-07 1.182129e-08 4.860713e-07 1.118812e-09 9.050000e-10
2.070312e+03 1.445312e+03 2.460938e+03 2.412783e-07 -2.746551e-07 1.141330e-08 4.887266e-07 1.089930e-09 9.804064e-10
2.070312e+03 1.523438e+03 2.460938e+03 2.104728e-07 -2.421933e-07 1.094444e-08 4.887143e-07 1.034958e-09 7.972085e-10
2.070312e+03 1.601562e+03 2.460938e+03 1.808777e-07 -2.110332e-07 1.038180e-08 4.862747e-07 9.277101e-10 7.586318e-10
2.070312e+03 1.679688e+03 2.460938e+03 1.526236e-07 -1.813565e-07 9.983590e-09 4.816781e-07 8.149824e-10 7.671995e-10
2.070312e+03 1.757812e+03 2.460938e+03 1.258479e-07 -1.531283e-07 9.496059e-09 4.752143e-07 7.672312e-10 5.957091e-10
2.070312e+03 1.835938e+03 2.460938e+03 1.006996e-07 -1.265964e-07 9.015641e-09 4.670783e-07 7.453552e-10 5.965555e-10
2.070312e+03 1.914062e+03 2.460938e+03 7.731718e-08 -1.018131e-07 8.525582e-09 4.575468e-07 6.960896e-10 6.162442e-10
2.070312e+03 1.992188e+03 2.460938e+03 5.569043e-08 -7.880283e-08 7.997979e-09 4.469021e-07 6.382814e-10 5.422930e-10
2.070312e+03 2.070312e+03 2.460938e+03 3.575654e-08 -5.756923e-08 7.596578e-09 4.353265e-07 5.917039e-10 5.412450e-10
2.070312e+03 2.148438e+03 2.460938e+03 1.749324e-08 -3.802780e-08 7.172236e-09 4.229651e-07 5.439204e-10 4.791328e-10
2.070312e+03 2.226562e+03 2.460938e+03 8.902526e-10 -2.010483e-08 6.754352e-09 4.100695e-07 4.877593e-10 4.388097e-10
2.070312e+03 2.304688e+03 2.460938e+03 -1.409408e-08 -3.927657e-09 6.365698e-09 3.968773e-07 4.376100e-10 4.245608e-10
2.070312e+03 2.382812e+03 2.460938e+03 -2.760707e-08 1.059626e-08 5.934400e-09 3.834521e-07 4.094328e-10 3.535420e-10
2.070312e+03 2.460938e+03 2.460938e+03 -3.975392e-08 2.380135e-08 5.585702e-09 3.698891e-07 3.761015e-10 3.749698e-10
2.070312e+03 2.539062e+03 2.460938e+03 -5.063480e-08 3.568192e-08 5.284615e-09 3.563250e-07 3.117587e-10 3.597925e-10
2.070312e+03 2.617188e+03 2.460938e+03 -6.030245e-08 4.608997e-08 4.989075e-09 3.429130e-07 2.529170e-10 2.894566e-10
2.070312e+03 2.695312e+03 2.460938e+03 -6.879449e-08 5.533808e-08 4.734119e-09 3.297269e-07 2.414890e-10 3.546753e-10
2.070312e+03 2.773438e+03 2.460938e+03 -7.621155e-08 6.353335e-08 4.458574e-09 3.168008e-07 2.517588e-10 3.939462e-10
2.070312e+03 2.851562e+03 2.460938e+03 -8.263995e-08 7.063717e-08 4.236973e-09 3.041830e-07 2.341723e-10 3.352809e-10
2.070312e+03 2.929688e+03 2.460938e+03 -8.821400e-08 7.681902e-08 4.048772e-09 2.919232e-07 1.999788e-10 3.079828e-10
2.070312e+03 3.007812e+03 2.460938e+03 -9.303434e-08 8.224003e-08 3.776436e-09 2.800469e-07 1.767150e-10 2.190608e-10
2.070312e+03 3.085938e+03 2.460938e+03 -9.713806e-08 8.686616e-08 3.559559e-09 2.685309e-07 1.659152e-10 1.599524e-10
2.070312e+03 3.164062e+03 2.460938e+03 -1.005489e-07 9.072123e-08 3.443302e-09 2.574239e-07 1.602083e-10 2.852745e-10
2.070312e+03 3.242188e+03 2.460938e+03 -1.033150e-07 9.396374e-08 3.326988e-09 2.468045e-07 1.465348e-10 2.764300e-10
2.070312e+03 3.320312e+03 2.460938e+03 -1.055474e-07 9.673067e-08 3.157610e-09 2.366199e-07 1.378613e-10 1.589777e-10
2.070312e+03 3.398438e+03 2.460938e+03 -1.073357e-07 9.900617e-08 3.007916e-09 2.267947e-07 1.368378e-10 2.483005e-10
2.070312e+03 3.476562e+03 2.460938e+03 -1.087365e-07 1.007746e-07 2.977066e-09 2.173231e-07 1.099229e-10 1.942949e-10
2.070312e+03 3.554688e+03 2.460938e+03 -1.097857e-07 1.020495e-07 2.820053e-09 2.082277e-07 7.867406e-11 -9.220010e-11
2.070312e+03 3.632812e+03 2.460938e+03 -1.104889e-07 1.029001e-07 2.567049e-09 1.995797e-07 7.828516e-11 -8.555880e-11
2.070312e+03 3.710938e+03 2.460938e+03 -1.108595e-07 1.034269e-07 2.479714e-09 1.913509e-07 8.863702e-11 1.182853e-10
2.070312e+03 3.789062e+03 2.460938e+03 -1.109475e-07 1.036907e-07 2.434951e-09 1.834758e-07 9.713333e-11 1.149447e-10
2.070312e+03 3.867188e+03 2.460938e+03 -1.108017e-07 1.038118e-07 2.298139e-09 1.759320e-07 9.476813e-11 4.397259e-11
2.070312e+03 3.945312e+03 2.460938e+03 -1.104568e-07 1.038884e-07 2.069445e-09 1.686952e-07 6.268156e-11 8.674552e-11
2.070312e+03 4.023438e+03 2.460938e+03 -1.099365e-07 1.038490e-07 1.952863e-09 1.617642e-07 1.836866e-11 2.095875e-10
2.070312e+03 4.101562e+03 2.460938e+03 -1.092505e-07 1.036547e-07 1.876771e-09 1.551660e-07 -4.933671e-12 1.916366e-10
2.070312e+03 4.179688e+03 2.460938e+03 -1.084092e-07 1.033459e-07 1.639682e-09 1.488927e-07 -2.049813e-12 1.243440e-10
2.070312e+03 4.257812e+03 2.460938e+03 -1.074369e-07 1.030465e-07 1.407824e-09 1.429126e-07 2.168449e-11 2.320047e-10
2.070312e+03 4.335938e+03 2.460938e+03 -1.063734e-07 1.026326e-07 1.336572e-09 1.372019e-07 4.607617e-11 2.625108e-10
2.070312e+03 4.414062e+03 2.460938e+03 -1.052526e-07 1.019756e-07 1.392983e-09 1.317485e-07 4.143213e-11 1.869263e-10
2.070312e+03 4.492188e+03 2.460938e+03 -1.040960e-07 1.009451e-07 1.341881e-09 1.265549e-07 1.257580e-11 -4.805192e-11
2.070312e+03 4.570312e+03 2.460938e+03 -1.029094e-07 9.963061e-08 1.164174e-09 1.216421e-07 -1.791944e-11 -1.322012e-10
2.070312e+03 4.648438e+03 2.460938e+03 -1.016905e-07 9.826342e-08 1.026577e-09 1.170010e-07 -3.260558e-11 -1.377007e-11
2.070312e+03 4.726562e+03 2.460938e+03 -1.004115e-07 9.696648e-08 9.793279e-10 1.125895e-07 -1.979882e-11 1.512792e-10
2.070312e+03 4.804688e+03 2.460938e+03 -9.905432e-08 9.588726e-08 9.576536e-10 1.083427e-07 1.710170e-12 3.178238e-10
2.070312e+03 4.882812e+03 2.460938e+03 -9.762458e-08 9.492750e-08 9.056519e-10 1.042750e-07 1.538567e-11 4.115896e-10
2.070312e+03 4.960938e+03 2.460938e+03 -9.613914e-08 9.395260e-08 9.604650e-10 1.003641e-07 2.885813e-11 5.634892e-10
2.148438e+03 3.906250e+01 2.460938e+03 6.297451e-07 -6.839860e-07 1.662703e-08 2.019065e-08 1.692164e-09 1.801812e-09
2.148438e+03 1.171875e+02 2.460938e+03 6.265361e-07 -6.797188e-07 1.737542e-08 5.878058e-08 1.674396e-09 8.004104e-10
2.148438e+03 1.953125e+02 2.460938e+03 6.204055e-07 -6.725559e-07 1.703851e-08 9.703360e-08 1.677373e-09 5.866272e-10
2.148438e+03 2.734375e+02 2.460938e+03 6.114412e-07 -6.625727e-07 1.662175e-08 1.345846e-07 1.651961e-09 6.209717e-10
2.148438e+03 3.515625e+02 2.460938e+03 5.996727e-07 -6.496556e-07 1.625758e-08 1.711886e-07 1.672537e-09 6.105807e-10
2.148438e+03 4.296875e+02 2.460938e+03 5.851374e-07 -6.338710e-07 1.599227e-08 2.065604e-07 1.694274e-09 6.308328e-10
2.148438e+03 5.078125e+02 2.460938e+03 5.679926e-07 -6.154042e-07 1.570607e-08 2.404103e-07 1.657561e-09 6.473733e-10
2.148438e+03 5.859375e+02 2.460938e+03 5.484250e-07 -5.944969e-07 1.528992e-08 2.724432e-07 1.590323e-09 5.823236e-10
2.148438e+03 6.640625e+02 2.460938e+03 5.266312e-07 -5.713930e-07 1.480465e-08 3.023479e-07 1.512567e-09 7.030566e-10
2.148438e+03 7.421875e+02 2.460938e+03 5.028159e-07 -5.462631e-07 1.442164e-08 3.299856e-07 1.421374e-09 6.614160e-10
2.148438e+03 8.203125e+02 2.460938e+03 4.772139e-07 -5.193125e-07 1.402965e-08 3.551961e-07 1.368539e-09 7.791522e-10
2.148438e+03 8.984375e+02 2.460938e+03 4.500525e-07 -4.907537e-07 1.366525e-08 3.778029e-07 1.341846e-09 7.136830e-10
2.148438e+03 9.765625e+02 2.460938e+03 4.216202e-07 -4.608996e-07 1.317022e-08 3.976904e-07 1.285634e-09 6.768822e-10
2.148438e+03 1.054688e+03 2.460938e+03 3.922487e-07 -4.300774e-07 1.269390e-08 4.147760e-07 1.201356e-09 7.604305e-10
2.148438e+03 1.132812e+03 2.460938e+03 3.622748e-07 -3.987202e-07 1.232009e-08 4.290255e-07 1.101809e-09 7.721510e-10
2.148438e+03 1.210938e+03 2.460938e+03 3.320132e-07 -3.669969e-07 1.186513e-08 4.404613e-07 1.017724e-09 8.189578e-10
2.148438e+03 1.289062e+03 2.460938e+03 3.017754e-07 -3.352622e-07 1.139367e-08 4.491133e-07 9.925424e-10 7.807183e-10
2.148438e+03 1.367188e+03 2.460938e+03 2.718353e-07 -3.038100e-07 1.089147e-08 4.550878e-07 9.817695e-10 8.583277e-10
2.148438e+03 1.445312e+03 2.460938e+03 2.424412e-07 -2.729973e-07 1.056302e-08 4.585027e-07 9.260825e-10 9.017904e-10
2.148438e+03 1.523438e+03 2.460938e+03 2.138405e-07 -2.429690e-07 1.012928e-08 4.594956e-07 8.465959e-10 6.856903e-10
2.148438e+03 1.601562e+03 2.460938e+03 1.862049e-07 -2.140395e-07 9.594774e-09 4.582310e-07 7.740392e-10 6.413567e-10
2.148438e+03 1.679688e+03 2.460938e+03 1.596986e-07 -1.862816e-07 9.241149e-09 4.550069e-07 7.218854e-10 6.826385e-10
2.148438e+03 1.757812e+03 2.460938e+03 1.344936e-07 -1.597637e-07 8.821702e-09 4.500472e-07 6.981574e-10 5.483790e-10
2.148438e+03 1.835938e+03 2.460938e+03 1.107482e-07 -1.347198e-07 8.414566e-09 4.435234e-07 6.741903e-10 5.678867e-10
2.148438e+03 1.914062e+03 2.460938e+03 8.851766e-08 -1.112250e-07 7.973864e-09 4.356137e-07 6.148352e-10 5.788578e-10
2.148438e+03 1.992188e+03 2.460938e+03 6.778412e-08 -8.926226e-08 7.474029e-09 4.265572e-07 5.465325e-10 4.880728e-10
2.148438e+03 2.070312e+03 2.460938e+03 4.854132e-08 -6.884831e-08 7.096177e-09 4.165733e-07 5.008293e-10 4.871923e-10
2.148438e+03 2.148438e+03 2.460938e+03 3.081375e-08 -4.994325e-08 6.716500e-09 4.058021e-07 4.708442e-10 4.420224e-10
2.148438e+03 2.226562e+03 2.460938e+03 1.459937e-08 -3.248339e-08 6.355395e-09 3.944810e-07 4.399602e-10 4.062811e-10
2.148438e+03 2.304688e+03 2.460938e+03 -2.050132e-10 -1.662167e-08 6.009958e-09 3.827664e-07 3.990325e-10 3.680157e-10
2.148438e+03 2.382812e+03 2.460938e+03 -1.367448e-08 -2.258943e-09 5.604669e-09 3.707301e-07 3.583826e-10 2.807815e-10
2.148438e+03 2.460938e+03 2.460938e+03 -2.589177e-08 1.087870e-08 5.264281e-09 3.584494e-07 3.113202e-10 3.203043e-10
2.148438e+03 2.539062e+03 2.460938e+03 -3.688766e-08 2.276777e-08 4.974084e-09 3.460875e-07 2.500602e-10 3.531857e-10
2.148438e+03 2.617188e+03 2.460938e+03 -4.669461e-08 3.327550e-08 4.711503e-09 3.338113e-07 2.106263e-10 3.185283e-10
2.148438e+03 2.695312e+03 2.460938e+03 -5.539792e-08 4.271902e-08 4.495729e-09 3.216889e-07 2.166951e-10 3.773732e-10
2.148438e+03 2.773438e+03 2.460938e+03 -6.308489e-08 5.119562e-08 4.246985e-09 3.097508e-07 2.301994e-10 3.821282e-10
2.148438e+03 2.851562e+03 2.460938e+03 -6.989181e-08 5.861448e-08 4.034979e-09 2.980283e-07 2.107043e-10 2.976346e-10
2.148438e+03 2.929688e+03 2.460938e+03 -7.588810e-08 6.512628e-08 3.840845e-09 2.865815e-07 1.733480e-10 2.750640e-10
2.148438e+03 3.007812e+03 2.460938e+03 -8.110986e-08 7.088782e-08 3.570103e-09 2.754594e-07 1.535807e-10 2.154267e-10
2.148438e+03 3.085938e+03 2.460938e+03 -8.559136e-08 7.587662e-08 3.378936e-09 2.646436e-07 1.591532e-10 1.824116e-10
2.148438e+03 3.164062e+03 2.460938e+03 -8.937350e-08 8.012533e-08 3.293455e-09 2.541800e-07 1.613524e-10 3.043468e-10
2.148438e+03 3.242188e+03 2.460938e+03 -9.255684e-08 8.376781e-08 3.196077e-09 2.441150e-07 1.412506e-10 2.686551e-10
2.148438e+03 3.320312e+03 2.460938e+03 -9.523389e-08 8.692627e-08 3.030519e-09 2.344047e-07 1.241299e-10 1.261727e-10
2.148438e+03 3.398438e+03 2.460938e+03 -9.746756e-08 8.957377e-08 2.865328e-09 2.250037e-07 1.158946e-10 2.079104e-10
2.148438e+03 3.476562e+03 2.460938e+03 -9.930961e-08 9.171824e-08 2.823471e-09 2.159069e-07 9.588614e-11 1.692578e-10
2.148438e+03 3.554688e+03 2.460938e+03 -1.007703e-07 9.337501e-08 2.686809e-09 2.071823e-07 8.216254e-11 -8.532007e-11
2.148438e+03 3.632812e+03 2.460938e+03 -1.018576e-07 9.460959e-08 2.469317e-09 1.988821e-07 8.720919e-11 -6.483196e-11
2.148438e+03 3.710938e+03 2.460938e+03 -1.026159e-07 9.550258e-08 2.407328e-09 1.909605e-07 8.654349e-11 1.276303e-10
2.148438e+03 3.789062e+03 2.460938e+03 -1.030815e-07 9.612093e-08 2.373412e-09 1.833413e-07 7.944278e-11 1.080309e-10
2.148438e+03 3.867188e+03 2.460938e+03 -1.032956e-07 9.655089e-08 2.232169e-09 1.760075e-07 6.882396e-11 3.169505e-11
2.148438e+03 3.945312e+03 2.460938e+03 -1.032933e-07 9.691192e-08 1.997377e-09 1.689519e-07 3.871147e-11 8.058952e-11
2.148438e+03 4.023438e+03 2.460938e+03 -1.030884e-07 9.714654e-08 1.890692e-09 1.621951e-07 8.547412e-12 2.201738e-10
2.148438e+03 4.101562e+03 2.460938e+03 -1.026949e-07 9.724729e-08 1.832910e-09 1.557677e-07 4.298413e-12 2.136540e-10
2.148438e+03 4.179688e+03 2.460938e+03 -1.021382e-07 9.724463e-08 1.614278e-09 1.496509e-07 1.394485e-11 1.383984e-10
2.148438e+03 4.257812e+03 2.460938e+03 -1.014576e-07 9.724993e-08 1.390846e-09 1.437928e-07 2.942524e-11 2.265075e-10
2.148438e+03 4.335938e+03 2.460938e+03 -1.006881e-07 9.712358e-08 1.313513e-09 1.381643e-07 4.229371e-11 2.344424e-10
2.148438e+03 4.414062e+03 2.460938e+03 -9.985440e-08 9.672909e-08 1.353470e-09 1.327575e-07 3.402442e-11 1.566620e-10
2.148438e+03 4.492188e+03 2.460938e+03 -9.896261e-08 9.593380e-08 1.285759e-09 1.275998e-07 9.368141e-12 -5.694318e-11
2.148438e+03 4.570312e+03 2.460938e+03 -9.801455e-08 9.485159e-08 1.099277e-09 1.227245e-07 -1.577174e-11 -1.148512e-10
2.148438e+03 4.648438e+03 2.460938e+03 -9.700329e-08 9.369225e-08 9.590293e-10 1.181353e-07 -2.619914e-11 1.312838e-11
2.148438e+03 4.726562e+03 2.460938e+03 -9.592288e-08 9.262679e-08 9.121961e-10 1.137789e-07 -8.458554e-12 1.642599e-10
2.148438e+03 4.804688e+03 2.460938e+03 -9.475936e-08 9.174266e-08 8.940655e-10 1.095900e-07 2.091140e-11 3.083877e-10
2.148438e+03 4.882812e+03 2.460938e+03 -9.353657e-08 9.099227e-08 8.490309e-10 1.055628e-07 3.095168e-11 3.794415e-10
2.148438e+03 4.960938e+03 2.460938e+03 -9.227338e-08 9.016857e-08 9.241375e-10 1.016982e-07 3.239831e-11 5.286002e-10
2.226562e+03 3.906250e+01 2.460938e+03 5.974503e-07 -6.458521e-07 1.496286e-08 1.868935e-08 1.594059e-09 1.592106e-09
2.226562e+03 1.171875e+02 2.460938e+03 5.946459e-07 -6.421016e-07 1.569335e-08 5.443260e-08 1.666662e-09 7.160742e-10
2.226562e+03 1.953125e+02 2.460938e+03 5.891901e-07 -6.356236e-07 1.543482e-08 8.990443e-08 1.680166e-09 4.732527e-10
2.226562e+03 2.734375e+02 2.460938e+03 5.810725e-07 -6.266070e-07 1.508724e-08 1.247330e-07 1.712116e-09 4.809472e-10
2.226562e+03 3.515625e+02 2.460938e+03 5.702828e-07 -6.147203e-07 1.478827e-08 1.586945e-07 1.671455e-09 4.699374e-10
2.226562e+03 4.296875e+02 2.460938e+03 5.570014e-07 -6.003743e-07 1.453793e-08 1.914759e-07 1.563974e-09 5.477436e-10
2.226562e+03 5.078125e+02 2.460938e+03 5.413791e-07 -5.836046e-07 1.423962e-08 2.227948e-07 1.423103e-09 5.994298e-10
2.226562e+03 5.859375e+02 2.460938e+03 5.235410e-07 -5.646660e-07 1.384584e-08 2.524622e-07 1.338253e-09 5.432900e-10
2.226562e+03 6.640625e+02 2.460938e+03 5.036192e-07 -5.436381e-07 1.342242e-08 2.802428e-07 1.295077e-09 6.189368e-10
2.226562e+03 7.421875e+02 2.460938e+03 4.818254e-07 -5.207605e-07 1.310821e-08 3.060684e-07 1.250928e-09 5.349332e-10
2.226562e+03 8.203125e+02 2.460938e+03 4.583794e-07 -4.961771e-07 1.279494e-08 3.297465e-07 1.232958e-09 6.375055e-10
2.226562e+03 8.984375e+02 2.460938e+03 4.335026e-07 -4.701118e-07 1.248678e-08 3.510724e-07 1.193280e-09 5.611353e-10
2.226562e+03 9.765625e+02 2.460938e+03 4.074680e-07 -4.428819e-07 1.200320e-08 3.699362e-07 1.099599e-09 5.368662e-10
2.226562e+03 1.054688e+03 2.460938e+03 3.805710e-07 -4.147940e-07 1.153991e-08 3.862576e-07 1.005861e-09 6.567963e-10
2.226562e+03 1.132812e+03 2.460938e+03 3.530973e-07 -3.861525e-07 1.121543e-08 4.000360e-07 9.328809e-10 6.865059e-10
2.226562e+03 1.210938e+03 2.460938e+03 3.253300e-07 -3.571280e-07 1.083238e-08 4.112997e-07 8.900663e-10 7.380589e-10
2.226562e+03 1.289062e+03 2.460938e+03 2.975121e-07 -3.279559e-07 1.044352e-08 4.200723e-07 8.792557e-10 6.981989e-10
2.226562e+03 1.367188e+03 2.460938e+03 2.698610e-07 -2.989829e-07 1.001918e-08 4.264146e-07 8.369892e-10 7.380864e-10
2.226562e+03 1.445312e+03 2.460938e+03 2.426133e-07 -2.705228e-07 9.718118e-09 4.304490e-07 7.515568e-10 7.434082e-10
2.226562e+03 1.523438e+03 2.460938e+03 2.159856e-07 -2.427379e-07 9.299292e-09 4.322633e-07 6.974312e-10 5.400343e-10
2.226562e+03 1.601562e+03 2.460938e+03 1.901825e-07 -2.157935e-07 8.818211e-09 4.320211e-07 6.831529e-10 5.505345e-10
2.226562e+03 1.679688e+03 2.460938e+03 1.653756e-07 -1.898311e-07 8.541632e-09 4.299685e-07 6.561493e-10 6.404461e-10
2.226562e+03 1.757812e+03 2.460938e+03 1.417252e-07 -1.649437e-07 8.200430e-09 4.263089e-07 6.207934e-10 5.287378e-10
2.226562e+03 1.835938e+03 2.460938e+03 1.193255e-07 -1.413725e-07 7.837854e-09 4.211455e-07 5.864014e-10 5.298443e-10
2.226562e+03 1.914062e+03 2.460938e+03 9.819046e-08 -1.191438e-07 7.416823e-09 4.146165e-07 5.302040e-10 5.066022e-10
2.226562e+03 1.992188e+03 2.460938e+03 7.833209e-08 -9.818912e-08 6.944759e-09 4.069771e-07 4.723610e-10 4.093215e-10
2.226562e+03 2.070312e+03 2.460938e+03 5.980045e-08 -7.860132e-08 6.610396e-09 3.984388e-07 4.368911e-10 4.252192e-10
2.226562e+03 2.148438e+03 2.460938e+03 4.265069e-08 -6.034495e-08 6.286050e-09 3.891308e-07 4.141924e-10 4.003888e-10
2.226562e+03 2.226562e+03 2.460938e+03 2.684252e-08 -4.341104e-08 5.967167e-09 3.791982e-07 3.840576e-10 3.623864e-10
2.226562e+03 2.304688e+03 2.460938e+03 1.230807e-08 -2.791976e-08 5.649866e-09 3.688049e-07 3.359786e-10 3.074079e-10
2.226562e+03 2.382812e+03 2.460938e+03 -1.036287e-09 -1.382352e-08 5.265673e-09 3.580132e-07 2.901837e-10 2.285611e-10
2.226562e+03 2.460938e+03 2.460938e+03 -1.319889e-08 -8.587158e-10 4.938986e-09 3.469241e-07 2.533134e-10 3.002857e-10
2.226562e+03 2.539062e+03 2.460938e+03 -2.419063e-08 1.095833e-08 4.674657e-09 3.357088e-07 2.128677e-10 3.622543e-10
2.226562e+03 2.617188e+03 2.460938e+03 -3.406501e-08 2.151200e-08 4.445462e-09 3.245251e-07 1.888613e-10 3.320850e-10
2.226562e+03 2.695312e+03 2.460938e+03 -4.290645e-08 3.110523e-08 4.251658e-09 3.134245e-07 1.963006e-10 3.581309e-10
2.226562e+03 2.773438e+03 2.460938e+03 -5.085953e-08 3.978171e-08 4.019678e-09 3.024035e-07 1.990116e-10 3.331455e-10
2.226562e+03 2.851562e+03 2.460938e+03 -5.798450e-08 4.744332e-08 3.814348e-09 2.915213e-07 1.694876e-10 2.558715e-10
2.226562e+03 2.929688e+03 2.460938e+03 -6.430385e-08 5.421051e-08 3.620554e-09 2.808685e-07 1.354044e-10 2.603311e-10
2.226562e+03 3.007812e+03 2.460938e+03 -6.982647e-08 6.024669e-08 3.367698e-09 2.704933e-07 1.297388e-10 2.363472e-10
2.226562e+03 3.085938e+03 2.460938e+03 -7.458732e-08 6.552705e-08 3.202115e-09 2.603752e-07 1.476569e-10 2.185257e-10
2.226562e+03 3.164062e+03 2.460938e+03 -7.869785e-08 7.010507e-08 3.135798e-09 2.505245e-07 1.525942e-10 3.084031e-10
2.226562e+03 3.242188e+03 2.460938e+03 -8.225955e-08 7.408936e-08 3.049501e-09 2.409987e-07 1.276514e-10 2.318736e-10
2.226562e+03 3.320312e+03 2.460938e+03 -8.534430e-08 7.757865e-08 2.880217e-09 2.317658e-07 1.062983e-10 7.362899e-11
2.226562e+03 3.398438e+03 2.460938e+03 -8.800565e-08 8.055747e-08 2.704086e-09 2.227895e-07 9.961927e-11 1.655836e-10
2.226562e+03 3.476562e+03 2.460938e+03 -9.024071e-08 8.304239e-08 2.665326e-09 2.141023e-07 8.655095e-11 1.612123e-10
2.226562e+03 3.554688e+03 2.460938e+03 -9.205171e-08 8.505830e-08 2.559279e-09 2.057591e-07 7.864358e-11 -6.100962e-11
2.226562e+03 3.632812e+03 2.460938e+03 -9.348230e-08 8.663502e-08 2.378010e-09 1.978016e-07 8.204418e-11 -3.801327e-11
2.226562e+03 3.710938e+03 2.460938e+03 -9.457903e-08 8.785549e-08 2.328210e-09 1.901780e-07 7.211039e-11 1.297049e-10
2.226562e+03 3.789062e+03 2.460938e+03 -9.539341e-08 8.876922e-08 2.287320e-09 1.828170e-07 5.355549e-11 9.003909e-11
2.226562e+03 3.867188e+03 2.460938e+03 -9.595404e-08 8.948011e-08 2.137736e-09 1.757060e-07 4.065196e-11 1.161538e-11
2.226562e+03 3.945312e+03 2.460938e+03 -9.627390e-08 9.011111e-08 1.906095e-09 1.688597e-07 2.440027e-11 6.982623e-11
2.226562e+03 4.023438e+03 2.460938e+03 -9.637089e-08 9.063154e-08 1.817138e-09 1.623044e-07 1.653713e-11 2.250543e-10
2.226562e+03 4.101562e+03 2.460938e+03 -9.626408e-08 9.102582e-08 1.785157e-09 1.560723e-07 2.609639e-11 2.254771e-10
2.226562e+03 4.179688e+03 2.460938e+03 -9.598374e-08 9.131618e-08 1.588404e-09 1.501265e-07 3.226836e-11 1.417983e-10
2.226562e+03 4.257812e+03 2.460938e+03 -9.557341e-08 9.157761e-08 1.371997e-09 1.444011e-07 3.018517e-11 2.119749e-10
2.226562e+03 4.335938e+03 2.460938e+03 -9.506963e-08 9.168482e-08 1.287605e-09 1.388629e-07 2.204723e-11 2.018789e-10
2.226562e+03 4.414062e+03 2.460938e+03 -9.449037e-08 9.149912e-08 1.316103e-09 1.335081e-07 1.113065e-12 1.272667e-10
2.226562e+03 4.492188e+03 2.460938e+03 -9.384142e-08 9.093636e-08 1.246516e-09 1.283853e-07 -2.036172e-11 -6.356812e-11
2.226562e+03 4.570312e+03 2.460938e+03 -9.311631e-08 9.009023e-08 1.073249e-09 1.235420e-07 -2.679846e-11 -9.851220e-11
2.226562e+03 4.648438e+03 2.460938e+03 -9.231007e-08 8.918470e-08 9.492945e-10 1.190076e-07 -1.351219e-11 3.318450e-11
2.226562e+03 4.726562e+03 2.460938e+03 -9.142229e-08 8.833396e-08 9.061588e-10 1.147253e-07 2.367173e-11 1.618327e-10
2.226562e+03 4.804688e+03 2.460938e+03 -9.047300e-08 8.768395e-08 8.851699e-10 1.106239e-07 6.007315e-11 2.713847e-10
2.226562e+03 4.882812e+03 2.460938e+03 -8.946590e-08 8.709201e-08 8.370687e-10 1.066620e-07 6.569078e-11 3.159305e-10
2.226562e+03 4.960938e+03 2.460938e+03 -8.841214e-08 8.644210e-08 9.070901e-10 1.028437e-07 4.802180e-11 4.558825e-10
2.304688e+03 3.906250e+01 2.460938e+03 5.671157e-07 -6.105675e-07 1.353551e-08 1.727964e-08 1.293777e-09 1.464988e-09
2.304688e+03 1.171875e+02 2.460938e+03 5.645720e-07 -6.071951e-07 1.423152e-08 5.038139e-08 1.260333e-09 6.145265e-10
2.304688e+03 1.953125e+02 2.460938e+03 5.595623e-07 -6.013701e-07 1.405229e-08 8.330258e-08 1.230294e-09 4.132408e-10
2.304688e+03 2.734375e+02 2.460938e+03 5.520891e-07 -5.930973e-07 1.379720e-08 1.156127e-07 1.180282e-09 4.354179e-10
2.304688e+03 3.515625e+02 2.460938e+03 5.422940e-07 -5.823804e-07 1.351484e-08 1.471294e-07 1.100231e-09 4.629997e-10
2.304688e+03 4.296875e+02 2.460938e+03 5.302389e-07 -5.693985e-07 1.326041e-08 1.774995e-07 1.044018e-09 5.244681e-10
2.304688e+03 5.078125e+02 2.460938e+03 5.159910e-07 -5.542089e-07 1.297216e-08 2.065885e-07 1.003873e-09 5.145034e-10
2.304688e+03 5.859375e+02 2.460938e+03 4.996546e-07 -5.368986e-07 1.260940e-08 2.342148e-07 9.963815e-10 4.182539e-10
2.304688e+03 6.640625e+02 2.460938e+03 4.814000e-07 -5.177164e-07 1.222581e-08 2.601882e-07 9.776083e-10 4.526074e-10
2.304688e+03 7.421875e+02 2.460938e+03 4.614423e-07 -4.967883e-07 1.193932e-08 2.843929e-07 9.412775e-10 3.779118e-10
2.304688e+03 8.203125e+02 2.460938e+03 4.399761e-07 -4.743694e-07 1.166070e-08 3.066254e-07 9.181539e-10 4.997944e-10
2.304688e+03 8.984375e+02 2.460938e+03 4.172124e-07 -4.505751e-07 1.137641e-08 3.267055e-07 8.689668e-10 4.389687e-10
2.304688e+03 9.765625e+02 2.460938e+03 3.933959e-07 -4.257784e-07 1.091253e-08 3.445741e-07 8.108365e-10 4.409962e-10
2.304688e+03 1.054688e+03 2.460938e+03 3.687798e-07 -4.001315e-07 1.051700e-08 3.601696e-07 7.807421e-10 5.709732e-10
2.304688e+03 1.132812e+03 2.460938e+03 3.436073e-07 -3.739293e-07 1.026961e-08 3.735026e-07 7.586833e-10 5.907041e-10
2.304688e+03 1.210938e+03 2.460938e+03 3.181007e-07 -3.472739e-07 9.950677e-09 3.845880e-07 7.419862e-10 6.189971e-10
2.304688e+03 1.289062e+03 2.460938e+03 2.924461e-07 -3.204290e-07 9.622544e-09 3.934011e-07 7.243482e-10 5.531955e-10
2.304688e+03 1.367188e+03 2.460938e+03 2.668551e-07 -2.936823e-07 9.233357e-09 4.000119e-07 6.663554e-10 5.675660e-10
2.304688e+03 1.445312e+03 2.460938e+03 2.415685e-07 -2.674059e-07 8.940105e-09 4.045241e-07 6.077864e-10 5.860131e-10
2.304688e+03 1.523438e+03 2.460938e+03 2.168197e-07 -2.416279e-07 8.555050e-09 4.070237e-07 6.178368e-10 4.437607e-10
2.304688e+03 1.601562e+03 2.460938e+03 1.927856e-07 -2.165193e-07 8.137863e-09 4.076312e-07 6.311996e-10 5.044836e-10
2.304688e+03 1.679688e+03 2.460938e+03 1.696245e-07 -1.922594e-07 7.918773e-09 4.065607e-07 5.757890e-10 6.059886e-10
2.304688e+03 1.757812e+03 2.460938e+03 1.474532e-07 -1.689352e-07 7.616203e-09 4.039788e-07 5.150130e-10 4.820843e-10
2.304688e+03 1.835938e+03 2.460938e+03 1.263160e-07 -1.467623e-07 7.273799e-09 3.999552e-07 4.964660e-10 4.493978e-10
2.304688e+03 1.914062e+03 2.460938e+03 1.062361e-07 -1.256933e-07 6.881493e-09 3.946380e-07 4.784204e-10 4.116113e-10
2.304688e+03 1.992188e+03 2.460938e+03 8.726371e-08 -1.057254e-07 6.452741e-09 3.882641e-07 4.429866e-10 3.346061e-10
2.304688e+03 2.070312e+03 2.460938e+03 6.948622e-08 -8.695867e-08 6.166420e-09 3.810402e-07 4.011604e-10 3.674331e-10
2.304688e+03 2.148438e+03 2.460938e+03 5.293512e-08 -6.942652e-08 5.883854e-09 3.730127e-07 3.590537e-10 3.488347e-10
2.304688e+03 2.226562e+03 2.460938e+03 3.758951e-08 -5.305112e-08 5.591558e-09 3.643106e-07 3.134247e-10 3.039582e-10
2.304688e+03 2.304688e+03 2.460938e+03 2.337264e-08 -3.799980e-08 5.293810e-09 3.550767e-07 2.655456e-10 2.510173e-10
2.304688e+03 2.382812e+03 2.460938e+03 1.025624e-08 -2.422257e-08 4.924771e-09 3.454121e-07 2.434475e-10 1.999824e-10
2.304688e+03 2.460938e+03 2.460938e+03 -1.762300e-09 -1.148327e-08 4.615124e-09 3.354475e-07 2.385064e-10 2.918234e-10
2.304688e+03 2.539062e+03 2.460938e+03 -1.268170e-08 2.264161e-10 4.387933e-09 3.253350e-07 2.154824e-10 3.499975e-10
2.304688e+03 2.617188e+03 2.460938e+03 -2.256008e-08 1.079447e-08 4.193812e-09 3.151987e-07 1.873008e-10 3.039676e-10
2.304688e+03 2.695312e+03 2.460938e+03 -3.153509e-08 2.044648e-08 4.006895e-09 3.050350e-07 1.794754e-10 3.126880e-10
2.304688e+03 2.773438e+03 2.460938e+03 -3.966870e-08 2.924469e-08 3.779175e-09 2.948719e-07 1.696290e-10 2.903521e-10
2.304688e+03 2.851562e+03 2.460938e+03 -4.699824e-08 3.705885e-08 3.585563e-09 2.847923e-07 1.361083e-10 2.399153e-10
2.304688e+03 2.929688e+03 2.460938e+03 -5.352533e-08 4.402166e-08 3.406164e-09 2.749033e-07 1.125254e-10 2.691245e-10
2.304688e+03 3.007812e+03 2.460938e+03 -5.925468e-08 5.027665e-08 3.178524e-09 2.652621e-07 1.237402e-10 2.558830e-10
2.304688e+03 3.085938e+03 2.460938e+03 -6.427339e-08 5.580800e-08 3.037038e-09 2.558025e-07 1.467336e-10 2.273472e-10
2.304688e+03 3.164062e+03 2.460938e+03 -6.869053e-08 6.066444e-08 2.981463e-09 2.465394e-07 1.467130e-10 2.807959e-10
2.304688e+03 3.242188e+03 2.460938e+03 -7.260092e-08 6.494083e-08 2.891743e-09 2.375352e-07 1.193218e-10 1.809322e-10
2.304688e+03 3.320312e+03 2.460938e+03 -7.605959e-08 6.870183e-08 2.713317e-09 2.287751e-07 1.010752e-10 2.938266e-11
2.304688e+03 3.398438e+03 2.460938e+03 -7.906325e-08 7.197038e-08 2.545985e-09 2.202469e-07 1.013118e-10 1.419917e-10
2.304688e+03 3.476562e+03 2.460938e+03 -8.161678e-08 7.474988e-08 2.533266e-09 2.119808e-07 9.064061e-11 1.676933e-10
2.304688e+03 3.554688e+03 2.460938e+03 -8.373689e-08 7.707291e-08 2.457403e-09 2.040205e-07 7.596887e-11 -3.447124e-11
2.304688e+03 3.632812e+03 2.460938e+03 -8.546537e-08 7.896911e-08 2.298614e-09 1.963963e-07 7.379278e-11 -2.454320e-11
2.304688e+03 3.710938e+03 2.460938e+03 -8.687681e-08 8.047409e-08 2.248780e-09 1.890628e-07 6.590880e-11 1.104627e-10
2.304688e+03 3.789062e+03 2.460938e+03 -8.801273e-08 8.166002e-08 2.192611e-09 1.819632e-07 5.339990e-11 5.500587e-11
2.304688e+03 3.867188e+03 2.460938e+03 -8.888575e-08 8.262652e-08 2.037122e-09 1.751048e-07 4.860644e-11 -1.843917e-11
2.304688e+03 3.945312e+03 2.460938e+03 -8.950609e-08 8.352986e-08 1.816171e-09 1.684973e-07 4.463017e-11 5.374307e-11
2.304688e+03 4.023438e+03 2.460938e+03 -8.988688e-08 8.432489e-08 1.746413e-09 1.621686e-07 4.522159e-11 2.189876e-10
2.304688e+03 4.101562e+03 2.460938e+03 -9.004952e-08 8.500665e-08 1.739754e-09 1.561396e-07 5.126830e-11 2.200910e-10
2.304688e+03 4.179688e+03 2.460938e+03 -9.003472e-08 8.554950e-08 1.561459e-09 1.503556e-07 4.835565e-11 1.289796e-10
2.304688e+03 4.257812e+03 2.460938e+03 -8.988475e-08 8.603432e-08 1.348074e-09 1.447516e-07 3.472034e-11 1.857247e-10
2.304688e+03 4.335938e+03 2.460938e+03 -8.963059e-08 8.631454e-08 1.253893e-09 1.393032e-07 1.585607e-11 1.703670e-10
2.304688e+03 4.414062e+03 2.460938e+03 -8.928339e-08 8.631658e-08 1.274036e-09 1.340271e-07 -1.272079e-11 1.043167e-10
2.304688e+03 4.492188e+03 2.460938e+03 -8.884515e-08 8.595363e-08 1.210641e-09 1.289720e-07 -3.934873e-11 -6.956020e-11
2.304688e+03 4.570312e+03 2.460938e+03 -8.831937e-08 8.536362e-08 1.051854e-09 1.241980e-07 -4.800447e-11 -1.002069e-10
2.304688e+03 4.648438e+03 2.460938e+03 -8.771534e-08 8.472620e-08 9.453617e-10 1.197259e-07 -3.428005e-11 1.985251e-11
2.304688e+03 4.726562e+03 2.460938e+03 -8.703739e-08 8.414686e-08 9.093746e-10 1.155248e-07 6.969725e-12 1.283833e-10
2.304688e+03 4.804688e+03 2.460938e+03 -8.628916e-08 8.370243e-08 8.808944e-10 1.114877e-07 4.925898e-11 2.134452e-10
2.304688e+03 4.882812e+03 2.460938e+03 -8.547516e-08 8.327481e-08 8.138097e-10 1.076005e-07 5.067641e-11 2.368835e-10
2.304688e+03 4.960938e+03 2.460938e+03 -8.460898e-08 8.272867e-08 8.790013e-10 1.038170e-07 3.671741e-11 3.561833e-10
2.382812e+03 3.906250e+01 2.460938e+03 5.387051e-07 -5.779032e-07 1.214495e-08 1.599924e-08 1.077041e-09 1.162016e-09
2.382812e+03 1.171875e+02 2.460938e+03 5.362507e-07 -5.748163e-07 1.266741e-08 4.675541e-08 9.997592e-10 4.651724e-10
2.382812e+03 1.953125e+02 2.460938e+03 5.315718e-07 -5.695490e-07 1.245978e-08 7.725647e-08 9.152107e-10 3.519393e-10
2.382812e+03 2.734375e+02 2.460938e+03 5.247091e-07 -5.620953e-07 1.217645e-08 1.072193e-07 8.058336e-10 4.073262e-10
2.382812e+03 3.515625e+02 2.460938e+03 5.157317e-07 -5.524325e-07 1.192169e-08 1.364115e-07 7.497624e-10 4.252525e-10
2.382812e+03 4.296875e+02 2.460938e+03 5.046467e-07 -5.406198e-07 1.172509e-08 1.646583e-07 7.419142e-10 4.367113e-10
2.382812e+03 5.078125e+02 2.460938e+03 4.915524e-07 -5.267247e-07 1.151323e-08 1.917951e-07 7.533399e-10 4.033672e-10
2.382812e+03 5.859375e+02 2.460938e+03 4.765710e-07 -5.108927e-07 1.121861e-08 2.176139e-07 7.609619e-10 3.168259e-10
2.382812e+03 6.640625e+02 2.460938e+03 4.598886e-07 -4.933877e-07 1.088516e-08 2.419187e-07 7.201359e-10 3.791114e-10
2.382812e+03 7.421875e+02 2.460938e+03 4.416697e-07 -4.743263e-07 1.064103e-08 2.645841e-07 6.754916e-10 3.563962e-10
2.382812e+03 8.203125e+02 2.460938e+03 4.220535e-07 -4.538687e-07 1.041612e-08 2.854289e-07 6.597742e-10 4.802368e-10
2.382812e+03 8.984375e+02 2.460938e+03 4.012391e-07 -4.321741e-07 1.019454e-08 3.043460e-07 6.425793e-10 4.185069e-10
2.382812e+03 9.765625e+02 2.460938e+03 3.794588e-07 -4.095058e-07 9.808814e-09 3.212992e-07 6.351976e-10 4.231477e-10
2.382812e+03 1.054688e+03 2.460938e+03 3.569247e-07 -3.860336e-07 9.503199e-09 3.362426e-07 6.296649e-10 5.267361e-10
2.382812e+03 1.132812e+03 2.460938e+03 3.338319e-07 -3.619846e-07 9.320968e-09 3.491556e-07 5.990379e-10 5.252313e-10
2.382812e+03 1.210938e+03 2.460938e+03 3.103472e-07 -3.374775e-07 9.057967e-09 3.600184e-07 5.660927e-10 5.420594e-10
2.382812e+03 1.289062e+03 2.460938e+03 2.866645e-07 -3.127356e-07 8.777854e-09 3.688058e-07 5.410890e-10 4.770067e-10
2.382812e+03 1.367188e+03 2.460938e+03 2.630094e-07 -2.880683e-07 8.413077e-09 3.755885e-07 5.063192e-10 5.092637e-10
2.382812e+03 1.445312e+03 2.460938e+03 2.396159e-07 -2.637636e-07 8.158466e-09 3.804788e-07 5.044773e-10 5.665571e-10
2.382812e+03 1.523438e+03 2.460938e+03 2.166639e-07 -2.398205e-07 7.839967e-09 3.835364e-07 5.510028e-10 4.515374e-10
2.382812e+03 1.601562e+03 2.460938e+03 1.943051e-07 -2.164316e-07 7.478363e-09 3.848413e-07 5.414881e-10 4.909658e-10
2.382812e+03 1.679688e+03 2.460938e+03 1.726689e-07 -1.937765e-07 7.279332e-09 3.845918e-07 4.532843e-10 5.574314e-10
2.382812e+03 1.757812e+03 2.460938e+03 1.518446e-07 -1.719254e-07 6.985148e-09 3.829217e-07 4.062780e-10 4.137521e-10
2.382812e+03 1.835938e+03 2.460938e+03 1.318854e-07 -1.509992e-07 6.670325e-09 3.798942e-07 4.311206e-10 3.770984e-10
2.382812e+03 1.914062e+03 2.460938e+03 1.128295e-07 -1.310234e-07 6.325327e-09 3.756338e-07 4.406375e-10 3.628682e-10
2.382812e+03 1.992188e+03 2.460938e+03 9.476782e-08 -1.120087e-07 5.944694e-09 3.703912e-07 3.926139e-10 3.091744e-10
2.382812e+03 2.070312e+03 2.460938e+03 7.777001e-08 -9.413117e-08 5.692336e-09 3.643014e-07 3.212773e-10 3.388653e-10
2.382812e+03 2.148438e+03 2.460938e+03 6.185382e-08 -7.733988e-08 5.432272e-09 3.573985e-07 2.657530e-10 3.063781e-10
2.382812e+03 2.226562e+03 2.460938e+03 4.698262e-08 -6.157355e-08 5.157055e-09 3.497791e-07 2.263142e-10 2.566541e-10
2.382812e+03 2.304688e+03 2.460938e+03 3.313357e-08 -4.697943e-08 4.872353e-09 3.416013e-07 2.030438e-10 2.277303e-10
2.382812e+03 2.382812e+03 2.460938e+03 2.030211e-08 -3.354603e-08 4.522766e-09 3.329953e-07 2.078845e-10 2.037381e-10
2.382812e+03 2.460938e+03 2.460938e+03 8.503801e-09 -2.103227e-08 4.253977e-09 3.240893e-07 2.135504e-10 2.903512e-10
2.382812e+03 2.539062e+03 2.460938e+03 -2.287732e-09 -9.449472e-09 4.063615e-09 3.150203e-07 1.906397e-10 3.289554e-10
2.382812e+03 2.617188e+03 2.460938e+03 -1.217179e-08 1.045365e-09 3.881642e-09 3.058218e-07 1.575756e-10 2.698751e-10
2.382812e+03 2.695312e+03 2.460938e+03 -2.120810e-08 1.069027e-08 3.700737e-09 2.965275e-07 1.386633e-10 2.914565e-10
2.382812e+03 2.773438e+03 2.460938e+03 -2.943556e-08 1.951642e-08 3.479109e-09 2.871814e-07 1.218042e-10 3.040289e-10
2.382812e+03 2.851562e+03 2.460938e+03 -3.685844e-08 2.741696e-08 3.300810e-09 2.778759e-07 9.098072e-11 2.759394e-10
2.382812e+03 2.929688e+03 2.460938e+03 -4.348953e-08 3.451379e-08 3.150562e-09 2.687350e-07 7.381266e-11 3.040578e-10
2.382812e+03 3.007812e+03 2.460938e+03 -4.939597e-08 4.095538e-08 2.951356e-09 2.597830e-07 9.161223e-11 2.705700e-10
2.382812e+03 3.085938e+03 2.460938e+03 -5.466122e-08 4.670659e-08 2.830612e-09 2.509519e-07 1.167961e-10 2.081071e-10
2.382812e+03 3.164062e+03 2.460938e+03 -5.938246e-08 5.180124e-08 2.778187e-09 2.422437e-07 1.179401e-10 2.417989e-10
2.382812e+03 3.242188e+03 2.460938e+03 -6.361585e-08 5.630631e-08 2.674138e-09 2.337438e-07 9.232846e-11 1.545739e-10
2.382812e+03 3.320312e+03 2.460938e+03 -6.736019e-08 6.030709e-08 2.495227e-09 2.254636e-07 7.369567e-11 3.152892e-11
2.382812e+03 3.398438e+03 2.460938e+03 -7.062896e-08 6.381039e-08 2.353736e-09 2.173917e-07 8.046864e-11 1.664395e-10
2.382812e+03 3.476562e+03 2.460938e+03 -7.343316e-08 6.683392e-08 2.373956e-09 2.095520e-07 7.705860e-11 2.002115e-10
2.382812e+03 3.554688e+03 2.460938e+03 -7.580934e-08 6.942339e-08 2.321150e-09 2.019787e-07 5.686021e-11 -9.138413e-12
2.382812e+03 3.632812e+03 2.460938e+03 -7.782966e-08 7.159282e-08 2.172736e-09 1.946800e-07 4.750762e-11 -2.563287e-11
2.382812e+03 3.710938e+03 2.460938e+03 -7.954445e-08 7.336985e-08 2.123174e-09 1.876305e-07 4.338142e-11 8.093268e-11
2.382812e+03 3.789062e+03 2.460938e+03 -8.097803e-08 7.481197e-08 2.059112e-09 1.808053e-07 3.941598e-11 2.113686e-11
2.382812e+03 3.867188e+03 2.460938e+03 -8.213805e-08 7.603673e-08 1.904178e-09 1.742167e-07 4.228102e-11 -3.751050e-11
2.382812e+03 3.945312e+03 2.460938e+03 -8.302960e-08 7.719466e-08 1.698406e-09 1.678727e-07 4.435911e-11 5.335865e-11
2.382812e+03 4.023438e+03 2.460938e+03 -8.366492e-08 7.824965e-08 1.647379e-09 1.617879e-07 4.081926e-11 2.254472e-10
2.382812e+03 4.101562e+03 2.460938e+03 -8.407780e-08 7.916244e-08 1.660575e-09 1.559584e-07 3.238935e-11 2.239398e-10
2.382812e+03 4.179688e+03 2.460938e+03 -8.431064e-08 7.992594e-08 1.496173e-09 1.503264e-07 1.900230e-11 1.214086e-10
2.382812e+03 4.257812e+03 2.460938e+03 -8.440477e-08 8.058599e-08 1.284407e-09 1.448348e-07 5.995468e-12 1.593099e-10
2.382812e+03 4.335938e+03 2.460938e+03 -8.438582e-08 8.103693e-08 1.177757e-09 1.394831e-07 -5.228340e-12 1.434655e-10
2.382812e+03 4.414062e+03 2.460938e+03 -8.425880e-08 8.121524e-08 1.183591e-09 1.343074e-07 -2.604838e-11 9.266030e-11
2.382812e+03 4.492188e+03 2.460938e+03 -8.402011e-08 8.106535e-08 1.120712e-09 1.293620e-07 -4.925479e-11 -5.806696e-11
2.382812e+03 4.570312e+03 2.460938e+03 -8.367640e-08 8.071737e-08 9.710717e-10 1.246947e-07 -5.580428e-11 -7.978702e-11
2.382812e+03 4.648438e+03 2.460938e+03 -8.324344e-08 8.034567e-08 8.773334e-10 1.203143e-07 -4.297570e-11 2.510025e-11
2.382812e+03 4.726562e+03 2.460938e+03 -8.274436e-08 8.002269e-08 8.504810e-10 1.161753e-07 -6.884137e-12 1.058679e-10
2.382812e+03 4.804688e+03 2.460938e+03 -8.217470e-08 7.977547e-08 8.282039e-10 1.121961e-07 3.319433e-11 1.595183e-10
2.382812e+03 4.882812e+03 2.460938e+03 -8.154874e-08 7.951041e-08 7.565502e-10 1.083473e-07 3.713130e-11 1.616339e-10
2.382812e+03 4.960938e+03 2.460938e+03 -8.085998e-08 7.903478e-08 8.360162e-10 1.046126e-07 3.088425e-11 2.643295e-10
2.460938e+03 3.906250e+01 2.460938e+03 5.122425e-07 -5.475562e-07 1.097827e-08 1.478916e-08 1.036355e-09 9.467871e-10
2.460938e+03 1.171875e+02 2.460938e+03 5.099998e-07 -5.448085e-07 1.143867e-08 4.336262e-08 1.076557e-09 3.829310e-10
2.460938e+03 1.953125e+02 2.460938e+03 5.057745e-07 -5.400858e-07 1.126403e-08 7.165476e-08 1.078812e-09 2.712663e-10
2.460938e+03 2.734375e+02 2.460938e+03 4.995444e-07 -5.334197e-07 1.098703e-08 9.946930e-08 1.108071e-09 2.634587e-10
2.460938e+03 3.515625e+02 2.460938e+03 4.912531e-07 -5.245411e-07 1.076299e-08 1.266418e-07 1.136149e-09 2.430598e-10
2.460938e+03 4.296875e+02 2.460938e+03 4.810259e-07 -5.137142e-07 1.059480e-08 1.529942e-07 1.128324e-09 2.844490e-10
2.460938e+03 5.078125e+02 2.460938e+03 4.690002e-07 -5.009861e-07 1.042382e-08 1.783217e-07 1.087025e-09 3.471610e-10
2.460938e+03 5.859375e+02 2.460938e+03 4.553144e-07 -4.865853e-07 1.017190e-08 2.024167e-07 1.029748e-09 3.248059e-10
2.460938e+03 6.640625e+02 2.460938e+03 4.400849e-07 -4.706602e-07 9.882886e-09 2.251174e-07 9.693505e-10 4.220835e-10
2.460938e+03 7.421875e+02 2.460938e+03 4.234173e-07 -4.533059e-07 9.708292e-09 2.463162e-07 9.385718e-10 3.947118e-10
2.460938e+03 8.203125e+02 2.460938e+03 4.054482e-07 -4.346058e-07 9.553599e-09 2.658914e-07 9.304759e-10 4.687697e-10
2.460938e+03 8.984375e+02 2.460938e+03 3.863734e-07 -4.147613e-07 9.386548e-09 2.837763e-07 9.144940e-10 3.906966e-10
2.460938e+03 9.765625e+02 2.460938e+03 3.663868e-07 -3.939766e-07 9.057068e-09 2.999132e-07 8.846392e-10 3.827109e-10
2.460938e+03 1.054688e+03 2.460938e+03 3.456680e-07 -3.724258e-07 8.787677e-09 3.142383e-07 8.319243e-10 4.657367e-10
2.460938e+03 1.132812e+03 2.460938e+03 3.243807e-07 -3.503543e-07 8.615747e-09 3.267014e-07 7.651015e-10 4.708129e-10
2.460938e+03 1.210938e+03 2.460938e+03 3.026993e-07 -3.277902e-07 8.371370e-09 3.372866e-07 7.185129e-10 5.092943e-10
2.460938e+03 1.289062e+03 2.460938e+03 2.808317e-07 -3.049933e-07 8.102906e-09 3.459928e-07 6.917387e-10 4.691268e-10
2.460938e+03 1.367188e+03 2.460938e+03 2.590009e-07 -2.822280e-07 7.755667e-09 3.528959e-07 6.654059e-10 5.281021e-10
2.460938e+03 1.445312e+03 2.460938e+03 2.373736e-07 -2.597040e-07 7.557175e-09 3.580909e-07 6.610738e-10 5.950868e-10
2.460938e+03 1.523438e+03 2.460938e+03 2.160691e-07 -2.374529e-07 7.300739e-09 3.615902e-07 6.684986e-10 4.488430e-10
2.460938e+03 1.601562e+03 2.460938e+03 1.952173e-07 -2.156643e-07 6.964918e-09 3.634836e-07 6.145796e-10 4.326207e-10
2.460938e+03 1.679688e+03 2.460938e+03 1.749526e-07 -1.945109e-07 6.759922e-09 3.639310e-07 5.270704e-10 4.758959e-10
2.460938e+03 1.757812e+03 2.460938e+03 1.553557e-07 -1.739798e-07 6.470186e-09 3.630623e-07 5.136050e-10 3.409149e-10
2.460938e+03 1.835938e+03 2.460938e+03 1.364794e-07 -1.542269e-07 6.191456e-09 3.608997e-07 5.509269e-10 3.295208e-10
2.460938e+03 1.914062e+03 2.460938e+03 1.184239e-07 -1.352867e-07 5.896795e-09 3.575745e-07 5.298314e-10 3.456682e-10
2.460938e+03 1.992188e+03 2.460938e+03 1.012702e-07 -1.172635e-07 5.554774e-09 3.532932e-07 4.408403e-10 2.970853e-10
2.460938e+03 2.070312e+03 2.460938e+03 8.505490e-08 -1.002732e-07 5.316081e-09 3.481843e-07 3.567818e-10 3.089795e-10
2.460938e+03 2.148438e+03 2.460938e+03 6.976014e-08 -8.422806e-08 5.060019e-09 3.422541e-07 3.170493e-10 2.602684e-10
2.460938e+03 2.226562e+03 2.460938e+03 5.537112e-08 -6.905295e-08 4.794755e-09 3.356172e-07 3.045294e-10 2.191949e-10
2.460938e+03 2.304688e+03 2.460938e+03 4.191246e-08 -5.492629e-08 4.525191e-09 3.284419e-07 2.980570e-10 2.202212e-10
2.460938e+03 2.382812e+03 2.460938e+03 2.942303e-08 -4.183894e-08 4.215443e-09 3.208407e-07 2.979592e-10 2.049681e-10
2.460938e+03 2.460938e+03 2.460938e+03 1.789384e-08 -2.957105e-08 3.994816e-09 3.129268e-07 2.890661e-10 2.759147e-10
2.460938e+03 2.539062e+03 2.460938e+03 7.235845e-09 -1.818786e-08 3.807596e-09 3.047498e-07 2.541328e-10 3.028081e-10
2.460938e+03 2.617188e+03 2.460938e+03 -2.603610e-09 -7.818903e-09 3.611083e-09 2.964003e-07 2.130717e-10 2.446447e-10
2.460938e+03 2.695312e+03 2.460938e+03 -1.163852e-08 1.752912e-09 3.443596e-09 2.879146e-07 1.914097e-10 2.917790e-10
2.460938e+03 2.773438e+03 2.460938e+03 -1.986613e-08 1.056235e-08 3.243158e-09 2.793551e-07 1.749424e-10 3.420754e-10
2.460938e+03 2.851562e+03 2.460938e+03 -2.730115e-08 1.849643e-08 3.080690e-09 2.708191e-07 1.466365e-10 3.228699e-10
2.460938e+03 2.929688e+03 2.460938e+03 -3.401146e-08 2.568103e-08 2.954462e-09 2.623880e-07 1.282561e-10 3.275660e-10
2.460938e+03 3.007812e+03 2.460938e+03 -4.007879e-08 3.227285e-08 2.780420e-09 2.540890e-07 1.347378e-10 2.607100e-10
2.460938e+03 3.085938e+03 2.460938e+03 -4.558736e-08 3.820781e-08 2.667398e-09 2.458406e-07 1.524847e-10 1.727518e-10
2.460938e+03 3.164062e+03 2.460938e+03 -5.057598e-08 4.348031e-08 2.603894e-09 2.376642e-07 1.550138e-10 2.097329e-10
2.460938e+03 3.242188e+03 2.460938e+03 -5.504823e-08 4.817554e-08 2.493044e-09 2.296682e-07 1.291519e-10 1.531295e-10
2.460938e+03 3.320312e+03 2.460938e+03 -5.901971e-08 5.236520e-08 2.331871e-09 2.218665e-07 1.125252e-10 6.531091e-11
2.460938e+03 3.398438e+03 2.460938e+03 -6.249116e-08 5.606870e-08 2.220835e-09 2.142468e-07 1.255059e-10 2.146027e-10
2.460938e+03 3.476562e+03 2.460938e+03 -6.549815e-08 5.930475e-08 2.263403e-09 2.068322e-07 1.249051e-10 2.333806e-10
2.460938e+03 3.554688e+03 2.460938e+03 -6.812093e-08 6.212214e-08 2.216385e-09 1.996274e-07 1.042968e-10 -1.462711e-12
2.460938e+03 3.632812e+03 2.460938e+03 -7.041957e-08 6.452950e-08 2.065521e-09 1.926596e-07 9.257628e-11 -4.473583e-11
2.460938e+03 3.710938e+03 2.460938e+03 -7.242169e-08 6.655316e-08 2.018862e-09 1.859128e-07 8.477683e-11 4.821856e-11
2.460938e+03 3.789062e+03 2.460938e+03 -7.413220e-08 6.824620e-08 1.961141e-09 1.793765e-07 7.821603e-11 -1.235178e-12
2.460938e+03 3.867188e+03 2.460938e+03 -7.554816e-08 6.971398e-08 1.816689e-09 1.730667e-07 8.043574e-11 -3.778568e-11
2.460938e+03 3.945312e+03 2.460938e+03 -7.667660e-08 7.111770e-08 1.626508e-09 1.669865e-07 8.113648e-11 6.659134e-11
2.460938e+03 4.023438e+03 2.460938e+03 -7.754391e-08 7.238776e-08 1.588080e-09 1.611356e-07 7.102811e-11 2.363205e-10
2.460938e+03 4.101562e+03 2.460938e+03 -7.818964e-08 7.349232e-08 1.613059e-09 1.555005e-07 5.271617e-11 2.274288e-10
2.460938e+03 4.179688e+03 2.460938e+03 -7.865880e-08 7.443083e-08 1.458485e-09 1.500246e-07 3.211052e-11 1.130286e-10
2.460938e+03 4.257812e+03 2.460938e+03 -7.898600e-08 7.524531e-08 1.246829e-09 1.446591e-07 1.962497e-11 1.336151e-10
2.460938e+03 4.335938e+03 2.460938e+03 -7.919003e-08 7.586151e-08 1.129923e-09 1.394219e-07 1.287940e-11 1.173441e-10
2.460938e+03 4.414062e+03 2.460938e+03 -7.927495e-08 7.622819e-08 1.125579e-09 1.343620e-07 -2.487169e-12 8.681071e-11
2.460938e+03 4.492188e+03 2.460938e+03 -7.923447e-08 7.630414e-08 1.063842e-09 1.295395e-07 -1.717748e-11 -3.286686e-11
2.460938e+03 4.570312e+03 2.460938e+03 -7.906780e-08 7.619568e-08 9.246807e-10 1.249912e-07 -1.323039e-11 -3.052948e-11
2.460938e+03 4.648438e+03 2.460938e+03 -7.880006e-08 7.606983e-08 8.405703e-10 1.207128e-07 4.304366e-12 6.613051e-11
2.460938e+03 4.726562e+03 2.460938e+03 -7.846261e-08 7.595152e-08 8.183844e-10 1.166494e-07 3.180410e-11 1.127672e-10
2.460938e+03 4.804688e+03 2.460938e+03 -7.807619e-08 7.590134e-08 8.003305e-10 1.127366e-07 5.660509e-11 1.159854e-10
2.460938e+03 4.882812e+03 2.460938e+03 -7.763471e-08 7.576133e-08 7.277757e-10 1.089289e-07 5.285805e-11 8.957494e-11
2.460938e+03 4.960938e+03 2.460938e+03 -7.712518e-08 7.538339e-08 8.103191e-10 1.052518e-07 3.852667e-11 1.751037e-10
2.539062e+03 3.906250e+01 2.460938e+03 4.874747e-07 -5.194028e-07 1.001078e-08 1.369328e-08 8.531939e-10 8.636992e-10
2.539062e+03 1.171875e+02 2.460938e+03 4.855262e-07 -5.169640e-07 1.045731e-08 4.024512e-08 8.459162e-10 3.292189e-10
2.539062e+03 1.953125e+02 2.460938e+03 4.816967e-07 -5.127505e-07 1.035117e-08 6.659113e-08 8.930914e-10 2.009364e-10
2.539062e+03 2.734375e+02 2.460938e+03 4.759369e-07 -5.065958e-07 1.017491e-08 9.251159e-08 9.413940e-10 1.861550e-10
2.539062e+03 3.515625e+02 2.460938e+03 4.683472e-07 -4.984974e-07 1.001635e-08 1.178733e-07 9.365395e-10 2.021581e-10
2.539062e+03 4.296875e+02 2.460938e+03 4.590353e-07 -4.886291e-07 9.884478e-09 1.424159e-07 9.105328e-10 2.922921e-10
2.539062e+03 5.078125e+02 2.460938e+03 4.480808e-07 -4.770651e-07 9.746710e-09 1.659794e-07 8.781963e-10 3.623820e-10
2.539062e+03 5.859375e+02 2.460938e+03 4.355876e-07 -4.639687e-07 9.518926e-09 1.884254e-07 8.504081e-10 3.028800e-10
2.539062e+03 6.640625e+02 2.460938e+03 4.216480e-07 -4.494465e-07 9.255279e-09 2.096292e-07 8.460127e-10 3.644544e-10
2.539062e+03 7.421875e+02 2.460938e+03 4.063440e-07 -4.335514e-07 9.112622e-09 2.295147e-07 8.499549e-10 2.954257e-10
2.539062e+03 8.203125e+02 2.460938e+03 3.898357e-07 -4.164009e-07 8.983986e-09 2.479856e-07 8.377082e-10 3.490863e-10
2.539062e+03 8.984375e+02 2.460938e+03 3.723069e-07 -3.981958e-07 8.832067e-09 2.649468e-07 7.971156e-10 2.905085e-10
2.539062e+03 9.765625e+02 2.460938e+03 3.539260e-07 -3.791327e-07 8.519446e-09 2.803160e-07 7.419458e-10 2.843777e-10
2.539062e+03 1.054688e+03 2.460938e+03 3.348448e-07 -3.593575e-07 8.246508e-09 2.940054e-07 7.018396e-10 3.692973e-10
2.539062e+03 1.132812e+03 2.460938e+03 3.152185e-07 -3.390878e-07 8.066195e-09 3.059878e-07 6.855594e-10 3.940237e-10
2.539062e+03 1.210938e+03 2.460938e+03 2.952215e-07 -3.182946e-07 7.832325e-09 3.162763e-07 6.856900e-10 4.481689e-10
2.539062e+03 1.289062e+03 2.460938e+03 2.750508e-07 -2.972639e-07 7.580963e-09 3.248859e-07 6.876370e-10 4.157788e-10
2.539062e+03 1.367188e+03 2.460938e+03 2.548781e-07 -2.761941e-07 7.270639e-09 3.318840e-07 6.757059e-10 4.719736e-10
2.539062e+03 1.445312e+03 2.460938e+03 2.348107e-07 -2.553039e-07 7.112970e-09 3.373033e-07 6.558625e-10 5.142191e-10
2.539062e+03 1.523438e+03 2.460938e+03 2.149604e-07 -2.346078e-07 6.870615e-09 3.411599e-07 6.270719e-10 3.354752e-10
2.539062e+03 1.601562e+03 2.460938e+03 1.954706e-07 -2.143142e-07 6.522728e-09 3.435344e-07 5.742976e-10 3.118794e-10
2.539062e+03 1.679688e+03 2.460938e+03 1.764652e-07 -1.945175e-07 6.312894e-09 3.445912e-07 5.282050e-10 3.761974e-10
2.539062e+03 1.757812e+03 2.460938e+03 1.580124e-07 -1.752202e-07 6.056094e-09 3.443910e-07 5.367039e-10 2.690929e-10
2.539062e+03 1.835938e+03 2.460938e+03 1.401946e-07 -1.565800e-07 5.826155e-09 3.429794e-07 5.485630e-10 2.756939e-10
2.539062e+03 1.914062e+03 2.460938e+03 1.231174e-07 -1.387026e-07 5.565254e-09 3.404512e-07 4.848130e-10 2.991178e-10
2.539062e+03 1.992188e+03 2.460938e+03 1.068448e-07 -1.216590e-07 5.237497e-09 3.369917e-07 3.889123e-10 2.440492e-10
2.539062e+03 2.070312e+03 2.460938e+03 9.136763e-08 -1.055135e-07 5.000385e-09 3.327208e-07 3.407681e-10 2.418544e-10
2.539062e+03 2.148438e+03 2.460938e+03 7.667214e-08 -9.016027e-08 4.752136e-09 3.276605e-07 3.459523e-10 1.937455e-10
2.539062e+03 2.226562e+03 2.460938e+03 6.278389e-08 -7.554465e-08 4.509351e-09 3.219310e-07 3.589145e-10 1.721651e-10
2.539062e+03 2.304688e+03 2.460938e+03 4.976228e-08 -6.188550e-08 4.274770e-09 3.156976e-07 3.486517e-10 1.888521e-10
2.539062e+03 2.382812e+03 2.460938e+03 3.765199e-08 -4.917390e-08 3.999739e-09 3.090414e-07 3.316421e-10 1.727398e-10
2.539062e+03 2.460938e+03 2.460938e+03 2.638644e-08 -3.723556e-08 3.780666e-09 3.019737e-07 3.127842e-10 2.322104e-10
2.539062e+03 2.539062e+03 2.460938e+03 1.589881e-08 -2.610379e-08 3.579659e-09 2.945943e-07 2.699848e-10 2.516965e-10
2.539062e+03 2.617188e+03 2.460938e+03 6.164470e-09 -1.589526e-08 3.390918e-09 2.870086e-07 2.264782e-10 2.086927e-10
2.539062e+03 2.695312e+03 2.460938e+03 -2.797556e-09 -6.418790e-09 3.242842e-09 2.792981e-07 2.163732e-10 2.789750e-10
2.539062e+03 2.773438e+03 2.460938e+03 -1.096996e-08 2.354563e-09 3.058381e-09 2.715075e-07 2.137122e-10 3.405492e-10
2.539062e+03 2.851562e+03 2.460938e+03 -1.840750e-08 1.029118e-08 2.908948e-09 2.636956e-07 1.861526e-10 3.113780e-10
2.539062e+03 2.929688e+03 2.460938e+03 -2.518286e-08 1.752826e-08 2.798066e-09 2.559412e-07 1.525813e-10 2.911586e-10
2.539062e+03 3.007812e+03 2.460938e+03 -3.139417e-08 2.421237e-08 2.631433e-09 2.482386e-07 1.457468e-10 2.119314e-10
2.539062e+03 3.085938e+03 2.460938e+03 -3.709453e-08 3.026697e-08 2.512061e-09 2.405340e-07 1.599814e-10 1.292056e-10
2.539062e+03 3.164062e+03 2.460938e+03 -4.227423e-08 3.567670e-08 2.445336e-09 2.328793e-07 1.603477e-10 1.842721e-10
2.539062e+03 3.242188e+03 2.460938e+03 -4.693216e-08 4.051260e-08 2.344206e-09 2.253772e-07 1.396436e-10 1.553074e-10
2.539062e+03 3.320312e+03 2.460938e+03 -5.106959e-08 4.485582e-08 2.204342e-09 2.180474e-07 1.347765e-10 8.378071e-11
2.539062e+03 3.398438e+03 2.460938e+03 -5.470822e-08 4.873213e-08 2.117793e-09 2.108814e-07 1.509123e-10 2.248735e-10
2.539062e+03 3.476562e+03 2.460938e+03 -5.791507e-08 5.216318e-08 2.172052e-09 2.038637e-07 1.523663e-10 2.252006e-10
2.539062e+03 3.554688e+03 2.460938e+03 -6.076930e-08 5.518836e-08 2.121899e-09 1.970168e-07 1.389384e-10 -2.673397e-11
2.539062e+03 3.632812e+03 2.460938e+03 -6.332144e-08 5.781299e-08 1.966017e-09 1.903795e-07 1.271159e-10 -8.130425e-11
2.539062e+03 3.710938e+03 2.460938e+03 -6.557812e-08 6.005339e-08 1.917874e-09 1.839546e-07 1.135819e-10 1.658255e-11
2.539062e+03 3.789062e+03 2.460938e+03 -6.752455e-08 6.196667e-08 1.865235e-09 1.777254e-07 1.051163e-10 -1.445944e-11
2.539062e+03 3.867188e+03 2.460938e+03 -6.915889e-08 6.365258e-08 1.736596e-09 1.717036e-07 1.067014e-10 -3.633754e-11
2.539062e+03 3.945312e+03 2.460938e+03 -7.049739e-08 6.526266e-08 1.567342e-09 1.658780e-07 1.010108e-10 6.449556e-11
2.539062e+03 4.023438e+03 2.460938e+03 -7.157822e-08 6.672046e-08 1.542267e-09 1.602427e-07 8.395007e-11 2.189830e-10
2.539062e+03 4.101562e+03 2.460938e+03 -7.244926e-08 6.799378e-08 1.573142e-09 1.547927e-07 6.461662e-11 1.972874e-10
2.539062e+03 4.179688e+03 2.460938e+03 -7.315004e-08 6.908453e-08 1.424767e-09 1.494763e-07 4.526155e-11 7.781844e-11
2.539062e+03 4.257812e+03 2.460938e+03 -7.370417e-08 7.004356e-08 1.217318e-09 1.442578e-07 3.301594e-11 9.863672e-11
2.539062e+03 4.335938e+03 2.460938e+03 -7.412254e-08 7.081372e-08 1.102565e-09 1.391576e-07 2.404183e-11 9.158756e-11
2.539062e+03 4.414062e+03 2.460938e+03 -7.440666e-08 7.136494e-08 1.099258e-09 1.342297e-07 5.426212e-12 8.028071e-11
2.539062e+03 4.492188e+03 2.460938e+03 -7.454746e-08 7.165917e-08 1.040639e-09 1.295351e-07 -8.430639e-12 -2.337955e-11
2.539062e+03 4.570312e+03 2.460938e+03 -7.454961e-08 7.179440e-08 9.073284e-10 1.251034e-07 -9.000276e-13 -1.440749e-11
2.539062e+03 4.648438e+03 2.460938e+03 -7.444625e-08 7.189949e-08 8.251593e-10 1.209172e-07 1.996074e-11 7.456545e-11
2.539062e+03 4.726562e+03 2.460938e+03 -7.427413e-08 7.198368e-08 8.023816e-10 1.169385e-07 4.420738e-11 1.035729e-10
2.539062e+03 4.804688e+03 2.460938e+03 -7.405594e-08 7.208305e-08 7.853530e-10 1.130903e-07 6.084847e-11 8.239890e-11
2.539062e+03 4.882812e+03 2.460938e+03 -7.378552e-08 7.205591e-08 7.154927e-10 1.093491e-07 4.867409e-11 2.816997e-11
2.539062e+03 4.960938e+03 2.460938e+03 -7.345193e-08 7.176011e-08 7.953903e-10 1.057235e-07 3.362758e-11 8.770839e-11
2.617188e+03 3.906250e+01 2.460938e+03 4.642639e-07 -4.932664e-07 9.083876e-09 1.270654e-08 7.400263e-10 6.911961e-10
2.617188e+03 1.171875e+02 2.460938e+03 4.624007e-07 -4.910668e-07 9.465700e-09 3.744474e-08 7.229961e-10 2.289914e-10
2.617188e+03 1.953125e+02 2.460938e+03 4.587923e-07 -4.871658e-07 9.400591e-09 6.199634e-08 7.177032e-10 1.362992e-10
2.617188e+03 2.734375e+02 2.460938e+03 4.535059e-07 -4.815709e-07 9.246752e-09 8.615601e-08 6.567393e-10 2.128307e-10
2.617188e+03 3.515625e+02 2.460938e+03 4.466093e-07 -4.742749e-07 9.113643e-09 1.097329e-07 5.759542e-10 2.719078e-10
2.617188e+03 4.296875e+02 2.460938e+03 4.381253e-07 -4.653481e-07 9.026969e-09 1.325742e-07 5.235336e-10 3.396393e-10
2.617188e+03 5.078125e+02 2.460938e+03 4.281037e-07 -4.548183e-07 8.931160e-09 1.545503e-07 4.952065e-10 3.220296e-10
2.617188e+03 5.859375e+02 2.460938e+03 4.166308e-07 -4.428374e-07 8.729540e-09 1.755831e-07 5.057584e-10 1.966536e-10
2.617188e+03 6.640625e+02 2.460938e+03 4.037978e-07 -4.294829e-07 8.500830e-09 1.955005e-07 5.344231e-10 2.335863e-10
2.617188e+03 7.421875e+02 2.460938e+03 3.897161e-07 -4.148695e-07 8.378574e-09 2.142458e-07 5.243197e-10 1.662320e-10
2.617188e+03 8.203125e+02 2.460938e+03 3.745506e-07 -3.991444e-07 8.257655e-09 2.317055e-07 4.874478e-10 2.583743e-10
2.617188e+03 8.984375e+02 2.460938e+03 3.584597e-07 -3.824712e-07 8.114787e-09 2.477647e-07 4.457733e-10 2.263444e-10
2.617188e+03 9.765625e+02 2.460938e+03 3.415773e-07 -3.650083e-07 7.815199e-09 2.623489e-07 4.192906e-10 2.195320e-10
2.617188e+03 1.054688e+03 2.460938e+03 3.240368e-07 -3.468663e-07 7.555013e-09 2.754029e-07 4.385046e-10 3.095710e-10
2.617188e+03 1.132812e+03 2.460938e+03 3.059780e-07 -3.281803e-07 7.409044e-09 2.869323e-07 4.740976e-10 3.358170e-10
2.617188e+03 1.210938e+03 2.460938e+03 2.875579e-07 -3.090025e-07 7.223434e-09 2.969537e-07 4.925342e-10 3.799279e-10
2.617188e+03 1.289062e+03 2.460938e+03 2.689415e-07 -2.895389e-07 7.022088e-09 3.054736e-07 4.979297e-10 3.352579e-10
2.617188e+03 1.367188e+03 2.460938e+03 2.502458e-07 -2.700190e-07 6.763151e-09 3.125040e-07 4.860897e-10 3.745387e-10
2.617188e+03 1.445312e+03 2.460938e+03 2.315725e-07 -2.506229e-07 6.623144e-09 3.180694e-07 4.564906e-10 3.962336e-10
2.617188e+03 1.523438e+03 2.460938e+03 2.130589e-07 -2.313863e-07 6.376888e-09 3.221964e-07 4.290372e-10 2.250488e-10
2.617188e+03 1.601562e+03 2.460938e+03 1.948548e-07 -2.124523e-07 6.042079e-09 3.249764e-07 4.108456e-10 2.409035e-10
2.617188e+03 1.679688e+03 2.460938e+03 1.770452e-07 -1.939151e-07 5.877879e-09 3.265169e-07 4.041918e-10 3.338198e-10
2.617188e+03 1.757812e+03 2.460938e+03 1.597027e-07 -1.757801e-07 5.684892e-09 3.268805e-07 4.142932e-10 2.342369e-10
2.617188e+03 1.835938e+03 2.460938e+03 1.429240e-07 -1.582473e-07 5.490630e-09 3.260908e-07 3.971136e-10 2.293090e-10
2.617188e+03 1.914062e+03 2.460938e+03 1.267892e-07 -1.414228e-07 5.231461e-09 3.242398e-07 3.234221e-10 2.410957e-10
2.617188e+03 1.992188e+03 2.460938e+03 1.113320e-07 -1.252995e-07 4.906261e-09 3.214945e-07 2.605180e-10 1.796322e-10
2.617188e+03 2.070312e+03 2.460938e+03 9.655153e-08 -1.099154e-07 4.690357e-09 3.179748e-07 2.620533e-10 1.780775e-10
2.617188e+03 2.148438e+03 2.460938e+03 8.246098e-08 -9.519360e-08 4.471525e-09 3.137077e-07 2.984052e-10 1.490160e-10
2.617188e+03 2.226562e+03 2.460938e+03 6.911686e-08 -8.113532e-08 4.258014e-09 3.088097e-07 3.138700e-10 1.428186e-10
2.617188e+03 2.304688e+03 2.460938e+03 5.658756e-08 -6.795200e-08 4.056257e-09 3.034316e-07 2.899903e-10 1.544741e-10
2.617188e+03 2.382812e+03 2.460938e+03 4.485216e-08 -5.569005e-08 3.791487e-09 2.975787e-07 2.628804e-10 1.332776e-10
2.617188e+03 2.460938e+03 2.460938e+03 3.387698e-08 -4.412049e-08 3.557135e-09 2.912765e-07 2.453181e-10 1.861124e-10
2.617188e+03 2.539062e+03 2.460938e+03 2.361468e-08 -3.326659e-08 3.364705e-09 2.846233e-07 2.160679e-10 2.044690e-10
2.617188e+03 2.617188e+03 2.460938e+03 1.405899e-08 -2.323594e-08 3.202250e-09 2.777766e-07 1.903954e-10 1.806653e-10
2.617188e+03 2.695312e+03 2.460938e+03 5.235498e-09 -1.385839e-08 3.059541e-09 2.708071e-07 1.885648e-10 2.540488e-10
2.617188e+03 2.773438e+03 2.460938e+03 -2.877613e-09 -5.150364e-09 2.881046e-09 2.637312e-07 1.824289e-10 2.941323e-10
2.617188e+03 2.851562e+03 2.460938e+03 -1.030773e-08 2.775322e-09 2.752486e-09 2.565979e-07 1.459640e-10 2.464014e-10
2.617188e+03 2.929688e+03 2.460938e+03 -1.714400e-08 1.002257e-08 2.645510e-09 2.494499e-07 1.063345e-10 2.226507e-10
2.617188e+03 3.007812e+03 2.460938e+03 -2.345785e-08 1.673572e-08 2.463282e-09 2.422982e-07 9.397845e-11 1.596597e-10
2.617188e+03 3.085938e+03 2.460938e+03 -2.926073e-08 2.284758e-08 2.338790e-09 2.351164e-07 1.041373e-10 1.048800e-10
2.617188e+03 3.164062e+03 2.460938e+03 -3.455118e-08 2.834796e-08 2.288208e-09 2.279610e-07 1.107295e-10 1.824485e-10
2.617188e+03 3.242188e+03 2.460938e+03 -3.931926e-08 3.329335e-08 2.212042e-09 2.209426e-07 1.001679e-10 1.614793e-10
2.617188e+03 3.320312e+03 2.460938e+03 -4.357989e-08 3.776464e-08 2.092532e-09 2.140782e-07 1.002830e-10 7.828668e-11
2.617188e+03 3.398438e+03 2.460938e+03 -4.738700e-08 4.180102e-08 2.014397e-09 2.073396e-07 1.185506e-10 1.948173e-10
2.617188e+03 3.476562e+03 2.460938e+03 -5.079952e-08 4.541398e-08 2.063189e-09 2.007160e-07 1.225973e-10 1.818631e-10
2.617188e+03 3.554688e+03 2.460938e+03 -5.387250e-08 4.862942e-08 2.007715e-09 1.942172e-07 1.139730e-10 -6.850687e-11
2.617188e+03 3.632812e+03 2.460938e+03 -5.663767e-08 5.144596e-08 1.853208e-09 1.879072e-07 1.068008e-10 -1.107385e-10
2.617188e+03 3.710938e+03 2.460938e+03 -5.909031e-08 5.387613e-08 1.803436e-09 1.818008e-07 9.323234e-11 6.947088e-12
2.617188e+03 3.789062e+03 2.460938e+03 -6.122153e-08 5.597164e-08 1.756063e-09 1.758803e-07 8.430254e-11 -6.465461e-12
2.617188e+03 3.867188e+03 2.460938e+03 -6.303466e-08 5.784903e-08 1.647760e-09 1.701477e-07 8.745463e-11 -2.839046e-11
2.617188e+03 3.945312e+03 2.460938e+03 -6.456046e-08 5.962129e-08 1.501674e-09 1.645805e-07 7.930158e-11 5.038851e-11
2.617188e+03 4.023438e+03 2.460938e+03 -6.584807e-08 6.124183e-08 1.489469e-09 1.591609e-07 5.509787e-11 1.792248e-10
2.617188e+03 4.101562e+03 2.460938e+03 -6.694447e-08 6.266686e-08 1.522181e-09 1.538921e-07 3.045252e-11 1.430898e-10
2.617188e+03 4.179688e+03 2.460938e+03 -6.787453e-08 6.389948e-08 1.377422e-09 1.487382e-07 1.207422e-11 2.700907e-11
2.617188e+03 4.257812e+03 2.460938e+03 -6.864568e-08 6.500082e-08 1.180400e-09 1.436744e-07 7.685166e-12 6.573886e-11
2.617188e+03 4.335938e+03 2.460938e+03 -6.926117e-08 6.591979e-08 1.079669e-09 1.387273e-07 7.189270e-12 7.762750e-11
2.617188e+03 4.414062e+03 2.460938e+03 -6.972216e-08 6.664086e-08 1.086897e-09 1.339512e-07 -8.726628e-12 8.199146e-11
2.617188e+03 4.492188e+03 2.460938e+03 -7.002584e-08 6.713954e-08 1.034281e-09 1.294083e-07 -2.075178e-11 -1.933724e-11
2.617188e+03 4.570312e+03 2.460938e+03 -7.018596e-08 6.750259e-08 9.020019e-10 1.251036e-07 -7.685869e-12 -2.334344e-11
2.617188e+03 4.648438e+03 2.460938e+03 -7.023682e-08 6.782421e-08 8.162482e-10 1.210119e-07 1.729496e-11 5.302543e-11
2.617188e+03 4.726562e+03 2.460938e+03 -7.022112e-08 6.810232e-08 7.941541e-10 1.170918e-07 4.090991e-11 7.746003e-11
2.617188e+03 4.804688e+03 2.460938e+03 -7.015081e-08 6.832924e-08 7.786127e-10 1.132998e-07 5.651271e-11 6.076468e-11
2.617188e+03 4.882812e+03 2.460938e+03 -7.002837e-08 6.839555e-08 7.103869e-10 1.096073e-07 4.976514e-11 -1.703718e-11
2.617188e+03 4.960938e+03 2.460938e+03 -6.984979e-08 6.817585e-08 7.843956e-10 1.060371e-07 3.655615e-11 1.625472e-11
2.695312e+03 3.906250e+01 2.460938e+03 4.425428e-07 -4.689154e-07 8.299789e-09 1.181448e-08 7.219925e-10 5.619554e-10
2.695312e+03 1.171875e+02 2.460938e+03 4.407845e-07 -4.669277e-07 8.670526e-09 3.484994e-08 7.497377e-10 2.221323e-10
2.695312e+03 1.953125e+02 2.460938e+03 4.374877e-07 -4.633773e-07 8.652502e-09 5.770850e-08 7.360453e-10 1.482385e-10
2.695312e+03 2.734375e+02 2.460938e+03 4.327200e-07 -4.583848e-07 8.499485e-09 8.014318e-08 7.181776e-10 2.084687e-10
2.695312e+03 3.515625e+02 2.460938e+03 4.264157e-07 -4.517511e-07 8.360051e-09 1.021108e-07 6.982854e-10 2.164641e-10
2.695312e+03 4.296875e+02 2.460938e+03 4.186063e-07 -4.435671e-07 8.282760e-09 1.234784e-07 6.884512e-10 2.370685e-10
2.695312e+03 5.078125e+02 2.460938e+03 4.093748e-07 -4.339090e-07 8.193996e-09 1.441291e-07 6.640974e-10 2.054349e-10
2.695312e+03 5.859375e+02 2.460938e+03 3.988184e-07 -4.228910e-07 8.009826e-09 1.639247e-07 6.605318e-10 1.232865e-10
2.695312e+03 6.640625e+02 2.460938e+03 3.870167e-07 -4.106313e-07 7.805928e-09 1.826632e-07 6.497630e-10 1.995829e-10
2.695312e+03 7.421875e+02 2.460938e+03 3.740951e-07 -3.972441e-07 7.691146e-09 2.002905e-07 5.912353e-10 1.633675e-10
2.695312e+03 8.203125e+02 2.460938e+03 3.601972e-07 -3.828958e-07 7.577167e-09 2.167290e-07 5.401671e-10 2.886722e-10
2.695312e+03 8.984375e+02 2.460938e+03 3.454416e-07 -3.676156e-07 7.446995e-09 2.318874e-07 5.261129e-10 2.454135e-10
2.695312e+03 9.765625e+02 2.460938e+03 3.299249e-07 -3.515982e-07 7.166167e-09 2.457310e-07 5.497961e-10 2.233003e-10
2.695312e+03 1.054688e+03 2.460938e+03 3.137653e-07 -3.348494e-07 6.943801e-09 2.582303e-07 5.992936e-10 3.108310e-10
2.695312e+03 1.132812e+03 2.460938e+03 2.970987e-07 -3.175946e-07 6.851409e-09 2.693661e-07 6.173311e-10 3.240940e-10
2.695312e+03 1.210938e+03 2.460938e+03 2.800826e-07 -2.998636e-07 6.699128e-09 2.791443e-07 5.904024e-10 3.532720e-10
2.695312e+03 1.289062e+03 2.460938e+03 2.628437e-07 -2.818645e-07 6.511669e-09 2.875305e-07 5.567580e-10 3.052345e-10
2.695312e+03 1.367188e+03 2.460938e+03 2.454741e-07 -2.637605e-07 6.268106e-09 2.945209e-07 5.198153e-10 3.464077e-10
2.695312e+03 1.445312e+03 2.460938e+03 2.280887e-07 -2.457607e-07 6.131677e-09 3.001637e-07 4.790446e-10 3.754698e-10
2.695312e+03 1.523438e+03 2.460938e+03 2.108368e-07 -2.278584e-07 5.903076e-09 3.045081e-07 4.630633e-10 2.306518e-10
2.695312e+03 1.601562e+03 2.460938e+03 1.938302e-07 -2.101905e-07 5.627176e-09 3.076041e-07 4.608790e-10 2.695490e-10
2.695312e+03 1.679688e+03 2.460938e+03 1.771428e-07 -1.928226e-07 5.534787e-09 3.095338e-07 4.455874e-10 3.564964e-10
2.695312e+03 1.757812e+03 2.460938e+03 1.608493e-07 -1.758079e-07 5.382388e-09 3.103570e-07 4.229329e-10 2.356091e-10
2.695312e+03 1.835938e+03 2.460938e+03 1.450316e-07 -1.593586e-07 5.181801e-09 3.100963e-07 3.865188e-10 2.115953e-10
2.695312e+03 1.914062e+03 2.460938e+03 1.297546e-07 -1.435058e-07 4.909522e-09 3.088424e-07 3.346540e-10 2.145837e-10
2.695312e+03 1.992188e+03 2.460938e+03 1.150533e-07 -1.282190e-07 4.602669e-09 3.067519e-07 3.119861e-10 1.560078e-10
2.695312e+03 2.070312e+03 2.460938e+03 1.009489e-07 -1.135219e-07 4.425044e-09 3.039223e-07 3.365246e-10 1.690989e-10
2.695312e+03 2.148438e+03 2.460938e+03 8.748028e-08 -9.943228e-08 4.239683e-09 3.003725e-07 3.602062e-10 1.588566e-10
2.695312e+03 2.226562e+03 2.460938e+03 7.471196e-08 -8.593317e-08 4.044663e-09 2.962213e-07 3.419944e-10 1.533880e-10
2.695312e+03 2.304688e+03 2.460938e+03 6.265372e-08 -7.329038e-08 3.848370e-09 2.915669e-07 3.028574e-10 1.479573e-10
2.695312e+03 2.382812e+03 2.460938e+03 5.130303e-08 -6.147708e-08 3.588045e-09 2.864242e-07 2.888478e-10 1.146916e-10
2.695312e+03 2.460938e+03 2.460938e+03 4.062554e-08 -5.027331e-08 3.367140e-09 2.808214e-07 2.941656e-10 1.658540e-10
2.695312e+03 2.539062e+03 2.460938e+03 3.061848e-08 -3.969281e-08 3.195368e-09 2.748792e-07 2.846844e-10 1.967466e-10
2.695312e+03 2.617188e+03 2.460938e+03 2.129175e-08 -2.985022e-08 3.038379e-09 2.687456e-07 2.603819e-10 1.809711e-10
2.695312e+03 2.695312e+03 2.460938e+03 1.262426e-08 -2.061879e-08 2.894446e-09 2.624652e-07 2.365256e-10 2.313474e-10
2.695312e+03 2.773438e+03 2.460938e+03 4.611303e-09 -1.199007e-08 2.733757e-09 2.560520e-07 2.106970e-10 2.427541e-10
2.695312e+03 2.851562e+03 2.460938e+03 -2.811816e-09 -4.125633e-09 2.613854e-09 2.495203e-07 1.720493e-10 1.880314e-10
2.695312e+03 2.929688e+03 2.460938e+03 -9.696779e-09 3.097420e-09 2.488401e-09 2.429174e-07 1.322723e-10 1.760571e-10
2.695312e+03 3.007812e+03 2.460938e+03 -1.606107e-08 9.794178e-09 2.293476e-09 2.362836e-07 1.161908e-10 1.401725e-10
2.695312e+03 3.085938e+03 2.460938e+03 -2.191037e-08 1.592235e-08 2.180763e-09 2.296067e-07 1.249001e-10 1.186312e-10
2.695312e+03 3.164062e+03 2.460938e+03 -2.723754e-08 2.147288e-08 2.155393e-09 2.229467e-07 1.313961e-10 2.086185e-10
2.695312e+03 3.242188e+03 2.460938e+03 -3.206918e-08 2.650641e-08 2.109843e-09 2.163978e-07 1.220054e-10 1.754662e-10
2.695312e+03 3.320312e+03 2.460938e+03 -3.645081e-08 3.109220e-08 2.008735e-09 2.099760e-07 1.232294e-10 7.004872e-11
2.695312e+03 3.398438e+03 2.460938e+03 -4.042182e-08 3.527859e-08 1.920096e-09 2.036494e-07 1.412293e-10 1.613715e-10
2.695312e+03 3.476562e+03 2.460938e+03 -4.403176e-08 3.905633e-08 1.947400e-09 1.973971e-07 1.433499e-10 1.378031e-10
2.695312e+03 3.554688e+03 2.460938e+03 -4.730257e-08 4.243058e-08 1.885755e-09 1.912462e-07 1.315832e-10 -9.703945e-11
2.695312e+03 3.632812e+03 2.460938e+03 -5.023666e-08 4.540820e-08 1.735134e-09 1.852606e-07 1.242375e-10 -1.115944e-10
2.695312e+03 3.710938e+03 2.460938e+03 -5.284434e-08 4.799491e-08 1.692271e-09 1.794648e-07 1.141104e-10 2.796340e-11
2.695312e+03 3.789062e+03 2.460938e+03 -5.512580e-08 5.025929e-08 1.665418e-09 1.738482e-07 1.101448e-10 2.459899e-11
2.695312e+03 3.867188e+03 2.460938e+03 -5.709620e-08 5.229932e-08 1.583064e-09 1.684010e-07 1.166676e-10 -7.005594e-12
2.695312e+03 3.945312e+03 2.460938e+03 -5.879838e-08 5.422223e-08 1.452497e-09 1.630865e-07 1.066067e-10 4.344357e-11
2.695312e+03 4.023438e+03 2.460938e+03 -6.028490e-08 5.596655e-08 1.443166e-09 1.578859e-07 7.329579e-11 1.466653e-10
2.695312e+03 4.101562e+03 2.460938e+03 -6.159268e-08 5.752404e-08 1.470992e-09 1.528033e-07 3.714432e-11 1.021217e-10
2.695312e+03 4.179688e+03 2.460938e+03 -6.273587e-08 5.887394e-08 1.327162e-09 1.478188e-07 1.534418e-11 -4.641973e-12
2.695312e+03 4.257812e+03 2.460938e+03 -6.370689e-08 6.011855e-08 1.143517e-09 1.429185e-07 1.880023e-11 5.654464e-11
2.695312e+03 4.335938e+03 2.460938e+03 -6.450120e-08 6.118830e-08 1.059941e-09 1.381335e-07 3.144067e-11 8.612780e-11
2.695312e+03 4.414062e+03 2.460938e+03 -6.512225e-08 6.208226e-08 1.079194e-09 1.335240e-07 2.405496e-11 1.024993e-10
2.695312e+03 4.492188e+03 2.460938e+03 -6.558006e-08 6.277380e-08 1.034191e-09 1.291452e-07 1.211393e-11 7.919383e-12
2.695312e+03 4.570312e+03 2.460938e+03 -6.589301e-08 6.333645e-08 9.061802e-10 1.249824e-07 1.923810e-11 -1.699991e-12
2.695312e+03 4.648438e+03 2.460938e+03 -6.609517e-08 6.383383e-08 8.192113e-10 1.209898e-07 3.250397e-11 6.292044e-11
2.695312e+03 4.726562e+03 2.460938e+03 -6.622498e-08 6.425706e-08 8.000861e-10 1.171204e-07 4.223872e-11 7.547877e-11
2.695312e+03 4.804688e+03 2.460938e+03 -6.630707e-08 6.461582e-08 7.865081e-10 1.133631e-07 4.531211e-11 4.890162e-11
2.695312e+03 4.882812e+03 2.460938e+03 -6.633169e-08 6.476813e-08 7.239024e-10 1.097130e-07 4.108867e-11 -4.952574e-11
2.695312e+03 4.960938e+03 2.460938e+03 -6.629923e-08 6.465696e-08 7.858368e-10 1.061984e-07 3.627378e-11 -3.154052e-11
2.773438e+03 3.906250e+01 2.460938e+03 4.221733e-07 -4.462327e-07 7.642787e-09 1.094954e-08 5.820120e-10 4.829431e-10
2.773438e+03 1.171875e+02 2.460938e+03 4.206539e-07 -4.444518e-07 7.952457e-09 3.241826e-08 5.018662e-10 1.740248e-10
2.773438e+03 1.953125e+02 2.460938e+03 4.177381e-07 -4.413377e-07 7.887166e-09 5.375819e-08 4.669968e-10 9.804059e-11
2.773438e+03 2.734375e+02 2.460938e+03 4.133364e-07 -4.367528e-07 7.744734e-09 7.471925e-08 4.982656e-10 9.189396e-11
2.773438e+03 3.515625e+02 2.460938e+03 4.075051e-07 -4.306279e-07 7.625275e-09 9.530945e-08 5.201012e-10 8.811876e-11
2.773438e+03 4.296875e+02 2.460938e+03 4.003171e-07 -4.230826e-07 7.563386e-09 1.153343e-07 5.320337e-10 1.342567e-10
2.773438e+03 5.078125e+02 2.460938e+03 3.918571e-07 -4.142238e-07 7.473946e-09 1.346912e-07 5.244799e-10 1.627071e-10
2.773438e+03 5.859375e+02 2.460938e+03 3.821820e-07 -4.041447e-07 7.316618e-09 1.532129e-07 5.284577e-10 1.408644e-10
2.773438e+03 6.640625e+02 2.460938e+03 3.713700e-07 -3.929430e-07 7.132294e-09 1.707537e-07 5.102405e-10 2.324581e-10
2.773438e+03 7.421875e+02 2.460938e+03 3.595436e-07 -3.807481e-07 7.020614e-09 1.872962e-07 4.705053e-10 2.055670e-10
2.773438e+03 8.203125e+02 2.460938e+03 3.468019e-07 -3.675982e-07 6.928370e-09 2.027965e-07 4.704277e-10 3.238053e-10
2.773438e+03 8.984375e+02 2.460938e+03 3.332272e-07 -3.535448e-07 6.834483e-09 2.171702e-07 5.079514e-10 2.522956e-10
2.773438e+03 9.765625e+02 2.460938e+03 3.189178e-07 -3.387346e-07 6.601185e-09 2.303823e-07 5.641525e-10 2.215919e-10
2.773438e+03 1.054688e+03 2.460938e+03 3.039842e-07 -3.232470e-07 6.430020e-09 2.423781e-07 6.027555e-10 3.062139e-10
2.773438e+03 1.132812e+03 2.460938e+03 2.885683e-07 -3.073054e-07 6.369305e-09 2.531222e-07 5.827115e-10 3.106169e-10
2.773438e+03 1.210938e+03 2.460938e+03 2.728134e-07 -2.909413e-07 6.216199e-09 2.626171e-07 5.328111e-10 3.368699e-10
2.773438e+03 1.289062e+03 2.460938e+03 2.568146e-07 -2.742870e-07 6.021014e-09 2.708074e-07 5.010251e-10 3.044196e-10
2.773438e+03 1.367188e+03 2.460938e+03 2.406627e-07 -2.575006e-07 5.787350e-09 2.777159e-07 4.772188e-10 3.649975e-10
2.773438e+03 1.445312e+03 2.460938e+03 2.244904e-07 -2.407714e-07 5.675219e-09 2.834048e-07 4.566068e-10 4.066087e-10
2.773438e+03 1.523438e+03 2.460938e+03 2.084090e-07 -2.241042e-07 5.489589e-09 2.879081e-07 4.635559e-10 2.679219e-10
2.773438e+03 1.601562e+03 2.460938e+03 1.924997e-07 -2.076099e-07 5.269460e-09 2.912471e-07 4.597376e-10 2.890211e-10
2.773438e+03 1.679688e+03 2.460938e+03 1.768266e-07 -1.913412e-07 5.207905e-09 2.934896e-07 4.134465e-10 3.460254e-10
2.773438e+03 1.757812e+03 2.460938e+03 1.614755e-07 -1.754057e-07 5.051095e-09 2.947030e-07 3.679754e-10 2.090161e-10
2.773438e+03 1.835938e+03 2.460938e+03 1.465398e-07 -1.599439e-07 4.839163e-09 2.949164e-07 3.488026e-10 1.910801e-10
2.773438e+03 1.914062e+03 2.460938e+03 1.320680e-07 -1.449709e-07 4.577050e-09 2.942069e-07 3.451189e-10 2.049171e-10
2.773438e+03 1.992188e+03 2.460938e+03 1.180935e-07 -1.304356e-07 4.300317e-09 2.927155e-07 3.562286e-10 1.589186e-10
2.773438e+03 2.070312e+03 2.460938e+03 1.046632e-07 -1.164377e-07 4.148958e-09 2.905066e-07 3.711557e-10 1.887566e-10
2.773438e+03 2.148438e+03 2.460938e+03 9.183516e-08 -1.029723e-07 3.985554e-09 2.876021e-07 3.597329e-10 1.819697e-10
2.773438e+03 2.226562e+03 2.460938e+03 7.962872e-08 -9.009277e-08 3.805723e-09 2.840889e-07 3.162024e-10 1.624494e-10
2.773438e+03 2.304688e+03 2.460938e+03 6.804564e-08 -7.797614e-08 3.611321e-09 2.800690e-07 2.831575e-10 1.409990e-10
2.773438e+03 2.382812e+03 2.460938e+03 5.706448e-08 -6.659238e-08 3.353110e-09 2.755709e-07 3.033400e-10 9.951807e-11
2.773438e+03 2.460938e+03 2.460938e+03 4.670070e-08 -5.571378e-08 3.151084e-09 2.706301e-07 3.433061e-10 1.522933e-10
2.773438e+03 2.539062e+03 2.460938e+03 3.697468e-08 -4.539017e-08 2.994267e-09 2.653739e-07 3.424063e-10 1.972974e-10
2.773438e+03 2.617188e+03 2.460938e+03 2.788152e-08 -3.578414e-08 2.841880e-09 2.599055e-07 2.962105e-10 1.762465e-10
2.773438e+03 2.695312e+03 2.460938e+03 1.941037e-08 -2.672679e-08 2.715012e-09 2.542651e-07 2.458569e-10 2.042587e-10
2.773438e+03 2.773438e+03 2.460938e+03 1.150099e-08 -1.824510e-08 2.559990e-09 2.484356e-07 2.106469e-10 2.034427e-10
2.773438e+03 2.851562e+03 2.460938e+03 4.113155e-09 -1.047604e-08 2.421540e-09 2.424341e-07 1.724735e-10 1.470164e-10
2.773438e+03 2.929688e+03 2.460938e+03 -2.770969e-09 -3.318169e-09 2.280691e-09 2.363389e-07 1.415993e-10 1.497202e-10
2.773438e+03 3.007812e+03 2.460938e+03 -9.141907e-09 3.349017e-09 2.093177e-09 2.302059e-07 1.378949e-10 1.411911e-10
2.773438e+03 3.085938e+03 2.460938e+03 -1.498466e-08 9.478364e-09 2.007499e-09 2.240318e-07 1.458111e-10 1.353524e-10
2.773438e+03 3.164062e+03 2.460938e+03 -2.033286e-08 1.505685e-08 2.008375e-09 2.178534e-07 1.434455e-10 2.231571e-10
2.773438e+03 3.242188e+03 2.460938e+03 -2.522572e-08 2.015071e-08 1.981248e-09 2.117577e-07 1.301805e-10 1.779505e-10
2.773438e+03 3.320312e+03 2.460938e+03 -2.970147e-08 2.484981e-08 1.888079e-09 2.057586e-07 1.306263e-10 5.412203e-11
2.773438e+03 3.398438e+03 2.460938e+03 -3.381847e-08 2.915273e-08 1.784445e-09 1.998154e-07 1.500710e-10 1.288341e-10
2.773438e+03 3.476562e+03 2.460938e+03 -3.759177e-08 3.306203e-08 1.792862e-09 1.939198e-07 1.534360e-10 1.037305e-10
2.773438e+03 3.554688e+03 2.460938e+03 -4.101107e-08 3.656852e-08 1.729671e-09 1.881089e-07 1.382174e-10 -1.093050e-10
2.773438e+03 3.632812e+03 2.460938e+03 -4.408023e-08 3.966917e-08 1.586769e-09 1.824446e-07 1.284988e-10 -9.707353e-11
2.773438e+03 3.710938e+03 2.460938e+03 -4.680785e-08 4.240250e-08 1.560839e-09 1.769575e-07 1.219944e-10 5.440750e-11
2.773438e+03 3.789062e+03 2.460938e+03 -4.922118e-08 4.481463e-08 1.560409e-09 1.716338e-07 1.231168e-10 4.626370e-11
2.773438e+03 3.867188e+03 2.460938e+03 -5.135295e-08 4.700801e-08 1.499160e-09 1.664566e-07 1.327374e-10 -3.590159e-12
2.773438e+03 3.945312e+03 2.460938e+03 -5.324170e-08 4.906235e-08 1.377095e-09 1.613792e-07 1.262010e-10 2.359048e-11
2.773438e+03 4.023438e+03 2.460938e+03 -5.492758e-08 5.092396e-08 1.364549e-09 1.563907e-07 9.441706e-11 1.137894e-10
2.773438e+03 4.101562e+03 2.460938e+03 -5.643356e-08 5.257383e-08 1.381382e-09 1.515036e-07 5.489298e-11 7.505640e-11
2.773438e+03 4.179688e+03 2.460938e+03 -5.776066e-08 5.403248e-08 1.237474e-09 1.467062e-07 2.964451e-11 -1.446591e-11
2.773438e+03 4.257812e+03 2.460938e+03 -5.890122e-08 5.539579e-08 1.070304e-09 1.419910e-07 3.225237e-11 6.827731e-11
2.773438e+03 4.335938e+03 2.460938e+03 -5.984909e-08 5.662724e-08 1.004106e-09 1.373829e-07 4.684663e-11 1.120194e-10
2.773438e+03 4.414062e+03 2.460938e+03 -6.061296e-08 5.768491e-08 1.029397e-09 1.329411e-07 4.060718e-11 1.323090e-10
2.773438e+03 4.492188e+03 2.460938e+03 -6.121796e-08 5.856099e-08 9.837597e-10 1.287083e-07 2.315062e-11 3.934337e-11
2.773438e+03 4.570312e+03 2.460938e+03 -6.168540e-08 5.928695e-08 8.558735e-10 1.246709e-07 1.877900e-11 2.511478e-11
2.773438e+03 4.648438e+03 2.460938e+03 -6.203709e-08 5.992678e-08 7.653122e-10 1.207699e-07 2.043626e-11 8.306515e-11
2.773438e+03 4.726562e+03 2.460938e+03 -6.230751e-08 6.046465e-08 7.474809e-10 1.169733e-07 2.236345e-11 9.035073e-11
2.773438e+03 4.804688e+03 2.460938e+03 -6.253267e-08 6.093350e-08 7.454410e-10 1.132655e-07 2.063100e-11 5.516047e-11
2.773438e+03 4.882812e+03 2.460938e+03 -6.271279e-08 6.120333e-08 7.070279e-10 1.096837e-07 2.244560e-11 -5.060318e-11
2.773438e+03 4.960938e+03 2.460938e+03 -6.282993e-08 6.120038e-08 7.766881e-10 1.062288e-07 3.058880e-11 -4.377723e-11
2.851562e+03 3.906250e+01 2.460938e+03 4.031142e-07 -4.251538e-07 6.966270e-09 1.014916e-08 5.047773e-10 3.463897e-10
2.851562e+03 1.171875e+02 2.460938e+03 4.017113e-07 -4.235261e-07 7.160773e-09 3.023430e-08 4.806026e-10 2.335288e-11
2.851562e+03 1.953125e+02 2.460938e+03 3.989598e-07 -4.206578e-07 7.078649e-09 5.017119e-08 4.993320e-10 -3.092083e-11
2.851562e+03 2.734375e+02 2.460938e+03 3.948672e-07 -4.164117e-07 6.938222e-09 6.985566e-08 4.950998e-10 1.393809e-11
2.851562e+03 3.515625e+02 2.460938e+03 3.895342e-07 -4.108116e-07 6.835618e-09 8.913116e-08 4.663372e-10 9.146255e-11
2.851562e+03 4.296875e+02 2.460938e+03 3.829869e-07 -4.039446e-07 6.801673e-09 1.078489e-07 4.304841e-10 1.723936e-10
2.851562e+03 5.078125e+02 2.460938e+03 3.752643e-07 -3.958732e-07 6.742207e-09 1.259115e-07 4.071359e-10 2.059968e-10
2.851562e+03 5.859375e+02 2.460938e+03 3.663933e-07 -3.866506e-07 6.622725e-09 1.432094e-07 4.162485e-10 1.512182e-10
2.851562e+03 6.640625e+02 2.460938e+03 3.564681e-07 -3.764021e-07 6.457624e-09 1.596655e-07 4.190789e-10 1.973379e-10
2.851562e+03 7.421875e+02 2.460938e+03 3.456104e-07 -3.652045e-07 6.369727e-09 1.752850e-07 4.262991e-10 1.585754e-10
2.851562e+03 8.203125e+02 2.460938e+03 3.338906e-07 -3.530743e-07 6.315086e-09 1.899839e-07 4.611059e-10 2.527063e-10
2.851562e+03 8.984375e+02 2.460938e+03 3.213703e-07 -3.400880e-07 6.263847e-09 2.036627e-07 4.896232e-10 1.734227e-10
2.851562e+03 9.765625e+02 2.460938e+03 3.081516e-07 -3.263873e-07 6.082840e-09 2.162626e-07 4.962197e-10 1.569251e-10
2.851562e+03 1.054688e+03 2.460938e+03 2.943509e-07 -3.120976e-07 5.950582e-09 2.277193e-07 4.670948e-10 2.463869e-10
2.851562e+03 1.132812e+03 2.460938e+03 2.800993e-07 -2.973977e-07 5.898009e-09 2.380345e-07 4.088070e-10 2.572432e-10
2.851562e+03 1.210938e+03 2.460938e+03 2.655021e-07 -2.822822e-07 5.748528e-09 2.472071e-07 3.737931e-10 2.901182e-10
2.851562e+03 1.289062e+03 2.460938e+03 2.506414e-07 -2.668495e-07 5.577963e-09 2.551878e-07 3.747873e-10 2.709150e-10
2.851562e+03 1.367188e+03 2.460938e+03 2.356283e-07 -2.512597e-07 5.384356e-09 2.620082e-07 3.678873e-10 3.411269e-10
2.851562e+03 1.445312e+03 2.460938e+03 2.205800e-07 -2.357090e-07 5.318191e-09 2.677228e-07 3.542638e-10 3.805314e-10
2.851562e+03 1.523438e+03 2.460938e+03 2.055810e-07 -2.201736e-07 5.177378e-09 2.723294e-07 3.608098e-10 2.326223e-10
2.851562e+03 1.601562e+03 2.460938e+03 1.906688e-07 -2.047573e-07 4.978564e-09 2.758503e-07 3.413928e-10 2.267263e-10
2.851562e+03 1.679688e+03 2.460938e+03 1.759200e-07 -1.895403e-07 4.905588e-09 2.783524e-07 2.798856e-10 2.684626e-10
2.851562e+03 1.757812e+03 2.460938e+03 1.614516e-07 -1.745942e-07 4.735420e-09 2.799225e-07 2.522874e-10 1.442110e-10
2.851562e+03 1.835938e+03 2.460938e+03 1.473526e-07 -1.600386e-07 4.538104e-09 2.805671e-07 2.804098e-10 1.514771e-10
2.851562e+03 1.914062e+03 2.460938e+03 1.336626e-07 -1.458476e-07 4.312712e-09 2.803362e-07 3.120828e-10 1.848444e-10
2.851562e+03 1.992188e+03 2.460938e+03 1.204070e-07 -1.320525e-07 4.067152e-09 2.793584e-07 3.196976e-10 1.489916e-10
2.851562e+03 2.070312e+03 2.460938e+03 1.076479e-07 -1.187421e-07 3.932087e-09 2.777065e-07 3.022352e-10 1.805217e-10
2.851562e+03 2.148438e+03 2.460938e+03 9.543353e-08 -1.059436e-07 3.775550e-09 2.753671e-07 2.701353e-10 1.690469e-10
2.851562e+03 2.226562e+03 2.460938e+03 8.377241e-08 -9.367244e-08 3.599796e-09 2.724185e-07 2.397185e-10 1.345720e-10
2.851562e+03 2.304688e+03 2.460938e+03 7.264180e-08 -8.205165e-08 3.411602e-09 2.689747e-07 2.347504e-10 1.060418e-10
2.851562e+03 2.382812e+03 2.460938e+03 6.204389e-08 -7.105162e-08 3.162910e-09 2.650716e-07 2.746109e-10 6.766990e-11
2.851562e+03 2.460938e+03 2.460938e+03 5.200673e-08 -6.047291e-08 2.973361e-09 2.607654e-07 3.205544e-10 1.246914e-10
2.851562e+03 2.539062e+03 2.460938e+03 4.256704e-08 -5.043108e-08 2.827736e-09 2.561359e-07 3.084446e-10 1.700780e-10
2.851562e+03 2.617188e+03 2.460938e+03 3.373004e-08 -4.108279e-08 2.694765e-09 2.512787e-07 2.446734e-10 1.377904e-10
2.851562e+03 2.695312e+03 2.460938e+03 2.544399e-08 -3.226405e-08 2.576413e-09 2.461978e-07 1.896216e-10 1.612196e-10
2.851562e+03 2.773438e+03 2.460938e+03 1.766404e-08 -2.397285e-08 2.403466e-09 2.408792e-07 1.542894e-10 1.594987e-10
2.851562e+03 2.851562e+03 2.460938e+03 1.035476e-08 -1.633077e-08 2.251108e-09 2.353652e-07 1.231394e-10 1.102698e-10
2.851562e+03 2.929688e+03 2.460938e+03 3.522861e-09 -9.246504e-09 2.115926e-09 2.297591e-07 1.108970e-10 1.286168e-10
2.851562e+03 3.007812e+03 2.460938e+03 -2.800868e-09 -2.612101e-09 1.951213e-09 2.241333e-07 1.169194e-10 1.266033e-10
2.851562e+03 3.085938e+03 2.460938e+03 -8.628308e-09 3.508559e-09 1.889140e-09 2.184469e-07 1.247464e-10 1.170789e-10
2.851562e+03 3.164062e+03 2.460938e+03 -1.399473e-08 9.091492e-09 1.899694e-09 2.127240e-07 1.198210e-10 1.966419e-10
2.851562e+03 3.242188e+03 2.460938e+03 -1.893584e-08 1.423735e-08 1.873071e-09 2.070627e-07 9.716987e-11 1.475108e-10
2.851562e+03 3.320312e+03 2.460938e+03 -2.349867e-08 1.901300e-08 1.775963e-09 2.014550e-07 8.928662e-11 1.985072e-11
2.851562e+03 3.398438e+03 2.460938e+03 -2.771456e-08 2.340571e-08 1.668869e-09 1.958680e-07 1.074743e-10 9.095929e-11
2.851562e+03 3.476562e+03 2.460938e+03 -3.159111e-08 2.740982e-08 1.676034e-09 1.903227e-07 1.140566e-10 7.508927e-11
2.851562e+03 3.554688e+03 2.460938e+03 -3.511594e-08 3.101180e-08 1.611925e-09 1.848484e-07 1.043780e-10 -1.158566e-10
2.851562e+03 3.632812e+03 2.460938e+03 -3.827956e-08 3.422334e-08 1.475098e-09 1.795083e-07 9.861511e-11 -9.066147e-11
2.851562e+03 3.710938e+03 2.460938e+03 -4.111180e-08 3.708248e-08 1.467200e-09 1.743196e-07 9.165809e-11 5.601514e-11
2.851562e+03 3.789062e+03 2.460938e+03 -4.365408e-08 3.963029e-08 1.486424e-09 1.692675e-07 8.534236e-11 3.044454e-11
2.851562e+03 3.867188e+03 2.460938e+03 -4.594967e-08 4.195496e-08 1.436879e-09 1.643319e-07 8.810479e-11 -3.990136e-11
2.851562e+03 3.945312e+03 2.460938e+03 -4.802947e-08 4.413517e-08 1.319143e-09 1.594756e-07 8.679162e-11 -2.704675e-11
2.851562e+03 4.023438e+03 2.460938e+03 -4.990692e-08 4.610359e-08 1.300829e-09 1.546916e-07 7.031556e-11 6.222681e-11
2.851562e+03 4.101562e+03 2.460938e+03 -5.158762e-08 4.784254e-08 1.307912e-09 1.500080e-07 4.463181e-11 4.062090e-11
2.851562e+03 4.179688e+03 2.460938e+03 -5.306931e-08 4.939406e-08 1.168182e-09 1.454167e-07 2.418654e-11 -2.234412e-11
2.851562e+03 4.257812e+03 2.460938e+03 -5.434932e-08 5.086875e-08 1.016876e-09 1.409070e-07 2.430748e-11 8.295918e-11
2.851562e+03 4.335938e+03 2.460938e+03 -5.542329e-08 5.222979e-08 9.659401e-10 1.364945e-07 3.485600e-11 1.385402e-10
2.851562e+03 4.414062e+03 2.460938e+03 -5.630852e-08 5.343864e-08 1.000438e-09 1.322145e-07 2.634859e-11 1.535813e-10
2.851562e+03 4.492188e+03 2.460938e+03 -5.704208e-08 5.445763e-08 9.555702e-10 1.281102e-07 6.456723e-12 4.575350e-11
2.851562e+03 4.570312e+03 2.460938e+03 -5.765513e-08 5.533200e-08 8.245392e-10 1.241755e-07 4.207839e-12 1.320464e-11
2.851562e+03 4.648438e+03 2.460938e+03 -5.816259e-08 5.609977e-08 7.276386e-10 1.203680e-07 1.578302e-11 6.402132e-11
2.851562e+03 4.726562e+03 2.460938e+03 -5.858610e-08 5.676681e-08 7.068108e-10 1.166475e-07 2.882640e-11 8.597645e-11
2.851562e+03 4.804688e+03 2.460938e+03 -5.893397e-08 5.732719e-08 7.075611e-10 1.130209e-07 3.564937e-11 6.961668e-11
2.851562e+03 4.882812e+03 2.460938e+03 -5.922059e-08 5.771699e-08 6.743615e-10 1.095069e-07 4.524147e-11 -2.584703e-11
2.851562e+03 4.960938e+03 2.460938e+03 -5.944816e-08 5.781292e-08 7.530772e-10 1.061282e-07 4.384912e-11 -3.302203e-11
2.929688e+03 3.906250e+01 2.460938e+03 3.852517e-07 -4.054135e-07 6.392975e-09 9.506088e-09 5.126320e-10 2.823491e-10
2.929688e+03 1.171875e+02 2.460938e+03 3.839072e-07 -4.039591e-07 6.622023e-09 2.833982e-08 6.154224e-10 3.564537e-11
2.929688e+03 1.953125e+02 2.460938e+03 3.813204e-07 -4.012573e-07 6.636467e-09 4.697900e-08 6.965030e-10 -8.877864e-13
2.929688e+03 2.734375e+02 2.460938e+03 3.776109e-07 -3.974341e-07 6.523403e-09 6.535488e-08 7.063753e-10 9.140099e-11
2.929688e+03 3.515625e+02 2.460938e+03 3.727682e-07 -3.923346e-07 6.432489e-09 8.333546e-08 6.972764e-10 1.633875e-10
2.929688e+03 4.296875e+02 2.460938e+03 3.667949e-07 -3.861093e-07 6.390295e-09 1.008395e-07 6.820558e-10 1.968143e-10
2.929688e+03 5.078125e+02 2.460938e+03 3.596984e-07 -3.787134e-07 6.340206e-09 1.177767e-07 6.789130e-10 1.731950e-10
2.929688e+03 5.859375e+02 2.460938e+03 3.515344e-07 -3.702237e-07 6.222892e-09 1.340528e-07 6.822083e-10 6.478133e-11
2.929688e+03 6.640625e+02 2.460938e+03 3.424049e-07 -3.607904e-07 6.052781e-09 1.496066e-07 6.727638e-10 9.553086e-11
2.929688e+03 7.421875e+02 2.460938e+03 3.324029e-07 -3.504368e-07 5.987880e-09 1.644095e-07 6.659153e-10 6.757780e-11
2.929688e+03 8.203125e+02 2.460938e+03 3.215839e-07 -3.392349e-07 5.952609e-09 1.783384e-07 6.561226e-10 1.527753e-10
2.929688e+03 8.984375e+02 2.460938e+03 3.100138e-07 -3.272527e-07 5.905852e-09 1.913075e-07 6.150972e-10 9.330783e-11
2.929688e+03 9.765625e+02 2.460938e+03 2.977878e-07 -3.146304e-07 5.728835e-09 2.032716e-07 5.518777e-10 9.795681e-11
2.929688e+03 1.054688e+03 2.460938e+03 2.850244e-07 -3.014713e-07 5.589553e-09 2.141901e-07 4.845699e-10 1.882370e-10
2.929688e+03 1.132812e+03 2.460938e+03 2.718317e-07 -2.878973e-07 5.523599e-09 2.240827e-07 4.344990e-10 2.072374e-10
2.929688e+03 1.210938e+03 2.460938e+03 2.582829e-07 -2.738877e-07 5.388337e-09 2.329347e-07 4.264755e-10 2.427385e-10
2.929688e+03 1.289062e+03 2.460938e+03 2.444638e-07 -2.595499e-07 5.253310e-09 2.407098e-07 4.305141e-10 2.174871e-10
2.929688e+03 1.367188e+03 2.460938e+03 2.304886e-07 -2.450642e-07 5.089083e-09 2.474335e-07 3.960649e-10 2.790150e-10
2.929688e+03 1.445312e+03 2.460938e+03 2.164522e-07 -2.306032e-07 5.040571e-09 2.531385e-07 3.525293e-10 3.133828e-10
2.929688e+03 1.523438e+03 2.460938e+03 2.024104e-07 -2.161015e-07 4.908565e-09 2.578091e-07 3.352054e-10 1.647839e-10
2.929688e+03 1.601562e+03 2.460938e+03 1.884151e-07 -2.016840e-07 4.699461e-09 2.614506e-07 3.066522e-10 1.581988e-10
2.929688e+03 1.679688e+03 2.460938e+03 1.745634e-07 -1.874488e-07 4.613843e-09 2.641806e-07 2.611762e-10 2.081729e-10
2.929688e+03 1.757812e+03 2.460938e+03 1.609642e-07 -1.734178e-07 4.457159e-09 2.660576e-07 2.675137e-10 1.107209e-10
2.929688e+03 1.835938e+03 2.460938e+03 1.476741e-07 -1.596837e-07 4.291700e-09 2.670743e-07 3.242442e-10 1.330465e-10
2.929688e+03 1.914062e+03 2.460938e+03 1.347295e-07 -1.462487e-07 4.103160e-09 2.672452e-07 3.482208e-10 1.689620e-10
2.929688e+03 1.992188e+03 2.460938e+03 1.221732e-07 -1.331633e-07 3.884696e-09 2.667038e-07 3.187759e-10 1.290841e-10
2.929688e+03 2.070312e+03 2.460938e+03 1.100533e-07 -1.205477e-07 3.753067e-09 2.655251e-07 2.772024e-10 1.518981e-10
2.929688e+03 2.148438e+03 2.460938e+03 9.841195e-08 -1.084000e-07 3.586957e-09 2.636847e-07 2.536301e-10 1.330264e-10
2.929688e+03 2.226562e+03 2.460938e+03 8.725708e-08 -9.668880e-08 3.406276e-09 2.612605e-07 2.508012e-10 9.818272e-11
2.929688e+03 2.304688e+03 2.460938e+03 7.657842e-08 -8.552209e-08 3.226229e-09 2.583551e-07 2.671437e-10 7.992478e-11
2.929688e+03 2.382812e+03 2.460938e+03 6.637607e-08 -7.487801e-08 3.002564e-09 2.550176e-07 3.023703e-10 5.028904e-11
2.929688e+03 2.460938e+03 2.460938e+03 5.668779e-08 -6.463214e-08 2.834993e-09 2.512780e-07 3.235715e-10 1.075404e-10
2.929688e+03 2.539062e+03 2.460938e+03 4.755229e-08 -5.490190e-08 2.703135e-09 2.472147e-07 2.872404e-10 1.364892e-10
2.929688e+03 2.617188e+03 2.460938e+03 3.896109e-08 -4.584846e-08 2.572735e-09 2.428812e-07 2.216841e-10 9.575849e-11
2.929688e+03 2.695312e+03 2.460938e+03 3.086861e-08 -3.729655e-08 2.435896e-09 2.382875e-07 1.798896e-10 1.177942e-10
2.929688e+03 2.773438e+03 2.460938e+03 2.322563e-08 -2.920744e-08 2.247935e-09 2.334409e-07 1.593358e-10 1.253485e-10
2.929688e+03 2.851562e+03 2.460938e+03 1.603190e-08 -2.170235e-08 2.100956e-09 2.283998e-07 1.426605e-10 9.595794e-11
2.929688e+03 2.929688e+03 2.460938e+03 9.310328e-09 -1.468623e-08 1.994793e-09 2.232836e-07 1.315101e-10 1.166715e-10
2.929688e+03 3.007812e+03 2.460938e+03 3.058112e-09 -8.097532e-09 1.858815e-09 2.181390e-07 1.366974e-10 1.078322e-10
2.929688e+03 3.085938e+03 2.460938e+03 -2.742455e-09 -2.010983e-09 1.796538e-09 2.129078e-07 1.509149e-10 8.664193e-11
2.929688e+03 3.164062e+03 2.460938e+03 -8.111219e-09 3.570667e-09 1.797349e-09 2.076210e-07 1.429958e-10 1.499545e-10
2.929688e+03 3.242188e+03 2.460938e+03 -1.308915e-08 8.735823e-09 1.761060e-09 2.023577e-07 1.089423e-10 1.041274e-10
2.929688e+03 3.320312e+03 2.460938e+03 -1.771639e-08 1.355307e-08 1.652868e-09 1.971110e-07 9.057669e-11 -1.019839e-11
2.929688e+03 3.398438e+03 2.460938e+03 -2.199945e-08 1.801109e-08 1.551597e-09 1.918728e-07 1.010859e-10 6.951548e-11
2.929688e+03 3.476562e+03 2.460938e+03 -2.593341e-08 2.208073e-08 1.569633e-09 1.866604e-07 1.092011e-10 7.135101e-11
2.929688e+03 3.554688e+03 2.460938e+03 -2.951213e-08 2.576103e-08 1.508385e-09 1.815249e-07 1.066011e-10 -1.081129e-10
2.929688e+03 3.632812e+03 2.460938e+03 -3.274521e-08 2.906518e-08 1.379745e-09 1.765056e-07 1.049605e-10 -8.942497e-11
2.929688e+03 3.710938e+03 2.460938e+03 -3.567081e-08 3.203432e-08 1.382889e-09 1.716059e-07 9.789153e-11 3.749195e-11
2.929688e+03 3.789062e+03 2.460938e+03 -3.834537e-08 3.468944e-08 1.406108e-09 1.668049e-07 8.379556e-11 -9.085130e-12
2.929688e+03 3.867188e+03 2.460938e+03 -4.080883e-08 3.712854e-08 1.359611e-09 1.620908e-07 7.498072e-11 -9.139719e-11
2.929688e+03 3.945312e+03 2.460938e+03 -4.306874e-08 3.941787e-08 1.248019e-09 1.574427e-07 6.825216e-11 -8.010400e-11
2.929688e+03 4.023438e+03 2.460938e+03 -4.511680e-08 4.149111e-08 1.229009e-09 1.528617e-07 5.975118e-11 1.795374e-11
2.929688e+03 4.101562e+03 2.460938e+03 -4.694503e-08 4.332148e-08 1.237001e-09 1.483817e-07 5.164958e-11 1.707301e-11
2.929688e+03 4.179688e+03 2.460938e+03 -4.855141e-08 4.496752e-08 1.109779e-09 1.439967e-07 4.553551e-11 -1.989759e-11
2.929688e+03 4.257812e+03 2.460938e+03 -4.993847e-08 4.654189e-08 9.712812e-10 1.396907e-07 5.179345e-11 9.938332e-11
2.929688e+03 4.335938e+03 2.460938e+03 -5.111779e-08 4.800882e-08 9.302669e-10 1.354740e-07 6.633490e-11 1.593683e-10
2.929688e+03 4.414062e+03 2.460938e+03 -5.211681e-08 4.933661e-08 9.787781e-10 1.313604e-07 6.204053e-11 1.654619e-10
2.929688e+03 4.492188e+03 2.460938e+03 -5.297888e-08 5.047700e-08 9.476522e-10 1.273928e-07 3.854707e-11 3.820925e-11
2.929688e+03 4.570312e+03 2.460938e+03 -5.373419e-08 5.147022e-08 8.301077e-10 1.235743e-07 2.673729e-11 -1.154550e-11
2.929688e+03 4.648438e+03 2.460938e+03 -5.439674e-08 5.236685e-08 7.414883e-10 1.198659e-07 3.216103e-11 3.267689e-11
2.929688e+03 4.726562e+03 2.460938e+03 -5.496381e-08 5.313005e-08 7.188258e-10 1.162203e-07 4.097367e-11 6.734683e-11
2.929688e+03 4.804688e+03 2.460938e+03 -5.543896e-08 5.380968e-08 7.170022e-10 1.126583e-07 4.867052e-11 7.438358e-11
2.929688e+03 4.882812e+03 2.460938e+03 -5.582229e-08 5.429200e-08 6.801029e-10 1.092104e-07 5.680932e-11 -3.280600e-12
2.929688e+03 4.960938e+03 2.460938e+03 -5.613498e-08 5.453673e-08 7.453568e-10 1.059088e-07 4.694936e-11 -9.003590e-12
3.007812e+03 3.906250e+01 2.460938e+03 3.684445e-07 -3.868860e-07 5.939038e-09 8.868597e-09 4.239940e-10 2.801013e-10
3.007812e+03 1.171875e+02 2.460938e+03 3.672847e-07 -3.856126e-07 6.198573e-09 2.645947e-08 3.819877e-10 1.070352e-10
3.007812e+03 1.953125e+02 2.460938e+03 3.650320e-07 -3.832397e-07 6.210365e-09 4.390935e-08 3.332025e-10 5.339236e-11
3.007812e+03 2.734375e+02 2.460938e+03 3.616645e-07 -3.797766e-07 6.105380e-09 6.107680e-08 3.337194e-10 9.976215e-11
3.007812e+03 3.515625e+02 2.460938e+03 3.571842e-07 -3.750758e-07 6.029136e-09 7.793906e-08 3.694342e-10 8.893741e-11
3.007812e+03 4.296875e+02 2.460938e+03 3.516452e-07 -3.693150e-07 5.980114e-09 9.440409e-08 4.143448e-10 9.504264e-11
3.007812e+03 5.078125e+02 2.460938e+03 3.450807e-07 -3.624705e-07 5.934499e-09 1.103872e-07 4.431055e-10 7.811643e-11
3.007812e+03 5.859375e+02 2.460938e+03 3.375606e-07 -3.546444e-07 5.812508e-09 1.257835e-07 4.376297e-10 -3.900947e-12
3.007812e+03 6.640625e+02 2.460938e+03 3.291666e-07 -3.459773e-07 5.648154e-09 1.405063e-07 4.063983e-10 7.194482e-11
3.007812e+03 7.421875e+02 2.460938e+03 3.199353e-07 -3.364389e-07 5.600533e-09 1.544945e-07 3.685057e-10 6.382444e-11
3.007812e+03 8.203125e+02 2.460938e+03 3.099182e-07 -3.261302e-07 5.565672e-09 1.676474e-07 3.328486e-10 1.435229e-10
3.007812e+03 8.984375e+02 2.460938e+03 2.992007e-07 -3.150963e-07 5.504065e-09 1.799115e-07 2.952071e-10 9.816375e-11
3.007812e+03 9.765625e+02 2.460938e+03 2.878802e-07 -3.034748e-07 5.311487e-09 1.912726e-07 2.644269e-10 1.002117e-10
3.007812e+03 1.054688e+03 2.460938e+03 2.760632e-07 -2.913294e-07 5.157719e-09 2.017085e-07 2.568311e-10 1.745319e-10
3.007812e+03 1.132812e+03 2.460938e+03 2.638266e-07 -2.787611e-07 5.097530e-09 2.112129e-07 2.669039e-10 1.903379e-10
3.007812e+03 1.210938e+03 2.460938e+03 2.512315e-07 -2.657386e-07 5.001667e-09 2.197592e-07 2.800819e-10 2.255255e-10
3.007812e+03 1.289062e+03 2.460938e+03 2.383724e-07 -2.524072e-07 4.899676e-09 2.273264e-07 2.721786e-10 1.893352e-10
3.007812e+03 1.367188e+03 2.460938e+03 2.253462e-07 -2.389459e-07 4.741353e-09 2.339264e-07 2.299664e-10 2.387896e-10
3.007812e+03 1.445312e+03 2.460938e+03 2.122199e-07 -2.254795e-07 4.681429e-09 2.395858e-07 1.964903e-10 2.709233e-10
3.007812e+03 1.523438e+03 2.460938e+03 1.990507e-07 -2.119324e-07 4.536410e-09 2.442732e-07 1.974946e-10 1.320543e-10
3.007812e+03 1.601562e+03 2.460938e+03 1.859311e-07 -1.984486e-07 4.319334e-09 2.480149e-07 1.948147e-10 1.460030e-10
3.007812e+03 1.679688e+03 2.460938e+03 1.729620e-07 -1.851187e-07 4.246092e-09 2.509266e-07 1.854803e-10 2.156780e-10
3.007812e+03 1.757812e+03 2.460938e+03 1.602048e-07 -1.719245e-07 4.128850e-09 2.530638e-07 2.189200e-10 1.316940e-10
3.007812e+03 1.835938e+03 2.460938e+03 1.476871e-07 -1.589588e-07 4.001129e-09 2.543761e-07 2.735680e-10 1.453375e-10
3.007812e+03 1.914062e+03 2.460938e+03 1.354458e-07 -1.462529e-07 3.836492e-09 2.548927e-07 2.713429e-10 1.630370e-10
3.007812e+03 1.992188e+03 2.460938e+03 1.235440e-07 -1.338744e-07 3.627639e-09 2.547243e-07 2.169211e-10 1.119128e-10
3.007812e+03 2.070312e+03 2.460938e+03 1.120223e-07 -1.219291e-07 3.489134e-09 2.539483e-07 1.779070e-10 1.312579e-10
3.007812e+03 2.148438e+03 2.460938e+03 1.009171e-07 -1.103629e-07 3.319916e-09 2.525631e-07 1.851108e-10 1.129972e-10
3.007812e+03 2.226562e+03 2.460938e+03 9.024532e-08 -9.914709e-08 3.151636e-09 2.506248e-07 2.162964e-10 9.161368e-11
3.007812e+03 2.304688e+03 2.460938e+03 8.000612e-08 -8.839650e-08 2.992120e-09 2.482313e-07 2.407339e-10 9.268305e-11
3.007812e+03 2.382812e+03 2.460938e+03 7.021863e-08 -7.814818e-08 2.793907e-09 2.453996e-07 2.551810e-10 7.160426e-11
3.007812e+03 2.460938e+03 2.460938e+03 6.090788e-08 -6.828373e-08 2.649546e-09 2.421629e-07 2.445684e-10 1.171070e-10
3.007812e+03 2.539062e+03 2.460938e+03 5.208217e-08 -5.891067e-08 2.523184e-09 2.385747e-07 1.983671e-10 1.305301e-10
3.007812e+03 2.617188e+03 2.460938e+03 4.372394e-08 -5.016344e-08 2.375715e-09 2.346968e-07 1.515093e-10 8.212880e-11
3.007812e+03 2.695312e+03 2.460938e+03 3.580678e-08 -4.185480e-08 2.225740e-09 2.305503e-07 1.382400e-10 1.003883e-10
3.007812e+03 2.773438e+03 2.460938e+03 2.831664e-08 -3.395577e-08 2.044694e-09 2.261561e-07 1.450197e-10 1.215108e-10
3.007812e+03 2.851562e+03 2.460938e+03 2.126561e-08 -2.657846e-08 1.919806e-09 2.215929e-07 1.343687e-10 1.029677e-10
3.007812e+03 2.929688e+03 2.460938e+03 1.466618e-08 -1.965863e-08 1.842189e-09 2.169449e-07 1.166757e-10 1.234345e-10
3.007812e+03 3.007812e+03 2.460938e+03 8.498256e-09 -1.314325e-08 1.717188e-09 2.122351e-07 1.212231e-10 1.127540e-10
3.007812e+03 3.085938e+03 2.460938e+03 2.746831e-09 -7.097975e-09 1.648628e-09 2.074304e-07 1.334632e-10 7.468889e-11
3.007812e+03 3.164062e+03 2.460938e+03 -2.605402e-09 -1.537459e-09 1.638934e-09 2.025465e-07 1.248241e-10 1.226155e-10
3.007812e+03 3.242188e+03 2.460938e+03 -7.601015e-09 3.615735e-09 1.585056e-09 1.976477e-07 9.354803e-11 8.180991e-11
3.007812e+03 3.320312e+03 2.460938e+03 -1.225922e-08 8.446769e-09 1.465702e-09 1.927506e-07 7.260486e-11 -1.562914e-11
3.007812e+03 3.398438e+03 2.460938e+03 -1.657566e-08 1.294065e-08 1.370654e-09 1.878480e-07 8.034372e-11 8.313276e-11
3.007812e+03 3.476562e+03 2.460938e+03 -2.053702e-08 1.706380e-08 1.400556e-09 1.829717e-07 8.969722e-11 1.007444e-10
3.007812e+03 3.554688e+03 2.460938e+03 -2.414795e-08 2.081175e-08 1.354478e-09 1.781597e-07 9.074538e-11 -7.990029e-11
3.007812e+03 3.632812e+03 2.460938e+03 -2.744284e-08 2.419921e-08 1.242219e-09 1.734452e-07 9.378624e-11 -8.092896e-11
3.007812e+03 3.710938e+03 2.460938e+03 -3.047278e-08 2.725590e-08 1.249432e-09 1.688142e-07 8.627164e-11 1.755825e-11
3.007812e+03 3.789062e+03 2.460938e+03 -3.328399e-08 2.999399e-08 1.264959e-09 1.642484e-07 6.843376e-11 -4.385716e-11
3.007812e+03 3.867188e+03 2.460938e+03 -3.589793e-08 3.252092e-08 1.214697e-09 1.597493e-07 5.621941e-11 -1.209241e-10
3.007812e+03 3.945312e+03 2.460938e+03 -3.830982e-08 3.490187e-08 1.111256e-09 1.553110e-07 4.552555e-11 -9.857037e-11
3.007812e+03 4.023438e+03 2.460938e+03 -4.049751e-08 3.706502e-08 1.104891e-09 1.509380e-07 3.652489e-11 1.202008e-11
3.007812e+03 4.101562e+03 2.460938e+03 -4.244409e-08 3.898875e-08 1.131863e-09 1.466635e-07 3.597617e-11 2.743747e-11
3.007812e+03 4.179688e+03 2.460938e+03 -4.414770e-08 4.072595e-08 1.024989e-09 1.424799e-07 4.157357e-11 3.742012e-12
3.007812e+03 4.257812e+03 2.460938e+03 -4.562198e-08 4.239989e-08 8.974631e-10 1.383689e-07 5.948347e-11 1.190114e-10
3.007812e+03 4.335938e+03 2.460938e+03 -4.689977e-08 4.397003e-08 8.641933e-10 1.343352e-07 8.366544e-11 1.708358e-10
3.007812e+03 4.414062e+03 2.460938e+03 -4.802104e-08 4.540901e-08 9.214891e-10 1.303911e-07 8.246608e-11 1.680792e-10
3.007812e+03 4.492188e+03 2.460938e+03 -4.901808e-08 4.664963e-08 9.005760e-10 1.265679e-07 5.125746e-11 3.345333e-11
3.007812e+03 4.570312e+03 2.460938e+03 -4.991405e-08 4.773407e-08 7.962930e-10 1.228729e-07 1.909447e-11 -1.465808e-11
3.007812e+03 4.648438e+03 2.460938e+03 -5.070947e-08 4.871296e-08 7.175898e-10 1.192633e-07 -4.098622e-13 3.032445e-11
3.007812e+03 4.726562e+03 2.460938e+03 -5.139652e-08 4.955435e-08 6.910902e-10 1.157090e-07 -7.087005e-12 6.383649e-11
3.007812e+03 4.804688e+03 2.460938e+03 -5.198971e-08 5.033341e-08 6.926023e-10 1.122141e-07 2.305385e-12 8.412228e-11
3.007812e+03 4.882812e+03 2.460938e+03 -5.249789e-08 5.095274e-08 6.724182e-10 1.088480e-07 2.236197e-11 2.388246e-11
3.007812e+03 4.960938e+03 2.460938e+03 -5.291488e-08 5.134122e-08 7.359698e-10 1.056139e-07 3.253080e-11 4.030319e-11
3.085938e+03 3.906250e+01 2.460938e+03 3.526807e-07 -3.696447e-07 5.454533e-09 8.268581e-09 3.512783e-10 1.795451e-10
3.085938e+03 1.171875e+02 2.460938e+03 3.516677e-07 -3.685072e-07 5.586012e-09 2.468868e-08 2.507839e-10 5.257457e-12
3.085938e+03 1.953125e+02 2.460938e+03 3.495994e-07 -3.663848e-07 5.529004e-09 4.103446e-08 1.788868e-10 -5.187772e-11
3.085938e+03 2.734375e+02 2.460938e+03 3.464561e-07 -3.631570e-07 5.434028e-09 5.718769e-08 1.634169e-10 -2.395578e-11
3.085938e+03 3.515625e+02 2.460938e+03 3.422944e-07 -3.587964e-07 5.374323e-09 7.309359e-08 1.722159e-10 -2.029519e-11
3.085938e+03 4.296875e+02 2.460938e+03 3.371659e-07 -3.534233e-07 5.361929e-09 8.861509e-08 2.010395e-10 4.081649e-11
3.085938e+03 5.078125e+02 2.460938e+03 3.311137e-07 -3.471076e-07 5.351293e-09 1.036537e-07 1.986420e-10 8.149156e-11
3.085938e+03 5.859375e+02 2.460938e+03 3.242016e-07 -3.399357e-07 5.251293e-09 1.181425e-07 1.724454e-10 4.957093e-11
3.085938e+03 6.640625e+02 2.460938e+03 3.164687e-07 -3.320030e-07 5.118151e-09 1.319868e-07 1.421569e-10 1.429968e-10
3.085938e+03 7.421875e+02 2.460938e+03 3.079280e-07 -3.232494e-07 5.080643e-09 1.451434e-07 1.080079e-10 1.149373e-10
3.085938e+03 8.203125e+02 2.460938e+03 2.986440e-07 -3.137621e-07 5.045962e-09 1.575566e-07 9.765255e-11 1.809186e-10
3.085938e+03 8.984375e+02 2.460938e+03 2.887171e-07 -3.035837e-07 4.997481e-09 1.691812e-07 1.104297e-10 1.315906e-10
3.085938e+03 9.765625e+02 2.460938e+03 2.782377e-07 -2.928473e-07 4.832722e-09 1.800063e-07 1.294931e-10 1.175795e-10
3.085938e+03 1.054688e+03 2.460938e+03 2.672801e-07 -2.815929e-07 4.714744e-09 1.900067e-07 1.566922e-10 1.798249e-10
3.085938e+03 1.132812e+03 2.460938e+03 2.559004e-07 -2.699372e-07 4.697007e-09 1.991466e-07 1.715396e-10 1.927094e-10
3.085938e+03 1.210938e+03 2.460938e+03 2.441770e-07 -2.578288e-07 4.640572e-09 2.074083e-07 1.556838e-10 2.277956e-10
3.085938e+03 1.289062e+03 2.460938e+03 2.322034e-07 -2.454474e-07 4.550028e-09 2.147627e-07 1.297283e-10 1.922252e-10
3.085938e+03 1.367188e+03 2.460938e+03 2.200568e-07 -2.329242e-07 4.387416e-09 2.212244e-07 1.150516e-10 2.377548e-10
3.085938e+03 1.445312e+03 2.460938e+03 2.077894e-07 -2.203628e-07 4.327477e-09 2.268086e-07 1.261802e-10 2.693244e-10
3.085938e+03 1.523438e+03 2.460938e+03 1.954688e-07 -2.077008e-07 4.194322e-09 2.315038e-07 1.593244e-10 1.405712e-10
3.085938e+03 1.601562e+03 2.460938e+03 1.831997e-07 -1.950868e-07 4.004954e-09 2.353417e-07 1.732174e-10 1.688362e-10
3.085938e+03 1.679688e+03 2.460938e+03 1.710682e-07 -1.825831e-07 3.967235e-09 2.384269e-07 1.678718e-10 2.483031e-10
3.085938e+03 1.757812e+03 2.460938e+03 1.590938e-07 -1.701589e-07 3.882859e-09 2.407703e-07 1.873437e-10 1.566495e-10
3.085938e+03 1.835938e+03 2.460938e+03 1.472901e-07 -1.579219e-07 3.774532e-09 2.423308e-07 2.114346e-10 1.474921e-10
3.085938e+03 1.914062e+03 2.460938e+03 1.357166e-07 -1.459253e-07 3.614998e-09 2.431362e-07 1.850047e-10 1.494120e-10
3.085938e+03 1.992188e+03 2.460938e+03 1.244326e-07 -1.342369e-07 3.405176e-09 2.433007e-07 1.324538e-10 9.904793e-11
3.085938e+03 2.070312e+03 2.460938e+03 1.134898e-07 -1.229012e-07 3.274698e-09 2.429042e-07 1.154740e-10 1.238005e-10
3.085938e+03 2.148438e+03 2.460938e+03 1.029049e-07 -1.118554e-07 3.126289e-09 2.419351e-07 1.480490e-10 1.206071e-10
3.085938e+03 2.226562e+03 2.460938e+03 9.269916e-08 -1.010792e-07 2.978766e-09 2.404439e-07 1.921271e-10 1.128862e-10
3.085938e+03 2.304688e+03 2.460938e+03 8.289962e-08 -9.076430e-08 2.839484e-09 2.384940e-07 2.039710e-10 1.210956e-10
3.085938e+03 2.382812e+03 2.460938e+03 7.352825e-08 -8.094944e-08 2.659382e-09 2.361090e-07 1.842958e-10 1.014518e-10
3.085938e+03 2.460938e+03 2.460938e+03 6.459596e-08 -7.151613e-08 2.521047e-09 2.333020e-07 1.493419e-10 1.370684e-10
3.085938e+03 2.539062e+03 2.460938e+03 5.607743e-08 -6.251637e-08 2.386983e-09 2.301297e-07 1.099900e-10 1.447450e-10
3.085938e+03 2.617188e+03 2.460938e+03 4.795589e-08 -5.404822e-08 2.233693e-09 2.266711e-07 9.233600e-11 9.128020e-11
3.085938e+03 2.695312e+03 2.460938e+03 4.022851e-08 -4.595711e-08 2.095444e-09 2.229497e-07 1.125583e-10 1.091567e-10
3.085938e+03 2.773438e+03 2.460938e+03 3.290886e-08 -3.821771e-08 1.941274e-09 2.190007e-07 1.345019e-10 1.306887e-10
3.085938e+03 2.851562e+03 2.460938e+03 2.601350e-08 -3.098648e-08 1.839882e-09 2.148862e-07 1.201720e-10 1.124130e-10
3.085938e+03 2.929688e+03 2.460938e+03 1.953659e-08 -2.419483e-08 1.762175e-09 2.106696e-07 9.215198e-11 1.387276e-10
3.085938e+03 3.007812e+03 2.460938e+03 1.347266e-08 -1.777486e-08 1.630845e-09 2.063755e-07 8.191574e-11 1.240466e-10
3.085938e+03 3.085938e+03 2.460938e+03 7.796157e-09 -1.178678e-08 1.564249e-09 2.019612e-07 8.821649e-11 7.799781e-11
3.085938e+03 3.164062e+03 2.460938e+03 2.472011e-09 -6.269324e-09 1.541722e-09 1.974421e-07 8.847465e-11 1.238440e-10
3.085938e+03 3.242188e+03 2.460938e+03 -2.513842e-09 -1.143712e-09 1.468274e-09 1.928879e-07 7.009505e-11 8.658596e-11
3.085938e+03 3.320312e+03 2.460938e+03 -7.169170e-09 3.677832e-09 1.348069e-09 1.883276e-07 5.948342e-11 2.715707e-12
3.085938e+03 3.398438e+03 2.460938e+03 -1.147613e-08 8.189716e-09 1.260099e-09 1.837685e-07 7.022417e-11 1.157742e-10
3.085938e+03 3.476562e+03 2.460938e+03 -1.543477e-08 1.235084e-08 1.297754e-09 1.792209e-07 7.724791e-11 1.345954e-10
3.085938e+03 3.554688e+03 2.460938e+03 -1.907791e-08 1.615815e-08 1.264861e-09 1.747180e-07 7.653021e-11 -5.474544e-11
3.085938e+03 3.632812e+03 2.460938e+03 -2.244949e-08 1.961237e-08 1.162437e-09 1.702780e-07 7.453966e-11 -7.753928e-11
3.085938e+03 3.710938e+03 2.460938e+03 -2.559030e-08 2.273784e-08 1.171190e-09 1.658902e-07 5.827084e-11 -1.137285e-12
3.085938e+03 3.789062e+03 2.460938e+03 -2.852636e-08 2.554112e-08 1.183286e-09 1.615451e-07 3.765308e-11 -5.997165e-11
3.085938e+03 3.867188e+03 2.460938e+03 -3.126103e-08 2.813325e-08 1.132704e-09 1.572613e-07 2.583720e-11 -1.178107e-10
3.085938e+03 3.945312e+03 2.460938e+03 -3.377805e-08 3.058278e-08 1.036997e-09 1.530353e-07 1.436990e-11 -7.968154e-11
3.085938e+03 4.023438e+03 2.460938e+03 -3.605849e-08 3.281732e-08 1.046650e-09 1.488767e-07 8.778987e-12 3.775145e-11
3.085938e+03 4.101562e+03 2.460938e+03 -3.808946e-08 3.482943e-08 1.095590e-09 1.448136e-07 1.605185e-11 5.731498e-11
3.085938e+03 4.179688e+03 2.460938e+03 -3.987744e-08 3.666237e-08 1.004690e-09 1.408387e-07 2.900557e-11 3.023955e-11
3.085938e+03 4.257812e+03 2.460938e+03 -4.144743e-08 3.844241e-08 8.853832e-10 1.369276e-07 5.117382e-11 1.296144e-10
3.085938e+03 4.335938e+03 2.460938e+03 -4.284008e-08 4.011991e-08 8.582521e-10 1.330729e-07 7.347890e-11 1.648258e-10
3.085938e+03 4.414062e+03 2.460938e+03 -4.409096e-08 4.165749e-08 9.180641e-10 1.292838e-07 6.295199e-11 1.559837e-10
3.085938e+03 4.492188e+03 2.460938e+03 -4.522116e-08 4.296984e-08 8.991240e-10 1.255890e-07 2.190749e-11 2.928179e-11
3.085938e+03 4.570312e+03 2.460938e+03 -4.624789e-08 4.411704e-08 7.933726e-10 1.219990e-07 -1.841006e-11 -4.183373e-12
3.085938e+03 4.648438e+03 2.460938e+03 -4.717075e-08 4.514576e-08 7.096859e-10 1.184972e-07 -4.019467e-11 4.703495e-11
3.085938e+03 4.726562e+03 2.460938e+03 -4.797822e-08 4.606712e-08 6.725682e-10 1.150493e-07 -3.526807e-11 8.349023e-11
3.085938e+03 4.804688e+03 2.460938e+03 -4.867117e-08 4.692925e-08 6.608454e-10 1.116545e-07 -1.578030e-11 1.156783e-10
3.085938e+03 4.882812e+03 2.460938e+03 -4.926638e-08 4.768401e-08 6.366043e-10 1.083709e-07 1.485613e-11 7.642255e-11
3.085938e+03 4.960938e+03 2.460938e+03 -4.977059e-08 4.820654e-08 7.090760e-10 1.052140e-07 3.354162e-11 1.144705e-10
3.164062e+03 3.906250e+01 2.460938e+03 3.378307e-07 -3.534956e-07 5.034332e-09 7.800334e-09 3.870066e-10 7.175740e-11
3.164062e+03 1.171875e+02 2.460938e+03 3.368330e-07 -3.524764e-07 5.143670e-09 2.326041e-08 4.580724e-10 -8.866034e-11
3.164062e+03 1.953125e+02 2.460938e+03 3.348330e-07 -3.504646e-07 5.138124e-09 3.865041e-08 5.244421e-10 -1.141164e-10
3.164062e+03 2.734375e+02 2.460938e+03 3.319080e-07 -3.474813e-07 5.082723e-09 5.383872e-08 5.440723e-10 -5.471330e-11
3.164062e+03 3.515625e+02 2.460938e+03 3.280841e-07 -3.434682e-07 5.040259e-09 6.876915e-08 5.297135e-10 1.435556e-11
3.164062e+03 4.296875e+02 2.460938e+03 3.233701e-07 -3.385381e-07 5.058993e-09 8.329832e-08 5.118366e-10 9.786252e-11
3.164062e+03 5.078125e+02 2.460938e+03 3.178021e-07 -3.327571e-07 5.058204e-09 9.736557e-08 4.693583e-10 1.279216e-10
3.164062e+03 5.859375e+02 2.460938e+03 3.114303e-07 -3.261999e-07 4.966353e-09 1.109361e-07 4.497958e-10 8.535867e-11
3.164062e+03 6.640625e+02 2.460938e+03 3.042683e-07 -3.188794e-07 4.848637e-09 1.239272e-07 4.556725e-10 1.403320e-10
3.164062e+03 7.421875e+02 2.460938e+03 2.963462e-07 -3.108117e-07 4.806040e-09 1.363274e-07 4.546369e-10 8.175832e-11
3.164062e+03 8.203125e+02 2.460938e+03 2.877393e-07 -3.020245e-07 4.781162e-09 1.480973e-07 4.626934e-10 1.488501e-10
3.164062e+03 8.984375e+02 2.460938e+03 2.785430e-07 -2.926148e-07 4.768794e-09 1.591782e-07 4.682265e-10 9.840331e-11
3.164062e+03 9.765625e+02 2.460938e+03 2.688332e-07 -2.826656e-07 4.642356e-09 1.695301e-07 4.580767e-10 8.122237e-11
3.164062e+03 1.054688e+03 2.460938e+03 2.586532e-07 -2.722316e-07 4.555608e-09 1.791085e-07 4.404183e-10 1.497323e-10
3.164062e+03 1.132812e+03 2.460938e+03 2.480595e-07 -2.614125e-07 4.546849e-09 1.878839e-07 4.026750e-10 1.654280e-10
3.164062e+03 1.210938e+03 2.460938e+03 2.371400e-07 -2.501830e-07 4.468635e-09 1.958544e-07 3.494272e-10 1.952467e-10
3.164062e+03 1.289062e+03 2.460938e+03 2.259872e-07 -2.386782e-07 4.349002e-09 2.029897e-07 3.240596e-10 1.686994e-10
3.164062e+03 1.367188e+03 2.460938e+03 2.146605e-07 -2.270076e-07 4.181740e-09 2.093029e-07 3.358855e-10 2.232560e-10
3.164062e+03 1.445312e+03 2.460938e+03 2.032096e-07 -2.152587e-07 4.143356e-09 2.148097e-07 3.605744e-10 2.641365e-10
3.164062e+03 1.523438e+03 2.460938e+03 1.917067e-07 -2.034155e-07 4.042576e-09 2.195108e-07 3.857830e-10 1.458823e-10
3.164062e+03 1.601562e+03 2.460938e+03 1.802508e-07 -1.915999e-07 3.888466e-09 2.234489e-07 3.824299e-10 1.697435e-10
3.164062e+03 1.679688e+03 2.460938e+03 1.688875e-07 -1.798600e-07 3.868914e-09 2.266689e-07 3.530428e-10 2.367465e-10
3.164062e+03 1.757812e+03 2.460938e+03 1.576187e-07 -1.681683e-07 3.779556e-09 2.291707e-07 3.364696e-10 1.270522e-10
3.164062e+03 1.835938e+03 2.460938e+03 1.464796e-07 -1.566256e-07 3.656520e-09 2.309220e-07 3.223823e-10 1.075291e-10
3.164062e+03 1.914062e+03 2.460938e+03 1.355303e-07 -1.453189e-07 3.485887e-09 2.319743e-07 2.857422e-10 1.205455e-10
3.164062e+03 1.992188e+03 2.460938e+03 1.248523e-07 -1.342454e-07 3.280455e-09 2.324507e-07 2.528656e-10 8.872655e-11
3.164062e+03 2.070312e+03 2.460938e+03 1.144735e-07 -1.234710e-07 3.169399e-09 2.324053e-07 2.576173e-10 1.221841e-10
3.164062e+03 2.148438e+03 2.460938e+03 1.044073e-07 -1.129076e-07 3.045772e-09 2.318113e-07 2.844488e-10 1.261438e-10
3.164062e+03 2.226562e+03 2.460938e+03 9.467438e-08 -1.025906e-07 2.912436e-09 2.306960e-07 2.928997e-10 1.225396e-10
3.164062e+03 2.304688e+03 2.460938e+03 8.531075e-08 -9.273056e-08 2.780422e-09 2.291283e-07 2.655791e-10 1.255907e-10
3.164062e+03 2.382812e+03 2.460938e+03 7.634118e-08 -8.337595e-08 2.601363e-09 2.271211e-07 2.249755e-10 1.042394e-10
3.164062e+03 2.460938e+03 2.460938e+03 6.774977e-08 -7.436706e-08 2.449948e-09 2.246926e-07 1.932038e-10 1.388689e-10
3.164062e+03 2.539062e+03 2.460938e+03 5.952791e-08 -6.571270e-08 2.310671e-09 2.219108e-07 1.718471e-10 1.436200e-10
3.164062e+03 2.617188e+03 2.460938e+03 5.165426e-08 -5.750919e-08 2.172666e-09 2.188433e-07 1.757733e-10 9.713681e-11
3.164062e+03 2.695312e+03 2.460938e+03 4.413337e-08 -4.960703e-08 2.059653e-09 2.155321e-07 2.066480e-10 1.166724e-10
3.164062e+03 2.773438e+03 2.460938e+03 3.699620e-08 -4.203911e-08 1.931742e-09 2.120003e-07 2.248162e-10 1.299444e-10
3.164062e+03 2.851562e+03 2.460938e+03 3.025511e-08 -3.497298e-08 1.840008e-09 2.082942e-07 2.019634e-10 1.081620e-10
3.164062e+03 2.929688e+03 2.460938e+03 2.391820e-08 -2.832406e-08 1.752491e-09 2.044807e-07 1.587801e-10 1.295709e-10
3.164062e+03 3.007812e+03 2.460938e+03 1.796351e-08 -2.201741e-08 1.610051e-09 2.005685e-07 1.347477e-10 1.117039e-10
3.164062e+03 3.085938e+03 2.460938e+03 1.236279e-08 -1.612013e-08 1.529687e-09 1.965091e-07 1.399571e-10 7.307821e-11
3.164062e+03 3.164062e+03 2.460938e+03 7.096688e-09 -1.065303e-08 1.489457e-09 1.923232e-07 1.492650e-10 1.280825e-10
3.164062e+03 3.242188e+03 2.460938e+03 2.150755e-09 -5.561810e-09 1.413386e-09 1.880997e-07 1.464645e-10 1.008265e-10
3.164062e+03 3.320312e+03 2.460938e+03 -2.460012e-09 -7.526056e-10 1.306586e-09 1.838788e-07 1.478545e-10 2.560394e-11
3.164062e+03 3.398438e+03 2.460938e+03 -6.740773e-09 3.759030e-09 1.225483e-09 1.796535e-07 1.590937e-10 1.357024e-10
3.164062e+03 3.476562e+03 2.460938e+03 -1.070278e-08 7.941124e-09 1.261673e-09 1.754262e-07 1.574853e-10 1.399517e-10
3.164062e+03 3.554688e+03 2.460938e+03 -1.438147e-08 1.178936e-08 1.229451e-09 1.712034e-07 1.446076e-10 -6.301195e-11
3.164062e+03 3.632812e+03 2.460938e+03 -1.782687e-08 1.528868e-08 1.126416e-09 1.670140e-07 1.313510e-10 -9.808963e-11
3.164062e+03 3.710938e+03 2.460938e+03 -2.106003e-08 1.846326e-08 1.128868e-09 1.628546e-07 1.078235e-10 -2.417666e-11
3.164062e+03 3.789062e+03 2.460938e+03 -2.408724e-08 2.131071e-08 1.136176e-09 1.587205e-07 8.238079e-11 -6.877665e-11
3.164062e+03 3.867188e+03 2.460938e+03 -2.690253e-08 2.395271e-08 1.092757e-09 1.546434e-07 6.575404e-11 -1.079471e-10
3.164062e+03 3.945312e+03 2.460938e+03 -2.949028e-08 2.644946e-08 1.009476e-09 1.506269e-07 5.488237e-11 -5.413455e-11
3.164062e+03 4.023438e+03 2.460938e+03 -3.183481e-08 2.875667e-08 1.032201e-09 1.466852e-07 5.765530e-11 6.606666e-11
3.164062e+03 4.101562e+03 2.460938e+03 -3.393731e-08 3.085620e-08 1.091343e-09 1.428433e-07 7.680190e-11 7.950184e-11
3.164062e+03 4.179688e+03 2.460938e+03 -3.581079e-08 3.280130e-08 1.004992e-09 1.390870e-07 9.853643e-11 3.816054e-11
3.164062e+03 4.257812e+03 2.460938e+03 -3.748414e-08 3.468210e-08 8.924877e-10 1.353756e-07 1.176710e-10 1.193377e-10
3.164062e+03 4.335938e+03 2.460938e+03 -3.899351e-08 3.645611e-08 8.672651e-10 1.316914e-07 1.245940e-10 1.406693e-10
3.164062e+03 4.414062e+03 2.460938e+03 -4.036588e-08 3.804802e-08 9.231146e-10 1.280423e-07 9.604013e-11 1.292179e-10
3.164062e+03 4.492188e+03 2.460938e+03 -4.161898e-08 3.941149e-08 9.063718e-10 1.244625e-07 4.446277e-11 1.442594e-11
3.164062e+03 4.570312e+03 2.460938e+03 -4.276228e-08 4.059922e-08 8.051490e-10 1.209751e-07 2.351390e-12 -7.171153e-12
3.164062e+03 4.648438e+03 2.460938e+03 -4.379663e-08 4.168770e-08 7.249082e-10 1.175810e-07 -1.309346e-11 5.366353e-11
3.164062e+03 4.726562e+03 2.460938e+03 -4.470557e-08 4.267381e-08 6.897451e-10 1.142491e-07 3.475979e-12 1.042697e-10
3.164062e+03 4.804688e+03 2.460938e+03 -4.548132e-08 4.363307e-08 6.696868e-10 1.109623e-07 2.823754e-11 1.479678e-10
3.164062e+03 4.882812e+03 2.460938e+03 -4.613590e-08 4.448821e-08 6.290720e-10 1.077803e-07 4.986727e-11 1.313893e-10
3.164062e+03 4.960938e+03 2.460938e+03 -4.670473e-08 4.517313e-08 6.921872e-10 1.047191e-07 4.646996e-11 1.833723e-10
3.242188e+03 3.906250e+01 2.460938e+03 3.237902e-07 -3.382384e-07 4.710580e-09 7.325169e-09 3.562665e-10 6.607776e-11
3.242188e+03 1.171875e+02 2.460938e+03 3.228181e-07 -3.372981e-07 4.919924e-09 2.187764e-08 3.939019e-10 -3.474570e-11
3.242188e+03 1.953125e+02 2.460938e+03 3.209949e-07 -3.355052e-07 5.000075e-09 3.635660e-08 3.864523e-10 -4.126935e-11
3.242188e+03 2.734375e+02 2.460938e+03 3.183157e-07 -3.328171e-07 4.951618e-09 5.059335e-08 3.574702e-10 1.140515e-11
3.242188e+03 3.515625e+02 2.460938e+03 3.147658e-07 -3.291781e-07 4.916368e-09 6.456159e-08 3.230409e-10 6.522915e-11
3.242188e+03 4.296875e+02 2.460938e+03 3.103660e-07 -3.246581e-07 4.937705e-09 7.817577e-08 2.868673e-10 9.304743e-11
3.242188e+03 5.078125e+02 2.460938e+03 3.051862e-07 -3.193596e-07 4.923377e-09 9.141509e-08 2.550992e-10 7.735122e-11
3.242188e+03 5.859375e+02 2.460938e+03 2.992552e-07 -3.132819e-07 4.832907e-09 1.042295e-07 2.782682e-10 9.352349e-12
3.242188e+03 6.640625e+02 2.460938e+03 2.925880e-07 -3.064688e-07 4.724658e-09 1.165287e-07 3.229246e-10 3.848627e-11
3.242188e+03 7.421875e+02 2.460938e+03 2.852323e-07 -2.989661e-07 4.695387e-09 1.283044e-07 3.488143e-10 -1.322586e-11
3.242188e+03 8.203125e+02 2.460938e+03 2.772539e-07 -2.908288e-07 4.703291e-09 1.395114e-07 3.592599e-10 6.601015e-11
3.242188e+03 8.984375e+02 2.460938e+03 2.687228e-07 -2.821157e-07 4.715637e-09 1.500817e-07 3.408312e-10 1.230432e-11
3.242188e+03 9.765625e+02 2.460938e+03 2.597028e-07 -2.729247e-07 4.581112e-09 1.599658e-07 3.065448e-10 -1.849071e-12
3.242188e+03 1.054688e+03 2.460938e+03 2.502395e-07 -2.632541e-07 4.471653e-09 1.691087e-07 2.760588e-10 7.783479e-11
3.242188e+03 1.132812e+03 2.460938e+03 2.403905e-07 -2.532328e-07 4.434231e-09 1.775119e-07 2.440606e-10 1.000946e-10
3.242188e+03 1.210938e+03 2.460938e+03 2.302438e-07 -2.428114e-07 4.324854e-09 1.851896e-07 2.334680e-10 1.289058e-10
3.242188e+03 1.289062e+03 2.460938e+03 2.198655e-07 -2.321014e-07 4.198608e-09 1.921109e-07 2.678637e-10 1.092648e-10
3.242188e+03 1.367188e+03 2.460938e+03 2.093021e-07 -2.211827e-07 4.057549e-09 1.982773e-07 3.102764e-10 1.738611e-10
3.242188e+03 1.445312e+03 2.460938e+03 1.986135e-07 -2.101823e-07 4.049919e-09 2.037078e-07 3.279573e-10 2.245584e-10
3.242188e+03 1.523438e+03 2.460938e+03 1.878873e-07 -1.990957e-07 3.967159e-09 2.084026e-07 3.342086e-10 1.113374e-10
3.242188e+03 1.601562e+03 2.460938e+03 1.771752e-07 -1.880200e-07 3.817786e-09 2.123880e-07 3.225134e-10 1.204703e-10
3.242188e+03 1.679688e+03 2.460938e+03 1.664976e-07 -1.770009e-07 3.784574e-09 2.156824e-07 2.929696e-10 1.717220e-10
3.242188e+03 1.757812e+03 2.460938e+03 1.558739e-07 -1.659942e-07 3.670529e-09 2.182910e-07 2.763416e-10 5.639025e-11
3.242188e+03 1.835938e+03 2.460938e+03 1.453577e-07 -1.551304e-07 3.526689e-09 2.202061e-07 2.664934e-10 5.191463e-11
3.242188e+03 1.914062e+03 2.460938e+03 1.350354e-07 -1.444369e-07 3.352613e-09 2.214872e-07 2.482579e-10 9.365922e-11
3.242188e+03 1.992188e+03 2.460938e+03 1.249463e-07 -1.339328e-07 3.164419e-09 2.222442e-07 2.407680e-10 7.832990e-11
3.242188e+03 2.070312e+03 2.460938e+03 1.151158e-07 -1.236687e-07 3.074097e-09 2.224992e-07 2.493000e-10 1.114107e-10
3.242188e+03 2.148438e+03 2.460938e+03 1.055466e-07 -1.136063e-07 2.964232e-09 2.222104e-07 2.479008e-10 1.086931e-10
3.242188e+03 2.226562e+03 2.460938e+03 9.627075e-08 -1.037722e-07 2.837723e-09 2.214130e-07 2.133260e-10 1.007510e-10
3.242188e+03 2.304688e+03 2.460938e+03 8.732713e-08 -9.438176e-08 2.699348e-09 2.201719e-07 1.621098e-10 9.948542e-11
3.242188e+03 2.382812e+03 2.460938e+03 7.871967e-08 -8.547779e-08 2.503206e-09 2.184966e-07 1.354687e-10 7.721948e-11
3.242188e+03 2.460938e+03 2.460938e+03 7.045286e-08 -7.683824e-08 2.341161e-09 2.164200e-07 1.360921e-10 1.110455e-10
3.242188e+03 2.539062e+03 2.460938e+03 6.250764e-08 -6.850083e-08 2.208437e-09 2.140007e-07 1.431776e-10 1.221031e-10
3.242188e+03 2.617188e+03 2.460938e+03 5.488263e-08 -6.054199e-08 2.094386e-09 2.113081e-07 1.544403e-10 8.739810e-11
3.242188e+03 2.695312e+03 2.460938e+03 4.759188e-08 -5.283862e-08 2.011947e-09 2.083792e-07 1.716217e-10 1.093120e-10
3.242188e+03 2.773438e+03 2.460938e+03 4.065629e-08 -4.546744e-08 1.901998e-09 2.052317e-07 1.767293e-10 1.179762e-10
3.242188e+03 2.851562e+03 2.460938e+03 3.410312e-08 -3.858147e-08 1.810129e-09 2.019063e-07 1.502211e-10 8.454644e-11
3.242188e+03 2.929688e+03 2.460938e+03 2.791298e-08 -3.209404e-08 1.712276e-09 1.984498e-07 1.116742e-10 9.206776e-11
3.242188e+03 3.007812e+03 2.460938e+03 2.206406e-08 -2.592059e-08 1.550797e-09 1.948729e-07 9.402205e-11 7.497650e-11
3.242188e+03 3.085938e+03 2.460938e+03 1.654450e-08 -2.012026e-08 1.448865e-09 1.911393e-07 1.030447e-10 4.867010e-11
3.242188e+03 3.164062e+03 2.460938e+03 1.134563e-08 -1.471342e-08 1.404796e-09 1.872752e-07 1.214238e-10 1.202015e-10
3.242188e+03 3.242188e+03 2.460938e+03 6.479178e-09 -9.639211e-09 1.344262e-09 1.833818e-07 1.301612e-10 1.060142e-10
3.242188e+03 3.320312e+03 2.460938e+03 1.929706e-09 -4.856293e-09 1.251191e-09 1.794853e-07 1.373624e-10 3.229035e-11
3.242188e+03 3.398438e+03 2.460938e+03 -2.316611e-09 -3.562214e-10 1.171469e-09 1.755730e-07 1.459560e-10 1.297378e-10
3.242188e+03 3.476562e+03 2.460938e+03 -6.285479e-09 3.825888e-09 1.204204e-09 1.716363e-07 1.338252e-10 1.149993e-10
3.242188e+03 3.554688e+03 2.460938e+03 -1.000854e-08 7.689293e-09 1.169226e-09 1.676730e-07 1.132471e-10 -9.523947e-11
3.242188e+03 3.632812e+03 2.460938e+03 -1.350650e-08 1.121411e-08 1.057912e-09 1.637156e-07 1.023862e-10 -1.283432e-10
3.242188e+03 3.710938e+03 2.460938e+03 -1.680004e-08 1.440777e-08 1.046629e-09 1.597681e-07 8.161658e-11 -4.882361e-11
3.242188e+03 3.789062e+03 2.460938e+03 -1.988410e-08 1.728452e-08 1.047790e-09 1.558415e-07 5.076082e-11 -8.381098e-11
3.242188e+03 3.867188e+03 2.460938e+03 -2.274496e-08 1.995735e-08 1.009598e-09 1.519698e-07 3.218630e-11 -1.086493e-10
3.242188e+03 3.945312e+03 2.460938e+03 -2.537658e-08 2.250732e-08 9.376940e-10 1.481656e-07 2.925380e-11 -4.231543e-11
3.242188e+03 4.023438e+03 2.460938e+03 -2.777697e-08 2.489305e-08 9.767142e-10 1.444446e-07 4.105550e-11 7.755947e-11
3.242188e+03 4.101562e+03 2.460938e+03 -2.994809e-08 2.709754e-08 1.047483e-09 1.408252e-07 6.668732e-11 7.978558e-11
3.242188e+03 4.179688e+03 2.460938e+03 -3.191188e-08 2.914347e-08 9.642886e-10 1.372755e-07 9.197178e-11 2.176517e-11
3.242188e+03 4.257812e+03 2.460938e+03 -3.369660e-08 3.112128e-08 8.552992e-10 1.337481e-07 1.070532e-10 8.638809e-11
3.242188e+03 4.335938e+03 2.460938e+03 -3.532446e-08 3.294929e-08 8.294637e-10 1.302204e-07 1.045021e-10 1.014221e-10
3.242188e+03 4.414062e+03 2.460938e+03 -3.681269e-08 3.457803e-08 8.829113e-10 1.267086e-07 7.099550e-11 9.346868e-11
3.242188e+03 4.492188e+03 2.460938e+03 -3.817252e-08 3.596103e-08 8.711053e-10 1.232522e-07 2.020959e-11 -6.300669e-12
3.242188e+03 4.570312e+03 2.460938e+03 -3.940830e-08 3.719127e-08 7.782815e-10 1.198799e-07 -1.941809e-11 -1.461051e-11
3.242188e+03 4.648438e+03 2.460938e+03 -4.051691e-08 3.832143e-08 7.091543e-10 1.165945e-07 -3.567279e-11 5.585354e-11
3.242188e+03 4.726562e+03 2.460938e+03 -4.149835e-08 3.938197e-08 6.878342e-10 1.133743e-07 -1.999226e-11 1.158158e-10
3.242188e+03 4.804688e+03 2.460938e+03 -4.235171e-08 4.043019e-08 6.839693e-10 1.102003e-07 1.395825e-11 1.632756e-10
3.242188e+03 4.882812e+03 2.460938e+03 -4.309297e-08 4.141651e-08 6.420220e-10 1.071280e-07 4.270378e-11 1.630999e-10
3.242188e+03 4.960938e+03 2.460938e+03 -4.373868e-08 4.223105e-08 6.845651e-10 1.041553e-07 4.215110e-11 2.342256e-10
3.320312e+03 3.906250e+01 2.460938e+03 3.106073e-07 -3.239259e-07 4.343893e-09 6.799135e-09 2.417845e-10 6.728702e-12
3.320312e+03 1.171875e+02 2.460938e+03 3.096978e-07 -3.230859e-07 4.498755e-09 2.043592e-08 1.246952e-10 -4.020095e-11
3.320312e+03 1.953125e+02 2.460938e+03 3.080165e-07 -3.215136e-07 4.542567e-09 3.398868e-08 1.254550e-11 -5.262510e-11
3.320312e+03 2.734375e+02 2.460938e+03 3.055049e-07 -3.190945e-07 4.460951e-09 4.735896e-08 -5.678773e-11 -2.488084e-11
3.320312e+03 3.515625e+02 2.460938e+03 3.021636e-07 -3.157493e-07 4.424891e-09 6.051616e-08 -9.845089e-11 -8.643599e-12
3.320312e+03 4.296875e+02 2.460938e+03 2.980466e-07 -3.115749e-07 4.434239e-09 7.340512e-08 -1.149904e-10 -7.477558e-12
3.320312e+03 5.078125e+02 2.460938e+03 2.932172e-07 -3.066387e-07 4.418706e-09 8.598367e-08 -9.405953e-11 -2.089776e-12
3.320312e+03 5.859375e+02 2.460938e+03 2.876938e-07 -3.009750e-07 4.348142e-09 9.816218e-08 -4.014415e-11 -5.115686e-11
3.320312e+03 6.640625e+02 2.460938e+03 2.814989e-07 -2.946327e-07 4.264651e-09 1.098416e-07 -8.675161e-12 1.231522e-12
3.320312e+03 7.421875e+02 2.460938e+03 2.746872e-07 -2.876904e-07 4.276449e-09 1.210115e-07 -6.502411e-12 -1.590991e-11
3.320312e+03 8.203125e+02 2.460938e+03 2.673041e-07 -2.801792e-07 4.319442e-09 1.316308e-07 -1.377039e-11 6.803344e-11
3.320312e+03 8.984375e+02 2.460938e+03 2.593946e-07 -2.721419e-07 4.334456e-09 1.416580e-07 -2.926189e-11 4.453451e-12
3.320312e+03 9.765625e+02 2.460938e+03 2.510109e-07 -2.636355e-07 4.185029e-09 1.510570e-07 -3.239932e-11 -8.449452e-12
3.320312e+03 1.054688e+03 2.460938e+03 2.422113e-07 -2.546813e-07 4.065151e-09 1.597852e-07 -1.997331e-11 7.526508e-11
3.320312e+03 1.132812e+03 2.460938e+03 2.330735e-07 -2.453812e-07 4.042022e-09 1.678546e-07 -8.335906e-12 1.034199e-10
3.320312e+03 1.210938e+03 2.460938e+03 2.236593e-07 -2.356872e-07 3.973855e-09 1.752779e-07 3.040803e-11 1.385448e-10
3.320312e+03 1.289062e+03 2.460938e+03 2.140038e-07 -2.256771e-07 3.905851e-09 1.820041e-07 9.836112e-11 1.133128e-10
3.320312e+03 1.367188e+03 2.460938e+03 2.041508e-07 -2.154530e-07 3.816993e-09 1.880319e-07 1.330487e-10 1.685071e-10
3.320312e+03 1.445312e+03 2.460938e+03 1.941748e-07 -2.051680e-07 3.829905e-09 1.933729e-07 1.239307e-10 2.093893e-10
3.320312e+03 1.523438e+03 2.460938e+03 1.841424e-07 -1.947946e-07 3.746308e-09 1.980288e-07 1.168335e-10 8.541687e-11
3.320312e+03 1.601562e+03 2.460938e+03 1.740864e-07 -1.844137e-07 3.588629e-09 2.020015e-07 1.153750e-10 8.372188e-11
3.320312e+03 1.679688e+03 2.460938e+03 1.640193e-07 -1.740382e-07 3.550507e-09 2.053308e-07 1.077210e-10 1.331767e-10
3.320312e+03 1.757812e+03 2.460938e+03 1.539956e-07 -1.636775e-07 3.439917e-09 2.080343e-07 1.169706e-10 3.515624e-11
3.320312e+03 1.835938e+03 2.460938e+03 1.440975e-07 -1.534268e-07 3.304775e-09 2.101175e-07 1.349900e-10 5.198179e-11
3.320312e+03 1.914062e+03 2.460938e+03 1.343775e-07 -1.433145e-07 3.149384e-09 2.116155e-07 1.351462e-10 1.096194e-10
3.320312e+03 1.992188e+03 2.460938e+03 1.248587e-07 -1.333372e-07 2.987836e-09 2.126017e-07 1.303435e-10 9.104406e-11
3.320312e+03 2.070312e+03 2.460938e+03 1.155334e-07 -1.235821e-07 2.915864e-09 2.130966e-07 1.221115e-10 1.081282e-10
3.320312e+03 2.148438e+03 2.460938e+03 1.064259e-07 -1.140270e-07 2.808532e-09 2.130535e-07 9.302886e-11 9.737273e-11
3.320312e+03 2.226562e+03 2.460938e+03 9.756864e-08 -1.046833e-07 2.676644e-09 2.125275e-07 4.147747e-11 8.463662e-11
3.320312e+03 2.304688e+03 2.460938e+03 8.899631e-08 -9.576325e-08 2.527784e-09 2.115742e-07 -1.137622e-12 8.405632e-11
3.320312e+03 2.382812e+03 2.460938e+03 8.073502e-08 -8.724730e-08 2.328819e-09 2.102126e-07 4.520166e-12 5.980771e-11
3.320312e+03 2.460938e+03 2.460938e+03 7.276913e-08 -7.894206e-08 2.181586e-09 2.084668e-07 4.371449e-11 9.634486e-11
3.320312e+03 2.539062e+03 2.460938e+03 6.509637e-08 -7.088168e-08 2.069093e-09 2.063924e-07 6.869633e-11 1.206663e-10
3.320312e+03 2.617188e+03 2.460938e+03 5.772527e-08 -6.316325e-08 1.975671e-09 2.040594e-07 6.831921e-11 9.173206e-11
3.320312e+03 2.695312e+03 2.460938e+03 5.067801e-08 -5.570103e-08 1.911059e-09 2.014860e-07 6.279165e-11 1.143537e-10
3.320312e+03 2.773438e+03 2.460938e+03 4.398275e-08 -4.854487e-08 1.807450e-09 1.986897e-07 4.949246e-11 1.200974e-10
3.320312e+03 2.851562e+03 2.460938e+03 3.762690e-08 -4.186269e-08 1.710126e-09 1.956974e-07 1.998717e-11 7.566471e-11
3.320312e+03 2.929688e+03 2.460938e+03 3.159094e-08 -3.554947e-08 1.599676e-09 1.925552e-07 -4.000059e-12 7.087981e-11
3.320312e+03 3.007812e+03 2.460938e+03 2.586085e-08 -2.950979e-08 1.424973e-09 1.892921e-07 -4.157531e-12 5.031013e-11
3.320312e+03 3.085938e+03 2.460938e+03 2.043099e-08 -2.380371e-08 1.319996e-09 1.858697e-07 1.786284e-11 3.470062e-11
3.320312e+03 3.164062e+03 2.460938e+03 1.531501e-08 -1.844638e-08 1.287909e-09 1.823291e-07 4.333917e-11 1.195469e-10
3.320312e+03 3.242188e+03 2.460938e+03 1.051437e-08 -1.340324e-08 1.240770e-09 1.787530e-07 5.163879e-11 1.125976e-10
3.320312e+03 3.320312e+03 2.460938e+03 6.024563e-09 -8.648759e-09 1.149475e-09 1.751574e-07 5.517377e-11 3.665166e-11
3.320312e+03 3.398438e+03 2.460938e+03 1.811348e-09 -4.180868e-09 1.071642e-09 1.715264e-07 5.616652e-11 1.187212e-10
3.320312e+03 3.476562e+03 2.460938e+03 -2.159650e-09 -1.692191e-11 1.110001e-09 1.678452e-07 3.622623e-11 9.489986e-11
3.320312e+03 3.554688e+03 2.460938e+03 -5.906330e-09 3.836405e-09 1.069087e-09 1.641172e-07 1.577722e-11 -1.087724e-10
3.320312e+03 3.632812e+03 2.460938e+03 -9.444210e-09 7.360207e-09 9.454376e-10 1.603728e-07 1.171750e-11 -1.328112e-10
3.320312e+03 3.710938e+03 2.460938e+03 -1.276908e-08 1.056162e-08 9.295838e-10 1.566344e-07 3.906038e-13 -4.873008e-11
3.320312e+03 3.789062e+03 2.460938e+03 -1.587716e-08 1.345673e-08 9.301466e-10 1.529190e-07 -1.967661e-11 -7.885591e-11
3.320312e+03 3.867188e+03 2.460938e+03 -1.876673e-08 1.616321e-08 8.888735e-10 1.492652e-07 -2.687889e-11 -9.632195e-11
3.320312e+03 3.945312e+03 2.460938e+03 -2.143312e-08 1.876824e-08 8.232158e-10 1.456820e-07 -2.324884e-11 -2.840835e-11
3.320312e+03 4.023438e+03 2.460938e+03 -2.387422e-08 2.124513e-08 8.773925e-10 1.421841e-07 -1.312827e-11 8.517065e-11
3.320312e+03 4.101562e+03 2.460938e+03 -2.610785e-08 2.353531e-08 9.587546e-10 1.387679e-07 5.920892e-12 7.286360e-11
3.320312e+03 4.179688e+03 2.460938e+03 -2.816258e-08 2.567519e-08 8.828972e-10 1.353962e-07 2.264416e-11 -2.715351e-12
3.320312e+03 4.257812e+03 2.460938e+03 -3.006134e-08 2.771903e-08 7.774188e-10 1.320244e-07 3.057746e-11 4.836047e-11
3.320312e+03 4.335938e+03 2.460938e+03 -3.181104e-08 2.959198e-08 7.522507e-10 1.286421e-07 2.819097e-11 6.353523e-11
3.320312e+03 4.414062e+03 2.460938e+03 -3.341101e-08 3.124259e-08 8.124575e-10 1.252701e-07 2.851072e-12 6.949311e-11
3.320312e+03 4.492188e+03 2.460938e+03 -3.486479e-08 3.264423e-08 8.131133e-10 1.219504e-07 -4.351963e-11 -8.503003e-12
3.320312e+03 4.570312e+03 2.460938e+03 -3.617306e-08 3.388951e-08 7.325328e-10 1.187086e-07 -8.518737e-11 4.460818e-12
3.320312e+03 4.648438e+03 2.460938e+03 -3.734253e-08 3.506062e-08 6.750629e-10 1.155458e-07 -1.005797e-10 7.968742e-11
3.320312e+03 4.726562e+03 2.460938e+03 -3.838322e-08 3.618593e-08 6.619479e-10 1.124434e-07 -7.787301e-11 1.397176e-10
3.320312e+03 4.804688e+03 2.460938e+03 -3.930698e-08 3.733692e-08 6.661662e-10 1.093835e-07 -3.382678e-11 1.840594e-10
3.320312e+03 4.882812e+03 2.460938e+03 -4.012518e-08 3.843667e-08 6.231479e-10 1.064035e-07 7.069178e-12 1.963185e-10
3.320312e+03 4.960938e+03 2.460938e+03 -4.084473e-08 3.936777e-08 6.630535e-10 1.035141e-07 2.761698e-11 2.925970e-10
3.398438e+03 3.906250e+01 2.460938e+03 2.982062e-07 -3.105523e-07 3.987551e-09 6.323025e-09 2.349128e-10 -1.247347e-10
3.398438e+03 1.171875e+02 2.460938e+03 2.973454e-07 -3.098188e-07 4.039533e-09 1.917297e-08 2.148321e-10 -1.705021e-10
3.398438e+03 1.953125e+02 2.460938e+03 2.957125e-07 -3.083709e-07 4.036028e-09 3.193187e-08 2.399379e-10 -1.923857e-10
3.398438e+03 2.734375e+02 2.460938e+03 2.933218e-07 -3.061168e-07 3.953839e-09 4.455770e-08 2.762805e-10 -1.383788e-10
3.398438e+03 3.515625e+02 2.460938e+03 2.902166e-07 -3.030127e-07 3.927105e-09 5.699910e-08 2.923221e-10 -9.983347e-11
3.398438e+03 4.296875e+02 2.460938e+03 2.864211e-07 -2.991492e-07 3.935924e-09 6.920094e-08 3.051901e-10 -4.836342e-11
3.398438e+03 5.078125e+02 2.460938e+03 2.819496e-07 -2.945473e-07 3.947810e-09 8.109388e-08 3.444047e-10 7.987909e-12
3.398438e+03 5.859375e+02 2.460938e+03 2.768178e-07 -2.892863e-07 3.905472e-09 9.258741e-08 3.778627e-10 -2.194829e-11
3.398438e+03 6.640625e+02 2.460938e+03 2.710708e-07 -2.834446e-07 3.826908e-09 1.036034e-07 3.655209e-10 5.648424e-11
3.398438e+03 7.421875e+02 2.460938e+03 2.647578e-07 -2.770472e-07 3.845020e-09 1.141447e-07 3.246417e-10 5.704770e-11
3.398438e+03 8.203125e+02 2.460938e+03 2.579168e-07 -2.701279e-07 3.878409e-09 1.241835e-07 2.888661e-10 1.312459e-10
3.398438e+03 8.984375e+02 2.460938e+03 2.505747e-07 -2.626846e-07 3.878931e-09 1.336958e-07 2.762726e-10 6.648937e-11
3.398438e+03 9.765625e+02 2.460938e+03 2.427791e-07 -2.547795e-07 3.749218e-09 1.426603e-07 2.977079e-10 5.667544e-11
3.398438e+03 1.054688e+03 2.460938e+03 2.346018e-07 -2.464502e-07 3.665579e-09 1.510319e-07 3.268275e-10 1.307313e-10
3.398438e+03 1.132812e+03 2.460938e+03 2.261142e-07 -2.378012e-07 3.688027e-09 1.588261e-07 3.323871e-10 1.512811e-10
3.398438e+03 1.210938e+03 2.460938e+03 2.173532e-07 -2.287541e-07 3.674546e-09 1.660127e-07 3.387776e-10 1.860504e-10
3.398438e+03 1.289062e+03 2.460938e+03 2.083437e-07 -2.193890e-07 3.652085e-09 1.725487e-07 3.458750e-10 1.448341e-10
3.398438e+03 1.367188e+03 2.460938e+03 1.991407e-07 -2.098440e-07 3.582169e-09 1.784215e-07 3.116957e-10 1.868159e-10
3.398438e+03 1.445312e+03 2.460938e+03 1.898063e-07 -2.002493e-07 3.588755e-09 1.836578e-07 2.627003e-10 2.154553e-10
3.398438e+03 1.523438e+03 2.460938e+03 1.803943e-07 -1.905482e-07 3.502894e-09 1.882493e-07 2.506842e-10 8.264146e-11
3.398438e+03 1.601562e+03 2.460938e+03 1.709223e-07 -1.807895e-07 3.346292e-09 1.921980e-07 2.595738e-10 8.387614e-11
3.398438e+03 1.679688e+03 2.460938e+03 1.614298e-07 -1.709989e-07 3.316699e-09 1.955538e-07 2.626541e-10 1.430015e-10
3.398438e+03 1.757812e+03 2.460938e+03 1.519969e-07 -1.612172e-07 3.230980e-09 1.983586e-07 2.791630e-10 6.521200e-11
3.398438e+03 1.835938e+03 2.460938e+03 1.426918e-07 -1.515408e-07 3.123309e-09 2.005939e-07 3.011298e-10 8.919424e-11
3.398438e+03 1.914062e+03 2.460938e+03 1.335385e-07 -1.419796e-07 2.993552e-09 2.022663e-07 2.898993e-10 1.417689e-10
3.398438e+03 1.992188e+03 2.460938e+03 1.245273e-07 -1.325287e-07 2.848526e-09 2.034312e-07 2.527428e-10 1.101716e-10
3.398438e+03 2.070312e+03 2.460938e+03 1.156642e-07 -1.232800e-07 2.775374e-09 2.041024e-07 2.135141e-10 1.132405e-10
3.398438e+03 2.148438e+03 2.460938e+03 1.069798e-07 -1.142171e-07 2.652734e-09 2.042727e-07 1.721295e-10 9.646906e-11
3.398438e+03 2.226562e+03 2.460938e+03 9.852167e-08 -1.053649e-07 2.509961e-09 2.039794e-07 1.300518e-10 8.416037e-11
3.398438e+03 2.304688e+03 2.460938e+03 9.031835e-08 -9.686119e-08 2.370177e-09 2.032993e-07 1.107583e-10 8.844795e-11
3.398438e+03 2.382812e+03 2.460938e+03 8.237973e-08 -8.869026e-08 2.196312e-09 2.022361e-07 1.421335e-10 6.992305e-11
3.398438e+03 2.460938e+03 2.460938e+03 7.471093e-08 -8.067452e-08 2.079001e-09 2.008021e-07 1.978007e-10 1.134752e-10
3.398438e+03 2.539062e+03 2.460938e+03 6.731752e-08 -7.287497e-08 1.991448e-09 1.990602e-07 2.149864e-10 1.415764e-10
3.398438e+03 2.617188e+03 2.460938e+03 6.021965e-08 -6.542727e-08 1.905644e-09 1.970515e-07 1.894885e-10 1.143402e-10
3.398438e+03 2.695312e+03 2.460938e+03 5.343732e-08 -5.823488e-08 1.827568e-09 1.948026e-07 1.583049e-10 1.354958e-10
3.398438e+03 2.773438e+03 2.460938e+03 4.697055e-08 -5.133084e-08 1.705852e-09 1.923155e-07 1.286267e-10 1.407107e-10
3.398438e+03 2.851562e+03 2.460938e+03 4.081069e-08 -4.484933e-08 1.602848e-09 1.896169e-07 9.631338e-11 9.363718e-11
3.398438e+03 2.929688e+03 2.460938e+03 3.494042e-08 -3.870007e-08 1.496220e-09 1.867724e-07 8.140168e-11 8.094174e-11
3.398438e+03 3.007812e+03 2.460938e+03 2.934237e-08 -3.278616e-08 1.325836e-09 1.838046e-07 9.955484e-11 5.808261e-11
3.398438e+03 3.085938e+03 2.460938e+03 2.402442e-08 -2.716051e-08 1.226310e-09 1.806955e-07 1.340293e-10 4.658912e-11
3.398438e+03 3.164062e+03 2.460938e+03 1.900033e-08 -2.186613e-08 1.200160e-09 1.774677e-07 1.541411e-10 1.331285e-10
3.398438e+03 3.242188e+03 2.460938e+03 1.427744e-08 -1.687580e-08 1.154206e-09 1.741925e-07 1.476541e-10 1.243839e-10
3.398438e+03 3.320312e+03 2.460938e+03 9.839785e-09 -1.217056e-08 1.064493e-09 1.708732e-07 1.349085e-10 4.120729e-11
3.398438e+03 3.398438e+03 2.460938e+03 5.657321e-09 -7.748976e-09 9.960147e-10 1.674841e-07 1.258863e-10 1.126746e-10
3.398438e+03 3.476562e+03 2.460938e+03 1.693060e-09 -3.624913e-09 1.030853e-09 1.640235e-07 1.052689e-10 9.242522e-11
3.398438e+03 3.554688e+03 2.460938e+03 -2.068993e-09 1.988470e-10 9.718685e-10 1.605032e-07 8.255659e-11 -1.008797e-10
3.398438e+03 3.632812e+03 2.460938e+03 -5.618394e-09 3.714209e-09 8.452682e-10 1.569671e-07 7.748482e-11 -1.129005e-10
3.398438e+03 3.710938e+03 2.460938e+03 -8.951642e-09 6.926978e-09 8.355557e-10 1.534429e-07 8.022627e-11 -1.564686e-11
3.398438e+03 3.789062e+03 2.460938e+03 -1.206256e-08 9.845176e-09 8.347317e-10 1.499494e-07 8.177515e-11 -4.187459e-11
3.398438e+03 3.867188e+03 2.460938e+03 -1.495714e-08 1.258878e-08 7.912853e-10 1.465147e-07 8.843426e-11 -6.268680e-11
3.398438e+03 3.945312e+03 2.460938e+03 -1.763953e-08 1.525802e-08 7.288277e-10 1.431596e-07 9.150276e-11 -6.366319e-12
3.398438e+03 4.023438e+03 2.460938e+03 -2.011939e-08 1.780074e-08 7.802242e-10 1.398721e-07 8.726718e-11 9.388018e-11
3.398438e+03 4.101562e+03 2.460938e+03 -2.241787e-08 2.016141e-08 8.587412e-10 1.366441e-07 8.904311e-11 6.808786e-11
3.398438e+03 4.179688e+03 2.460938e+03 -2.456213e-08 2.236148e-08 7.956931e-10 1.334301e-07 9.774066e-11 -1.913456e-11
3.398438e+03 4.257812e+03 2.460938e+03 -2.656686e-08 2.445215e-08 7.022111e-10 1.301987e-07 1.064805e-10 2.387394e-11
3.398438e+03 4.335938e+03 2.460938e+03 -2.842114e-08 2.635524e-08 6.839933e-10 1.269506e-07 1.064163e-10 4.195010e-11
3.398438e+03 4.414062e+03 2.460938e+03 -3.011540e-08 2.803380e-08 7.524599e-10 1.237103e-07 8.019939e-11 6.095520e-11
3.398438e+03 4.492188e+03 2.460938e+03 -3.164562e-08 2.944682e-08 7.583982e-10 1.205214e-07 2.887948e-11 -3.398403e-12
3.398438e+03 4.570312e+03 2.460938e+03 -3.302121e-08 3.070362e-08 6.866748e-10 1.174071e-07 -1.690209e-11 2.499588e-11
3.398438e+03 4.648438e+03 2.460938e+03 -3.425903e-08 3.191537e-08 6.426130e-10 1.143685e-07 -3.153006e-11 1.080301e-10
3.398438e+03 4.726562e+03 2.460938e+03 -3.537243e-08 3.311420e-08 6.368388e-10 1.113918e-07 -1.515591e-11 1.720220e-10
3.398438e+03 4.804688e+03 2.460938e+03 -3.636145e-08 3.435381e-08 6.365314e-10 1.084546e-07 1.305085e-11 2.183379e-10
3.398438e+03 4.882812e+03 2.460938e+03 -3.724368e-08 3.555296e-08 5.898496e-10 1.055809e-07 3.638013e-11 2.352130e-10
3.398438e+03 4.960938e+03 2.460938e+03 -3.803720e-08 3.659399e-08 6.386794e-10 1.027963e-07 3.702150e-11 3.392285e-10
3.476562e+03 3.906250e+01 2.460938e+03 2.865115e-07 -2.979425e-07 3.738678e-09 5.934623e-09 2.776647e-10 -1.461646e-10
3.476562e+03 1.171875e+02 2.460938e+03 2.857100e-07 -2.972811e-07 3.840952e-09 1.807392e-08 3.756546e-10 -1.944273e-10
3.476562e+03 1.953125e+02 2.460938e+03 2.841807e-07 -2.959303e-07 3.913541e-09 3.013980e-08 4.705310e-10 -2.068845e-10
3.476562e+03 2.734375e+02 2.460938e+03 2.819804e-07 -2.938454e-07 3.897759e-09 4.206865e-08 5.239802e-10 -1.126805e-10
3.476562e+03 3.515625e+02 2.460938e+03 2.791355e-07 -2.909904e-07 3.904955e-09 5.380102e-08 5.297695e-10 -6.071992e-11
3.476562e+03 4.296875e+02 2.460938e+03 2.756456e-07 -2.874534e-07 3.936010e-09 6.528159e-08 5.132195e-10 2.160631e-11
3.476562e+03 5.078125e+02 2.460938e+03 2.714906e-07 -2.832002e-07 3.977506e-09 7.644469e-08 4.962882e-10 6.315299e-11
3.476562e+03 5.859375e+02 2.460938e+03 2.667047e-07 -2.783205e-07 3.937611e-09 8.724512e-08 4.791346e-10 5.351449e-12
3.476562e+03 6.640625e+02 2.460938e+03 2.613504e-07 -2.729304e-07 3.830774e-09 9.763573e-08 4.608694e-10 7.109987e-11
3.476562e+03 7.421875e+02 2.460938e+03 2.554768e-07 -2.670041e-07 3.814948e-09 1.076251e-07 4.431340e-10 5.192121e-11
3.476562e+03 8.203125e+02 2.460938e+03 2.491159e-07 -2.605897e-07 3.814974e-09 1.171742e-07 4.378159e-10 1.051484e-10
3.476562e+03 8.984375e+02 2.460938e+03 2.422947e-07 -2.536592e-07 3.805903e-09 1.262482e-07 4.432041e-10 4.834910e-11
3.476562e+03 9.765625e+02 2.460938e+03 2.350450e-07 -2.462827e-07 3.709776e-09 1.348275e-07 4.557469e-10 4.277858e-11
3.476562e+03 1.054688e+03 2.460938e+03 2.274399e-07 -2.385156e-07 3.666989e-09 1.428846e-07 4.597199e-10 1.001517e-10
3.476562e+03 1.132812e+03 2.460938e+03 2.195275e-07 -2.304551e-07 3.703672e-09 1.503990e-07 4.387479e-10 1.066926e-10
3.476562e+03 1.210938e+03 2.460938e+03 2.113233e-07 -2.220118e-07 3.683410e-09 1.573424e-07 4.017128e-10 1.304309e-10
3.476562e+03 1.289062e+03 2.460938e+03 2.028680e-07 -2.132673e-07 3.640672e-09 1.636630e-07 3.503969e-10 8.238712e-11
3.476562e+03 1.367188e+03 2.460938e+03 1.942273e-07 -2.043756e-07 3.543032e-09 1.693793e-07 2.820164e-10 1.330786e-10
3.476562e+03 1.445312e+03 2.460938e+03 1.854720e-07 -1.954272e-07 3.529104e-09 1.745096e-07 2.427020e-10 1.765147e-10
3.476562e+03 1.523438e+03 2.460938e+03 1.766269e-07 -1.863278e-07 3.448395e-09 1.790455e-07 2.621842e-10 5.391360e-11
3.476562e+03 1.601562e+03 2.460938e+03 1.677170e-07 -1.771335e-07 3.306496e-09 1.829757e-07 2.847912e-10 6.702483e-11
3.476562e+03 1.679688e+03 2.460938e+03 1.587925e-07 -1.678943e-07 3.285935e-09 1.863657e-07 2.777315e-10 1.368725e-10
3.476562e+03 1.757812e+03 2.460938e+03 1.499274e-07 -1.586573e-07 3.217723e-09 1.892504e-07 2.768551e-10 6.431221e-11
3.476562e+03 1.835938e+03 2.460938e+03 1.411640e-07 -1.495231e-07 3.129109e-09 1.915918e-07 2.868177e-10 8.038754e-11
3.476562e+03 1.914062e+03 2.460938e+03 1.324991e-07 -1.404857e-07 3.007283e-09 1.933827e-07 2.628489e-10 1.170892e-10
3.476562e+03 1.992188e+03 2.460938e+03 1.239276e-07 -1.315611e-07 2.855793e-09 1.946696e-07 2.051255e-10 8.081369e-11
3.476562e+03 2.070312e+03 2.460938e+03 1.154798e-07 -1.228018e-07 2.766539e-09 1.954971e-07 1.532831e-10 8.785816e-11
3.476562e+03 2.148438e+03 2.460938e+03 1.072078e-07 -1.142130e-07 2.631033e-09 1.958495e-07 1.259838e-10 7.872119e-11
3.476562e+03 2.226562e+03 2.460938e+03 9.914247e-08 -1.057998e-07 2.491041e-09 1.957883e-07 1.200499e-10 7.169284e-11
3.476562e+03 2.304688e+03 2.460938e+03 9.129691e-08 -9.766878e-08 2.377258e-09 1.953664e-07 1.337213e-10 7.698059e-11
3.476562e+03 2.382812e+03 2.460938e+03 8.367476e-08 -8.980985e-08 2.235261e-09 1.945807e-07 1.749867e-10 6.555468e-11
3.476562e+03 2.460938e+03 2.460938e+03 7.630081e-08 -8.206755e-08 2.139169e-09 1.934389e-07 2.159280e-10 1.126903e-10
3.476562e+03 2.539062e+03 2.460938e+03 6.919379e-08 -7.454746e-08 2.061646e-09 1.919774e-07 2.139119e-10 1.428424e-10
3.476562e+03 2.617188e+03 2.460938e+03 6.237508e-08 -6.739418e-08 1.967031e-09 1.902610e-07 1.743660e-10 1.173854e-10
3.476562e+03 2.695312e+03 2.460938e+03 5.585580e-08 -6.049076e-08 1.863638e-09 1.882947e-07 1.327000e-10 1.361163e-10
3.476562e+03 2.773438e+03 2.460938e+03 4.961635e-08 -5.384120e-08 1.720474e-09 1.860872e-07 1.026431e-10 1.424463e-10
3.476562e+03 2.851562e+03 2.460938e+03 4.364342e-08 -4.755117e-08 1.614558e-09 1.836730e-07 8.078659e-11 9.936206e-11
3.476562e+03 2.929688e+03 2.460938e+03 3.792823e-08 -4.154491e-08 1.517541e-09 1.811066e-07 8.353321e-11 8.962174e-11
3.476562e+03 3.007812e+03 2.460938e+03 3.247254e-08 -3.574213e-08 1.358220e-09 1.784310e-07 1.158993e-10 6.961967e-11
3.476562e+03 3.085938e+03 2.460938e+03 2.728128e-08 -3.019738e-08 1.265563e-09 1.756168e-07 1.493792e-10 5.726356e-11
3.476562e+03 3.164062e+03 2.460938e+03 2.236563e-08 -2.498981e-08 1.237035e-09 1.726847e-07 1.531406e-10 1.361014e-10
3.476562e+03 3.242188e+03 2.460938e+03 1.772648e-08 -2.008651e-08 1.186609e-09 1.696841e-07 1.270699e-10 1.170384e-10
3.476562e+03 3.320312e+03 2.460938e+03 1.334813e-08 -1.545791e-08 1.101069e-09 1.666112e-07 1.060119e-10 2.534355e-11
3.476562e+03 3.398438e+03 2.460938e+03 9.196015e-09 -1.109821e-08 1.028106e-09 1.634390e-07 1.023455e-10 9.476020e-11
3.476562e+03 3.476562e+03 2.460938e+03 5.238364e-09 -7.030622e-09 1.038174e-09 1.601728e-07 8.651422e-11 7.747274e-11
3.476562e+03 3.554688e+03 2.460938e+03 1.478650e-09 -3.237711e-09 9.664045e-10 1.568553e-07 6.076101e-11 -1.079834e-10
3.476562e+03 3.632812e+03 2.460938e+03 -2.065932e-09 2.746438e-10 8.473283e-10 1.535304e-07 6.034372e-11 -9.952199e-11
3.476562e+03 3.710938e+03 2.460938e+03 -5.380890e-09 3.507012e-09 8.399320e-10 1.502242e-07 8.042761e-11 1.657577e-11
3.476562e+03 3.789062e+03 2.460938e+03 -8.474031e-09 6.456011e-09 8.411127e-10 1.469473e-07 1.009866e-10 -7.874193e-12
3.476562e+03 3.867188e+03 2.460938e+03 -1.135277e-08 9.252997e-09 8.059433e-10 1.437369e-07 1.159518e-10 -3.914396e-11
3.476562e+03 3.945312e+03 2.460938e+03 -1.403990e-08 1.196921e-08 7.356496e-10 1.405904e-07 1.145477e-10 -9.219375e-15
3.476562e+03 4.023438e+03 2.460938e+03 -1.655796e-08 1.455619e-08 7.631102e-10 1.374961e-07 1.013989e-10 8.309927e-11
3.476562e+03 4.101562e+03 2.460938e+03 -1.892256e-08 1.696246e-08 8.363189e-10 1.344362e-07 9.738892e-11 5.233122e-11
3.476562e+03 4.179688e+03 2.460938e+03 -2.114900e-08 1.919906e-08 7.923583e-10 1.313715e-07 1.043096e-10 -3.399381e-11
3.476562e+03 4.257812e+03 2.460938e+03 -2.323573e-08 2.131035e-08 7.179049e-10 1.282813e-07 1.105070e-10 6.799043e-12
3.476562e+03 4.335938e+03 2.460938e+03 -2.517216e-08 2.322594e-08 7.135304e-10 1.251720e-07 1.070349e-10 2.591209e-11
3.476562e+03 4.414062e+03 2.460938e+03 -2.694042e-08 2.492074e-08 7.899471e-10 1.220639e-07 8.326446e-11 4.672442e-11
3.476562e+03 4.492188e+03 2.460938e+03 -2.853485e-08 2.634661e-08 7.938030e-10 1.190024e-07 4.910195e-11 -1.931487e-11
3.476562e+03 4.570312e+03 2.460938e+03 -2.997099e-08 2.763321e-08 7.201990e-10 1.160117e-07 2.596411e-11 9.847868e-12
3.476562e+03 4.648438e+03 2.460938e+03 -3.127383e-08 2.890161e-08 6.758466e-10 1.131014e-07 2.242097e-11 1.042627e-10
3.476562e+03 4.726562e+03 2.460938e+03 -3.245336e-08 3.017527e-08 6.668071e-10 1.102525e-07 3.690995e-11 1.739583e-10
3.476562e+03 4.804688e+03 2.460938e+03 -3.350936e-08 3.149717e-08 6.597844e-10 1.074455e-07 6.017804e-11 2.305566e-10
3.476562e+03 4.882812e+03 2.460938e+03 -3.446077e-08 3.279359e-08 6.021274e-10 1.046796e-07 7.032101e-11 2.461169e-10
3.476562e+03 4.960938e+03 2.460938e+03 -3.531992e-08 3.392794e-08 6.333445e-10 1.020017e-07 4.782858e-11 3.481229e-10
3.554688e+03 3.906250e+01 2.460938e+03 2.754453e-07 -2.860020e-07 3.523706e-09 5.563745e-09 2.221405e-10 -1.027161e-10
3.554688e+03 1.171875e+02 2.460938e+03 2.747030e-07 -2.854131e-07 3.655545e-09 1.699036e-08 1.981386e-10 -1.140177e-10
3.554688e+03 1.953125e+02 2.460938e+03 2.733085e-07 -2.841937e-07 3.749939e-09 2.837616e-08 1.398042e-10 -9.769267e-11
3.554688e+03 2.734375e+02 2.460938e+03 2.712922e-07 -2.823256e-07 3.748085e-09 3.959971e-08 6.341890e-11 -1.709990e-11
3.554688e+03 3.515625e+02 2.460938e+03 2.686556e-07 -2.797225e-07 3.747596e-09 5.065085e-08 -1.106927e-11 2.929642e-12
3.554688e+03 4.296875e+02 2.460938e+03 2.654033e-07 -2.764821e-07 3.768437e-09 6.145255e-08 -5.519695e-11 6.095959e-11
3.554688e+03 5.078125e+02 2.460938e+03 2.615225e-07 -2.725442e-07 3.783716e-09 7.198120e-08 -9.508996e-11 5.023821e-11
3.554688e+03 5.859375e+02 2.460938e+03 2.570593e-07 -2.680070e-07 3.713772e-09 8.220703e-08 -1.065181e-10 -3.215921e-11
3.554688e+03 6.640625e+02 2.460938e+03 2.520764e-07 -2.629717e-07 3.603354e-09 9.207932e-08 -7.709344e-11 1.602624e-11
3.554688e+03 7.421875e+02 2.460938e+03 2.466152e-07 -2.574476e-07 3.594773e-09 1.015980e-07 -3.341256e-11 -1.851213e-11
3.554688e+03 8.203125e+02 2.460938e+03 2.407086e-07 -2.514578e-07 3.608604e-09 1.107178e-07 1.396765e-11 3.351447e-11
3.554688e+03 8.984375e+02 2.460938e+03 2.343734e-07 -2.450004e-07 3.621801e-09 1.193909e-07 3.537289e-11 -1.046321e-11
3.554688e+03 9.765625e+02 2.460938e+03 2.276377e-07 -2.381204e-07 3.544800e-09 1.276020e-07 2.168140e-11 -1.478156e-11
3.554688e+03 1.054688e+03 2.460938e+03 2.205492e-07 -2.308865e-07 3.512780e-09 1.353338e-07 -1.681458e-12 3.552163e-11
3.554688e+03 1.132812e+03 2.460938e+03 2.131398e-07 -2.233672e-07 3.542580e-09 1.425432e-07 -2.299729e-11 3.758149e-11
3.554688e+03 1.210938e+03 2.460938e+03 2.054262e-07 -2.154844e-07 3.504113e-09 1.492156e-07 -4.943674e-11 5.169240e-11
3.554688e+03 1.289062e+03 2.460938e+03 1.974751e-07 -2.073403e-07 3.438533e-09 1.553303e-07 -8.064719e-11 1.420212e-11
3.554688e+03 1.367188e+03 2.460938e+03 1.893693e-07 -1.990416e-07 3.327817e-09 1.608956e-07 -1.032231e-10 8.306354e-11
3.554688e+03 1.445312e+03 2.460938e+03 1.811550e-07 -1.906750e-07 3.319704e-09 1.659381e-07 -8.793393e-11 1.483723e-10
3.554688e+03 1.523438e+03 2.460938e+03 1.728539e-07 -1.821085e-07 3.260493e-09 1.704137e-07 -3.290531e-11 4.069190e-11
3.554688e+03 1.601562e+03 2.460938e+03 1.644818e-07 -1.734476e-07 3.146387e-09 1.743269e-07 -7.469256e-12 5.514348e-11
3.554688e+03 1.679688e+03 2.460938e+03 1.560970e-07 -1.647503e-07 3.140846e-09 1.777362e-07 -3.758994e-11 1.227331e-10
3.554688e+03 1.757812e+03 2.460938e+03 1.477439e-07 -1.560573e-07 3.085079e-09 1.806670e-07 -6.194123e-11 4.096713e-11
3.554688e+03 1.835938e+03 2.460938e+03 1.394447e-07 -1.474282e-07 3.007740e-09 1.830670e-07 -6.081751e-11 4.209013e-11
3.554688e+03 1.914062e+03 2.460938e+03 1.311944e-07 -1.388949e-07 2.883781e-09 1.849193e-07 -7.775630e-11 6.538473e-11
3.554688e+03 1.992188e+03 2.460938e+03 1.230186e-07 -1.304513e-07 2.721717e-09 1.863126e-07 -1.207375e-10 3.502721e-11
3.554688e+03 2.070312e+03 2.460938e+03 1.149750e-07 -1.221651e-07 2.628678e-09 1.872893e-07 -1.496184e-10 5.876658e-11
3.554688e+03 2.148438e+03 2.460938e+03 1.071099e-07 -1.140062e-07 2.512242e-09 1.878394e-07 -1.423739e-10 6.565430e-11
3.554688e+03 2.226562e+03 2.460938e+03 9.944255e-08 -1.059734e-07 2.402704e-09 1.879976e-07 -1.133037e-10 6.217457e-11
3.554688e+03 2.304688e+03 2.460938e+03 9.195296e-08 -9.819059e-08 2.317793e-09 1.878076e-07 -7.862459e-11 5.984287e-11
3.554688e+03 2.382812e+03 2.460938e+03 8.465605e-08 -9.063570e-08 2.196767e-09 1.872697e-07 -4.562854e-11 4.311224e-11
3.554688e+03 2.460938e+03 2.460938e+03 7.757936e-08 -8.319860e-08 2.104934e-09 1.863712e-07 -3.209506e-11 9.025483e-11
3.554688e+03 2.539062e+03 2.460938e+03 7.075819e-08 -7.597818e-08 2.022459e-09 1.851559e-07 -5.256002e-11 1.269663e-10
3.554688e+03 2.617188e+03 2.460938e+03 6.421232e-08 -6.911956e-08 1.920126e-09 1.836879e-07 -9.027926e-11 1.054053e-10
3.554688e+03 2.695312e+03 2.460938e+03 5.793529e-08 -6.249138e-08 1.808943e-09 1.819801e-07 -1.145558e-10 1.211037e-10
3.554688e+03 2.773438e+03 2.460938e+03 5.191015e-08 -5.606766e-08 1.663577e-09 1.800333e-07 -1.205949e-10 1.249833e-10
3.554688e+03 2.851562e+03 2.460938e+03 4.611394e-08 -4.995942e-08 1.556234e-09 1.778872e-07 -1.193877e-10 8.897719e-11
3.554688e+03 2.929688e+03 2.460938e+03 4.055912e-08 -4.408293e-08 1.461827e-09 1.756024e-07 -1.059303e-10 8.806569e-11
3.554688e+03 3.007812e+03 2.460938e+03 3.525435e-08 -3.838834e-08 1.317222e-09 1.732039e-07 -7.628393e-11 7.332611e-11
3.554688e+03 3.085938e+03 2.460938e+03 3.020596e-08 -3.295287e-08 1.236321e-09 1.706620e-07 -5.256641e-11 6.026683e-11
3.554688e+03 3.164062e+03 2.460938e+03 2.541283e-08 -2.785669e-08 1.206556e-09 1.679819e-07 -6.226859e-11 1.274747e-10
3.554688e+03 3.242188e+03 2.460938e+03 2.086623e-08 -2.306895e-08 1.151355e-09 1.652210e-07 -9.421720e-11 1.003415e-10
3.554688e+03 3.320312e+03 2.460938e+03 1.654937e-08 -1.852912e-08 1.058000e-09 1.623704e-07 -1.064684e-10 7.645328e-12
3.554688e+03 3.398438e+03 2.460938e+03 1.243297e-08 -1.424488e-08 9.658334e-10 1.593982e-07 -9.726435e-11 7.383945e-11
3.554688e+03 3.476562e+03 2.460938e+03 8.504524e-09 -1.023178e-08 9.628076e-10 1.563312e-07 -1.034491e-10 5.267858e-11
3.554688e+03 3.554688e+03 2.460938e+03 4.770730e-09 -6.469230e-09 8.967911e-10 1.532220e-07 -1.158895e-10 -1.199411e-10
3.554688e+03 3.632812e+03 2.460938e+03 1.256701e-09 -2.956119e-09 7.787371e-10 1.501179e-07 -1.044840e-10 -9.225821e-11
3.554688e+03 3.710938e+03 2.460938e+03 -2.030761e-09 2.938282e-10 7.698911e-10 1.470274e-07 -7.968682e-11 3.228757e-11
3.554688e+03 3.789062e+03 2.460938e+03 -5.087961e-09 3.294486e-09 7.811186e-10 1.439732e-07 -5.241916e-11 1.080948e-11
3.554688e+03 3.867188e+03 2.460938e+03 -7.941709e-09 6.137720e-09 7.505765e-10 1.409648e-07 -3.061656e-11 -3.093204e-11
3.554688e+03 3.945312e+03 2.460938e+03 -1.063384e-08 8.884394e-09 6.676732e-10 1.379982e-07 -3.005620e-11 -9.002346e-12
3.554688e+03 4.023438e+03 2.460938e+03 -1.318395e-08 1.149777e-08 6.833103e-10 1.350709e-07 -3.847608e-11 6.243130e-11
3.554688e+03 4.101562e+03 2.460938e+03 -1.560393e-08 1.392699e-08 7.626557e-10 1.321619e-07 -3.685026e-11 3.317496e-11
3.554688e+03 4.179688e+03 2.460938e+03 -1.789510e-08 1.617974e-08 7.330797e-10 1.292366e-07 -3.425261e-11 -4.901988e-11
3.554688e+03 4.257812e+03 2.460938e+03 -2.004764e-08 1.828881e-08 6.727170e-10 1.262803e-07 -3.934587e-11 -7.278479e-12
3.554688e+03 4.335938e+03 2.460938e+03 -2.204547e-08 2.020706e-08 6.773145e-10 1.233071e-07 -5.025220e-11 1.332231e-11
3.554688e+03 4.414062e+03 2.460938e+03 -2.387661e-08 2.190142e-08 7.594720e-10 1.203408e-07 -6.806559e-11 3.312861e-11
3.554688e+03 4.492188e+03 2.460938e+03 -2.553461e-08 2.335747e-08 7.753104e-10 1.174248e-07 -7.774639e-11 -3.509004e-11
3.554688e+03 4.570312e+03 2.460938e+03 -2.703338e-08 2.468951e-08 7.160357e-10 1.145741e-07 -7.344558e-11 -1.145592e-11
3.554688e+03 4.648438e+03 2.460938e+03 -2.839541e-08 2.602461e-08 6.750949e-10 1.117930e-07 -6.189579e-11 8.812933e-11
3.554688e+03 4.726562e+03 2.460938e+03 -2.963141e-08 2.736891e-08 6.644709e-10 1.090737e-07 -3.137952e-11 1.563637e-10
3.554688e+03 4.804688e+03 2.460938e+03 -3.075545e-08 2.877940e-08 6.623842e-10 1.063912e-07 1.037094e-11 2.202231e-10
3.554688e+03 4.882812e+03 2.460938e+03 -3.177007e-08 3.014790e-08 6.092065e-10 1.037375e-07 3.791561e-11 2.386852e-10
3.554688e+03 4.960938e+03 2.460938e+03 -3.268561e-08 3.136374e-08 6.290715e-10 1.011532e-07 3.642514e-11 3.477726e-10
3.632812e+03 3.906250e+01 2.460938e+03 2.649562e-07 -2.747760e-07 3.288289e-09 5.175593e-09 1.710834e-10 -1.363046e-10
3.632812e+03 1.171875e+02 2.460938e+03 2.642568e-07 -2.742622e-07 3.336168e-09 1.590995e-08 7.465124e-11 -1.430075e-10
3.632812e+03 1.953125e+02 2.460938e+03 2.629694e-07 -2.731930e-07 3.340714e-09 2.662825e-08 -2.434061e-11 -1.132185e-10
3.632812e+03 2.734375e+02 2.460938e+03 2.610823e-07 -2.714998e-07 3.277289e-09 3.720592e-08 -9.345449e-11 -7.793896e-11
3.632812e+03 3.515625e+02 2.460938e+03 2.586082e-07 -2.691127e-07 3.228468e-09 4.766246e-08 -1.272845e-10 -6.051506e-11
3.632812e+03 4.296875e+02 2.460938e+03 2.555542e-07 -2.660770e-07 3.237096e-09 5.790246e-08 -1.119755e-10 -8.957150e-12
3.632812e+03 5.078125e+02 2.460938e+03 2.519469e-07 -2.624142e-07 3.233835e-09 6.791012e-08 -9.620602e-11 -2.035818e-11
3.632812e+03 5.859375e+02 2.460938e+03 2.478203e-07 -2.581872e-07 3.167541e-09 7.765234e-08 -6.037491e-11 -7.667199e-11
3.632812e+03 6.640625e+02 2.460938e+03 2.432076e-07 -2.534878e-07 3.100309e-09 8.706020e-08 -1.634637e-11 -2.535919e-11
3.632812e+03 7.421875e+02 2.460938e+03 2.381359e-07 -2.483195e-07 3.132436e-09 9.612892e-08 8.686424e-12 -5.083752e-11
3.632812e+03 8.203125e+02 2.460938e+03 2.326342e-07 -2.427266e-07 3.182146e-09 1.048282e-07 2.650143e-11 2.628677e-11
3.632812e+03 8.984375e+02 2.460938e+03 2.267317e-07 -2.367012e-07 3.217569e-09 1.130980e-07 1.767979e-11 -7.361093e-12
3.632812e+03 9.765625e+02 2.460938e+03 2.204518e-07 -2.303156e-07 3.129288e-09 1.209395e-07 -2.394211e-11 -1.777637e-11
3.632812e+03 1.054688e+03 2.460938e+03 2.138165e-07 -2.235822e-07 3.074225e-09 1.283266e-07 -6.045817e-11 3.468407e-11
3.632812e+03 1.132812e+03 2.460938e+03 2.068461e-07 -2.165587e-07 3.098586e-09 1.352255e-07 -7.377510e-11 4.140286e-11
3.632812e+03 1.210938e+03 2.460938e+03 1.996083e-07 -2.091956e-07 3.071263e-09 1.416396e-07 -7.622905e-11 5.803222e-11
3.632812e+03 1.289062e+03 2.460938e+03 1.921732e-07 -2.015941e-07 3.020242e-09 1.475591e-07 -7.067905e-11 3.678007e-11
3.632812e+03 1.367188e+03 2.460938e+03 1.845988e-07 -1.938372e-07 2.936947e-09 1.529945e-07 -5.154657e-11 1.108252e-10
3.632812e+03 1.445312e+03 2.460938e+03 1.769103e-07 -1.859741e-07 2.964587e-09 1.579369e-07 -1.764860e-11 1.724121e-10
3.632812e+03 1.523438e+03 2.460938e+03 1.691048e-07 -1.779171e-07 2.936052e-09 1.623405e-07 1.519402e-11 6.334167e-11
3.632812e+03 1.601562e+03 2.460938e+03 1.612257e-07 -1.697622e-07 2.846775e-09 1.662090e-07 -1.943970e-12 6.627728e-11
3.632812e+03 1.679688e+03 2.460938e+03 1.533140e-07 -1.616105e-07 2.850910e-09 1.696078e-07 -6.923213e-11 1.202366e-10
3.632812e+03 1.757812e+03 2.460938e+03 1.454012e-07 -1.534335e-07 2.796899e-09 1.725520e-07 -1.128504e-10 2.974932e-11
3.632812e+03 1.835938e+03 2.460938e+03 1.374974e-07 -1.452977e-07 2.722311e-09 1.749826e-07 -1.114214e-10 2.555332e-11
3.632812e+03 1.914062e+03 2.460938e+03 1.296350e-07 -1.372142e-07 2.604773e-09 1.768958e-07 -1.123932e-10 4.885416e-11
3.632812e+03 1.992188e+03 2.460938e+03 1.218558e-07 -1.292063e-07 2.456259e-09 1.783984e-07 -1.313526e-10 2.682143e-11
3.632812e+03 2.070312e+03 2.460938e+03 1.142121e-07 -1.213528e-07 2.385693e-09 1.795400e-07 -1.381888e-10 6.360341e-11
3.632812e+03 2.148438e+03 2.460938e+03 1.067440e-07 -1.135842e-07 2.305906e-09 1.802831e-07 -1.165313e-10 7.383567e-11
3.632812e+03 2.226562e+03 2.460938e+03 9.944291e-08 -1.059133e-07 2.232236e-09 1.806356e-07 -8.585897e-11 6.743169e-11
3.632812e+03 2.304688e+03 2.460938e+03 9.230670e-08 -9.845702e-08 2.167803e-09 1.806389e-07 -6.749308e-11 5.967123e-11
3.632812e+03 2.382812e+03 2.460938e+03 8.532852e-08 -9.123285e-08 2.055967e-09 1.802979e-07 -6.519154e-11 3.626641e-11
3.632812e+03 2.460938e+03 2.460938e+03 7.854663e-08 -8.412349e-08 1.961925e-09 1.796133e-07 -8.159191e-11 8.097105e-11
3.632812e+03 2.539062e+03 2.460938e+03 7.200709e-08 -7.721486e-08 1.874498e-09 1.786223e-07 -1.142175e-10 1.164793e-10
3.632812e+03 2.617188e+03 2.460938e+03 6.572098e-08 -7.063307e-08 1.773030e-09 1.773847e-07 -1.384093e-10 9.847946e-11
3.632812e+03 2.695312e+03 2.460938e+03 5.967394e-08 -6.423838e-08 1.665631e-09 1.759134e-07 -1.332104e-10 1.137404e-10
3.632812e+03 2.773438e+03 2.460938e+03 5.384214e-08 -5.801539e-08 1.528167e-09 1.742092e-07 -1.118076e-10 1.156868e-10
3.632812e+03 2.851562e+03 2.460938e+03 4.822978e-08 -5.206743e-08 1.426862e-09 1.723192e-07 -9.898212e-11 8.429639e-11
3.632812e+03 2.929688e+03 2.460938e+03 4.284322e-08 -4.632787e-08 1.340106e-09 1.702979e-07 -9.444483e-11 8.823481e-11
3.632812e+03 3.007812e+03 2.460938e+03 3.769896e-08 -4.076421e-08 1.209958e-09 1.681565e-07 -8.626645e-11 7.857822e-11
3.632812e+03 3.085938e+03 2.460938e+03 3.279421e-08 -3.547518e-08 1.135996e-09 1.658499e-07 -8.453833e-11 6.041347e-11
3.632812e+03 3.164062e+03 2.460938e+03 2.812098e-08 -3.051972e-08 1.103183e-09 1.633894e-07 -1.053495e-10 1.162432e-10
3.632812e+03 3.242188e+03 2.460938e+03 2.367053e-08 -2.584576e-08 1.037867e-09 1.608366e-07 -1.333104e-10 9.086986e-11
3.632812e+03 3.320312e+03 2.460938e+03 1.941777e-08 -2.140196e-08 9.305247e-10 1.581816e-07 -1.341595e-10 4.263764e-12
3.632812e+03 3.398438e+03 2.460938e+03 1.535293e-08 -1.718177e-08 8.342221e-10 1.554052e-07 -1.109742e-10 6.939711e-11
3.632812e+03 3.476562e+03 2.460938e+03 1.147810e-08 -1.321570e-08 8.384097e-10 1.525410e-07 -9.575293e-11 5.316217e-11
3.632812e+03 3.554688e+03 2.460938e+03 7.800315e-09 -9.476167e-09 7.735085e-10 1.496480e-07 -8.911944e-11 -1.068920e-10
3.632812e+03 3.632812e+03 2.460938e+03 4.326783e-09 -5.976789e-09 6.471608e-10 1.467663e-07 -7.894669e-11 -7.943381e-11
3.632812e+03 3.710938e+03 2.460938e+03 1.085240e-09 -2.700426e-09 6.405569e-10 1.439062e-07 -6.682833e-11 4.063341e-11
3.632812e+03 3.789062e+03 2.460938e+03 -1.936101e-09 3.392128e-10 6.553640e-10 1.410616e-07 -4.797921e-11 2.497838e-11
3.632812e+03 3.867188e+03 2.460938e+03 -4.770455e-09 3.213901e-09 6.155908e-10 1.382345e-07 -2.927095e-11 -2.170076e-11
3.632812e+03 3.945312e+03 2.460938e+03 -7.451905e-09 5.979919e-09 5.334978e-10 1.354233e-07 -2.603199e-11 -1.390671e-11
3.632812e+03 4.023438e+03 2.460938e+03 -1.001845e-08 8.602837e-09 5.650165e-10 1.326355e-07 -3.089211e-11 5.111167e-11
3.632812e+03 4.101562e+03 2.460938e+03 -1.247471e-08 1.103980e-08 6.545136e-10 1.298589e-07 -3.607132e-11 2.102307e-11
3.632812e+03 4.179688e+03 2.460938e+03 -1.480868e-08 1.327759e-08 6.290927e-10 1.270585e-07 -4.421849e-11 -5.779781e-11
3.632812e+03 4.257812e+03 2.460938e+03 -1.700049e-08 1.537874e-08 5.751552e-10 1.242306e-07 -4.716839e-11 -9.181321e-12
3.632812e+03 4.335938e+03 2.460938e+03 -1.904121e-08 1.728680e-08 5.826444e-10 1.213838e-07 -4.816526e-11 1.162603e-11
3.632812e+03 4.414062e+03 2.460938e+03 -2.092382e-08 1.900018e-08 6.684211e-10 1.185564e-07 -6.312805e-11 2.732164e-11
3.632812e+03 4.492188e+03 2.460938e+03 -2.264113e-08 2.050005e-08 6.987397e-10 1.157901e-07 -7.637584e-11 -3.837012e-11
3.632812e+03 4.570312e+03 2.460938e+03 -2.419827e-08 2.189152e-08 6.506849e-10 1.130863e-07 -7.278376e-11 -1.500376e-11
3.632812e+03 4.648438e+03 2.460938e+03 -2.561305e-08 2.328030e-08 6.090417e-10 1.104416e-07 -5.861098e-11 8.877697e-11
3.632812e+03 4.726562e+03 2.460938e+03 -2.691112e-08 2.470396e-08 6.080914e-10 1.078494e-07 -2.817660e-11 1.595827e-10
3.632812e+03 4.804688e+03 2.460938e+03 -2.810214e-08 2.618735e-08 6.163234e-10 1.052836e-07 3.350284e-12 2.215952e-10
3.632812e+03 4.882812e+03 2.460938e+03 -2.917444e-08 2.760820e-08 5.832790e-10 1.027470e-07 3.130841e-11 2.438238e-10
3.632812e+03 4.960938e+03 2.460938e+03 -3.014421e-08 2.887979e-08 6.185812e-10 1.002453e-07 3.751491e-11 3.460951e-10
3.710938e+03 3.906250e+01 2.460938e+03 2.550777e-07 -2.642652e-07 3.056908e-09 4.808604e-09 1.810440e-10 -1.757165e-10
3.710938e+03 1.171875e+02 2.460938e+03 2.544587e-07 -2.637961e-07 3.068134e-09 1.495027e-08 2.010219e-10 -2.022095e-10
3.710938e+03 1.953125e+02 2.460938e+03 2.532823e-07 -2.628290e-07 3.074029e-09 2.506755e-08 2.502808e-10 -1.904811e-10
3.710938e+03 2.734375e+02 2.460938e+03 2.515296e-07 -2.612539e-07 3.017858e-09 3.509185e-08 3.079484e-10 -1.738019e-10
3.710938e+03 3.515625e+02 2.460938e+03 2.492256e-07 -2.590083e-07 2.985916e-09 4.501846e-08 3.791513e-10 -1.268438e-10
3.710938e+03 4.296875e+02 2.460938e+03 2.463881e-07 -2.561649e-07 3.027309e-09 5.474812e-08 4.359760e-10 -6.350260e-11
3.710938e+03 5.078125e+02 2.460938e+03 2.430560e-07 -2.527502e-07 3.056562e-09 6.425518e-08 4.551553e-10 -4.284143e-11
3.710938e+03 5.859375e+02 2.460938e+03 2.392442e-07 -2.488356e-07 3.031933e-09 7.350558e-08 4.663288e-10 -7.188007e-11
3.710938e+03 6.640625e+02 2.460938e+03 2.349554e-07 -2.444598e-07 2.990716e-09 8.243991e-08 4.560119e-10 -2.498459e-11
3.710938e+03 7.421875e+02 2.460938e+03 2.302150e-07 -2.396533e-07 3.013475e-09 9.105167e-08 4.189184e-10 -5.262118e-11
3.710938e+03 8.203125e+02 2.460938e+03 2.250529e-07 -2.344300e-07 3.041845e-09 9.930786e-08 3.841131e-10 3.655463e-11
3.710938e+03 8.984375e+02 2.460938e+03 2.195107e-07 -2.288115e-07 3.055674e-09 1.071691e-07 3.503528e-10 -4.086338e-12
3.710938e+03 9.765625e+02 2.460938e+03 2.136231e-07 -2.228692e-07 2.937816e-09 1.146358e-07 3.180904e-10 -2.102245e-11
3.710938e+03 1.054688e+03 2.460938e+03 2.073897e-07 -2.165875e-07 2.853502e-09 1.216895e-07 3.016870e-10 3.533278e-11
3.710938e+03 1.132812e+03 2.460938e+03 2.008526e-07 -2.100196e-07 2.871993e-09 1.283059e-07 2.912087e-10 5.016690e-11
3.710938e+03 1.210938e+03 2.460938e+03 1.940820e-07 -2.031312e-07 2.857456e-09 1.344986e-07 2.832147e-10 7.762967e-11
3.710938e+03 1.289062e+03 2.460938e+03 1.871429e-07 -1.960230e-07 2.831613e-09 1.402460e-07 2.856342e-10 6.337245e-11
3.710938e+03 1.367188e+03 2.460938e+03 1.800501e-07 -1.887394e-07 2.780537e-09 1.455446e-07 2.920857e-10 1.272854e-10
3.710938e+03 1.445312e+03 2.460938e+03 1.727980e-07 -1.813511e-07 2.828295e-09 1.503728e-07 2.873899e-10 1.633931e-10
3.710938e+03 1.523438e+03 2.460938e+03 1.654167e-07 -1.737776e-07 2.805565e-09 1.546807e-07 2.592832e-10 4.382402e-11
3.710938e+03 1.601562e+03 2.460938e+03 1.579475e-07 -1.661328e-07 2.714207e-09 1.584897e-07 1.933888e-10 4.469018e-11
3.710938e+03 1.679688e+03 2.460938e+03 1.504448e-07 -1.584784e-07 2.712057e-09 1.618615e-07 1.127734e-10 9.730580e-11
3.710938e+03 1.757812e+03 2.460938e+03 1.429208e-07 -1.507869e-07 2.649315e-09 1.648097e-07 7.950466e-11 1.208358e-11
3.710938e+03 1.835938e+03 2.460938e+03 1.353944e-07 -1.431016e-07 2.574112e-09 1.672788e-07 9.176158e-11 1.751634e-11
3.710938e+03 1.914062e+03 2.460938e+03 1.279123e-07 -1.354270e-07 2.472175e-09 1.692804e-07 9.810915e-11 5.432598e-11
3.710938e+03 1.992188e+03 2.460938e+03 1.205335e-07 -1.278228e-07 2.353433e-09 1.709051e-07 9.035006e-11 4.089911e-11
3.710938e+03 2.070312e+03 2.460938e+03 1.132901e-07 -1.203582e-07 2.317093e-09 1.722027e-07 8.765877e-11 7.676508e-11
3.710938e+03 2.148438e+03 2.460938e+03 1.061857e-07 -1.129752e-07 2.262091e-09 1.731112e-07 9.593730e-11 7.578898e-11
3.710938e+03 2.226562e+03 2.460938e+03 9.922043e-08 -1.056529e-07 2.198149e-09 1.736249e-07 9.891936e-11 6.091011e-11
3.710938e+03 2.304688e+03 2.460938e+03 9.238990e-08 -9.853198e-08 2.131751e-09 1.737901e-07 8.041204e-11 5.655460e-11
3.710938e+03 2.382812e+03 2.460938e+03 8.571772e-08 -9.164319e-08 2.019792e-09 1.736156e-07 5.060420e-11 3.779699e-11
3.710938e+03 2.460938e+03 2.460938e+03 7.922659e-08 -8.486294e-08 1.928513e-09 1.731259e-07 1.863640e-11 7.859746e-11
3.710938e+03 2.539062e+03 2.460938e+03 7.295466e-08 -7.825769e-08 1.839151e-09 1.723573e-07 -9.565851e-12 1.071439e-10
3.710938e+03 2.617188e+03 2.460938e+03 6.691321e-08 -7.192392e-08 1.735906e-09 1.713469e-07 -1.413023e-11 8.796821e-11
3.710938e+03 2.695312e+03 2.460938e+03 6.108115e-08 -6.573751e-08 1.635794e-09 1.701032e-07 1.208692e-11 1.062191e-10
3.710938e+03 2.773438e+03 2.460938e+03 5.545833e-08 -5.969028e-08 1.515401e-09 1.686337e-07 4.321150e-11 1.118433e-10
3.710938e+03 2.851562e+03 2.460938e+03 5.003839e-08 -5.390454e-08 1.431430e-09 1.669778e-07 4.787594e-11 8.015111e-11
3.710938e+03 2.929688e+03 2.460938e+03 4.483189e-08 -4.831928e-08 1.353753e-09 1.651902e-07 2.965407e-11 8.399567e-11
3.710938e+03 3.007812e+03 2.460938e+03 3.984676e-08 -4.292295e-08 1.224529e-09 1.632701e-07 8.149050e-12 7.330468e-11
3.710938e+03 3.085938e+03 2.460938e+03 3.508199e-08 -3.780680e-08 1.149165e-09 1.611669e-07 -1.157914e-11 4.556740e-11
3.710938e+03 3.164062e+03 2.460938e+03 3.052641e-08 -3.300140e-08 1.108113e-09 1.589018e-07 -3.322173e-11 9.355400e-11
3.710938e+03 3.242188e+03 2.460938e+03 2.615905e-08 -2.844027e-08 1.027356e-09 1.565338e-07 -5.388057e-11 7.007443e-11
3.710938e+03 3.320312e+03 2.460938e+03 2.197307e-08 -2.407675e-08 9.134862e-10 1.540655e-07 -4.899829e-11 -7.758317e-12
3.710938e+03 3.398438e+03 2.460938e+03 1.797514e-08 -1.991211e-08 8.220490e-10 1.514857e-07 -1.225751e-11 7.149744e-11
3.710938e+03 3.476562e+03 2.460938e+03 1.417437e-08 -1.597601e-08 8.282735e-10 1.488262e-07 2.167540e-11 7.331514e-11
3.710938e+03 3.554688e+03 2.460938e+03 1.056856e-08 -1.226007e-08 7.617292e-10 1.461397e-07 3.639617e-11 -8.082374e-11
3.710938e+03 3.632812e+03 2.460938e+03 7.175050e-09 -8.766476e-09 6.373571e-10 1.434835e-07 4.138069e-11 -6.484517e-11
3.710938e+03 3.710938e+03 2.460938e+03 3.990611e-09 -5.483830e-09 6.229770e-10 1.408429e-07 4.527186e-11 4.774395e-11
3.710938e+03 3.789062e+03 2.460938e+03 1.000447e-09 -2.429760e-09 6.184099e-10 1.381908e-07 5.383031e-11 3.074230e-11
3.710938e+03 3.867188e+03 2.460938e+03 -1.818902e-09 4.597418e-10 5.719460e-10 1.355309e-07 6.192371e-11 -1.865679e-11
3.710938e+03 3.945312e+03 2.460938e+03 -4.501298e-09 3.235370e-09 5.041764e-10 1.328608e-07 5.898904e-11 -1.789769e-11
3.710938e+03 4.023438e+03 2.460938e+03 -7.075593e-09 5.852827e-09 5.485750e-10 1.301942e-07 4.399182e-11 4.105070e-11
3.710938e+03 4.101562e+03 2.460938e+03 -9.555155e-09 8.266671e-09 6.347413e-10 1.275291e-07 2.390019e-11 9.368917e-12
3.710938e+03 4.179688e+03 2.460938e+03 -1.191117e-08 1.048457e-08 6.107011e-10 1.248495e-07 7.674757e-12 -6.571865e-11
3.710938e+03 4.257812e+03 2.460938e+03 -1.412535e-08 1.256679e-08 5.696960e-10 1.221451e-07 9.287333e-12 -7.389432e-12
3.710938e+03 4.335938e+03 2.460938e+03 -1.619253e-08 1.447979e-08 5.871966e-10 1.194312e-07 1.857689e-11 7.949480e-12
3.710938e+03 4.414062e+03 2.460938e+03 -1.811011e-08 1.621544e-08 6.781996e-10 1.167424e-07 1.413444e-11 1.579225e-11
3.710938e+03 4.492188e+03 2.460938e+03 -1.987911e-08 1.777639e-08 7.087118e-10 1.141151e-07 9.719606e-12 -5.228158e-11
3.710938e+03 4.570312e+03 2.460938e+03 -2.149564e-08 1.922941e-08 6.546017e-10 1.115518e-07 2.090757e-11 -2.976614e-11
3.710938e+03 4.648438e+03 2.460938e+03 -2.296893e-08 2.069065e-08 6.052316e-10 1.090457e-07 3.543967e-11 7.696694e-11
3.710938e+03 4.726562e+03 2.460938e+03 -2.431723e-08 2.217134e-08 6.045707e-10 1.065823e-07 4.745182e-11 1.583810e-10
3.710938e+03 4.804688e+03 2.460938e+03 -2.555178e-08 2.370676e-08 6.037310e-10 1.041292e-07 5.503129e-11 2.190209e-10
3.710938e+03 4.882812e+03 2.460938e+03 -2.667744e-08 2.516975e-08 5.679845e-10 1.017022e-07 5.435954e-11 2.391362e-10
3.710938e+03 4.960938e+03 2.460938e+03 -2.769584e-08 2.647068e-08 6.079807e-10 9.929126e-08 3.916418e-11 3.256009e-10
3.789062e+03 3.906250e+01 2.460938e+03 2.457434e-07 -2.543352e-07 2.855796e-09 4.531182e-09 1.787250e-10 -1.282958e-10
3.789062e+03 1.171875e+02 2.460938e+03 2.452251e-07 -2.538722e-07 2.921673e-09 1.418436e-08 2.386904e-10 -1.367459e-10
3.789062e+03 1.953125e+02 2.460938e+03 2.441760e-07 -2.529906e-07 3.002468e-09 2.377147e-08 3.059206e-10 -1.610835e-10
3.789062e+03 2.734375e+02 2.460938e+03 2.425881e-07 -2.515183e-07 2.989742e-09 3.328303e-08 3.497481e-10 -1.212754e-10
3.789062e+03 3.515625e+02 2.460938e+03 2.404734e-07 -2.494226e-07 3.012291e-09 4.266529e-08 3.875388e-10 -7.340241e-11
3.789062e+03 4.296875e+02 2.460938e+03 2.378573e-07 -2.467778e-07 3.066969e-09 5.186910e-08 3.877445e-10 -2.111838e-11
3.789062e+03 5.078125e+02 2.460938e+03 2.347746e-07 -2.436172e-07 3.101399e-09 6.085880e-08 3.585112e-10 3.529788e-12
3.789062e+03 5.859375e+02 2.460938e+03 2.312198e-07 -2.399875e-07 3.078819e-09 6.959834e-08 3.303810e-10 -4.127150e-11
3.789062e+03 6.640625e+02 2.460938e+03 2.272045e-07 -2.359221e-07 3.008791e-09 7.804455e-08 2.979852e-10 -1.460786e-11
3.789062e+03 7.421875e+02 2.460938e+03 2.227577e-07 -2.314532e-07 2.989781e-09 8.620302e-08 2.659741e-10 -5.667838e-11
3.789062e+03 8.203125e+02 2.460938e+03 2.179119e-07 -2.265824e-07 2.980253e-09 9.404075e-08 2.505578e-10 1.856501e-11
3.789062e+03 8.984375e+02 2.460938e+03 2.127078e-07 -2.213220e-07 2.964855e-09 1.015302e-07 2.524162e-10 -3.639876e-11
3.789062e+03 9.765625e+02 2.460938e+03 2.071860e-07 -2.157602e-07 2.836222e-09 1.086658e-07 2.746846e-10 -4.948627e-11
3.789062e+03 1.054688e+03 2.460938e+03 2.013563e-07 -2.098634e-07 2.751578e-09 1.154086e-07 3.009739e-10 1.212590e-11
3.789062e+03 1.132812e+03 2.460938e+03 1.952445e-07 -2.037220e-07 2.774337e-09 1.217793e-07 2.956326e-10 2.883751e-11
3.789062e+03 1.210938e+03 2.460938e+03 1.889187e-07 -1.972752e-07 2.766151e-09 1.277665e-07 2.737908e-10 6.172138e-11
3.789062e+03 1.289062e+03 2.460938e+03 1.824024e-07 -1.906116e-07 2.754211e-09 1.333416e-07 2.672686e-10 4.169065e-11
3.789062e+03 1.367188e+03 2.460938e+03 1.756977e-07 -1.837668e-07 2.716299e-09 1.384773e-07 2.573959e-10 8.849149e-11
3.789062e+03 1.445312e+03 2.460938e+03 1.688058e-07 -1.768205e-07 2.760119e-09 1.431583e-07 2.254121e-10 1.020508e-10
3.789062e+03 1.523438e+03 2.460938e+03 1.617695e-07 -1.697233e-07 2.717745e-09 1.473660e-07 1.784478e-10 -1.739313e-11
3.789062e+03 1.601562e+03 2.460938e+03 1.546639e-07 -1.625575e-07 2.603821e-09 1.511125e-07 1.216992e-10 1.087099e-12
3.789062e+03 1.679688e+03 2.460938e+03 1.475249e-07 -1.553486e-07 2.595096e-09 1.544689e-07 7.942834e-11 7.158863e-11
3.789062e+03 1.757812e+03 2.460938e+03 1.403745e-07 -1.480898e-07 2.541466e-09 1.574241e-07 8.836093e-11 1.029727e-12
3.789062e+03 1.835938e+03 2.460938e+03 1.332239e-07 -1.408095e-07 2.484164e-09 1.599429e-07 1.206318e-10 1.365916e-11
3.789062e+03 1.914062e+03 2.460938e+03 1.261278e-07 -1.335329e-07 2.403840e-09 1.620349e-07 1.225420e-10 6.352714e-11
3.789062e+03 1.992188e+03 2.460938e+03 1.191387e-07 -1.263094e-07 2.308180e-09 1.637770e-07 1.042439e-10 5.837365e-11
3.789062e+03 2.070312e+03 2.460938e+03 1.122691e-07 -1.192196e-07 2.294521e-09 1.651975e-07 9.170697e-11 8.623073e-11
3.789062e+03 2.148438e+03 2.460938e+03 1.055026e-07 -1.122049e-07 2.247828e-09 1.662296e-07 8.408161e-11 7.041365e-11
3.789062e+03 2.226562e+03 2.460938e+03 9.882928e-08 -1.052329e-07 2.174953e-09 1.668755e-07 6.682538e-11 4.565329e-11
3.789062e+03 2.304688e+03 2.460938e+03 9.228133e-08 -9.844681e-08 2.092982e-09 1.671855e-07 3.178502e-11 4.861358e-11
3.789062e+03 2.382812e+03 2.460938e+03 8.588751e-08 -9.188142e-08 1.973092e-09 1.671782e-07 -3.042295e-12 3.843675e-11
3.789062e+03 2.460938e+03 2.460938e+03 7.967794e-08 -8.541224e-08 1.887484e-09 1.668785e-07 -2.539117e-11 7.556096e-11
3.789062e+03 2.539062e+03 2.460938e+03 7.366306e-08 -7.908197e-08 1.802967e-09 1.663258e-07 -3.639886e-11 1.008360e-10
3.789062e+03 2.617188e+03 2.460938e+03 6.784571e-08 -7.297393e-08 1.705399e-09 1.655399e-07 -2.516834e-11 8.059870e-11
3.789062e+03 2.695312e+03 2.460938e+03 6.222902e-08 -6.698162e-08 1.625734e-09 1.645237e-07 8.598537e-12 1.042248e-10
3.789062e+03 2.773438e+03 2.460938e+03 5.680615e-08 -6.111409e-08 1.530624e-09 1.632792e-07 3.174965e-11 1.159094e-10
3.789062e+03 2.851562e+03 2.460938e+03 5.158005e-08 -5.550872e-08 1.464083e-09 1.618356e-07 1.590314e-11 7.805427e-11
3.789062e+03 2.929688e+03 2.460938e+03 4.654372e-08 -5.011165e-08 1.387408e-09 1.602470e-07 -2.485759e-11 7.517238e-11
3.789062e+03 3.007812e+03 2.460938e+03 4.170698e-08 -4.490873e-08 1.248004e-09 1.585172e-07 -6.057960e-11 6.076051e-11
3.789062e+03 3.085938e+03 2.460938e+03 3.707241e-08 -3.997206e-08 1.167857e-09 1.565959e-07 -7.580944e-11 2.968475e-11
3.789062e+03 3.164062e+03 2.460938e+03 3.262300e-08 -3.530785e-08 1.120916e-09 1.545080e-07 -8.148899e-11 7.195499e-11
3.789062e+03 3.242188e+03 2.460938e+03 2.834265e-08 -3.085008e-08 1.032439e-09 1.523176e-07 -9.189780e-11 4.151874e-11
3.789062e+03 3.320312e+03 2.460938e+03 2.422931e-08 -2.655509e-08 9.165078e-10 1.500345e-07 -8.259314e-11 -2.702681e-11
3.789062e+03 3.398438e+03 2.460938e+03 2.030696e-08 -2.243745e-08 8.230640e-10 1.476549e-07 -4.278640e-11 7.323936e-11
3.789062e+03 3.476562e+03 2.460938e+03 1.658865e-08 -1.852961e-08 8.308125e-10 1.451947e-07 -7.600495e-12 9.431581e-11
3.789062e+03 3.554688e+03 2.460938e+03 1.308568e-08 -1.482544e-08 7.735663e-10 1.427174e-07 9.928781e-12 -5.275224e-11
3.789062e+03 3.632812e+03 2.460938e+03 9.781108e-09 -1.134329e-08 6.521749e-10 1.402619e-07 2.085447e-11 -4.484220e-11
3.789062e+03 3.710938e+03 2.460938e+03 6.657974e-09 -8.075313e-09 6.178917e-10 1.378095e-07 2.383872e-11 5.751754e-11
3.789062e+03 3.789062e+03 2.460938e+03 3.703701e-09 -5.027454e-09 5.925512e-10 1.353301e-07 2.476204e-11 3.201988e-11
3.789062e+03 3.867188e+03 2.460938e+03 8.978749e-10 -2.140857e-09 5.476744e-10 1.328203e-07 3.177060e-11 -1.619150e-11
3.789062e+03 3.945312e+03 2.460938e+03 -1.781279e-09 6.343907e-10 4.850719e-10 1.302795e-07 2.885675e-11 -1.673226e-11
3.789062e+03 4.023438e+03 2.460938e+03 -4.365205e-09 3.222647e-09 5.264252e-10 1.277148e-07 6.306331e-12 3.652644e-11
3.789062e+03 4.101562e+03 2.460938e+03 -6.845450e-09 5.606342e-09 6.081367e-10 1.251648e-07 -1.924299e-11 7.384678e-12
3.789062e+03 4.179688e+03 2.460938e+03 -9.202394e-09 7.796853e-09 5.864095e-10 1.226095e-07 -3.202695e-11 -6.533148e-11
3.789062e+03 4.257812e+03 2.460938e+03 -1.142700e-08 9.870976e-09 5.529010e-10 1.200354e-07 -2.807165e-11 -7.042122e-12
3.789062e+03 4.335938e+03 2.460938e+03 -1.350750e-08 1.179697e-08 5.781399e-10 1.174602e-07 -1.889083e-11 1.750243e-12
3.789062e+03 4.414062e+03 2.460938e+03 -1.544261e-08 1.356289e-08 6.733320e-10 1.149109e-07 -1.793767e-11 4.467252e-12
3.789062e+03 4.492188e+03 2.460938e+03 -1.724413e-08 1.517570e-08 7.015640e-10 1.124204e-07 -1.152263e-11 -6.966066e-11
3.789062e+03 4.570312e+03 2.460938e+03 -1.891695e-08 1.670270e-08 6.511241e-10 1.099945e-07 1.222448e-11 -5.502707e-11
3.789062e+03 4.648438e+03 2.460938e+03 -2.044861e-08 1.823094e-08 6.101008e-10 1.076187e-07 3.506091e-11 4.530975e-11
3.789062e+03 4.726562e+03 2.460938e+03 -2.184503e-08 1.976493e-08 6.027491e-10 1.052693e-07 4.702140e-11 1.280940e-10
3.789062e+03 4.804688e+03 2.460938e+03 -2.311995e-08 2.132938e-08 6.002772e-10 1.029316e-07 5.488653e-11 1.949440e-10
3.789062e+03 4.882812e+03 2.460938e+03 -2.428901e-08 2.283633e-08 5.558678e-10 1.006068e-07 4.477798e-11 2.031027e-10
3.789062e+03 4.960938e+03 2.460938e+03 -2.534216e-08 2.413025e-08 5.859462e-10 9.830065e-08 2.799113e-11 2.874482e-10
3.867188e+03 3.906250e+01 2.460938e+03 2.368715e-07 -2.448726e-07 2.690008e-09 4.289443e-09 1.526277e-10 -6.469859e-11
3.867188e+03 1.171875e+02 2.460938e+03 2.363854e-07 -2.444641e-07 2.780760e-09 1.343957e-08 1.219351e-10 -5.291559e-11
3.867188e+03 1.953125e+02 2.460938e+03 2.354232e-07 -2.436411e-07 2.849152e-09 2.250672e-08 7.184212e-11 -9.499223e-11
3.867188e+03 2.734375e+02 2.460938e+03 2.339685e-07 -2.423081e-07 2.805645e-09 3.149838e-08 2.419161e-11 -3.112717e-11
3.867188e+03 3.515625e+02 2.460938e+03 2.320033e-07 -2.403752e-07 2.810604e-09 4.036084e-08 -3.741908e-11 -1.037412e-11
3.867188e+03 4.296875e+02 2.460938e+03 2.295679e-07 -2.379316e-07 2.829169e-09 4.907986e-08 -8.711449e-11 3.136539e-11
3.867188e+03 5.078125e+02 2.460938e+03 2.266901e-07 -2.349958e-07 2.828741e-09 5.759673e-08 -1.078141e-10 3.828417e-11
3.867188e+03 5.859375e+02 2.460938e+03 2.233766e-07 -2.316233e-07 2.765697e-09 6.588336e-08 -1.115698e-10 -4.097408e-11
3.867188e+03 6.640625e+02 2.460938e+03 2.196356e-07 -2.278377e-07 2.653862e-09 7.390218e-08 -1.107884e-10 -2.538458e-11
3.867188e+03 7.421875e+02 2.460938e+03 2.154955e-07 -2.236568e-07 2.621671e-09 8.167540e-08 -9.314010e-11 -6.195140e-11
3.867188e+03 8.203125e+02 2.460938e+03 2.109937e-07 -2.191011e-07 2.625440e-09 8.916588e-08 -4.711462e-11 5.695628e-12
3.867188e+03 8.984375e+02 2.460938e+03 2.061664e-07 -2.141716e-07 2.622551e-09 9.634400e-08 1.031072e-11 -5.118705e-11
3.867188e+03 9.765625e+02 2.460938e+03 2.010268e-07 -2.089382e-07 2.526347e-09 1.031816e-07 6.759419e-11 -5.657020e-11
3.867188e+03 1.054688e+03 2.460938e+03 1.955918e-07 -2.034033e-07 2.483156e-09 1.096474e-07 1.038250e-10 3.704727e-12
3.867188e+03 1.132812e+03 2.460938e+03 1.898914e-07 -1.976565e-07 2.525195e-09 1.157615e-07 9.312268e-11 8.321245e-12
3.867188e+03 1.210938e+03 2.460938e+03 1.839514e-07 -1.916405e-07 2.524335e-09 1.215312e-07 6.521784e-11 3.002110e-11
3.867188e+03 1.289062e+03 2.460938e+03 1.777982e-07 -1.853757e-07 2.513270e-09 1.268951e-07 5.989053e-11 1.599769e-12
3.867188e+03 1.367188e+03 2.460938e+03 1.714266e-07 -1.789423e-07 2.474239e-09 1.318424e-07 5.686045e-11 4.125860e-11
3.867188e+03 1.445312e+03 2.460938e+03 1.648752e-07 -1.724122e-07 2.515340e-09 1.363679e-07 4.459166e-11 5.748520e-11
3.867188e+03 1.523438e+03 2.460938e+03 1.582021e-07 -1.657610e-07 2.465862e-09 1.404661e-07 3.873582e-11 -5.360414e-11
3.867188e+03 1.601562e+03 2.460938e+03 1.514640e-07 -1.590274e-07 2.353071e-09 1.441632e-07 3.049149e-11 -2.229601e-11
3.867188e+03 1.679688e+03 2.460938e+03 1.447025e-07 -1.522194e-07 2.365908e-09 1.474937e-07 3.166592e-11 6.773396e-11
3.867188e+03 1.757812e+03 2.460938e+03 1.379248e-07 -1.453384e-07 2.348726e-09 1.504570e-07 6.587520e-11 1.040524e-11
3.867188e+03 1.835938e+03 2.460938e+03 1.311604e-07 -1.384471e-07 2.321721e-09 1.530053e-07 9.861450e-11 2.299571e-11
3.867188e+03 1.914062e+03 2.460938e+03 1.244372e-07 -1.315581e-07 2.257927e-09 1.551629e-07 8.333963e-11 7.113852e-11
3.867188e+03 1.992188e+03 2.460938e+03 1.178001e-07 -1.247076e-07 2.171954e-09 1.569931e-07 4.288965e-11 6.462174e-11
3.867188e+03 2.070312e+03 2.460938e+03 1.112510e-07 -1.179778e-07 2.161354e-09 1.584967e-07 2.001965e-11 8.536599e-11
3.867188e+03 2.148438e+03 2.460938e+03 1.047698e-07 -1.113047e-07 2.110252e-09 1.596179e-07 1.113050e-11 6.115391e-11
3.867188e+03 2.226562e+03 2.460938e+03 9.836778e-08 -1.046721e-07 2.030883e-09 1.603732e-07 -5.573056e-12 3.469872e-11
3.867188e+03 2.304688e+03 2.460938e+03 9.207905e-08 -9.820475e-08 1.945346e-09 1.608304e-07 -3.451097e-11 4.526785e-11
3.867188e+03 2.382812e+03 2.460938e+03 8.595718e-08 -9.194549e-08 1.827777e-09 1.609950e-07 -5.459548e-11 4.069202e-11
3.867188e+03 2.460938e+03 2.460938e+03 8.001131e-08 -8.575814e-08 1.754045e-09 1.608833e-07 -5.596121e-11 7.502421e-11
3.867188e+03 2.539062e+03 2.460938e+03 7.423992e-08 -7.967614e-08 1.686237e-09 1.605338e-07 -5.432771e-11 9.865835e-11
3.867188e+03 2.617188e+03 2.460938e+03 6.864320e-08 -7.377896e-08 1.608517e-09 1.599587e-07 -4.589296e-11 8.041945e-11
3.867188e+03 2.695312e+03 2.460938e+03 6.322393e-08 -6.798053e-08 1.553007e-09 1.591564e-07 -2.517582e-11 1.090535e-10
3.867188e+03 2.773438e+03 2.460938e+03 5.799671e-08 -6.231563e-08 1.476767e-09 1.581188e-07 -2.361677e-11 1.265001e-10
3.867188e+03 2.851562e+03 2.460938e+03 5.295197e-08 -5.692009e-08 1.419487e-09 1.568617e-07 -6.205944e-11 8.513767e-11
3.867188e+03 2.929688e+03 2.460938e+03 4.808623e-08 -5.174119e-08 1.343966e-09 1.554466e-07 -1.149540e-10 7.374656e-11
3.867188e+03 3.007812e+03 2.460938e+03 4.339657e-08 -4.673871e-08 1.200665e-09 1.538895e-07 -1.440511e-10 5.747484e-11
3.867188e+03 3.085938e+03 2.460938e+03 3.888601e-08 -4.197084e-08 1.121031e-09 1.521457e-07 -1.384366e-10 2.686844e-11
3.867188e+03 3.164062e+03 2.460938e+03 3.454217e-08 -3.743223e-08 1.081456e-09 1.502297e-07 -1.248738e-10 6.334443e-11
3.867188e+03 3.242188e+03 2.460938e+03 3.034513e-08 -3.306317e-08 9.978039e-10 1.482129e-07 -1.217671e-10 2.902574e-11
3.867188e+03 3.320312e+03 2.460938e+03 2.631577e-08 -2.883936e-08 8.785419e-10 1.461197e-07 -1.066347e-10 -3.005976e-11
3.867188e+03 3.398438e+03 2.460938e+03 2.247960e-08 -2.476968e-08 7.824304e-10 1.439353e-07 -7.139844e-11 8.306982e-11
3.867188e+03 3.476562e+03 2.460938e+03 1.886310e-08 -2.089013e-08 7.973619e-10 1.416795e-07 -4.711907e-11 1.117528e-10
3.867188e+03 3.554688e+03 2.460938e+03 1.545420e-08 -1.720411e-08 7.439467e-10 1.393890e-07 -3.960283e-11 -2.944114e-11
3.867188e+03 3.632812e+03 2.460938e+03 1.222727e-08 -1.374450e-08 6.125482e-10 1.371034e-07 -3.221284e-11 -2.536633e-11
3.867188e+03 3.710938e+03 2.460938e+03 9.161741e-09 -1.050138e-08 5.703842e-10 1.348104e-07 -3.039402e-11 6.530655e-11
3.867188e+03 3.789062e+03 2.460938e+03 6.242839e-09 -7.476733e-09 5.460656e-10 1.324774e-07 -2.721481e-11 3.718284e-11
3.867188e+03 3.867188e+03 2.460938e+03 3.459435e-09 -4.601853e-09 4.995563e-10 1.301010e-07 -1.445825e-11 -6.141179e-12
3.867188e+03 3.945312e+03 2.460938e+03 7.803771e-10 -1.854413e-09 4.273287e-10 1.276647e-07 -1.439916e-11 -6.953403e-12
3.867188e+03 4.023438e+03 2.460938e+03 -1.795790e-09 7.081482e-10 4.586581e-10 1.252049e-07 -3.338922e-11 4.244399e-11
3.867188e+03 4.101562e+03 2.460938e+03 -4.266013e-09 3.061890e-09 5.405646e-10 1.227667e-07 -5.396789e-11 1.728614e-11
3.867188e+03 4.179688e+03 2.460938e+03 -6.623085e-09 5.240498e-09 5.180928e-10 1.203412e-07 -6.971172e-11 -5.338549e-11
3.867188e+03 4.257812e+03 2.460938e+03 -8.848483e-09 7.312802e-09 4.806922e-10 1.179099e-07 -7.235845e-11 3.264368e-12
3.867188e+03 4.335938e+03 2.460938e+03 -1.093432e-08 9.254886e-09 5.126683e-10 1.154839e-07 -5.654177e-11 1.434891e-11
3.867188e+03 4.414062e+03 2.460938e+03 -1.288671e-08 1.105308e-08 6.155671e-10 1.130751e-07 -4.268889e-11 1.260479e-11
3.867188e+03 4.492188e+03 2.460938e+03 -1.471798e-08 1.271578e-08 6.510216e-10 1.107198e-07 -3.728536e-11 -6.984826e-11
3.867188e+03 4.570312e+03 2.460938e+03 -1.642526e-08 1.430363e-08 6.086671e-10 1.084273e-07 -2.602796e-11 -6.372630e-11
3.867188e+03 4.648438e+03 2.460938e+03 -1.799873e-08 1.588495e-08 5.745574e-10 1.061849e-07 -3.912977e-12 2.798471e-11
3.867188e+03 4.726562e+03 2.460938e+03 -1.943968e-08 1.745945e-08 5.685173e-10 1.039498e-07 2.329499e-11 9.924481e-11
3.867188e+03 4.804688e+03 2.460938e+03 -2.076453e-08 1.905863e-08 5.831936e-10 1.017160e-07 3.752721e-11 1.651113e-10
3.867188e+03 4.882812e+03 2.460938e+03 -2.196833e-08 2.057014e-08 5.437346e-10 9.948128e-08 3.735859e-11 1.611442e-10
3.867188e+03 4.960938e+03 2.460938e+03 -2.305284e-08 2.186725e-08 5.644194e-10 9.726647e-08 3.025501e-11 2.382150e-10
3.945312e+03 3.906250e+01 2.460938e+03 2.284579e-07 -2.359517e-07 2.523081e-09 4.022347e-09 1.198425e-10 -5.347957e-11
3.945312e+03 1.171875e+02 2.460938e+03 2.280173e-07 -2.355883e-07 2.532182e-09 1.264907e-08 5.653224e-11 -6.204387e-11
3.945312e+03 1.953125e+02 2.460938e+03 2.271297e-07 -2.348125e-07 2.512551e-09 2.123404e-08 1.370536e-11 -8.790442e-11
3.945312e+03 2.734375e+02 2.460938e+03 2.257755e-07 -2.335900e-07 2.411913e-09 2.971955e-08 -1.881510e-12 -3.651844e-11
3.945312e+03 3.515625e+02 2.460938e+03 2.239555e-07 -2.317989e-07 2.334179e-09 3.813304e-08 -3.691719e-11 -3.522234e-11
3.945312e+03 4.296875e+02 2.460938e+03 2.217011e-07 -2.295431e-07 2.309292e-09 4.642154e-08 -4.951178e-11 1.709658e-11
3.945312e+03 5.078125e+02 2.460938e+03 2.190305e-07 -2.267934e-07 2.299034e-09 5.453999e-08 -2.387395e-11 1.154838e-11
3.945312e+03 5.859375e+02 2.460938e+03 2.159707e-07 -2.236431e-07 2.227548e-09 6.244470e-08 1.946516e-11 -7.380996e-11
3.945312e+03 6.640625e+02 2.460938e+03 2.125264e-07 -2.201095e-07 2.121064e-09 7.010421e-08 5.508648e-11 -4.159296e-11
3.945312e+03 7.421875e+02 2.460938e+03 2.087147e-07 -2.161931e-07 2.117323e-09 7.753624e-08 8.563943e-11 -5.367988e-11
3.945312e+03 8.203125e+02 2.460938e+03 2.045628e-07 -2.119274e-07 2.168915e-09 8.470440e-08 1.291130e-10 1.709325e-11
3.945312e+03 8.984375e+02 2.460938e+03 2.000821e-07 -2.073066e-07 2.204153e-09 9.157767e-08 1.640750e-10 -3.922014e-11
3.945312e+03 9.765625e+02 2.460938e+03 1.952867e-07 -2.023961e-07 2.141752e-09 9.812181e-08 1.768346e-10 -4.547700e-11
3.945312e+03 1.054688e+03 2.460938e+03 1.902075e-07 -1.972119e-07 2.125558e-09 1.043079e-07 1.664538e-10 7.839518e-12
3.945312e+03 1.132812e+03 2.460938e+03 1.848694e-07 -1.918605e-07 2.177111e-09 1.101561e-07 1.315793e-10 -1.283840e-12
3.945312e+03 1.210938e+03 2.460938e+03 1.792775e-07 -1.862345e-07 2.179503e-09 1.156739e-07 1.038553e-10 6.102285e-12
3.945312e+03 1.289062e+03 2.460938e+03 1.734330e-07 -1.803427e-07 2.159496e-09 1.208189e-07 1.073303e-10 -3.087969e-11
3.945312e+03 1.367188e+03 2.460938e+03 1.673893e-07 -1.742756e-07 2.108916e-09 1.255765e-07 1.136420e-10 1.267043e-11
3.945312e+03 1.445312e+03 2.460938e+03 1.611964e-07 -1.681441e-07 2.151028e-09 1.299583e-07 1.191353e-10 5.360742e-11
3.945312e+03 1.523438e+03 2.460938e+03 1.549101e-07 -1.618858e-07 2.123744e-09 1.339621e-07 1.451473e-10 -4.690851e-11
3.945312e+03 1.601562e+03 2.460938e+03 1.485624e-07 -1.555398e-07 2.047442e-09 1.376038e-07 1.692696e-10 -2.199955e-11
3.945312e+03 1.679688e+03 2.460938e+03 1.421654e-07 -1.490975e-07 2.095324e-09 1.409105e-07 1.795872e-10 6.700313e-11
3.945312e+03 1.757812e+03 2.460938e+03 1.357530e-07 -1.425720e-07 2.109153e-09 1.438648e-07 1.936241e-10 1.174622e-11
3.945312e+03 1.835938e+03 2.460938e+03 1.293447e-07 -1.360565e-07 2.096888e-09 1.464252e-07 1.942816e-10 2.271492e-11
3.945312e+03 1.914062e+03 2.460938e+03 1.229690e-07 -1.295435e-07 2.033494e-09 1.486159e-07 1.545298e-10 5.991118e-11
3.945312e+03 1.992188e+03 2.460938e+03 1.166340e-07 -1.230536e-07 1.944237e-09 1.504992e-07 1.038385e-10 4.148399e-11
3.945312e+03 2.070312e+03 2.460938e+03 1.103513e-07 -1.166523e-07 1.925438e-09 1.520666e-07 8.344950e-11 5.375888e-11
3.945312e+03 2.148438e+03 2.460938e+03 1.041261e-07 -1.102955e-07 1.870403e-09 1.532643e-07 8.369293e-11 3.008413e-11
3.945312e+03 2.226562e+03 2.460938e+03 9.797823e-08 -1.039718e-07 1.797287e-09 1.541297e-07 7.631872e-11 1.643473e-11
3.945312e+03 2.304688e+03 2.460938e+03 9.195713e-08 -9.780607e-08 1.725385e-09 1.547319e-07 5.959684e-11 3.707300e-11
3.945312e+03 2.382812e+03 2.460938e+03 8.609356e-08 -9.183089e-08 1.625432e-09 1.550708e-07 5.585301e-11 3.563931e-11
3.945312e+03 2.460938e+03 2.460938e+03 8.040186e-08 -8.589906e-08 1.568683e-09 1.551384e-07 6.539186e-11 6.688313e-11
3.945312e+03 2.539062e+03 2.460938e+03 7.484817e-08 -8.004992e-08 1.521173e-09 1.549637e-07 6.041938e-11 8.416062e-11
3.945312e+03 2.617188e+03 2.460938e+03 6.942982e-08 -7.436582e-08 1.464666e-09 1.545728e-07 4.327921e-11 6.474699e-11
3.945312e+03 2.695312e+03 2.460938e+03 6.418503e-08 -6.877474e-08 1.423056e-09 1.539569e-07 3.227553e-11 9.414092e-11
3.945312e+03 2.773438e+03 2.460938e+03 5.912214e-08 -6.333210e-08 1.354072e-09 1.530983e-07 8.280876e-12 1.190761e-10
3.945312e+03 2.851562e+03 2.460938e+03 5.424404e-08 -5.816810e-08 1.300042e-09 1.520111e-07 -4.518608e-11 8.714073e-11
3.945312e+03 2.929688e+03 2.460938e+03 4.953385e-08 -5.321270e-08 1.230984e-09 1.507589e-07 -9.919705e-11 7.388427e-11
3.945312e+03 3.007812e+03 2.460938e+03 4.498503e-08 -4.840519e-08 1.097817e-09 1.493708e-07 -1.166748e-10 5.554120e-11
3.945312e+03 3.085938e+03 2.460938e+03 4.059206e-08 -4.378511e-08 1.027892e-09 1.478007e-07 -9.563182e-11 2.446528e-11
3.945312e+03 3.164062e+03 2.460938e+03 3.634274e-08 -3.935868e-08 1.001702e-09 1.460580e-07 -6.812429e-11 6.092162e-11
3.945312e+03 3.242188e+03 2.460938e+03 3.224468e-08 -3.507461e-08 9.298829e-10 1.442204e-07 -5.530735e-11 3.324673e-11
3.945312e+03 3.320312e+03 2.460938e+03 2.831540e-08 -3.092698e-08 8.168476e-10 1.423190e-07 -4.136353e-11 -2.040550e-11
3.945312e+03 3.398438e+03 2.460938e+03 2.458806e-08 -2.691527e-08 7.229391e-10 1.403382e-07 -1.952014e-11 9.144045e-11
3.945312e+03 3.476562e+03 2.460938e+03 2.106285e-08 -2.308158e-08 7.289661e-10 1.382714e-07 -1.291011e-11 1.145961e-10
3.945312e+03 3.554688e+03 2.460938e+03 1.772813e-08 -1.943875e-08 6.623009e-10 1.361456e-07 -2.145345e-11 -2.589528e-11
3.945312e+03 3.632812e+03 2.460938e+03 1.456242e-08 -1.600517e-08 5.304895e-10 1.340032e-07 -2.603873e-11 -2.035872e-11
3.945312e+03 3.710938e+03 2.460938e+03 1.154556e-08 -1.279711e-08 5.015313e-10 1.318419e-07 -2.953402e-11 6.233513e-11
3.945312e+03 3.789062e+03 2.460938e+03 8.662323e-09 -9.801342e-09 4.821909e-10 1.296321e-07 -2.691991e-11 3.238599e-11
3.945312e+03 3.867188e+03 2.460938e+03 5.884191e-09 -6.957714e-09 4.258807e-10 1.273575e-07 -1.432369e-11 -8.891838e-12
3.945312e+03 3.945312e+03 2.460938e+03 3.213286e-09 -4.233086e-09 3.489907e-10 1.250253e-07 -1.312947e-11 -8.660513e-12
3.945312e+03 4.023438e+03 2.460938e+03 6.519470e-10 -1.692436e-09 3.776059e-10 1.226769e-07 -2.355076e-11 4.390163e-11
3.945312e+03 4.101562e+03 2.460938e+03 -1.801350e-09 6.477416e-10 4.534049e-10 1.203566e-07 -3.457401e-11 1.895287e-11
3.945312e+03 4.179688e+03 2.460938e+03 -4.143728e-09 2.823842e-09 4.205994e-10 1.180589e-07 -5.075163e-11 -5.230329e-11
3.945312e+03 4.257812e+03 2.460938e+03 -6.361476e-09 4.902609e-09 3.758676e-10 1.157662e-07 -5.693118e-11 9.243057e-12
3.945312e+03 4.335938e+03 2.460938e+03 -8.446466e-09 6.866407e-09 4.143126e-10 1.134823e-07 -3.739037e-11 3.267253e-11
3.945312e+03 4.414062e+03 2.460938e+03 -1.041092e-08 8.697634e-09 5.214287e-10 1.112129e-07 -1.989603e-11 3.191310e-11
3.945312e+03 4.492188e+03 2.460938e+03 -1.226255e-08 1.040223e-08 5.606140e-10 1.089911e-07 -1.952553e-11 -5.430714e-11
3.945312e+03 4.570312e+03 2.460938e+03 -1.399365e-08 1.203268e-08 5.210801e-10 1.068327e-07 -1.755833e-11 -5.472695e-11
3.945312e+03 4.648438e+03 2.460938e+03 -1.560206e-08 1.365911e-08 4.996074e-10 1.047166e-07 -4.247265e-12 3.003341e-11
3.945312e+03 4.726562e+03 2.460938e+03 -1.708249e-08 1.525379e-08 5.201479e-10 1.026058e-07 1.393248e-11 9.013937e-11
3.945312e+03 4.804688e+03 2.460938e+03 -1.844468e-08 1.686400e-08 5.454800e-10 1.004633e-07 1.951050e-11 1.404241e-10
3.945312e+03 4.882812e+03 2.460938e+03 -1.969789e-08 1.836959e-08 5.159483e-10 9.833065e-08 1.898249e-11 1.318658e-10
3.945312e+03 4.960938e+03 2.460938e+03 -2.084161e-08 1.966365e-08 5.484822e-10 9.619781e-08 2.232074e-11 1.832633e-10
4.023438e+03 3.906250e+01 2.460938e+03 2.205021e-07 -2.275729e-07 2.365113e-09 3.826342e-09 1.245319e-10 -4.429432e-11
4.023438e+03 1.171875e+02 2.460938e+03 2.201631e-07 -2.272000e-07 2.324350e-09 1.199251e-08 1.544659e-10 -9.824166e-11
4.023438e+03 1.953125e+02 2.460938e+03 2.193691e-07 -2.264646e-07 2.298779e-09 2.013204e-08 2.369473e-10 -1.097357e-10
4.023438e+03 2.734375e+02 2.460938e+03 2.181433e-07 -2.252976e-07 2.230093e-09 2.818524e-08 3.109489e-10 -8.476831e-11
4.023438e+03 3.515625e+02 2.460938e+03 2.165171e-07 -2.236422e-07 2.159039e-09 3.618907e-08 3.685139e-10 -7.406345e-11
4.023438e+03 4.296875e+02 2.460938e+03 2.144745e-07 -2.215378e-07 2.163628e-09 4.406496e-08 4.204955e-10 -1.405596e-11
4.023438e+03 5.078125e+02 2.460938e+03 2.120206e-07 -2.189675e-07 2.191388e-09 5.180050e-08 4.600870e-10 -2.006409e-11
4.023438e+03 5.859375e+02 2.460938e+03 2.091916e-07 -2.160080e-07 2.155591e-09 5.933314e-08 5.032548e-10 -7.917588e-11
4.023438e+03 6.640625e+02 2.460938e+03 2.060121e-07 -2.127162e-07 2.086921e-09 6.663168e-08 5.225364e-10 -2.566740e-11
4.023438e+03 7.421875e+02 2.460938e+03 2.024825e-07 -2.090600e-07 2.112012e-09 7.371057e-08 5.058908e-10 -2.766287e-11
4.023438e+03 8.203125e+02 2.460938e+03 1.986019e-07 -2.050733e-07 2.177565e-09 8.054102e-08 4.844241e-10 3.342269e-11
4.023438e+03 8.984375e+02 2.460938e+03 1.943844e-07 -2.007480e-07 2.212551e-09 8.708102e-08 4.532476e-10 -2.968146e-11
4.023438e+03 9.765625e+02 2.460938e+03 1.898512e-07 -1.961539e-07 2.129201e-09 9.331193e-08 4.078561e-10 -4.102304e-11
4.023438e+03 1.054688e+03 2.460938e+03 1.850562e-07 -1.913159e-07 2.075405e-09 9.922104e-08 3.627613e-10 1.038052e-11
4.023438e+03 1.132812e+03 2.460938e+03 1.800301e-07 -1.863216e-07 2.104256e-09 1.048108e-07 3.288479e-10 5.402455e-12
4.023438e+03 1.210938e+03 2.460938e+03 1.747524e-07 -1.810473e-07 2.092954e-09 1.100911e-07 3.195264e-10 1.380870e-11
4.023438e+03 1.289062e+03 2.460938e+03 1.692367e-07 -1.754906e-07 2.055365e-09 1.150286e-07 3.344972e-10 -2.956803e-11
4.023438e+03 1.367188e+03 2.460938e+03 1.635340e-07 -1.697752e-07 1.986455e-09 1.196269e-07 3.462204e-10 1.150959e-11
4.023438e+03 1.445312e+03 2.460938e+03 1.577169e-07 -1.639999e-07 2.020023e-09 1.238864e-07 3.518151e-10 6.741162e-11
4.023438e+03 1.523438e+03 2.460938e+03 1.518138e-07 -1.580932e-07 2.014808e-09 1.278049e-07 3.743299e-10 -2.100429e-11
4.023438e+03 1.601562e+03 2.460938e+03 1.458360e-07 -1.520901e-07 1.969460e-09 1.313868e-07 3.898832e-10 -7.852558e-12
4.023438e+03 1.679688e+03 2.460938e+03 1.397940e-07 -1.459920e-07 2.028654e-09 1.346520e-07 3.756534e-10 6.000005e-11
4.023438e+03 1.757812e+03 2.460938e+03 1.337093e-07 -1.398205e-07 2.036568e-09 1.375932e-07 3.566817e-10 -4.676819e-12
4.023438e+03 1.835938e+03 2.460938e+03 1.276335e-07 -1.336593e-07 2.008724e-09 1.401591e-07 3.328744e-10 1.230922e-12
4.023438e+03 1.914062e+03 2.460938e+03 1.215688e-07 -1.275091e-07 1.930819e-09 1.423668e-07 2.875146e-10 3.017385e-11
4.023438e+03 1.992188e+03 2.460938e+03 1.155157e-07 -1.213488e-07 1.830734e-09 1.442849e-07 2.456237e-10 7.297328e-13
4.023438e+03 2.070312e+03 2.460938e+03 1.094820e-07 -1.152473e-07 1.808107e-09 1.459072e-07 2.372452e-10 6.689786e-12
4.023438e+03 2.148438e+03 2.460938e+03 1.035009e-07 -1.091761e-07 1.764589e-09 1.471873e-07 2.514087e-10 -4.678031e-12
4.023438e+03 2.226562e+03 2.460938e+03 9.761795e-08 -1.031388e-07 1.710513e-09 1.481659e-07 2.548104e-10 2.471549e-12
4.023438e+03 2.304688e+03 2.460938e+03 9.185904e-08 -9.725449e-08 1.658838e-09 1.489095e-07 2.437843e-10 2.978226e-11
4.023438e+03 2.382812e+03 2.460938e+03 8.624899e-08 -9.154157e-08 1.577963e-09 1.494098e-07 2.439178e-10 2.298530e-11
4.023438e+03 2.460938e+03 2.460938e+03 8.077038e-08 -8.585456e-08 1.532964e-09 1.496319e-07 2.489219e-10 4.803284e-11
4.023438e+03 2.539062e+03 2.460938e+03 7.540744e-08 -8.023624e-08 1.497259e-09 1.495982e-07 2.268061e-10 5.985622e-11
4.023438e+03 2.617188e+03 2.460938e+03 7.016234e-08 -7.477985e-08 1.452925e-09 1.493555e-07 1.826046e-10 3.546892e-11
4.023438e+03 2.695312e+03 2.460938e+03 6.506102e-08 -6.941421e-08 1.414416e-09 1.488989e-07 1.454980e-10 5.885414e-11
4.023438e+03 2.773438e+03 2.460938e+03 6.014292e-08 -6.420207e-08 1.342199e-09 1.481996e-07 1.088934e-10 8.852145e-11
4.023438e+03 2.851562e+03 2.460938e+03 5.540494e-08 -5.926473e-08 1.282707e-09 1.472699e-07 5.549624e-11 7.412173e-11
4.023438e+03 2.929688e+03 2.460938e+03 5.083639e-08 -5.451660e-08 1.214606e-09 1.461779e-07 1.118840e-11 7.022108e-11
4.023438e+03 3.007812e+03 2.460938e+03 4.641523e-08 -4.988576e-08 1.096026e-09 1.449570e-07 6.074656e-12 5.173205e-11
4.023438e+03 3.085938e+03 2.460938e+03 4.213079e-08 -4.539658e-08 1.043060e-09 1.435618e-07 3.209133e-11 2.380024e-11
4.023438e+03 3.164062e+03 2.460938e+03 3.799090e-08 -4.107258e-08 1.030248e-09 1.419985e-07 5.897253e-11 6.831223e-11
4.023438e+03 3.242188e+03 2.460938e+03 3.400880e-08 -3.688366e-08 9.748526e-10 1.403477e-07 6.748261e-11 4.939522e-11
4.023438e+03 3.320312e+03 2.460938e+03 3.020921e-08 -3.281699e-08 8.764351e-10 1.386399e-07 7.184056e-11 -5.849060e-12
4.023438e+03 3.398438e+03 2.460938e+03 2.658725e-08 -2.888372e-08 7.789480e-10 1.368449e-07 7.845695e-11 9.167731e-11
4.023438e+03 3.476562e+03 2.460938e+03 2.314624e-08 -2.512519e-08 7.607479e-10 1.349520e-07 6.774609e-11 1.057019e-10
4.023438e+03 3.554688e+03 2.460938e+03 1.987703e-08 -2.154776e-08 6.815055e-10 1.329780e-07 4.894075e-11 -3.043369e-11
4.023438e+03 3.632812e+03 2.460938e+03 1.675866e-08 -1.816220e-08 5.644042e-10 1.309627e-07 3.982726e-11 -2.218794e-11
4.023438e+03 3.710938e+03 2.460938e+03 1.377298e-08 -1.499080e-08 5.481589e-10 1.289128e-07 3.164006e-11 4.914534e-11
4.023438e+03 3.789062e+03 2.460938e+03 1.089557e-08 -1.203379e-08 5.258082e-10 1.267977e-07 2.909224e-11 1.040847e-11
4.023438e+03 3.867188e+03 2.460938e+03 8.124748e-09 -9.212275e-09 4.588480e-10 1.246234e-07 3.747111e-11 -2.835838e-11
4.023438e+03 3.945312e+03 2.460938e+03 5.463216e-09 -6.502821e-09 3.788762e-10 1.224008e-07 4.137181e-11 -2.009341e-11
4.023438e+03 4.023438e+03 2.460938e+03 2.922469e-09 -3.971622e-09 4.118260e-10 1.201689e-07 3.783992e-11 3.910162e-11
4.023438e+03 4.101562e+03 2.460938e+03 4.974338e-10 -1.634374e-09 4.854261e-10 1.179636e-07 3.219253e-11 1.215202e-11
4.023438e+03 4.179688e+03 2.460938e+03 -1.815183e-09 5.403144e-10 4.465578e-10 1.157882e-07 2.553650e-11 -5.956788e-11
4.023438e+03 4.257812e+03 2.460938e+03 -4.007972e-09 2.631457e-09 3.901441e-10 1.136258e-07 3.261188e-11 2.641873e-12
4.023438e+03 4.335938e+03 2.460938e+03 -6.088817e-09 4.621290e-09 4.177497e-10 1.114668e-07 5.734079e-11 3.124492e-11
4.023438e+03 4.414062e+03 2.460938e+03 -8.057243e-09 6.496252e-09 5.152361e-10 1.093244e-07 6.920994e-11 3.573101e-11
4.023438e+03 4.492188e+03 2.460938e+03 -9.909417e-09 8.228968e-09 5.450529e-10 1.072300e-07 6.442914e-11 -4.065679e-11
4.023438e+03 4.570312e+03 2.460938e+03 -1.165136e-08 9.894321e-09 5.028283e-10 1.051979e-07 6.359342e-11 -4.110917e-11
4.023438e+03 4.648438e+03 2.460938e+03 -1.328590e-08 1.154416e-08 4.849554e-10 1.031967e-07 5.819491e-11 3.027886e-11
4.023438e+03 4.726562e+03 2.460938e+03 -1.480659e-08 1.315076e-08 5.082155e-10 1.012001e-07 4.956130e-11 8.291398e-11
4.023438e+03 4.804688e+03 2.460938e+03 -1.620618e-08 1.474363e-08 5.204822e-10 9.915975e-08 4.265981e-11 1.189755e-10
4.023438e+03 4.882812e+03 2.460938e+03 -1.750916e-08 1.624815e-08 4.894387e-10 9.711447e-08 2.336346e-11 1.035625e-10
4.023438e+03 4.960938e+03 2.460938e+03 -1.871678e-08 1.751627e-08 5.327788e-10 9.507140e-08 1.590290e-11 1.279922e-10
4.101562e+03 3.906250e+01 2.460938e+03 2.129471e-07 -2.195841e-07 2.234089e-09 3.708903e-09 1.351574e-10 -2.645362e-12
4.101562e+03 1.171875e+02 2.460938e+03 2.126717e-07 -2.192302e-07 2.262150e-09 1.147130e-08 1.972180e-10 -7.497246e-11
4.101562e+03 1.953125e+02 2.460938e+03 2.119585e-07 -2.185027e-07 2.336722e-09 1.921660e-08 2.801027e-10 -8.968077e-11
4.101562e+03 2.734375e+02 2.460938e+03 2.108693e-07 -2.174149e-07 2.330727e-09 2.688867e-08 3.233170e-10 -7.602340e-11
4.101562e+03 3.515625e+02 2.460938e+03 2.094075e-07 -2.158730e-07 2.330612e-09 3.449958e-08 3.536834e-10 -3.560219e-11
4.101562e+03 4.296875e+02 2.460938e+03 2.075542e-07 -2.139132e-07 2.396239e-09 4.197862e-08 3.783494e-10 1.206461e-11
4.101562e+03 5.078125e+02 2.460938e+03 2.052951e-07 -2.115229e-07 2.451317e-09 4.931919e-08 3.685741e-10 2.688534e-12
4.101562e+03 5.859375e+02 2.460938e+03 2.026518e-07 -2.087660e-07 2.429319e-09 5.647176e-08 3.513233e-10 -4.821145e-11
4.101562e+03 6.640625e+02 2.460938e+03 1.996611e-07 -2.056858e-07 2.362289e-09 6.340179e-08 3.293822e-10 5.100169e-13
4.101562e+03 7.421875e+02 2.460938e+03 1.963329e-07 -2.022795e-07 2.362790e-09 7.012493e-08 2.959453e-10 -1.739905e-11
4.101562e+03 8.203125e+02 2.460938e+03 1.926698e-07 -1.985511e-07 2.382219e-09 7.661331e-08 2.691358e-10 3.306607e-11
4.101562e+03 8.984375e+02 2.460938e+03 1.886859e-07 -1.945188e-07 2.380477e-09 8.283194e-08 2.479825e-10 -3.139755e-11
4.101562e+03 9.765625e+02 2.460938e+03 1.844137e-07 -1.902198e-07 2.257736e-09 8.876426e-08 2.254752e-10 -4.884947e-11
4.101562e+03 1.054688e+03 2.460938e+03 1.798919e-07 -1.856992e-07 2.161128e-09 9.442134e-08 2.250379e-10 4.885810e-12
4.101562e+03 1.132812e+03 2.460938e+03 1.751583e-07 -1.810081e-07 2.165006e-09 9.978604e-08 2.499732e-10 9.689257e-12
4.101562e+03 1.210938e+03 2.460938e+03 1.702100e-07 -1.760310e-07 2.137355e-09 1.048509e-07 2.801731e-10 2.479468e-11
4.101562e+03 1.289062e+03 2.460938e+03 1.650511e-07 -1.707976e-07 2.097996e-09 1.096162e-07 3.075743e-10 -1.313075e-11
4.101562e+03 1.367188e+03 2.460938e+03 1.597312e-07 -1.654135e-07 2.027434e-09 1.140724e-07 3.230994e-10 2.090934e-11
4.101562e+03 1.445312e+03 2.460938e+03 1.542857e-07 -1.599732e-07 2.048485e-09 1.182268e-07 3.303462e-10 6.403343e-11
4.101562e+03 1.523438e+03 2.460938e+03 1.487537e-07 -1.543870e-07 2.036651e-09 1.220520e-07 3.429109e-10 -2.057369e-11
4.101562e+03 1.601562e+03 2.460938e+03 1.431301e-07 -1.486932e-07 1.985157e-09 1.255495e-07 3.410846e-10 -1.184573e-11
4.101562e+03 1.679688e+03 2.460938e+03 1.374227e-07 -1.429245e-07 2.027448e-09 1.287544e-07 3.117168e-10 3.817845e-11
4.101562e+03 1.757812e+03 2.460938e+03 1.316679e-07 -1.370892e-07 2.004687e-09 1.316617e-07 2.860283e-10 -3.785594e-11
4.101562e+03 1.835938e+03 2.460938e+03 1.258925e-07 -1.312658e-07 1.951134e-09 1.342287e-07 2.704075e-10 -3.715585e-11
4.101562e+03 1.914062e+03 2.460938e+03 1.201286e-07 -1.254425e-07 1.864432e-09 1.364482e-07 2.469053e-10 -5.889558e-12
4.101562e+03 1.992188e+03 2.460938e+03 1.143513e-07 -1.195861e-07 1.758334e-09 1.383872e-07 2.271981e-10 -3.529772e-11
4.101562e+03 2.070312e+03 2.460938e+03 1.085757e-07 -1.137617e-07 1.737624e-09 1.400595e-07 2.303373e-10 -2.511541e-11
4.101562e+03 2.148438e+03 2.460938e+03 1.028585e-07 -1.079539e-07 1.711893e-09 1.414236e-07 2.496692e-10 -1.783255e-11
4.101562e+03 2.226562e+03 2.460938e+03 9.724442e-08 -1.021873e-07 1.681763e-09 1.425133e-07 2.552751e-10 3.103022e-12
4.101562e+03 2.304688e+03 2.460938e+03 9.175403e-08 -9.656673e-08 1.653056e-09 1.433783e-07 2.432929e-10 2.724239e-11
4.101562e+03 2.382812e+03 2.460938e+03 8.636191e-08 -9.110621e-08 1.589478e-09 1.439996e-07 2.415061e-10 7.578629e-12
4.101562e+03 2.460938e+03 2.460938e+03 8.106846e-08 -8.565887e-08 1.554150e-09 1.443413e-07 2.406282e-10 2.571364e-11
4.101562e+03 2.539062e+03 2.460938e+03 7.587567e-08 -8.027757e-08 1.523885e-09 1.444242e-07 2.073278e-10 3.970587e-11
4.101562e+03 2.617188e+03 2.460938e+03 7.079245e-08 -7.506325e-08 1.482510e-09 1.443019e-07 1.503571e-10 1.290131e-11
4.101562e+03 2.695312e+03 2.460938e+03 6.584139e-08 -6.993183e-08 1.440567e-09 1.439781e-07 1.063281e-10 2.702350e-11
4.101562e+03 2.773438e+03 2.460938e+03 6.103912e-08 -6.494479e-08 1.358983e-09 1.434268e-07 7.668908e-11 5.397069e-11
4.101562e+03 2.851562e+03 2.460938e+03 5.641646e-08 -6.021222e-08 1.292212e-09 1.426573e-07 4.139268e-11 5.252198e-11
4.101562e+03 2.929688e+03 2.460938e+03 5.196553e-08 -5.564290e-08 1.227624e-09 1.417282e-07 1.829662e-11 6.479342e-11
4.101562e+03 3.007812e+03 2.460938e+03 4.766271e-08 -5.116306e-08 1.129367e-09 1.406729e-07 2.875766e-11 5.236602e-11
4.101562e+03 3.085938e+03 2.460938e+03 4.349141e-08 -4.679252e-08 1.098579e-09 1.394502e-07 5.686046e-11 3.129736e-11
4.101562e+03 3.164062e+03 2.460938e+03 3.946534e-08 -4.257583e-08 1.095953e-09 1.380716e-07 7.489979e-11 8.747963e-11
4.101562e+03 3.242188e+03 2.460938e+03 3.561711e-08 -3.849336e-08 1.051784e-09 1.366103e-07 6.977723e-11 7.533686e-11
4.101562e+03 3.320312e+03 2.460938e+03 3.193484e-08 -3.452794e-08 9.630720e-10 1.350767e-07 5.804405e-11 1.412155e-11
4.101562e+03 3.398438e+03 2.460938e+03 2.841718e-08 -3.069591e-08 8.624242e-10 1.334459e-07 5.065457e-11 9.499868e-11
4.101562e+03 3.476562e+03 2.460938e+03 2.505634e-08 -2.703620e-08 8.388481e-10 1.317016e-07 3.547468e-11 1.039914e-10
4.101562e+03 3.554688e+03 2.460938e+03 2.184441e-08 -2.354279e-08 7.649415e-10 1.298625e-07 1.920606e-11 -2.613635e-11
4.101562e+03 3.632812e+03 2.460938e+03 1.876792e-08 -2.021977e-08 6.576857e-10 1.279665e-07 1.020395e-11 -2.479286e-11
4.101562e+03 3.710938e+03 2.460938e+03 1.579320e-08 -1.709651e-08 6.384436e-10 1.260173e-07 9.882588e-13 3.177039e-11
4.101562e+03 3.789062e+03 2.460938e+03 1.291937e-08 -1.416725e-08 6.112635e-10 1.240082e-07 6.900161e-13 -1.268756e-11
4.101562e+03 3.867188e+03 2.460938e+03 1.015151e-08 -1.136406e-08 5.440963e-10 1.219393e-07 1.202427e-11 -4.728972e-11
4.101562e+03 3.945312e+03 2.460938e+03 7.507926e-09 -8.666525e-09 4.580911e-10 1.198317e-07 1.553221e-11 -3.000211e-11
4.101562e+03 4.023438e+03 2.460938e+03 4.993572e-09 -6.135436e-09 4.887807e-10 1.177140e-07 1.055001e-11 3.386589e-11
4.101562e+03 4.101562e+03 2.460938e+03 2.595556e-09 -3.797516e-09 5.601068e-10 1.156188e-07 3.431230e-12 4.132379e-12
4.101562e+03 4.179688e+03 2.460938e+03 3.129054e-10 -1.611677e-09 5.176467e-10 1.135640e-07 -3.745169e-12 -6.433420e-11
4.101562e+03 4.257812e+03 2.460938e+03 -1.857640e-09 4.898925e-10 4.583467e-10 1.115224e-07 4.771341e-12 -2.940774e-12
4.101562e+03 4.335938e+03 2.460938e+03 -3.920122e-09 2.508651e-09 4.809510e-10 1.094813e-07 2.886086e-11 2.179591e-11
4.101562e+03 4.414062e+03 2.460938e+03 -5.875306e-09 4.415277e-09 5.732913e-10 1.074529e-07 4.950316e-11 3.175474e-11
4.101562e+03 4.492188e+03 2.460938e+03 -7.721581e-09 6.183327e-09 5.939294e-10 1.054678e-07 5.837482e-11 -3.877801e-11
4.101562e+03 4.570312e+03 2.460938e+03 -9.467483e-09 7.872266e-09 5.472058e-10 1.035393e-07 5.438124e-11 -3.830367e-11
4.101562e+03 4.648438e+03 2.460938e+03 -1.111439e-08 9.535171e-09 5.181107e-10 1.016446e-07 3.910999e-11 1.707076e-11
4.101562e+03 4.726562e+03 2.460938e+03 -1.265428e-08 1.112833e-08 5.236551e-10 9.974821e-08 3.661123e-11 6.677595e-11
4.101562e+03 4.804688e+03 2.460938e+03 -1.408960e-08 1.271880e-08 5.312174e-10 9.780519e-08 4.209234e-11 9.437604e-11
4.101562e+03 4.882812e+03 2.460938e+03 -1.542058e-08 1.419379e-08 4.886816e-10 9.584569e-08 3.035295e-11 6.871530e-11
4.101562e+03 4.960938e+03 2.460938e+03 -1.666485e-08 1.546175e-08 5.190854e-10 9.389440e-08 2.121073e-11 7.523857e-11
4.179688e+03 3.906250e+01 2.460938e+03 2.056979e-07 -2.119361e-07 2.078921e-09 3.589345e-09 1.161669e-10 5.626572e-12
4.179688e+03 1.171875e+02 2.460938e+03 2.054082e-07 -2.115986e-07 2.127891e-09 1.095945e-08 9.799723e-11 -2.880590e-11
4.179688e+03 1.953125e+02 2.460938e+03 2.047241e-07 -2.109213e-07 2.241048e-09 1.833369e-08 5.022125e-11 -4.173006e-11
4.179688e+03 2.734375e+02 2.460938e+03 2.036784e-07 -2.099164e-07 2.212234e-09 2.563790e-08 -9.283702e-12 -2.292141e-11
4.179688e+03 3.515625e+02 2.460938e+03 2.022735e-07 -2.084749e-07 2.201512e-09 3.287825e-08 -6.665000e-11 3.104807e-11
4.179688e+03 4.296875e+02 2.460938e+03 2.005127e-07 -2.066602e-07 2.259942e-09 3.999079e-08 -1.120412e-10 6.008055e-11
4.179688e+03 5.078125e+02 2.460938e+03 1.983924e-07 -2.044601e-07 2.298640e-09 4.695055e-08 -1.553295e-10 4.400740e-11
4.179688e+03 5.859375e+02 2.460938e+03 1.959000e-07 -2.019086e-07 2.250419e-09 5.374130e-08 -1.885497e-10 -2.642527e-11
4.179688e+03 6.640625e+02 2.460938e+03 1.930692e-07 -1.990291e-07 2.156464e-09 6.032753e-08 -2.022786e-10 1.164539e-11
4.179688e+03 7.421875e+02 2.460938e+03 1.899264e-07 -1.958351e-07 2.125174e-09 6.671614e-08 -1.924342e-10 -2.110235e-11
4.179688e+03 8.203125e+02 2.460938e+03 1.864889e-07 -1.923438e-07 2.118052e-09 7.289860e-08 -1.663005e-10 3.175038e-11
4.179688e+03 8.984375e+02 2.460938e+03 1.827762e-07 -1.885718e-07 2.107830e-09 7.883573e-08 -1.370290e-10 -2.239412e-11
4.179688e+03 9.765625e+02 2.460938e+03 1.788146e-07 -1.845513e-07 1.982226e-09 8.452630e-08 -1.060865e-10 -4.601666e-11
4.179688e+03 1.054688e+03 2.460938e+03 1.746322e-07 -1.803105e-07 1.906739e-09 8.996422e-08 -4.713190e-11 1.595255e-11
4.179688e+03 1.132812e+03 2.460938e+03 1.702270e-07 -1.758815e-07 1.943277e-09 9.513221e-08 2.848314e-11 1.570869e-11
4.179688e+03 1.210938e+03 2.460938e+03 1.656245e-07 -1.711689e-07 1.937921e-09 1.000172e-07 8.583313e-11 2.433648e-11
4.179688e+03 1.289062e+03 2.460938e+03 1.608565e-07 -1.662454e-07 1.920634e-09 1.046196e-07 1.209492e-10 -2.005741e-12
4.179688e+03 1.367188e+03 2.460938e+03 1.559311e-07 -1.611805e-07 1.866410e-09 1.089376e-07 1.341238e-10 2.703430e-11
4.179688e+03 1.445312e+03 2.460938e+03 1.508744e-07 -1.560596e-07 1.886409e-09 1.129735e-07 1.423659e-10 4.889043e-11
4.179688e+03 1.523438e+03 2.460938e+03 1.456879e-07 -1.507784e-07 1.853093e-09 1.166949e-07 1.559305e-10 -4.759488e-11
4.179688e+03 1.601562e+03 2.460938e+03 1.403953e-07 -1.453823e-07 1.773051e-09 1.200948e-07 1.531911e-10 -3.672231e-11
4.179688e+03 1.679688e+03 2.460938e+03 1.350181e-07 -1.399209e-07 1.794542e-09 1.232171e-07 1.338240e-10 1.103165e-11
4.179688e+03 1.757812e+03 2.460938e+03 1.295708e-07 -1.343971e-07 1.756614e-09 1.260709e-07 1.284361e-10 -7.404738e-11
4.179688e+03 1.835938e+03 2.460938e+03 1.240985e-07 -1.288769e-07 1.696397e-09 1.286223e-07 1.422149e-10 -7.250303e-11
4.179688e+03 1.914062e+03 2.460938e+03 1.186143e-07 -1.233379e-07 1.615628e-09 1.308505e-07 1.514730e-10 -3.107188e-11
4.179688e+03 1.992188e+03 2.460938e+03 1.131278e-07 -1.177617e-07 1.516743e-09 1.328058e-07 1.507537e-10 -5.203617e-11
4.179688e+03 2.070312e+03 2.460938e+03 1.076416e-07 -1.122063e-07 1.503321e-09 1.345181e-07 1.524947e-10 -3.291019e-11
4.179688e+03 2.148438e+03 2.460938e+03 1.021994e-07 -1.066564e-07 1.492180e-09 1.359532e-07 1.598674e-10 -1.763651e-11
4.179688e+03 2.226562e+03 2.460938e+03 9.685325e-08 -1.011487e-07 1.479290e-09 1.371311e-07 1.572612e-10 1.051630e-12
4.179688e+03 2.304688e+03 2.460938e+03 9.159603e-08 -9.578286e-08 1.464690e-09 1.380786e-07 1.416454e-10 1.779050e-11
4.179688e+03 2.382812e+03 2.460938e+03 8.641141e-08 -9.056475e-08 1.411444e-09 1.387767e-07 1.338367e-10 -9.229590e-12
4.179688e+03 2.460938e+03 2.460938e+03 8.128773e-08 -8.535332e-08 1.383971e-09 1.392049e-07 1.260870e-10 5.734477e-12
4.179688e+03 2.539062e+03 2.460938e+03 7.625086e-08 -8.020962e-08 1.360026e-09 1.393845e-07 9.127575e-11 2.449047e-11
4.179688e+03 2.617188e+03 2.460938e+03 7.132113e-08 -7.523714e-08 1.323575e-09 1.393695e-07 3.952056e-11 7.300263e-13
4.179688e+03 2.695312e+03 2.460938e+03 6.650446e-08 -7.033766e-08 1.284486e-09 1.391658e-07 5.194881e-12 1.166907e-11
4.179688e+03 2.773438e+03 2.460938e+03 6.183002e-08 -6.555678e-08 1.205683e-09 1.387571e-07 -7.507388e-12 3.354844e-11
4.179688e+03 2.851562e+03 2.460938e+03 5.731812e-08 -6.100415e-08 1.146317e-09 1.381521e-07 -1.682171e-11 3.431658e-11
4.179688e+03 2.929688e+03 2.460938e+03 5.297693e-08 -5.658619e-08 1.096685e-09 1.373896e-07 -1.495888e-11 5.849145e-11
4.179688e+03 3.007812e+03 2.460938e+03 4.877920e-08 -5.223239e-08 1.020324e-09 1.364976e-07 7.144497e-12 5.618931e-11
4.179688e+03 3.085938e+03 2.460938e+03 4.471937e-08 -4.797709e-08 1.006826e-09 1.354475e-07 3.006968e-11 4.219977e-11
4.179688e+03 3.164062e+03 2.460938e+03 4.082505e-08 -4.388010e-08 1.009904e-09 1.342542e-07 3.257356e-11 1.077799e-10
4.179688e+03 3.242188e+03 2.460938e+03 3.710168e-08 -3.992478e-08 9.694787e-10 1.329694e-07 1.041097e-11 9.993738e-11
4.179688e+03 3.320312e+03 2.460938e+03 3.354130e-08 -3.608712e-08 8.886153e-10 1.315879e-07 -1.847770e-11 3.074016e-11
4.179688e+03 3.398438e+03 2.460938e+03 3.011428e-08 -3.237804e-08 8.016359e-10 1.300926e-07 -3.666267e-11 1.042012e-10
4.179688e+03 3.476562e+03 2.460938e+03 2.682100e-08 -2.882976e-08 7.974994e-10 1.284789e-07 -5.011869e-11 1.119055e-10
4.179688e+03 3.554688e+03 2.460938e+03 2.365561e-08 -2.542569e-08 7.379968e-10 1.267631e-07 -6.187857e-11 -2.278605e-11
4.179688e+03 3.632812e+03 2.460938e+03 2.059402e-08 -2.216773e-08 6.352605e-10 1.249780e-07 -6.736559e-11 -3.232458e-11
4.179688e+03 3.710938e+03 2.460938e+03 1.762915e-08 -1.908892e-08 6.171148e-10 1.231367e-07 -7.298523e-11 1.667501e-11
4.179688e+03 3.789062e+03 2.460938e+03 1.475799e-08 -1.618533e-08 5.915371e-10 1.212407e-07 -7.174912e-11 -2.415148e-11
4.179688e+03 3.867188e+03 2.460938e+03 1.200850e-08 -1.340784e-08 5.236763e-10 1.192934e-07 -5.938184e-11 -6.171941e-11
4.179688e+03 3.945312e+03 2.460938e+03 9.391457e-09 -1.072187e-08 4.273488e-10 1.173089e-07 -5.674902e-11 -4.471506e-11
4.179688e+03 4.023438e+03 2.460938e+03 6.901951e-09 -8.186100e-09 4.516120e-10 1.153112e-07 -6.153798e-11 2.824777e-11
4.179688e+03 4.101562e+03 2.460938e+03 4.538220e-09 -5.840658e-09 5.193568e-10 1.133360e-07 -6.409400e-11 -3.127727e-12
4.179688e+03 4.179688e+03 2.460938e+03 2.284864e-09 -3.645562e-09 4.658319e-10 1.113929e-07 -6.615993e-11 -6.762679e-11
4.179688e+03 4.257812e+03 2.460938e+03 1.397838e-10 -1.527077e-09 4.046934e-10 1.094648e-07 -5.900980e-11 -6.020290e-12
4.179688e+03 4.335938e+03 2.460938e+03 -1.897031e-09 5.100279e-10 4.289175e-10 1.075303e-07 -4.315177e-11 1.752554e-11
4.179688e+03 4.414062e+03 2.460938e+03 -3.832710e-09 2.440136e-09 5.230442e-10 1.056067e-07 -2.833060e-11 3.586004e-11
4.179688e+03 4.492188e+03 2.460938e+03 -5.672813e-09 4.237398e-09 5.434672e-10 1.037210e-07 -2.671195e-11 -4.317477e-11
4.179688e+03 4.570312e+03 2.460938e+03 -7.422221e-09 5.946966e-09 4.899007e-10 1.018820e-07 -3.807016e-11 -4.796659e-11
4.179688e+03 4.648438e+03 2.460938e+03 -9.068695e-09 7.616186e-09 4.570363e-10 1.000835e-07 -4.158358e-11 -6.236358e-13
4.179688e+03 4.726562e+03 2.460938e+03 -1.061296e-08 9.191481e-09 4.733280e-10 9.828044e-08 -2.311935e-11 4.650057e-11
4.179688e+03 4.804688e+03 2.460938e+03 -1.206240e-08 1.076901e-08 5.017411e-10 9.642724e-08 -2.257849e-12 6.536515e-11
4.179688e+03 4.882812e+03 2.460938e+03 -1.342179e-08 1.223326e-08 4.665487e-10 9.455724e-08 1.221885e-11 3.570524e-11
4.179688e+03 4.960938e+03 2.460938e+03 -1.470562e-08 1.349600e-08 5.000309e-10 9.268681e-08 2.120430e-11 2.935353e-11
4.257812e+03 3.906250e+01 2.460938e+03 1.987628e-07 -2.046546e-07 1.925592e-09 3.421118e-09 1.090992e-10 -5.536122e-11
4.257812e+03 1.171875e+02 2.460938e+03 1.984013e-07 -2.043178e-07 1.908813e-09 1.042561e-08 7.242799e-11 -3.920655e-11
4.257812e+03 1.953125e+02 2.460938e+03 1.976953e-07 -2.037264e-07 1.950357e-09 1.741599e-08 -7.786777e-12 -4.698343e-11
4.257812e+03 2.734375e+02 2.460938e+03 1.966296e-07 -2.027829e-07 1.861593e-09 2.436916e-08 -6.791675e-11 -5.357831e-12
4.257812e+03 3.515625e+02 2.460938e+03 1.952400e-07 -2.014540e-07 1.809629e-09 3.124473e-08 -1.002666e-10 3.470488e-11
4.257812e+03 4.296875e+02 2.460938e+03 1.935293e-07 -1.997690e-07 1.822665e-09 3.800608e-08 -1.268646e-10 4.883869e-11
4.257812e+03 5.078125e+02 2.460938e+03 1.915088e-07 -1.977456e-07 1.831386e-09 4.462247e-08 -1.484852e-10 5.299587e-11
4.257812e+03 5.859375e+02 2.460938e+03 1.891744e-07 -1.953819e-07 1.770459e-09 5.108346e-08 -1.508182e-10 -1.852916e-11
4.257812e+03 6.640625e+02 2.460938e+03 1.865241e-07 -1.926895e-07 1.678803e-09 5.737158e-08 -1.407113e-10 3.263052e-11
4.257812e+03 7.421875e+02 2.460938e+03 1.835954e-07 -1.896857e-07 1.656441e-09 6.348689e-08 -1.060923e-10 1.209149e-11
4.257812e+03 8.203125e+02 2.460938e+03 1.804167e-07 -1.863986e-07 1.671852e-09 6.941147e-08 -4.964146e-11 7.926261e-11
4.257812e+03 8.984375e+02 2.460938e+03 1.770060e-07 -1.828572e-07 1.684635e-09 7.511648e-08 3.865214e-13 3.221675e-11
4.257812e+03 9.765625e+02 2.460938e+03 1.733858e-07 -1.790896e-07 1.587649e-09 8.059766e-08 4.731092e-11 5.070123e-12
4.257812e+03 1.054688e+03 2.460938e+03 1.695432e-07 -1.751054e-07 1.565608e-09 8.583418e-08 1.059544e-10 7.600726e-11
4.257812e+03 1.132812e+03 2.460938e+03 1.654754e-07 -1.709146e-07 1.650122e-09 9.081114e-08 1.493318e-10 6.259448e-11
4.257812e+03 1.210938e+03 2.460938e+03 1.612193e-07 -1.664722e-07 1.678079e-09 9.553066e-08 1.697304e-10 5.999517e-11
4.257812e+03 1.289062e+03 2.460938e+03 1.568110e-07 -1.618418e-07 1.670333e-09 9.997483e-08 1.762112e-10 3.453828e-11
4.257812e+03 1.367188e+03 2.460938e+03 1.522594e-07 -1.570812e-07 1.617021e-09 1.041443e-07 1.658367e-10 6.119474e-11
4.257812e+03 1.445312e+03 2.460938e+03 1.475478e-07 -1.522594e-07 1.638317e-09 1.080466e-07 1.622072e-10 7.392994e-11
4.257812e+03 1.523438e+03 2.460938e+03 1.426910e-07 -1.472703e-07 1.588135e-09 1.116476e-07 1.698959e-10 -4.457595e-11
4.257812e+03 1.601562e+03 2.460938e+03 1.377170e-07 -1.421703e-07 1.490496e-09 1.149523e-07 1.654832e-10 -3.108128e-11
4.257812e+03 1.679688e+03 2.460938e+03 1.326585e-07 -1.369929e-07 1.511698e-09 1.179944e-07 1.578749e-10 2.742240e-11
4.257812e+03 1.757812e+03 2.460938e+03 1.275352e-07 -1.317503e-07 1.486735e-09 1.207906e-07 1.762055e-10 -6.045129e-11
4.257812e+03 1.835938e+03 2.460938e+03 1.223574e-07 -1.264952e-07 1.437618e-09 1.233192e-07 2.160038e-10 -6.064627e-11
4.257812e+03 1.914062e+03 2.460938e+03 1.171644e-07 -1.212094e-07 1.366092e-09 1.255456e-07 2.433474e-10 -2.213426e-11
4.257812e+03 1.992188e+03 2.460938e+03 1.119667e-07 -1.158913e-07 1.277442e-09 1.275097e-07 2.469426e-10 -3.828022e-11
4.257812e+03 2.070312e+03 2.460938e+03 1.067747e-07 -1.106071e-07 1.268263e-09 1.292410e-07 2.391804e-10 -1.241219e-11
4.257812e+03 2.148438e+03 2.460938e+03 1.016096e-07 -1.053230e-07 1.260871e-09 1.307174e-07 2.289859e-10 -3.970571e-12
4.257812e+03 2.226562e+03 2.460938e+03 9.649975e-08 -1.000649e-07 1.251421e-09 1.319502e-07 2.144453e-10 -1.889107e-12
4.257812e+03 2.304688e+03 2.460938e+03 9.145224e-08 -9.494244e-08 1.237434e-09 1.329454e-07 1.932349e-10 4.602898e-12
4.257812e+03 2.382812e+03 2.460938e+03 8.643585e-08 -8.995534e-08 1.184303e-09 1.336869e-07 1.741316e-10 -1.965407e-11
4.257812e+03 2.460938e+03 2.460938e+03 8.146704e-08 -8.496976e-08 1.156601e-09 1.341776e-07 1.548654e-10 -1.859947e-12
4.257812e+03 2.539062e+03 2.460938e+03 7.658252e-08 -8.005395e-08 1.137437e-09 1.344466e-07 1.235318e-10 1.836265e-11
4.257812e+03 2.617188e+03 2.460938e+03 7.180789e-08 -7.530696e-08 1.112116e-09 1.345339e-07 9.044543e-11 1.721276e-12
4.257812e+03 2.695312e+03 2.460938e+03 6.714804e-08 -7.062188e-08 1.087099e-09 1.344457e-07 7.784127e-11 1.816904e-11
4.257812e+03 2.773438e+03 2.460938e+03 6.260326e-08 -6.602807e-08 1.025452e-09 1.341769e-07 8.535327e-11 3.597813e-11
4.257812e+03 2.851562e+03 2.460938e+03 5.820945e-08 -6.163548e-08 9.823616e-10 1.337346e-07 9.679140e-11 3.122802e-11
4.257812e+03 2.929688e+03 2.460938e+03 5.397165e-08 -5.734630e-08 9.459604e-10 1.331355e-07 1.104518e-10 5.974056e-11
4.257812e+03 3.007812e+03 2.460938e+03 4.987779e-08 -5.310448e-08 8.815315e-10 1.324018e-07 1.264372e-10 6.911894e-11
4.257812e+03 3.085938e+03 2.460938e+03 4.593240e-08 -4.897280e-08 8.777525e-10 1.315186e-07 1.319777e-10 6.116126e-11
4.257812e+03 3.164062e+03 2.460938e+03 4.215319e-08 -4.501185e-08 8.894968e-10 1.304954e-07 1.157851e-10 1.261148e-10
4.257812e+03 3.242188e+03 2.460938e+03 3.854731e-08 -4.120286e-08 8.549547e-10 1.293689e-07 7.760288e-11 1.161415e-10
4.257812e+03 3.320312e+03 2.460938e+03 3.507830e-08 -3.751348e-08 7.804426e-10 1.281210e-07 3.631500e-11 4.085652e-11
4.257812e+03 3.398438e+03 2.460938e+03 3.172595e-08 -3.394141e-08 7.078926e-10 1.267473e-07 1.101664e-11 1.155353e-10
4.257812e+03 3.476562e+03 2.460938e+03 2.848153e-08 -3.050210e-08 7.244454e-10 1.252577e-07 -4.666705e-12 1.200726e-10
4.257812e+03 3.554688e+03 2.460938e+03 2.534144e-08 -2.718619e-08 6.805377e-10 1.236603e-07 -1.631904e-11 -2.739432e-11
4.257812e+03 3.632812e+03 2.460938e+03 2.229829e-08 -2.398836e-08 5.848844e-10 1.219893e-07 -1.581123e-11 -3.575770e-11
4.257812e+03 3.710938e+03 2.460938e+03 1.934023e-08 -2.095298e-08 5.790807e-10 1.202579e-07 -1.247001e-11 1.745152e-11
4.257812e+03 3.789062e+03 2.460938e+03 1.648694e-08 -1.808185e-08 5.605393e-10 1.184803e-07 -1.195754e-11 -2.112996e-11
4.257812e+03 3.867188e+03 2.460938e+03 1.376142e-08 -1.532736e-08 4.884326e-10 1.166663e-07 -1.568491e-12 -6.492195e-11
4.257812e+03 3.945312e+03 2.460938e+03 1.117506e-08 -1.265606e-08 3.839064e-10 1.148136e-07 6.101345e-12 -5.105655e-11
4.257812e+03 4.023438e+03 2.460938e+03 8.719771e-09 -1.011548e-08 3.959834e-10 1.129426e-07 2.743032e-12 3.521524e-11
4.257812e+03 4.101562e+03 2.460938e+03 6.386132e-09 -7.765796e-09 4.609047e-10 1.110863e-07 7.529595e-13 5.115126e-12
4.257812e+03 4.179688e+03 2.460938e+03 4.167811e-09 -5.562263e-09 4.054647e-10 1.092556e-07 4.625918e-14 -6.088783e-11
4.257812e+03 4.257812e+03 2.460938e+03 2.051579e-09 -3.432031e-09 3.407182e-10 1.074375e-07 5.847230e-12 -5.485445e-13
4.257812e+03 4.335938e+03 2.460938e+03 3.860846e-11 -1.380524e-09 3.546552e-10 1.056115e-07 1.974921e-11 2.269000e-11
4.257812e+03 4.414062e+03 2.460938e+03 -1.879106e-09 5.632359e-10 4.350607e-10 1.037836e-07 2.460027e-11 4.715042e-11
4.257812e+03 4.492188e+03 2.460938e+03 -3.713747e-09 2.376696e-09 4.525745e-10 1.019844e-07 1.327478e-11 -3.729702e-11
4.257812e+03 4.570312e+03 2.460938e+03 -5.453097e-09 4.100277e-09 3.995701e-10 1.002322e-07 2.580609e-12 -4.381819e-11
4.257812e+03 4.648438e+03 2.460938e+03 -7.097699e-09 5.765162e-09 3.725089e-10 9.851619e-08 -3.081965e-12 -1.104404e-11
4.257812e+03 4.726562e+03 2.460938e+03 -8.653952e-09 7.346989e-09 3.974439e-10 9.679441e-08 -1.108058e-12 2.393630e-11
4.257812e+03 4.804688e+03 2.460938e+03 -1.011326e-08 8.893147e-09 4.397955e-10 9.503571e-08 1.333877e-11 4.163883e-11
4.257812e+03 4.882812e+03 2.460938e+03 -1.150288e-08 1.036329e-08 4.314598e-10 9.323432e-08 2.614834e-11 8.415436e-12
4.257812e+03 4.960938e+03 2.460938e+03 -1.282676e-08 1.161335e-08 4.840244e-10 9.144578e-08 2.550485e-11 -6.343062e-12
4.335938e+03 3.906250e+01 2.460938e+03 1.921959e-07 -1.977489e-07 1.832276e-09 3.204533e-09 1.078594e-10 -1.118018e-10
4.335938e+03 1.171875e+02 2.460938e+03 1.917783e-07 -1.974514e-07 1.795924e-09 9.858244e-09 1.163732e-10 -9.016856e-11
4.335938e+03 1.953125e+02 2.460938e+03 1.910713e-07 -1.968894e-07 1.793018e-09 1.648142e-08 1.106944e-10 -9.921394e-11
4.335938e+03 2.734375e+02 2.460938e+03 1.900519e-07 -1.960414e-07 1.708067e-09 2.307888e-08 1.130710e-10 -2.785143e-11
4.335938e+03 3.515625e+02 2.460938e+03 1.887125e-07 -1.947799e-07 1.664032e-09 2.961835e-08 1.332181e-10 -8.666139e-12
4.335938e+03 4.296875e+02 2.460938e+03 1.870896e-07 -1.932123e-07 1.657716e-09 3.608108e-08 1.622634e-10 2.564141e-12
4.335938e+03 5.078125e+02 2.460938e+03 1.851921e-07 -1.913234e-07 1.663622e-09 4.240993e-08 1.904358e-10 4.678041e-11
4.335938e+03 5.859375e+02 2.460938e+03 1.830165e-07 -1.891299e-07 1.632561e-09 4.859568e-08 2.224698e-10 -5.828853e-12
4.335938e+03 6.640625e+02 2.460938e+03 1.805643e-07 -1.866051e-07 1.581042e-09 5.461498e-08 2.451278e-10 6.503859e-11
4.335938e+03 7.421875e+02 2.460938e+03 1.778468e-07 -1.837813e-07 1.598246e-09 6.048836e-08 2.652732e-10 6.609580e-11
4.335938e+03 8.203125e+02 2.460938e+03 1.749050e-07 -1.806870e-07 1.650511e-09 6.618718e-08 2.910146e-10 1.464997e-10
4.335938e+03 8.984375e+02 2.460938e+03 1.717569e-07 -1.773602e-07 1.681376e-09 7.167021e-08 3.070094e-10 9.210042e-11
4.335938e+03 9.765625e+02 2.460938e+03 1.683942e-07 -1.738260e-07 1.598789e-09 7.694041e-08 3.219878e-10 6.039541e-11
4.335938e+03 1.054688e+03 2.460938e+03 1.648060e-07 -1.700699e-07 1.582174e-09 8.196163e-08 3.256171e-10 1.280878e-10
4.335938e+03 1.132812e+03 2.460938e+03 1.609986e-07 -1.661199e-07 1.645692e-09 8.674540e-08 2.912228e-10 1.111701e-10
4.335938e+03 1.210938e+03 2.460938e+03 1.570213e-07 -1.619480e-07 1.656337e-09 9.129940e-08 2.486136e-10 1.146306e-10
4.335938e+03 1.289062e+03 2.460938e+03 1.528979e-07 -1.575987e-07 1.623094e-09 9.558603e-08 2.209923e-10 8.175191e-11
4.335938e+03 1.367188e+03 2.460938e+03 1.486307e-07 -1.531206e-07 1.542152e-09 9.960983e-08 1.960397e-10 1.111150e-10
4.335938e+03 1.445312e+03 2.460938e+03 1.442187e-07 -1.485696e-07 1.555768e-09 1.033679e-07 1.808260e-10 1.278495e-10
4.335938e+03 1.523438e+03 2.460938e+03 1.396546e-07 -1.438592e-07 1.498805e-09 1.068527e-07 1.793538e-10 -3.509401e-12
4.335938e+03 1.601562e+03 2.460938e+03 1.349827e-07 -1.390368e-07 1.393675e-09 1.100736e-07 1.728086e-10 1.151204e-11
4.335938e+03 1.679688e+03 2.460938e+03 1.302299e-07 -1.341271e-07 1.417841e-09 1.130497e-07 1.673973e-10 8.002073e-11
4.335938e+03 1.757812e+03 2.460938e+03 1.254155e-07 -1.291350e-07 1.406737e-09 1.158018e-07 1.910825e-10 -1.688337e-12
4.335938e+03 1.835938e+03 2.460938e+03 1.205530e-07 -1.241254e-07 1.373539e-09 1.182953e-07 2.339269e-10 -8.377068e-12
4.335938e+03 1.914062e+03 2.460938e+03 1.156388e-07 -1.190824e-07 1.310120e-09 1.205063e-07 2.617371e-10 1.186306e-11
4.335938e+03 1.992188e+03 2.460938e+03 1.107239e-07 -1.140135e-07 1.217513e-09 1.224685e-07 2.634467e-10 -9.697710e-12
4.335938e+03 2.070312e+03 2.460938e+03 1.058219e-07 -1.089981e-07 1.197412e-09 1.241976e-07 2.458358e-10 1.825224e-11
4.335938e+03 2.148438e+03 2.460938e+03 1.009262e-07 -1.039803e-07 1.180909e-09 1.256862e-07 2.199641e-10 1.632823e-11
4.335938e+03 2.226562e+03 2.460938e+03 9.603971e-08 -9.896338e-08 1.163258e-09 1.269416e-07 1.952788e-10 -2.274990e-12
4.335938e+03 2.304688e+03 2.460938e+03 9.116107e-08 -9.406797e-08 1.139331e-09 1.279618e-07 1.754305e-10 -6.237205e-12
4.335938e+03 2.382812e+03 2.460938e+03 8.631638e-08 -8.929750e-08 1.074061e-09 1.287388e-07 1.603133e-10 -2.278480e-11
4.335938e+03 2.460938e+03 2.460938e+03 8.151933e-08 -8.452358e-08 1.036857e-09 1.292868e-07 1.433037e-10 -9.966108e-13
4.335938e+03 2.539062e+03 2.460938e+03 7.679975e-08 -7.981979e-08 1.020249e-09 1.296391e-07 1.223776e-10 1.528172e-11
4.335938e+03 2.617188e+03 2.460938e+03 7.218579e-08 -7.527516e-08 1.008301e-09 1.298283e-07 1.083988e-10 3.717207e-12
4.335938e+03 2.695312e+03 2.460938e+03 6.768559e-08 -7.077979e-08 9.988419e-10 1.298527e-07 1.135042e-10 2.908568e-11
4.335938e+03 2.773438e+03 2.460938e+03 6.330610e-08 -6.635287e-08 9.525722e-10 1.297128e-07 1.352867e-10 4.471186e-11
4.335938e+03 2.851562e+03 2.460938e+03 5.904112e-08 -6.210223e-08 9.231188e-10 1.294204e-07 1.584827e-10 3.298080e-11
4.335938e+03 2.929688e+03 2.460938e+03 5.490713e-08 -5.793519e-08 8.958804e-10 1.289757e-07 1.762493e-10 6.462087e-11
4.335938e+03 3.007812e+03 2.460938e+03 5.091652e-08 -5.381264e-08 8.391212e-10 1.283887e-07 1.839151e-10 8.503483e-11
4.335938e+03 3.085938e+03 2.460938e+03 4.708387e-08 -4.982057e-08 8.419440e-10 1.276535e-07 1.732395e-10 7.835875e-11
4.335938e+03 3.164062e+03 2.460938e+03 4.341379e-08 -4.600596e-08 8.571638e-10 1.267742e-07 1.442567e-10 1.315412e-10
4.335938e+03 3.242188e+03 2.460938e+03 3.988137e-08 -4.234650e-08 8.249153e-10 1.257818e-07 1.012541e-10 1.149064e-10
4.335938e+03 3.320312e+03 2.460938e+03 3.648097e-08 -3.880960e-08 7.542448e-10 1.246607e-07 6.125969e-11 4.118961e-11
4.335938e+03 3.398438e+03 2.460938e+03 3.318370e-08 -3.537051e-08 6.910421e-10 1.234046e-07 3.882987e-11 1.181812e-10
4.335938e+03 3.476562e+03 2.460938e+03 2.997613e-08 -3.203878e-08 7.233888e-10 1.220385e-07 2.270365e-11 1.179994e-10
4.335938e+03 3.554688e+03 2.460938e+03 2.686167e-08 -2.880636e-08 6.899721e-10 1.205628e-07 1.034618e-11 -3.852786e-11
4.335938e+03 3.632812e+03 2.460938e+03 2.383003e-08 -2.567259e-08 5.976278e-10 1.190042e-07 8.962993e-12 -3.805137e-11
4.335938e+03 3.710938e+03 2.460938e+03 2.089822e-08 -2.268377e-08 6.019532e-10 1.173930e-07 5.333528e-12 2.479252e-11
4.335938e+03 3.789062e+03 2.460938e+03 1.807923e-08 -1.984561e-08 5.912877e-10 1.157429e-07 -1.285980e-12 -1.408680e-11
4.335938e+03 3.867188e+03 2.460938e+03 1.539069e-08 -1.711557e-08 5.250647e-10 1.140686e-07 1.140458e-11 -5.113554e-11
4.335938e+03 3.945312e+03 2.460938e+03 1.284585e-08 -1.446127e-08 4.260088e-10 1.123504e-07 3.172831e-11 -3.349197e-11
4.335938e+03 4.023438e+03 2.460938e+03 1.043492e-08 -1.193176e-08 4.270035e-10 1.105994e-07 3.440212e-11 5.833971e-11
4.335938e+03 4.101562e+03 2.460938e+03 8.147256e-09 -9.578034e-09 4.865715e-10 1.088578e-07 2.980630e-11 2.826061e-11
4.335938e+03 4.179688e+03 2.460938e+03 5.964067e-09 -7.363528e-09 4.321851e-10 1.071310e-07 2.876813e-11 -4.518125e-11
4.335938e+03 4.257812e+03 2.460938e+03 3.879835e-09 -5.226090e-09 3.568730e-10 1.054196e-07 3.396961e-11 1.450797e-11
4.335938e+03 4.335938e+03 2.460938e+03 1.894253e-09 -3.166050e-09 3.481612e-10 1.036963e-07 4.394326e-11 3.527215e-11
4.335938e+03 4.414062e+03 2.460938e+03 -3.737684e-12 -1.223718e-09 3.998921e-10 1.019566e-07 3.908416e-11 5.903351e-11
4.335938e+03 4.492188e+03 2.460938e+03 -1.813891e-09 6.023432e-10 4.032876e-10 1.002474e-07 1.875410e-11 -2.308167e-11
4.335938e+03 4.570312e+03 2.460938e+03 -3.540119e-09 2.329016e-09 3.582678e-10 9.858353e-08 4.446039e-12 -2.376575e-11
4.335938e+03 4.648438e+03 2.460938e+03 -5.186420e-09 3.992751e-09 3.438663e-10 9.695394e-08 -3.789660e-12 -1.216713e-11
4.335938e+03 4.726562e+03 2.460938e+03 -6.754748e-09 5.561016e-09 3.646906e-10 9.530597e-08 -1.336170e-12 5.891017e-12
4.335938e+03 4.804688e+03 2.460938e+03 -8.253211e-09 7.112574e-09 4.068229e-10 9.362245e-08 1.699927e-11 3.218344e-11
4.335938e+03 4.882812e+03 2.460938e+03 -9.668077e-09 8.555287e-09 4.181090e-10 9.189482e-08 2.588602e-11 -1.056150e-11
4.335938e+03 4.960938e+03 2.460938e+03 -1.101320e-08 9.822843e-09 4.768306e-10 9.017610e-08 2.188630e-11 -2.889153e-11
4.414062e+03 3.906250e+01 2.460938e+03 1.859805e-07 -1.912363e-07 1.769225e-09 2.974510e-09 9.524552e-11 -8.718829e-11
4.414062e+03 1.171875e+02 2.460938e+03 1.856120e-07 -1.909536e-07 1.777812e-09 9.315678e-09 1.292611e-10 -8.919635e-11
4.414062e+03 1.953125e+02 2.460938e+03 1.849898e-07 -1.904192e-07 1.814540e-09 1.563236e-08 1.951626e-10 -9.534520e-11
4.414062e+03 2.734375e+02 2.460938e+03 1.840717e-07 -1.896239e-07 1.787001e-09 2.190588e-08 2.478150e-10 -2.772749e-11
4.414062e+03 3.515625e+02 2.460938e+03 1.828432e-07 -1.884259e-07 1.779738e-09 2.815644e-08 2.753428e-10 -1.990413e-11
4.414062e+03 4.296875e+02 2.460938e+03 1.813332e-07 -1.869407e-07 1.811753e-09 3.433331e-08 3.229977e-10 7.284179e-12
4.414062e+03 5.078125e+02 2.460938e+03 1.795635e-07 -1.851713e-07 1.858256e-09 4.039443e-08 3.658962e-10 4.446255e-11
4.414062e+03 5.859375e+02 2.460938e+03 1.775355e-07 -1.831166e-07 1.847482e-09 4.631448e-08 3.792737e-10 -7.013218e-12
4.414062e+03 6.640625e+02 2.460938e+03 1.752447e-07 -1.807709e-07 1.823284e-09 5.207882e-08 3.751268e-10 6.733310e-11
4.414062e+03 7.421875e+02 2.460938e+03 1.727058e-07 -1.781238e-07 1.878630e-09 5.769638e-08 3.513850e-10 6.331427e-11
4.414062e+03 8.203125e+02 2.460938e+03 1.699305e-07 -1.752197e-07 1.944335e-09 6.315716e-08 3.203093e-10 1.312861e-10
4.414062e+03 8.984375e+02 2.460938e+03 1.669443e-07 -1.720923e-07 1.959954e-09 6.841582e-08 2.929562e-10 6.575014e-11
4.414062e+03 9.765625e+02 2.460938e+03 1.637392e-07 -1.687655e-07 1.861125e-09 7.346169e-08 2.783114e-10 4.430812e-11
4.414062e+03 1.054688e+03 2.460938e+03 1.603027e-07 -1.652253e-07 1.815392e-09 7.826787e-08 2.482433e-10 1.022480e-10
4.414062e+03 1.132812e+03 2.460938e+03 1.566837e-07 -1.615145e-07 1.828227e-09 8.286485e-08 1.858253e-10 9.350195e-11
4.414062e+03 1.210938e+03 2.460938e+03 1.529155e-07 -1.576002e-07 1.800454e-09 8.725276e-08 1.337416e-10 1.129589e-10
4.414062e+03 1.289062e+03 2.460938e+03 1.490110e-07 -1.535134e-07 1.742451e-09 9.138820e-08 1.131356e-10 7.867379e-11
4.414062e+03 1.367188e+03 2.460938e+03 1.449720e-07 -1.492846e-07 1.637442e-09 9.527539e-08 1.080747e-10 1.184596e-10
4.414062e+03 1.445312e+03 2.460938e+03 1.407948e-07 -1.449756e-07 1.640112e-09 9.891480e-08 1.070114e-10 1.410121e-10
4.414062e+03 1.523438e+03 2.460938e+03 1.365125e-07 -1.405200e-07 1.580803e-09 1.023074e-07 1.158786e-10 2.090648e-11
4.414062e+03 1.601562e+03 2.460938e+03 1.321241e-07 -1.359636e-07 1.471186e-09 1.054509e-07 1.201232e-10 3.724684e-11
4.414062e+03 1.679688e+03 2.460938e+03 1.276504e-07 -1.313066e-07 1.486286e-09 1.083695e-07 1.124874e-10 1.001727e-10
4.414062e+03 1.757812e+03 2.460938e+03 1.231284e-07 -1.265506e-07 1.468992e-09 1.110801e-07 1.297019e-10 2.998664e-11
4.414062e+03 1.835938e+03 2.460938e+03 1.185550e-07 -1.217764e-07 1.444603e-09 1.135293e-07 1.667857e-10 2.288400e-11
4.414062e+03 1.914062e+03 2.460938e+03 1.139374e-07 -1.169782e-07 1.388528e-09 1.157062e-07 1.814533e-10 2.719780e-11
4.414062e+03 1.992188e+03 2.460938e+03 1.092871e-07 -1.121600e-07 1.290664e-09 1.176550e-07 1.712971e-10 -4.316269e-12
4.414062e+03 2.070312e+03 2.460938e+03 1.046461e-07 -1.073996e-07 1.258078e-09 1.193811e-07 1.516509e-10 2.233095e-11
4.414062e+03 2.148438e+03 2.460938e+03 1.000033e-07 -1.026384e-07 1.224043e-09 1.208585e-07 1.299818e-10 1.733618e-11
4.414062e+03 2.226562e+03 2.460938e+03 9.532195e-08 -9.784838e-08 1.194797e-09 1.221084e-07 1.122255e-10 -1.417671e-11
4.414062e+03 2.304688e+03 2.460938e+03 9.063108e-08 -9.315988e-08 1.162475e-09 1.231506e-07 1.012826e-10 -2.622841e-11
4.414062e+03 2.382812e+03 2.460938e+03 8.596628e-08 -8.858948e-08 1.082948e-09 1.239730e-07 9.928094e-11 -3.615023e-11
4.414062e+03 2.460938e+03 2.460938e+03 8.136452e-08 -8.401525e-08 1.035551e-09 1.245838e-07 9.985554e-11 -1.071703e-11
4.414062e+03 2.539062e+03 2.460938e+03 7.683809e-08 -7.950691e-08 1.019135e-09 1.250166e-07 9.631546e-11 -2.625485e-13
4.414062e+03 2.617188e+03 2.460938e+03 7.240203e-08 -7.514215e-08 1.015775e-09 1.253062e-07 9.767015e-11 -1.253647e-11
4.414062e+03 2.695312e+03 2.460938e+03 6.807999e-08 -7.081461e-08 1.015920e-09 1.254460e-07 1.160739e-10 1.783995e-11
4.414062e+03 2.773438e+03 2.460938e+03 6.386627e-08 -6.653997e-08 9.737469e-10 1.254242e-07 1.442441e-10 3.156767e-11
4.414062e+03 2.851562e+03 2.460938e+03 5.975258e-08 -6.242248e-08 9.524369e-10 1.252474e-07 1.651251e-10 1.582164e-11
4.414062e+03 2.929688e+03 2.460938e+03 5.573799e-08 -5.838227e-08 9.386735e-10 1.249276e-07 1.768585e-10 5.157812e-11
4.414062e+03 3.007812e+03 2.460938e+03 5.186184e-08 -5.439952e-08 8.903972e-10 1.244748e-07 1.787165e-10 7.648993e-11
4.414062e+03 3.085938e+03 2.460938e+03 4.813576e-08 -5.055802e-08 8.961563e-10 1.238653e-07 1.655364e-10 6.295538e-11
4.414062e+03 3.164062e+03 2.460938e+03 4.453349e-08 -4.688979e-08 9.092717e-10 1.231021e-07 1.378099e-10 1.006740e-10
4.414062e+03 3.242188e+03 2.460938e+03 4.105588e-08 -4.337188e-08 8.775000e-10 1.222268e-07 1.015006e-10 8.073408e-11
4.414062e+03 3.320312e+03 2.460938e+03 3.769734e-08 -3.997289e-08 8.161963e-10 1.212274e-07 7.705909e-11 1.540288e-11
4.414062e+03 3.398438e+03 2.460938e+03 3.444773e-08 -3.665303e-08 7.631576e-10 1.200864e-07 6.745955e-11 9.054122e-11
4.414062e+03 3.476562e+03 2.460938e+03 3.127467e-08 -3.341902e-08 8.047098e-10 1.188373e-07 5.144391e-11 9.137485e-11
4.414062e+03 3.554688e+03 2.460938e+03 2.817659e-08 -3.027184e-08 7.772411e-10 1.174892e-07 3.557918e-11 -6.012397e-11
4.414062e+03 3.632812e+03 2.460938e+03 2.518026e-08 -2.721079e-08 6.883815e-10 1.160569e-07 2.746522e-11 -5.707610e-11
4.414062e+03 3.710938e+03 2.460938e+03 2.228724e-08 -2.427622e-08 6.983750e-10 1.145733e-07 1.422729e-11 1.659490e-11
4.414062e+03 3.789062e+03 2.460938e+03 1.951531e-08 -2.147364e-08 6.917560e-10 1.130529e-07 2.040081e-12 -1.633799e-11
4.414062e+03 3.867188e+03 2.460938e+03 1.687575e-08 -1.877720e-08 6.320826e-10 1.115105e-07 1.045170e-11 -4.020882e-11
4.414062e+03 3.945312e+03 2.460938e+03 1.438042e-08 -1.614910e-08 5.365195e-10 1.099248e-07 3.206597e-11 -1.855707e-11
4.414062e+03 4.023438e+03 2.460938e+03 1.202925e-08 -1.363560e-08 5.276370e-10 1.082952e-07 4.036287e-11 6.848327e-11
4.414062e+03 4.101562e+03 2.460938e+03 9.789326e-09 -1.128101e-08 5.816776e-10 1.066629e-07 4.145225e-11 4.822637e-11
4.414062e+03 4.179688e+03 2.460938e+03 7.647178e-09 -9.060527e-09 5.289744e-10 1.050369e-07 4.871182e-11 -2.974197e-11
4.414062e+03 4.257812e+03 2.460938e+03 5.596483e-09 -6.921994e-09 4.399674e-10 1.034178e-07 5.952707e-11 2.182255e-11
4.414062e+03 4.335938e+03 2.460938e+03 3.631243e-09 -4.862289e-09 4.025169e-10 1.017807e-07 6.772444e-11 3.464975e-11
4.414062e+03 4.414062e+03 2.460938e+03 1.760928e-09 -2.915069e-09 4.347488e-10 1.001328e-07 6.265525e-11 5.926365e-11
4.414062e+03 4.492188e+03 2.460938e+03 -2.477804e-11 -1.089842e-09 4.359560e-10 9.850658e-08 4.818414e-11 -1.975539e-11
4.414062e+03 4.570312e+03 2.460938e+03 -1.735111e-09 6.434994e-10 3.835510e-10 9.692349e-08 2.592593e-11 -2.851971e-11
4.414062e+03 4.648438e+03 2.460938e+03 -3.375030e-09 2.296273e-09 3.611543e-10 9.536569e-08 1.302556e-11 -1.984810e-11
4.414062e+03 4.726562e+03 2.460938e+03 -4.954395e-09 3.854529e-09 3.762678e-10 9.379668e-08 2.148025e-11 -9.608460e-12
4.414062e+03 4.804688e+03 2.460938e+03 -6.478142e-09 5.401309e-09 4.105585e-10 9.218346e-08 2.736198e-11 1.555821e-11
4.414062e+03 4.882812e+03 2.460938e+03 -7.926181e-09 6.834366e-09 4.194365e-10 9.054547e-08 2.532662e-11 -3.034161e-11
4.414062e+03 4.960938e+03 2.460938e+03 -9.292551e-09 8.102174e-09 4.702855e-10 8.889363e-08 2.181436e-11 -4.947216e-11
4.492188e+03 3.906250e+01 2.460938e+03 1.800804e-07 -1.850643e-07 1.681893e-09 2.803091e-09 5.933477e-11 -2.999576e-11
4.492188e+03 1.171875e+02 2.460938e+03 1.797995e-07 -1.847724e-07 1.713712e-09 8.872532e-09 4.298469e-11 -4.631767e-11
4.492188e+03 1.953125e+02 2.460938e+03 1.792546e-07 -1.842760e-07 1.785476e-09 1.489905e-08 7.156120e-11 -3.765790e-11
4.492188e+03 2.734375e+02 2.460938e+03 1.784130e-07 -1.834804e-07 1.784178e-09 2.087043e-08 8.699559e-11 -1.539491e-12
4.492188e+03 3.515625e+02 2.460938e+03 1.772849e-07 -1.823655e-07 1.789105e-09 2.683795e-08 6.931430e-11 -2.075846e-12
4.492188e+03 4.296875e+02 2.460938e+03 1.758759e-07 -1.809648e-07 1.849342e-09 3.273061e-08 5.574934e-11 2.928365e-11
4.492188e+03 5.078125e+02 2.460938e+03 1.741840e-07 -1.792927e-07 1.905901e-09 3.851168e-08 3.329950e-11 2.083681e-11
4.492188e+03 5.859375e+02 2.460938e+03 1.722425e-07 -1.773706e-07 1.862286e-09 4.416829e-08 5.660126e-12 -3.200979e-11
4.492188e+03 6.640625e+02 2.460938e+03 1.700595e-07 -1.751882e-07 1.820905e-09 4.966495e-08 -2.384957e-11 3.991685e-11
4.492188e+03 7.421875e+02 2.460938e+03 1.676262e-07 -1.727319e-07 1.870999e-09 5.503710e-08 -7.602171e-11 1.940493e-11
4.492188e+03 8.203125e+02 2.460938e+03 1.649627e-07 -1.700012e-07 1.917069e-09 6.025786e-08 -1.162493e-10 6.617759e-11
4.492188e+03 8.984375e+02 2.460938e+03 1.620717e-07 -1.670481e-07 1.910933e-09 6.529778e-08 -1.264583e-10 -1.202091e-11
4.492188e+03 9.765625e+02 2.460938e+03 1.589660e-07 -1.639007e-07 1.803029e-09 7.013157e-08 -1.293638e-10 -1.384967e-11
4.492188e+03 1.054688e+03 2.460938e+03 1.556779e-07 -1.605739e-07 1.752453e-09 7.474987e-08 -1.469599e-10 4.531113e-11
4.492188e+03 1.132812e+03 2.460938e+03 1.522310e-07 -1.570922e-07 1.750561e-09 7.918235e-08 -1.750959e-10 4.352863e-11
4.492188e+03 1.210938e+03 2.460938e+03 1.486510e-07 -1.534149e-07 1.714359e-09 8.342612e-08 -1.846044e-10 6.345939e-11
4.492188e+03 1.289062e+03 2.460938e+03 1.449473e-07 -1.495594e-07 1.671108e-09 8.743214e-08 -1.617706e-10 3.741918e-11
4.492188e+03 1.367188e+03 2.460938e+03 1.411060e-07 -1.455463e-07 1.583630e-09 9.119983e-08 -1.308722e-10 8.754376e-11
4.492188e+03 1.445312e+03 2.460938e+03 1.371602e-07 -1.414601e-07 1.586990e-09 9.474851e-08 -1.137617e-10 1.048884e-10
4.492188e+03 1.523438e+03 2.460938e+03 1.331367e-07 -1.372404e-07 1.527960e-09 9.806552e-08 -8.837116e-11 1.159930e-11
4.492188e+03 1.601562e+03 2.460938e+03 1.290348e-07 -1.329391e-07 1.428214e-09 1.011319e-07 -6.929096e-11 3.516494e-11
4.492188e+03 1.679688e+03 2.460938e+03 1.248426e-07 -1.285334e-07 1.437894e-09 1.039895e-07 -8.202355e-11 8.043908e-11
4.492188e+03 1.757812e+03 2.460938e+03 1.205798e-07 -1.240114e-07 1.408957e-09 1.066515e-07 -8.102479e-11 1.714875e-11
4.492188e+03 1.835938e+03 2.460938e+03 1.162732e-07 -1.194703e-07 1.388755e-09 1.090472e-07 -5.657333e-11 1.568275e-11
4.492188e+03 1.914062e+03 2.460938e+03 1.119108e-07 -1.149124e-07 1.339978e-09 1.111732e-07 -5.815784e-11 1.445485e-11
4.492188e+03 1.992188e+03 2.460938e+03 1.075168e-07 -1.103408e-07 1.247349e-09 1.130944e-07 -8.053070e-11 -2.270372e-11
4.492188e+03 2.070312e+03 2.460938e+03 1.031130e-07 -1.058198e-07 1.208423e-09 1.148126e-07 -9.136477e-11 -3.560845e-13
4.492188e+03 2.148438e+03 2.460938e+03 9.869911e-08 -1.012910e-07 1.158382e-09 1.162756e-07 -8.998813e-11 -1.979511e-12
4.492188e+03 2.226562e+03 2.460938e+03 9.424645e-08 -9.671540e-08 1.127071e-09 1.175084e-07 -8.706364e-11 -3.130630e-11
4.492188e+03 2.304688e+03 2.460938e+03 8.975412e-08 -9.221320e-08 1.099806e-09 1.185658e-07 -8.607654e-11 -4.927772e-11
4.492188e+03 2.382812e+03 2.460938e+03 8.530335e-08 -8.782416e-08 1.019232e-09 1.194457e-07 -7.096948e-11 -5.702486e-11
4.492188e+03 2.460938e+03 2.460938e+03 8.093040e-08 -8.343718e-08 9.710417e-10 1.201280e-07 -4.427383e-11 -2.469008e-11
4.492188e+03 2.539062e+03 2.460938e+03 7.662656e-08 -7.910587e-08 9.554143e-10 1.206371e-07 -3.397729e-11 -1.495087e-11
4.492188e+03 2.617188e+03 2.460938e+03 7.239961e-08 -7.490460e-08 9.558105e-10 1.210264e-07 -2.951558e-11 -2.671213e-11
4.492188e+03 2.695312e+03 2.460938e+03 6.827534e-08 -7.073535e-08 9.620589e-10 1.212785e-07 -1.674906e-12 2.920088e-12
4.492188e+03 2.773438e+03 2.460938e+03 6.425150e-08 -6.661344e-08 9.187635e-10 1.213530e-07 3.156010e-11 1.080531e-11
4.492188e+03 2.851562e+03 2.460938e+03 6.028749e-08 -6.263297e-08 8.983625e-10 1.212590e-07 4.105281e-11 -7.037340e-12
4.492188e+03 2.929688e+03 2.460938e+03 5.640386e-08 -5.873174e-08 8.986128e-10 1.210360e-07 3.662968e-11 2.588097e-11
4.492188e+03 3.007812e+03 2.460938e+03 5.264081e-08 -5.489858e-08 8.611360e-10 1.206941e-07 3.459638e-11 4.384240e-11
4.492188e+03 3.085938e+03 2.460938e+03 4.900227e-08 -5.120683e-08 8.703329e-10 1.201861e-07 3.354140e-11 2.096461e-11
4.492188e+03 3.164062e+03 2.460938e+03 4.546874e-08 -4.768105e-08 8.879755e-10 1.195161e-07 2.227729e-11 4.810982e-11
4.492188e+03 3.242188e+03 2.460938e+03 4.202851e-08 -4.429004e-08 8.635600e-10 1.187451e-07 4.776157e-12 2.813201e-11
4.492188e+03 3.320312e+03 2.460938e+03 3.870509e-08 -4.100644e-08 8.167125e-10 1.178644e-07 4.378922e-12 -3.435447e-11
4.492188e+03 3.398438e+03 2.460938e+03 3.548111e-08 -3.778424e-08 7.706041e-10 1.168371e-07 9.246207e-12 3.402514e-11
4.492188e+03 3.476562e+03 2.460938e+03 3.233313e-08 -3.463634e-08 8.110232e-10 1.156993e-07 -8.780205e-12 5.045795e-11
4.492188e+03 3.554688e+03 2.460938e+03 2.927634e-08 -3.157457e-08 7.955757e-10 1.144824e-07 -2.804890e-11 -7.731426e-11
4.492188e+03 3.632812e+03 2.460938e+03 2.633481e-08 -2.859334e-08 7.211792e-10 1.131879e-07 -3.512328e-11 -7.763307e-11
4.492188e+03 3.710938e+03 2.460938e+03 2.351436e-08 -2.572899e-08 7.313503e-10 1.118332e-07 -5.161763e-11 5.939954e-12
4.492188e+03 3.789062e+03 2.460938e+03 2.080668e-08 -2.297563e-08 7.217302e-10 1.104409e-07 -6.991584e-11 -1.495462e-11
4.492188e+03 3.867188e+03 2.460938e+03 1.823053e-08 -2.032271e-08 6.683056e-10 1.090261e-07 -6.960867e-11 -3.878776e-11
4.492188e+03 3.945312e+03 2.460938e+03 1.579143e-08 -1.772682e-08 5.756507e-10 1.075673e-07 -5.185129e-11 -2.074453e-11
4.492188e+03 4.023438e+03 2.460938e+03 1.348349e-08 -1.522479e-08 5.566539e-10 1.060591e-07 -3.439424e-11 6.270641e-11
4.492188e+03 4.101562e+03 2.460938e+03 1.129544e-08 -1.287631e-08 6.013397e-10 1.045310e-07 -2.853723e-11 5.758857e-11
4.492188e+03 4.179688e+03 2.460938e+03 9.201314e-09 -1.066345e-08 5.487100e-10 1.029997e-07 -3.085678e-11 -2.592513e-11
4.492188e+03 4.257812e+03 2.460938e+03 7.188083e-09 -8.537306e-09 4.568846e-10 1.014625e-07 -2.644312e-11 1.450913e-11
4.492188e+03 4.335938e+03 2.460938e+03 5.258590e-09 -6.474084e-09 4.054950e-10 9.991147e-08 -1.695005e-11 1.968750e-11
4.492188e+03 4.414062e+03 2.460938e+03 3.411408e-09 -4.525455e-09 4.359915e-10 9.834452e-08 -1.960198e-11 5.066589e-11
4.492188e+03 4.492188e+03 2.460938e+03 1.652842e-09 -2.696635e-09 4.561300e-10 9.680134e-08 -2.221151e-11 -1.657939e-11
4.492188e+03 4.570312e+03 2.460938e+03 -3.465307e-11 -9.707633e-10 4.027808e-10 9.528582e-08 -2.245650e-11 -4.203149e-11
4.492188e+03 4.648438e+03 2.460938e+03 -1.674902e-09 6.770247e-10 3.707121e-10 9.379444e-08 -1.641504e-11 -2.940638e-11
4.492188e+03 4.726562e+03 2.460938e+03 -3.258342e-09 2.236209e-09 3.838315e-10 9.229315e-08 1.789150e-12 -2.374289e-11
4.492188e+03 4.804688e+03 2.460938e+03 -4.784061e-09 3.750039e-09 4.135127e-10 9.073914e-08 9.509782e-12 -8.973452e-12
4.492188e+03 4.882812e+03 2.460938e+03 -6.256182e-09 5.194912e-09 4.153175e-10 8.917111e-08 1.223589e-11 -4.533312e-11
4.492188e+03 4.960938e+03 2.460938e+03 -7.647832e-09 6.446586e-09 4.581253e-10 8.759357e-08 1.777411e-11 -7.087411e-11
4.570312e+03 3.906250e+01 2.460938e+03 1.744505e-07 -1.791685e-07 1.569278e-09 2.667033e-09 3.627248e-11 -2.876917e-11
4.570312e+03 1.171875e+02 2.460938e+03 1.741916e-07 -1.788988e-07 1.578519e-09 8.460586e-09 -1.627312e-11 -3.954314e-11
4.570312e+03 1.953125e+02 2.460938e+03 1.736455e-07 -1.783994e-07 1.624562e-09 1.421148e-08 -4.058884e-11 -2.490698e-11
4.570312e+03 2.734375e+02 2.460938e+03 1.728541e-07 -1.776513e-07 1.593552e-09 1.990594e-08 -6.523519e-11 -8.095620e-13
4.570312e+03 3.515625e+02 2.460938e+03 1.717965e-07 -1.765929e-07 1.587537e-09 2.556926e-08 -8.758961e-11 -7.071448e-12
4.570312e+03 4.296875e+02 2.460938e+03 1.704300e-07 -1.752765e-07 1.617120e-09 3.116864e-08 -1.318163e-10 6.212867e-12
4.570312e+03 5.078125e+02 2.460938e+03 1.687979e-07 -1.737054e-07 1.628438e-09 3.668438e-08 -1.832344e-10 -7.079938e-12
4.570312e+03 5.859375e+02 2.460938e+03 1.669290e-07 -1.718984e-07 1.561560e-09 4.208068e-08 -1.876317e-10 -3.704815e-11
4.570312e+03 6.640625e+02 2.460938e+03 1.648229e-07 -1.698491e-07 1.504257e-09 4.733591e-08 -1.973136e-10 2.026670e-11
4.570312e+03 7.421875e+02 2.460938e+03 1.625011e-07 -1.675598e-07 1.511523e-09 5.249002e-08 -2.435571e-10 -3.589543e-12
4.570312e+03 8.203125e+02 2.460938e+03 1.599513e-07 -1.649976e-07 1.537989e-09 5.750263e-08 -2.600346e-10 4.802213e-11
4.570312e+03 8.984375e+02 2.460938e+03 1.571748e-07 -1.621997e-07 1.538725e-09 6.234046e-08 -2.390630e-10 -3.917901e-11
4.570312e+03 9.765625e+02 2.460938e+03 1.541999e-07 -1.592157e-07 1.438827e-09 6.699046e-08 -2.195325e-10 -4.123937e-11
4.570312e+03 1.054688e+03 2.460938e+03 1.510719e-07 -1.560829e-07 1.406540e-09 7.146010e-08 -2.070683e-10 2.966417e-11
4.570312e+03 1.132812e+03 2.460938e+03 1.478235e-07 -1.528175e-07 1.433206e-09 7.575934e-08 -1.931984e-10 2.822804e-11
4.570312e+03 1.210938e+03 2.460938e+03 1.444426e-07 -1.493594e-07 1.421966e-09 7.987838e-08 -1.659382e-10 2.800561e-11
4.570312e+03 1.289062e+03 2.460938e+03 1.409276e-07 -1.456968e-07 1.404456e-09 8.377439e-08 -1.194556e-10 9.097895e-12
4.570312e+03 1.367188e+03 2.460938e+03 1.372992e-07 -1.418895e-07 1.357319e-09 8.744243e-08 -8.769000e-11 6.372133e-11
4.570312e+03 1.445312e+03 2.460938e+03 1.335724e-07 -1.380262e-07 1.376175e-09 9.091036e-08 -8.038911e-11 7.090992e-11
4.570312e+03 1.523438e+03 2.460938e+03 1.297805e-07 -1.340316e-07 1.323157e-09 9.415398e-08 -5.946239e-11 -5.378829e-12
4.570312e+03 1.601562e+03 2.460938e+03 1.259190e-07 -1.299701e-07 1.244035e-09 9.714065e-08 -4.794421e-11 2.767028e-11
4.570312e+03 1.679688e+03 2.460938e+03 1.219728e-07 -1.258132e-07 1.252981e-09 9.992341e-08 -8.284373e-11 6.088900e-11
4.570312e+03 1.757812e+03 2.460938e+03 1.179385e-07 -1.215341e-07 1.220058e-09 1.025194e-07 -1.132266e-10 -1.860112e-12
4.570312e+03 1.835938e+03 2.460938e+03 1.138328e-07 -1.172260e-07 1.201614e-09 1.048588e-07 -1.117579e-10 1.342885e-12
4.570312e+03 1.914062e+03 2.460938e+03 1.096999e-07 -1.128988e-07 1.157268e-09 1.069352e-07 -1.292777e-10 3.577049e-12
4.570312e+03 1.992188e+03 2.460938e+03 1.055283e-07 -1.085596e-07 1.077807e-09 1.088149e-07 -1.623427e-10 -3.439842e-11
4.570312e+03 2.070312e+03 2.460938e+03 1.013361e-07 -1.042561e-07 1.033885e-09 1.105225e-07 -1.672252e-10 -2.714736e-11
4.570312e+03 2.148438e+03 2.460938e+03 9.714106e-08 -9.993330e-08 9.752166e-10 1.119761e-07 -1.445476e-10 -2.485567e-11
4.570312e+03 2.226562e+03 2.460938e+03 9.291306e-08 -9.555337e-08 9.554286e-10 1.131919e-07 -1.257489e-10 -3.657452e-11
4.570312e+03 2.304688e+03 2.460938e+03 8.866780e-08 -9.122895e-08 9.398500e-10 1.142681e-07 -1.281032e-10 -5.733877e-11
4.570312e+03 2.382812e+03 2.460938e+03 8.445315e-08 -8.700762e-08 8.652159e-10 1.152041e-07 -1.105559e-10 -6.393719e-11
4.570312e+03 2.460938e+03 2.460938e+03 8.031632e-08 -8.278880e-08 8.240755e-10 1.159548e-07 -6.398598e-11 -2.219899e-11
4.570312e+03 2.539062e+03 2.460938e+03 7.625474e-08 -7.862145e-08 8.112735e-10 1.165297e-07 -4.785471e-11 -9.403769e-12
4.570312e+03 2.617188e+03 2.460938e+03 7.225711e-08 -7.457603e-08 8.109266e-10 1.169953e-07 -5.405763e-11 -1.530461e-11
4.570312e+03 2.695312e+03 2.460938e+03 6.833755e-08 -7.055993e-08 8.210193e-10 1.173386e-07 -2.806882e-11 9.634452e-12
4.570312e+03 2.773438e+03 2.460938e+03 6.448643e-08 -6.659445e-08 7.782232e-10 1.174900e-07 4.239711e-12 7.611229e-12
4.570312e+03 2.851562e+03 2.460938e+03 6.068508e-08 -6.276513e-08 7.553628e-10 1.174544e-07 -1.590469e-12 -6.562119e-12
4.570312e+03 2.929688e+03 2.460938e+03 5.693900e-08 -5.901399e-08 7.700007e-10 1.173091e-07 -2.079847e-11 1.779422e-11
4.570312e+03 3.007812e+03 2.460938e+03 5.328886e-08 -5.533269e-08 7.472030e-10 1.170585e-07 -1.896239e-11 1.525119e-11
4.570312e+03 3.085938e+03 2.460938e+03 4.973500e-08 -5.178344e-08 7.568971e-10 1.166291e-07 -2.879963e-12 -1.712448e-11
4.570312e+03 3.164062e+03 2.460938e+03 4.626158e-08 -4.838825e-08 7.809312e-10 1.160397e-07 4.721467e-13 6.143982e-12
4.570312e+03 3.242188e+03 2.460938e+03 4.287984e-08 -4.510416e-08 7.661538e-10 1.153642e-07 -1.433969e-12 -1.370881e-11
4.570312e+03 3.320312e+03 2.460938e+03 3.958402e-08 -4.190954e-08 7.324106e-10 1.145956e-07 2.082061e-11 -8.029930e-11
4.570312e+03 3.398438e+03 2.460938e+03 3.638175e-08 -3.877235e-08 6.959840e-10 1.136786e-07 4.178607e-11 -1.739869e-11
4.570312e+03 3.476562e+03 2.460938e+03 3.327262e-08 -3.570512e-08 7.352581e-10 1.126489e-07 2.488551e-11 2.061024e-11
4.570312e+03 3.554688e+03 2.460938e+03 3.027003e-08 -3.272694e-08 7.347951e-10 1.115586e-07 3.430415e-13 -8.034766e-11
4.570312e+03 3.632812e+03 2.460938e+03 2.739658e-08 -2.982418e-08 6.719783e-10 1.103997e-07 -6.697632e-12 -8.120482e-11
4.570312e+03 3.710938e+03 2.460938e+03 2.464655e-08 -2.703741e-08 6.758839e-10 1.091762e-07 -2.357243e-11 1.067783e-11
4.570312e+03 3.789062e+03 2.460938e+03 2.202270e-08 -2.435584e-08 6.696784e-10 1.079132e-07 -4.907943e-11 3.223440e-12
4.570312e+03 3.867188e+03 2.460938e+03 1.951868e-08 -2.174939e-08 6.242117e-10 1.066244e-07 -5.676207e-11 -3.185461e-11
4.570312e+03 3.945312e+03 2.460938e+03 1.713508e-08 -1.918823e-08 5.338124e-10 1.052923e-07 -4.593318e-11 -2.129424e-11
4.570312e+03 4.023438e+03 2.460938e+03 1.487680e-08 -1.670781e-08 5.114859e-10 1.039038e-07 -2.997457e-11 6.123567e-11
4.570312e+03 4.101562e+03 2.460938e+03 1.272930e-08 -1.437586e-08 5.514588e-10 1.024736e-07 -2.513689e-11 5.473219e-11
4.570312e+03 4.179688e+03 2.460938e+03 1.067518e-08 -1.218157e-08 4.916030e-10 1.010262e-07 -3.463728e-11 -3.431211e-11
4.570312e+03 4.257812e+03 2.460938e+03 8.697813e-09 -1.006430e-08 3.999256e-10 9.957029e-08 -3.357581e-11 8.393387e-12
4.570312e+03 4.335938e+03 2.460938e+03 6.795124e-09 -8.009243e-09 3.568523e-10 9.810280e-08 -1.938638e-11 1.104313e-11
4.570312e+03 4.414062e+03 2.460938e+03 4.978662e-09 -6.067220e-09 3.807207e-10 9.661324e-08 -3.066233e-11 3.427553e-11
4.570312e+03 4.492188e+03 2.460938e+03 3.235193e-09 -4.237516e-09 4.003334e-10 9.513602e-08 -4.981770e-11 -1.159993e-11
4.570312e+03 4.570312e+03 2.460938e+03 1.562891e-09 -2.516138e-09 3.628872e-10 9.368296e-08 -4.010463e-11 -2.788509e-11
4.570312e+03 4.648438e+03 2.460938e+03 -5.518997e-11 -8.768093e-10 3.405486e-10 9.223925e-08 -2.525128e-11 -2.063429e-11
4.570312e+03 4.726562e+03 2.460938e+03 -1.645500e-09 6.630734e-10 3.489467e-10 9.077958e-08 -1.400194e-11 -2.676747e-11
4.570312e+03 4.804688e+03 2.460938e+03 -3.184351e-09 2.179314e-09 3.871525e-10 8.928644e-08 -1.095384e-12 -1.626436e-11
4.570312e+03 4.882812e+03 2.460938e+03 -4.653796e-09 3.608823e-09 3.986806e-10 8.778434e-08 2.138690e-12 -4.410122e-11
4.570312e+03 4.960938e+03 2.460938e+03 -6.056254e-09 4.865460e-09 4.407285e-10 8.628228e-08 9.297236e-12 -7.128984e-11
4.648438e+03 3.906250e+01 2.460938e+03 1.690355e-07 -1.735666e-07 1.472595e-09 2.535280e-09 5.317269e-11 -6.365583e-11
4.648438e+03 1.171875e+02 2.460938e+03 1.687765e-07 -1.732945e-07 1.467366e-09 8.036033e-09 2.155058e-11 -4.113338e-11
4.648438e+03 1.953125e+02 2.460938e+03 1.682547e-07 -1.728343e-07 1.479085e-09 1.350850e-08 -5.827716e-12 -5.479409e-11
4.648438e+03 2.734375e+02 2.460938e+03 1.674881e-07 -1.721109e-07 1.401409e-09 1.892746e-08 -2.366082e-11 -2.863029e-11
4.648438e+03 3.515625e+02 2.460938e+03 1.664660e-07 -1.710986e-07 1.386776e-09 2.432669e-08 -2.300897e-11 -1.833063e-11
4.648438e+03 4.296875e+02 2.460938e+03 1.651922e-07 -1.698500e-07 1.402360e-09 2.965874e-08 -3.431825e-11 -1.957346e-11
4.648438e+03 5.078125e+02 2.460938e+03 1.636553e-07 -1.683896e-07 1.384333e-09 3.492506e-08 -5.043724e-11 -2.398738e-11
4.648438e+03 5.859375e+02 2.460938e+03 1.618828e-07 -1.666626e-07 1.320464e-09 4.009631e-08 -3.317472e-11 -2.924166e-11
4.648438e+03 6.640625e+02 2.460938e+03 1.599027e-07 -1.647272e-07 1.266875e-09 4.513573e-08 -1.440118e-11 1.949673e-11
4.648438e+03 7.421875e+02 2.460938e+03 1.577212e-07 -1.625714e-07 1.248644e-09 5.009635e-08 -1.604198e-12 -1.011321e-12
4.648438e+03 8.203125e+02 2.460938e+03 1.553344e-07 -1.601558e-07 1.274707e-09 5.490980e-08 3.118454e-11 5.801449e-11
4.648438e+03 8.984375e+02 2.460938e+03 1.527197e-07 -1.575183e-07 1.299753e-09 5.956576e-08 7.456658e-11 -1.000376e-11
4.648438e+03 9.765625e+02 2.460938e+03 1.499208e-07 -1.546954e-07 1.230200e-09 6.405537e-08 1.135441e-10 -1.773794e-11
4.648438e+03 1.054688e+03 2.460938e+03 1.469864e-07 -1.517363e-07 1.213529e-09 6.838543e-08 1.423193e-10 4.628516e-11
4.648438e+03 1.132812e+03 2.460938e+03 1.439291e-07 -1.486619e-07 1.258533e-09 7.255858e-08 1.640676e-10 4.105967e-11
4.648438e+03 1.210938e+03 2.460938e+03 1.407414e-07 -1.453964e-07 1.270068e-09 7.655979e-08 1.912601e-10 2.812948e-11
4.648438e+03 1.289062e+03 2.460938e+03 1.373996e-07 -1.419180e-07 1.255746e-09 8.034132e-08 2.196426e-10 5.129671e-12
4.648438e+03 1.367188e+03 2.460938e+03 1.339340e-07 -1.383172e-07 1.228974e-09 8.391704e-08 2.148707e-10 5.707596e-11
4.648438e+03 1.445312e+03 2.460938e+03 1.303927e-07 -1.346800e-07 1.257706e-09 8.729864e-08 1.895113e-10 6.230425e-11
4.648438e+03 1.523438e+03 2.460938e+03 1.267614e-07 -1.309083e-07 1.210998e-09 9.046120e-08 1.850549e-10 -1.412248e-11
4.648438e+03 1.601562e+03 2.460938e+03 1.230619e-07 -1.270703e-07 1.143871e-09 9.337511e-08 1.687458e-10 1.852277e-11
4.648438e+03 1.679688e+03 2.460938e+03 1.192866e-07 -1.231498e-07 1.142249e-09 9.607734e-08 1.107970e-10 5.356941e-11
4.648438e+03 1.757812e+03 2.460938e+03 1.154205e-07 -1.191142e-07 1.103045e-09 9.860572e-08 5.757790e-11 -5.126990e-12
4.648438e+03 1.835938e+03 2.460938e+03 1.114937e-07 -1.150442e-07 1.074294e-09 1.008944e-07 3.470760e-11 -5.147953e-12
4.648438e+03 1.914062e+03 2.460938e+03 1.075310e-07 -1.109313e-07 1.024603e-09 1.029402e-07 8.330479e-12 7.701074e-12
4.648438e+03 1.992188e+03 2.460938e+03 1.035639e-07 -1.068032e-07 9.570808e-10 1.047952e-07 -2.241857e-11 -2.525887e-11
4.648438e+03 2.070312e+03 2.460938e+03 9.956701e-08 -1.027021e-07 9.092688e-10 1.064866e-07 -2.648052e-11 -4.069800e-11
4.648438e+03 2.148438e+03 2.460938e+03 9.555244e-08 -9.855511e-08 8.449550e-10 1.079480e-07 -2.117610e-12 -3.442315e-11
4.648438e+03 2.226562e+03 2.460938e+03 9.155490e-08 -9.435529e-08 8.373576e-10 1.091723e-07 1.224636e-11 -2.230210e-11
4.648438e+03 2.304688e+03 2.460938e+03 8.756024e-08 -9.021495e-08 8.351157e-10 1.102637e-07 -8.784570e-12 -4.219308e-11
4.648438e+03 2.382812e+03 2.460938e+03 8.359920e-08 -8.615399e-08 7.696502e-10 1.112441e-07 -1.120576e-11 -4.973771e-11
4.648438e+03 2.460938e+03 2.460938e+03 7.970034e-08 -8.209287e-08 7.351556e-10 1.120495e-07 2.467157e-11 -3.511385e-12
4.648438e+03 2.539062e+03 2.460938e+03 7.586570e-08 -7.808415e-08 7.222754e-10 1.126700e-07 3.293593e-11 1.274453e-11
4.648438e+03 2.617188e+03 2.460938e+03 7.208499e-08 -7.418831e-08 7.176765e-10 1.131836e-07 1.582318e-11 1.185571e-11
4.648438e+03 2.695312e+03 2.460938e+03 6.834782e-08 -7.032078e-08 7.270238e-10 1.135801e-07 3.239052e-11 2.687414e-11
4.648438e+03 2.773438e+03 2.460938e+03 6.465296e-08 -6.650411e-08 6.816486e-10 1.137789e-07 5.967763e-11 1.494314e-11
4.648438e+03 2.851562e+03 2.460938e+03 6.099995e-08 -6.283358e-08 6.535836e-10 1.137962e-07 4.747737e-11 1.158126e-11
4.648438e+03 2.929688e+03 2.460938e+03 5.740773e-08 -5.924265e-08 6.775237e-10 1.137140e-07 2.217347e-11 2.942152e-11
4.648438e+03 3.007812e+03 2.460938e+03 5.386585e-08 -5.570197e-08 6.654820e-10 1.135306e-07 2.536408e-11 1.867865e-14
4.648438e+03 3.085938e+03 2.460938e+03 5.038482e-08 -5.228739e-08 6.706913e-10 1.131810e-07 4.855001e-11 -3.765072e-11
4.648438e+03 3.164062e+03 2.460938e+03 4.698855e-08 -4.901216e-08 6.980771e-10 1.126746e-07 6.290666e-11 -1.112975e-11
4.648438e+03 3.242188e+03 2.460938e+03 4.366028e-08 -4.581086e-08 6.937735e-10 1.120856e-07 7.243997e-11 -3.416868e-11
4.648438e+03 3.320312e+03 2.460938e+03 4.041354e-08 -4.268835e-08 6.708406e-10 1.114192e-07 1.011948e-10 -1.009626e-10
4.648438e+03 3.398438e+03 2.460938e+03 3.725881e-08 -3.963339e-08 6.471000e-10 1.106084e-07 1.312812e-10 -3.697187e-11
4.648438e+03 3.476562e+03 2.460938e+03 3.421390e-08 -3.664889e-08 6.858303e-10 1.096919e-07 1.267661e-10 1.271365e-11
4.648438e+03 3.554688e+03 2.460938e+03 3.128688e-08 -3.374959e-08 6.891532e-10 1.087182e-07 1.082744e-10 -7.267994e-11
4.648438e+03 3.632812e+03 2.460938e+03 2.847698e-08 -3.091956e-08 6.261569e-10 1.076857e-07 1.061090e-10 -7.032624e-11
4.648438e+03 3.710938e+03 2.460938e+03 2.580978e-08 -2.820936e-08 6.229417e-10 1.065929e-07 9.267946e-11 2.231489e-11
4.648438e+03 3.789062e+03 2.460938e+03 2.326354e-08 -2.560132e-08 6.260210e-10 1.054534e-07 6.125205e-11 2.333484e-11
4.648438e+03 3.867188e+03 2.460938e+03 2.082356e-08 -2.304880e-08 5.880044e-10 1.042911e-07 4.510933e-11 -1.210390e-11
4.648438e+03 3.945312e+03 2.460938e+03 1.849707e-08 -2.053409e-08 5.101649e-10 1.030778e-07 4.820464e-11 -9.536081e-12
4.648438e+03 4.023438e+03 2.460938e+03 1.627599e-08 -1.809134e-08 4.914237e-10 1.017966e-07 4.907407e-11 5.547983e-11
4.648438e+03 4.101562e+03 2.460938e+03 1.415741e-08 -1.578562e-08 5.199458e-10 1.004657e-07 3.583753e-11 4.037647e-11
4.648438e+03 4.179688e+03 2.460938e+03 1.212768e-08 -1.360715e-08 4.555018e-10 9.910780e-08 1.632372e-11 -3.566127e-11
4.648438e+03 4.257812e+03 2.460938e+03 1.016630e-08 -1.150701e-08 3.690966e-10 9.772810e-08 1.256901e-12 6.118330e-12
4.648438e+03 4.335938e+03 2.460938e+03 8.284181e-09 -9.474083e-09 3.388086e-10 9.634144e-08 -6.662420e-12 7.219330e-12
4.648438e+03 4.414062e+03 2.460938e+03 6.478178e-09 -7.546431e-09 3.549687e-10 9.491933e-08 -2.140881e-11 2.594710e-11
4.648438e+03 4.492188e+03 2.460938e+03 4.748976e-09 -5.736148e-09 3.651778e-10 9.350584e-08 -3.678310e-11 -1.737372e-12
4.648438e+03 4.570312e+03 2.460938e+03 3.083985e-09 -4.008539e-09 3.374805e-10 9.209945e-08 -3.196909e-11 -1.016437e-11
4.648438e+03 4.648438e+03 2.460938e+03 1.460811e-09 -2.386204e-09 3.136897e-10 9.069401e-08 -2.480264e-11 -1.143309e-11
4.648438e+03 4.726562e+03 2.460938e+03 -1.200167e-10 -8.557225e-10 3.205837e-10 8.928223e-08 -1.755146e-11 -1.641512e-11
4.648438e+03 4.804688e+03 2.460938e+03 -1.659382e-09 6.534422e-10 3.714005e-10 8.783875e-08 -4.282283e-12 -6.966099e-12
4.648438e+03 4.882812e+03 2.460938e+03 -3.136661e-09 2.090147e-09 3.851406e-10 8.639317e-08 3.347914e-12 -4.133920e-11
4.648438e+03 4.960938e+03 2.460938e+03 -4.546476e-09 3.350871e-09 4.256205e-10 8.495724e-08 1.156450e-11 -4.602839e-11
4.726562e+03 3.906250e+01 2.460938e+03 1.638770e-07 -1.682362e-07 1.421978e-09 2.421081e-09 7.225616e-11 -6.253835e-11
4.726562e+03 1.171875e+02 2.460938e+03 1.636639e-07 -1.679914e-07 1.414400e-09 7.653652e-09 5.479044e-11 -2.243575e-11
4.726562e+03 1.953125e+02 2.460938e+03 1.632138e-07 -1.675474e-07 1.405711e-09 1.286459e-08 4.854947e-11 -5.031745e-11
4.726562e+03 2.734375e+02 2.460938e+03 1.625170e-07 -1.668324e-07 1.324279e-09 1.804854e-08 7.743476e-11 -2.818322e-11
4.726562e+03 3.515625e+02 2.460938e+03 1.615848e-07 -1.658534e-07 1.290519e-09 2.319064e-08 9.442832e-11 -1.776301e-11
4.726562e+03 4.296875e+02 2.460938e+03 1.604381e-07 -1.646801e-07 1.306799e-09 2.828955e-08 1.143458e-10 -1.969582e-11
4.726562e+03 5.078125e+02 2.460938e+03 1.590607e-07 -1.632879e-07 1.303699e-09 3.330648e-08 1.473737e-10 -2.991316e-11
4.726562e+03 5.859375e+02 2.460938e+03 1.574236e-07 -1.616464e-07 1.254878e-09 3.826577e-08 1.841367e-10 -2.957002e-11
4.726562e+03 6.640625e+02 2.460938e+03 1.556069e-07 -1.598104e-07 1.220410e-09 4.311292e-08 2.174606e-10 2.114375e-11
4.726562e+03 7.421875e+02 2.460938e+03 1.536039e-07 -1.577708e-07 1.227320e-09 4.786385e-08 2.616645e-10 1.103229e-11
4.726562e+03 8.203125e+02 2.460938e+03 1.513699e-07 -1.554794e-07 1.270008e-09 5.247152e-08 3.107454e-10 5.581729e-11
4.726562e+03 8.984375e+02 2.460938e+03 1.489528e-07 -1.529977e-07 1.303252e-09 5.694169e-08 3.368648e-10 1.560784e-11
4.726562e+03 9.765625e+02 2.460938e+03 1.463616e-07 -1.503386e-07 1.272397e-09 6.126352e-08 3.503461e-10 2.229336e-11
4.726562e+03 1.054688e+03 2.460938e+03 1.436047e-07 -1.475358e-07 1.267201e-09 6.544962e-08 3.604091e-10 6.432854e-11
4.726562e+03 1.132812e+03 2.460938e+03 1.407127e-07 -1.446245e-07 1.293409e-09 6.949492e-08 3.721411e-10 5.482304e-11
4.726562e+03 1.210938e+03 2.460938e+03 1.376653e-07 -1.415272e-07 1.308547e-09 7.335543e-08 3.916571e-10 5.307442e-11
4.726562e+03 1.289062e+03 2.460938e+03 1.344538e-07 -1.382441e-07 1.292695e-09 7.700143e-08 3.947120e-10 2.499047e-11
4.726562e+03 1.367188e+03 2.460938e+03 1.311208e-07 -1.348588e-07 1.257783e-09 8.046962e-08 3.586528e-10 6.304096e-11
4.726562e+03 1.445312e+03 2.460938e+03 1.276821e-07 -1.314214e-07 1.273064e-09 8.374967e-08 3.220990e-10 6.898037e-11
4.726562e+03 1.523438e+03 2.460938e+03 1.241606e-07 -1.278643e-07 1.226744e-09 8.683333e-08 3.198225e-10 -8.407464e-13
4.726562e+03 1.601562e+03 2.460938e+03 1.205598e-07 -1.242405e-07 1.155565e-09 8.967902e-08 3.046577e-10 2.278208e-11
4.726562e+03 1.679688e+03 2.460938e+03 1.168923e-07 -1.205338e-07 1.136540e-09 9.231790e-08 2.548377e-10 5.527189e-11
4.726562e+03 1.757812e+03 2.460938e+03 1.131667e-07 -1.167337e-07 1.090853e-09 9.479172e-08 2.125395e-10 5.612375e-12
4.726562e+03 1.835938e+03 2.460938e+03 1.093800e-07 -1.128932e-07 1.045982e-09 9.704782e-08 1.897923e-10 -2.804039e-12
4.726562e+03 1.914062e+03 2.460938e+03 1.055750e-07 -1.089828e-07 9.852939e-10 9.908864e-08 1.663204e-10 1.943906e-11
4.726562e+03 1.992188e+03 2.460938e+03 1.017571e-07 -1.050426e-07 9.275258e-10 1.009413e-07 1.505669e-10 -1.340412e-12
4.726562e+03 2.070312e+03 2.460938e+03 9.794022e-08 -1.011272e-07 8.838895e-10 1.026414e-07 1.523677e-10 -2.982778e-11
4.726562e+03 2.148438e+03 2.460938e+03 9.411725e-08 -9.714855e-08 8.153496e-10 1.041175e-07 1.596906e-10 -1.764698e-11
4.726562e+03 2.226562e+03 2.460938e+03 9.030319e-08 -9.311919e-08 8.067513e-10 1.053735e-07 1.486199e-10 1.528624e-11
4.726562e+03 2.304688e+03 2.460938e+03 8.655644e-08 -8.917303e-08 8.076217e-10 1.065035e-07 1.052159e-10 7.220232e-13
4.726562e+03 2.382812e+03 2.460938e+03 8.283565e-08 -8.528174e-08 7.480268e-10 1.075039e-07 7.389571e-11 -1.108004e-11
4.726562e+03 2.460938e+03 2.460938e+03 7.913107e-08 -8.137448e-08 7.156178e-10 1.083432e-07 7.533380e-11 2.748752e-11
4.726562e+03 2.539062e+03 2.460938e+03 7.549253e-08 -7.752401e-08 7.003269e-10 1.090075e-07 6.577584e-11 4.131860e-11
4.726562e+03 2.617188e+03 2.460938e+03 7.190437e-08 -7.377775e-08 6.954230e-10 1.095403e-07 4.365605e-11 4.092259e-11
4.726562e+03 2.695312e+03 2.460938e+03 6.831762e-08 -7.005098e-08 7.077280e-10 1.099493e-07 4.749852e-11 4.393206e-11
4.726562e+03 2.773438e+03 2.460938e+03 6.475062e-08 -6.637249e-08 6.644310e-10 1.101841e-07 6.769404e-11 2.563172e-11
4.726562e+03 2.851562e+03 2.460938e+03 6.124691e-08 -6.285625e-08 6.344223e-10 1.102429e-07 6.746378e-11 3.332729e-11
4.726562e+03 2.929688e+03 2.460938e+03 5.777431e-08 -5.941201e-08 6.572981e-10 1.102032e-07 5.245636e-11 4.519720e-11
4.726562e+03 3.007812e+03 2.460938e+03 5.433330e-08 -5.599654e-08 6.415037e-10 1.100807e-07 5.301454e-11 -3.023655e-12
4.726562e+03 3.085938e+03 2.460938e+03 5.095098e-08 -5.270646e-08 6.355312e-10 1.098084e-07 7.852076e-11 -3.314931e-11
4.726562e+03 3.164062e+03 2.460938e+03 4.763287e-08 -4.953689e-08 6.639053e-10 1.093907e-07 1.075640e-10 1.680802e-12
4.726562e+03 3.242188e+03 2.460938e+03 4.438785e-08 -4.641176e-08 6.720326e-10 1.088885e-07 1.285055e-10 -2.411437e-11
4.726562e+03 3.320312e+03 2.460938e+03 4.121239e-08 -4.335523e-08 6.554451e-10 1.083173e-07 1.604701e-10 -8.401144e-11
4.726562e+03 3.398438e+03 2.460938e+03 3.813796e-08 -4.038291e-08 6.371232e-10 1.076127e-07 1.979676e-10 -2.487084e-11
4.726562e+03 3.476562e+03 2.460938e+03 3.517648e-08 -3.747885e-08 6.710684e-10 1.068078e-07 2.025082e-10 2.472369e-11
4.726562e+03 3.554688e+03 2.460938e+03 3.233088e-08 -3.465312e-08 6.718023e-10 1.059509e-07 1.855501e-10 -4.320634e-11
4.726562e+03 3.632812e+03 2.460938e+03 2.961284e-08 -3.190380e-08 6.180169e-10 1.050357e-07 1.880796e-10 -3.965682e-11
4.726562e+03 3.710938e+03 2.460938e+03 2.701589e-08 -2.926109e-08 6.155984e-10 1.040643e-07 1.862118e-10 3.542559e-11
4.726562e+03 3.789062e+03 2.460938e+03 2.453580e-08 -2.671675e-08 6.132493e-10 1.030325e-07 1.560436e-10 3.646129e-11
4.726562e+03 3.867188e+03 2.460938e+03 2.214862e-08 -2.422261e-08 5.775794e-10 1.019780e-07 1.273703e-10 1.590801e-11
4.726562e+03 3.945312e+03 2.460938e+03 1.985474e-08 -2.176112e-08 5.271056e-10 1.008820e-07 1.175814e-10 9.261463e-12
4.726562e+03 4.023438e+03 2.460938e+03 1.765884e-08 -1.937243e-08 5.119006e-10 9.970738e-08 1.087177e-10 4.759002e-11
4.726562e+03 4.101562e+03 2.460938e+03 1.554110e-08 -1.710169e-08 5.230816e-10 9.846897e-08 9.014741e-11 3.874809e-11
4.726562e+03 4.179688e+03 2.460938e+03 1.350901e-08 -1.494459e-08 4.692672e-10 9.719713e-08 6.614905e-11 -1.626121e-11
4.726562e+03 4.257812e+03 2.460938e+03 1.157082e-08 -1.287448e-08 3.913515e-10 9.589200e-08 3.797859e-11 9.357368e-12
4.726562e+03 4.335938e+03 2.460938e+03 9.692327e-09 -1.087186e-08 3.567510e-10 9.457304e-08 1.297034e-11 1.141225e-11
4.726562e+03 4.414062e+03 2.460938e+03 7.893000e-09 -8.972672e-09 3.669946e-10 9.322494e-08 -9.490941e-12 3.601613e-11
4.726562e+03 4.492188e+03 2.460938e+03 6.179585e-09 -7.181325e-09 3.752440e-10 9.187575e-08 -2.924603e-11 1.740154e-11
4.726562e+03 4.570312e+03 2.460938e+03 4.507086e-09 -5.472288e-09 3.427644e-10 9.050918e-08 -3.586689e-11 1.385379e-12
4.726562e+03 4.648438e+03 2.460938e+03 2.883072e-09 -3.848760e-09 3.173298e-10 8.915094e-08 -2.706497e-11 -4.361497e-12
4.726562e+03 4.726562e+03 2.460938e+03 1.306824e-09 -2.319736e-09 3.411320e-10 8.777446e-08 -1.810211e-11 -7.914918e-12
4.726562e+03 4.804688e+03 2.460938e+03 -2.245920e-10 -8.265566e-10 3.850226e-10 8.638889e-08 -2.293469e-11 1.253439e-12
4.726562e+03 4.882812e+03 2.460938e+03 -1.701560e-09 6.115257e-10 3.961615e-10 8.499653e-08 -5.106875e-12 -3.039417e-11
4.726562e+03 4.960938e+03 2.460938e+03 -3.110766e-09 1.916168e-09 4.337742e-10 8.362250e-08 1.781649e-11 -1.847989e-11
4.804688e+03 3.906250e+01 2.460938e+03 1.589868e-07 -1.631365e-07 1.400193e-09 2.332750e-09 6.862654e-11 -1.871314e-11
4.804688e+03 1.171875e+02 2.460938e+03 1.588563e-07 -1.629489e-07 1.393706e-09 7.354311e-09 6.986203e-11 -5.844705e-12
4.804688e+03 1.953125e+02 2.460938e+03 1.585123e-07 -1.624837e-07 1.368252e-09 1.234321e-08 9.189232e-11 -7.073080e-12
4.804688e+03 2.734375e+02 2.460938e+03 1.579387e-07 -1.617906e-07 1.337618e-09 1.728974e-08 1.275716e-10 1.272648e-11
4.804688e+03 3.515625e+02 2.460938e+03 1.571501e-07 -1.608617e-07 1.312608e-09 2.221559e-08 1.399560e-10 -1.000710e-11
4.804688e+03 4.296875e+02 2.460938e+03 1.561407e-07 -1.597441e-07 1.318560e-09 2.708128e-08 1.583331e-10 -7.457248e-12
4.804688e+03 5.078125e+02 2.460938e+03 1.548966e-07 -1.584055e-07 1.333526e-09 3.186375e-08 1.847270e-10 -8.305471e-12
4.804688e+03 5.859375e+02 2.460938e+03 1.534555e-07 -1.568585e-07 1.312025e-09 3.659241e-08 2.087476e-10 -1.248722e-11
4.804688e+03 6.640625e+02 2.460938e+03 1.517911e-07 -1.551154e-07 1.290711e-09 4.123055e-08 2.186394e-10 1.527051e-11
4.804688e+03 7.421875e+02 2.460938e+03 1.499169e-07 -1.531598e-07 1.309898e-09 4.576984e-08 2.323118e-10 1.973665e-11
4.804688e+03 8.203125e+02 2.460938e+03 1.478681e-07 -1.509981e-07 1.361254e-09 5.018570e-08 2.575843e-10 5.640301e-11
4.804688e+03 8.984375e+02 2.460938e+03 1.456160e-07 -1.486612e-07 1.381650e-09 5.445889e-08 2.601482e-10 2.568858e-11
4.804688e+03 9.765625e+02 2.460938e+03 1.431720e-07 -1.461470e-07 1.349062e-09 5.860476e-08 2.489388e-10 4.352017e-11
4.804688e+03 1.054688e+03 2.460938e+03 1.405765e-07 -1.435048e-07 1.348752e-09 6.262737e-08 2.474122e-10 7.375372e-11
4.804688e+03 1.132812e+03 2.460938e+03 1.378019e-07 -1.407377e-07 1.360121e-09 6.649437e-08 2.574539e-10 6.023454e-11
4.804688e+03 1.210938e+03 2.460938e+03 1.348494e-07 -1.377829e-07 1.353292e-09 7.019438e-08 2.675047e-10 6.573961e-11
4.804688e+03 1.289062e+03 2.460938e+03 1.317683e-07 -1.346964e-07 1.325581e-09 7.370839e-08 2.670844e-10 5.475488e-11
4.804688e+03 1.367188e+03 2.460938e+03 1.285600e-07 -1.315255e-07 1.285637e-09 7.705330e-08 2.534282e-10 8.836956e-11
4.804688e+03 1.445312e+03 2.460938e+03 1.252328e-07 -1.282660e-07 1.283606e-09 8.022290e-08 2.516170e-10 8.228254e-11
4.804688e+03 1.523438e+03 2.460938e+03 1.218087e-07 -1.248919e-07 1.228456e-09 8.321950e-08 2.795671e-10 2.658346e-11
4.804688e+03 1.601562e+03 2.460938e+03 1.183186e-07 -1.214623e-07 1.152863e-09 8.600384e-08 2.970096e-10 4.806149e-11
4.804688e+03 1.679688e+03 2.460938e+03 1.147714e-07 -1.179535e-07 1.129768e-09 8.859742e-08 2.944078e-10 6.889980e-11
4.804688e+03 1.757812e+03 2.460938e+03 1.111756e-07 -1.143639e-07 1.078687e-09 9.103983e-08 3.033835e-10 2.237221e-11
4.804688e+03 1.835938e+03 2.460938e+03 1.075520e-07 -1.107328e-07 1.018031e-09 9.328559e-08 3.167633e-10 1.071884e-11
4.804688e+03 1.914062e+03 2.460938e+03 1.038917e-07 -1.070165e-07 9.632553e-10 9.533278e-08 3.140738e-10 3.197328e-11
4.804688e+03 1.992188e+03 2.460938e+03 1.002376e-07 -1.032610e-07 9.230919e-10 9.720757e-08 3.109062e-10 1.451885e-11
4.804688e+03 2.070312e+03 2.460938e+03 9.658154e-08 -9.951054e-08 8.813612e-10 9.891509e-08 3.141712e-10 -9.586794e-12
4.804688e+03 2.148438e+03 2.460938e+03 9.291446e-08 -9.569837e-08 8.148157e-10 1.004140e-07 3.025394e-10 1.130278e-11
4.804688e+03 2.226562e+03 2.460938e+03 8.930379e-08 -9.186318e-08 8.018028e-10 1.017209e-07 2.608406e-10 5.253253e-11
4.804688e+03 2.304688e+03 2.460938e+03 8.574100e-08 -8.810358e-08 7.937114e-10 1.028780e-07 1.970564e-10 4.443642e-11
4.804688e+03 2.382812e+03 2.460938e+03 8.220163e-08 -8.438101e-08 7.385675e-10 1.038989e-07 1.379646e-10 3.065010e-11
4.804688e+03 2.460938e+03 2.460938e+03 7.868199e-08 -8.064711e-08 7.085226e-10 1.047677e-07 9.159682e-11 5.463756e-11
4.804688e+03 2.539062e+03 2.460938e+03 7.518468e-08 -7.695603e-08 6.925071e-10 1.054612e-07 5.816856e-11 6.067776e-11
4.804688e+03 2.617188e+03 2.460938e+03 7.171931e-08 -7.334876e-08 6.874817e-10 1.060166e-07 3.862500e-11 5.957503e-11
4.804688e+03 2.695312e+03 2.460938e+03 6.826544e-08 -6.976813e-08 7.004357e-10 1.064291e-07 2.911051e-11 5.137636e-11
4.804688e+03 2.773438e+03 2.460938e+03 6.481665e-08 -6.622902e-08 6.674958e-10 1.066836e-07 3.606803e-11 2.945726e-11
4.804688e+03 2.851562e+03 2.460938e+03 6.141766e-08 -6.283549e-08 6.390563e-10 1.067944e-07 4.919910e-11 4.561063e-11
4.804688e+03 2.929688e+03 2.460938e+03 5.807985e-08 -5.952024e-08 6.578774e-10 1.067907e-07 5.252270e-11 5.728803e-11
4.804688e+03 3.007812e+03 2.460938e+03 5.475354e-08 -5.622592e-08 6.435683e-10 1.067068e-07 6.266640e-11 8.753474e-12
4.804688e+03 3.085938e+03 2.460938e+03 5.146740e-08 -5.303781e-08 6.227266e-10 1.065065e-07 9.790852e-11 -1.357967e-11
4.804688e+03 3.164062e+03 2.460938e+03 4.825678e-08 -4.995314e-08 6.415811e-10 1.061697e-07 1.379811e-10 2.503293e-11
4.804688e+03 3.242188e+03 2.460938e+03 4.510930e-08 -4.690711e-08 6.646517e-10 1.057549e-07 1.641410e-10 7.707478e-12
4.804688e+03 3.320312e+03 2.460938e+03 4.204556e-08 -4.392518e-08 6.546941e-10 1.052748e-07 1.962452e-10 -4.187837e-11
4.804688e+03 3.398438e+03 2.460938e+03 3.907075e-08 -4.102511e-08 6.305547e-10 1.046726e-07 2.402957e-10 2.698434e-12
4.804688e+03 3.476562e+03 2.460938e+03 3.620506e-08 -3.819886e-08 6.567491e-10 1.039806e-07 2.604111e-10 4.860431e-11
4.804688e+03 3.554688e+03 2.460938e+03 3.346356e-08 -3.545444e-08 6.613227e-10 1.032340e-07 2.559851e-10 -1.836423e-13
4.804688e+03 3.632812e+03 2.460938e+03 3.083477e-08 -3.278766e-08 6.168707e-10 1.024243e-07 2.608828e-10 -6.252769e-12
4.804688e+03 3.710938e+03 2.460938e+03 2.830553e-08 -3.020384e-08 6.050564e-10 1.015569e-07 2.599726e-10 4.551785e-11
4.804688e+03 3.789062e+03 2.460938e+03 2.586872e-08 -2.771572e-08 6.013996e-10 1.006329e-07 2.363524e-10 4.673969e-11
4.804688e+03 3.867188e+03 2.460938e+03 2.352921e-08 -2.528721e-08 5.836954e-10 9.967528e-08 2.055268e-10 3.200469e-11
4.804688e+03 3.945312e+03 2.460938e+03 2.125860e-08 -2.287961e-08 5.451508e-10 9.866360e-08 1.781422e-10 1.649707e-11
4.804688e+03 4.023438e+03 2.460938e+03 1.905757e-08 -2.054531e-08 5.183303e-10 9.758355e-08 1.526076e-10 4.217498e-11
4.804688e+03 4.101562e+03 2.460938e+03 1.694985e-08 -1.832825e-08 5.261410e-10 9.643479e-08 1.229680e-10 4.505453e-11
4.804688e+03 4.179688e+03 2.460938e+03 1.491727e-08 -1.620257e-08 4.941328e-10 9.524570e-08 8.799872e-11 4.499958e-12
4.804688e+03 4.257812e+03 2.460938e+03 1.296006e-08 -1.415884e-08 4.305493e-10 9.402870e-08 5.735623e-11 2.305256e-11
4.804688e+03 4.335938e+03 2.460938e+03 1.109905e-08 -1.221024e-08 3.959131e-10 9.277929e-08 4.055993e-11 2.854574e-11
4.804688e+03 4.414062e+03 2.460938e+03 9.306086e-09 -1.034919e-08 3.984739e-10 9.149698e-08 1.722267e-11 4.009365e-11
4.804688e+03 4.492188e+03 2.460938e+03 7.568984e-09 -8.569930e-09 4.019430e-10 9.020363e-08 -1.231314e-11 2.266848e-11
4.804688e+03 4.570312e+03 2.460938e+03 5.905836e-09 -6.881814e-09 3.775803e-10 8.889565e-08 -2.261191e-11 1.143190e-11
4.804688e+03 4.648438e+03 2.460938e+03 4.279728e-09 -5.264139e-09 3.645288e-10 8.758581e-08 -1.453086e-11 6.160509e-12
4.804688e+03 4.726562e+03 2.460938e+03 2.691498e-09 -3.731625e-09 3.813547e-10 8.626665e-08 -5.833824e-12 -1.505544e-11
4.804688e+03 4.804688e+03 2.460938e+03 1.161010e-09 -2.241704e-09 4.011557e-10 8.493312e-08 -6.841580e-12 -1.465175e-12
4.804688e+03 4.882812e+03 2.460938e+03 -3.156356e-10 -8.215358e-10 4.294880e-10 8.360370e-08 7.655907e-12 -7.849734e-12
4.804688e+03 4.960938e+03 2.460938e+03 -1.728004e-09 5.506943e-10 4.596845e-10 8.229785e-08 2.059569e-11 8.256788e-13
4.882812e+03 3.906250e+01 2.460938e+03 1.543045e-07 -1.582568e-07 1.339011e-09 2.289497e-09 3.496376e-11 1.860878e-11
4.882812e+03 1.171875e+02 2.460938e+03 1.542353e-07 -1.580688e-07 1.363111e-09 7.102432e-09 1.953407e-11 2.365160e-11
4.882812e+03 1.953125e+02 2.460938e+03 1.539379e-07 -1.576423e-07 1.364015e-09 1.190350e-08 8.950937e-12 9.775213e-12
4.882812e+03 2.734375e+02 2.460938e+03 1.534581e-07 -1.569725e-07 1.332213e-09 1.663778e-08 -4.232913e-11 2.009005e-11
4.882812e+03 3.515625e+02 2.460938e+03 1.527523e-07 -1.560953e-07 1.317938e-09 2.133660e-08 -8.656561e-11 6.737132e-12
4.882812e+03 4.296875e+02 2.460938e+03 1.518096e-07 -1.550277e-07 1.331296e-09 2.598539e-08 -1.098043e-10 1.422376e-11
4.882812e+03 5.078125e+02 2.460938e+03 1.506815e-07 -1.537697e-07 1.343345e-09 3.055420e-08 -1.408023e-10 1.174364e-11
4.882812e+03 5.859375e+02 2.460938e+03 1.493293e-07 -1.522932e-07 1.331888e-09 3.505521e-08 -1.725021e-10 8.497370e-12
4.882812e+03 6.640625e+02 2.460938e+03 1.477673e-07 -1.506285e-07 1.316636e-09 3.949261e-08 -2.015016e-10 1.812240e-11
4.882812e+03 7.421875e+02 2.460938e+03 1.460146e-07 -1.487741e-07 1.324613e-09 4.382277e-08 -2.171473e-10 2.321790e-11
4.882812e+03 8.203125e+02 2.460938e+03 1.440555e-07 -1.467228e-07 1.353337e-09 4.802532e-08 -2.231557e-10 4.915727e-11
4.882812e+03 8.984375e+02 2.460938e+03 1.419347e-07 -1.445174e-07 1.359229e-09 5.210993e-08 -2.393167e-10 3.273139e-11
4.882812e+03 9.765625e+02 2.460938e+03 1.396482e-07 -1.421588e-07 1.329775e-09 5.605801e-08 -2.516351e-10 4.776329e-11
4.882812e+03 1.054688e+03 2.460938e+03 1.371595e-07 -1.396534e-07 1.326979e-09 5.989287e-08 -2.490277e-10 5.741465e-11
4.882812e+03 1.132812e+03 2.460938e+03 1.345145e-07 -1.370063e-07 1.326642e-09 6.360563e-08 -2.230018e-10 5.134797e-11
4.882812e+03 1.210938e+03 2.460938e+03 1.317221e-07 -1.342124e-07 1.307940e-09 6.713724e-08 -1.701653e-10 6.848292e-11
4.882812e+03 1.289062e+03 2.460938e+03 1.287866e-07 -1.312997e-07 1.274575e-09 7.050291e-08 -1.139868e-10 6.431953e-11
4.882812e+03 1.367188e+03 2.460938e+03 1.257492e-07 -1.283007e-07 1.229204e-09 7.372016e-08 -7.203016e-11 9.480851e-11
4.882812e+03 1.445312e+03 2.460938e+03 1.226044e-07 -1.252036e-07 1.209278e-09 7.679539e-08 -1.096051e-11 9.953474e-11
4.882812e+03 1.523438e+03 2.460938e+03 1.193671e-07 -1.219950e-07 1.150354e-09 7.971431e-08 8.962133e-11 6.054462e-11
4.882812e+03 1.601562e+03 2.460938e+03 1.160533e-07 -1.187308e-07 1.074540e-09 8.243536e-08 1.821236e-10 7.459489e-11
4.882812e+03 1.679688e+03 2.460938e+03 1.126955e-07 -1.154002e-07 1.049149e-09 8.498843e-08 2.417398e-10 8.894620e-11
4.882812e+03 1.757812e+03 2.460938e+03 1.092861e-07 -1.119933e-07 1.007451e-09 8.739428e-08 3.024416e-10 5.083571e-11
4.882812e+03 1.835938e+03 2.460938e+03 1.058310e-07 -1.085301e-07 9.479248e-10 8.964571e-08 3.608139e-10 3.642536e-11
4.882812e+03 1.914062e+03 2.460938e+03 1.023753e-07 -1.050110e-07 9.080549e-10 9.170708e-08 3.847927e-10 4.745020e-11
4.882812e+03 1.992188e+03 2.460938e+03 9.887782e-08 -1.014476e-07 8.859191e-10 9.359433e-08 3.935636e-10 3.136088e-11
4.882812e+03 2.070312e+03 2.460938e+03 9.536851e-08 -9.785333e-08 8.419709e-10 9.532411e-08 3.943598e-10 7.239887e-12
4.882812e+03 2.148438e+03 2.460938e+03 9.188008e-08 -9.422508e-08 7.845395e-10 9.683485e-08 3.645438e-10 2.489367e-11
4.882812e+03 2.226562e+03 2.460938e+03 8.840461e-08 -9.058757e-08 7.703580e-10 9.817682e-08 3.014283e-10 6.191249e-11
4.882812e+03 2.304688e+03 2.460938e+03 8.498864e-08 -8.700580e-08 7.445487e-10 9.937751e-08 2.218766e-10 4.915246e-11
4.882812e+03 2.382812e+03 2.460938e+03 8.159894e-08 -8.345925e-08 6.855041e-10 1.004054e-07 1.462925e-10 3.680202e-11
4.882812e+03 2.460938e+03 2.460938e+03 7.819465e-08 -7.989757e-08 6.549951e-10 1.012840e-07 7.496692e-11 5.231863e-11
4.882812e+03 2.539062e+03 2.460938e+03 7.480213e-08 -7.636701e-08 6.416989e-10 1.020135e-07 1.518009e-11 4.868702e-11
4.882812e+03 2.617188e+03 2.460938e+03 7.142473e-08 -7.289801e-08 6.377428e-10 1.025888e-07 -2.901178e-11 5.128906e-11
4.882812e+03 2.695312e+03 2.460938e+03 6.805373e-08 -6.945806e-08 6.545931e-10 1.030165e-07 -6.239547e-11 4.460120e-11
4.882812e+03 2.773438e+03 2.460938e+03 6.472153e-08 -6.606985e-08 6.425612e-10 1.033129e-07 -6.729507e-11 2.819300e-11
4.882812e+03 2.851562e+03 2.460938e+03 6.144454e-08 -6.278169e-08 6.153996e-10 1.034650e-07 -4.856447e-11 5.192488e-11
4.882812e+03 2.929688e+03 2.460938e+03 5.820328e-08 -5.956327e-08 6.264520e-10 1.035002e-07 -3.143055e-11 6.255963e-11
4.882812e+03 3.007812e+03 2.460938e+03 5.501893e-08 -5.639439e-08 6.245861e-10 1.034707e-07 -6.852694e-12 2.644214e-11
4.882812e+03 3.085938e+03 2.460938e+03 5.187429e-08 -5.329392e-08 5.959491e-10 1.033258e-07 4.735614e-11 1.596053e-11
4.882812e+03 3.164062e+03 2.460938e+03 4.877172e-08 -5.027007e-08 5.957547e-10 1.030648e-07 1.091556e-10 4.764264e-11
4.882812e+03 3.242188e+03 2.460938e+03 4.576545e-08 -4.731225e-08 6.154965e-10 1.027358e-07 1.521502e-10 3.905759e-11
4.882812e+03 3.320312e+03 2.460938e+03 4.282860e-08 -4.441082e-08 6.029128e-10 1.023265e-07 1.990916e-10 3.153248e-12
4.882812e+03 3.398438e+03 2.460938e+03 3.997029e-08 -4.157992e-08 5.741535e-10 1.018118e-07 2.522990e-10 3.183689e-11
4.882812e+03 3.476562e+03 2.460938e+03 3.722169e-08 -3.883063e-08 5.886325e-10 1.012112e-07 2.769712e-10 6.512865e-11
4.882812e+03 3.554688e+03 2.460938e+03 3.457352e-08 -3.615853e-08 5.965105e-10 1.005629e-07 2.814137e-10 3.279995e-11
4.882812e+03 3.632812e+03 2.460938e+03 3.201811e-08 -3.356140e-08 5.709779e-10 9.985839e-08 2.951057e-10 2.595847e-11
4.882812e+03 3.710938e+03 2.460938e+03 2.955016e-08 -3.104435e-08 5.558863e-10 9.909000e-08 2.954264e-10 4.823430e-11
4.882812e+03 3.789062e+03 2.460938e+03 2.717366e-08 -2.861576e-08 5.435646e-10 9.825854e-08 2.611067e-10 3.862448e-11
4.882812e+03 3.867188e+03 2.460938e+03 2.485260e-08 -2.623935e-08 5.313573e-10 9.738150e-08 2.174724e-10 3.229506e-11
4.882812e+03 3.945312e+03 2.460938e+03 2.258801e-08 -2.390020e-08 5.039257e-10 9.646272e-08 1.833954e-10 1.574763e-11
4.882812e+03 4.023438e+03 2.460938e+03 2.039615e-08 -2.163505e-08 4.774754e-10 9.546146e-08 1.481129e-10 2.230676e-11
4.882812e+03 4.101562e+03 2.460938e+03 1.826781e-08 -1.946511e-08 4.763424e-10 9.439076e-08 1.051772e-10 3.183351e-11
4.882812e+03 4.179688e+03 2.460938e+03 1.623223e-08 -1.738465e-08 4.539222e-10 9.328477e-08 6.361239e-11 1.623449e-11
4.882812e+03 4.257812e+03 2.460938e+03 1.428763e-08 -1.538540e-08 4.182441e-10 9.213125e-08 2.774277e-11 3.211903e-11
4.882812e+03 4.335938e+03 2.460938e+03 1.240535e-08 -1.347292e-08 4.037239e-10 9.095151e-08 8.282779e-13 3.302123e-11
4.882812e+03 4.414062e+03 2.460938e+03 1.060831e-08 -1.165323e-08 4.042465e-10 8.975530e-08 -2.549230e-11 3.320043e-11
4.882812e+03 4.492188e+03 2.460938e+03 8.887615e-09 -9.903846e-09 4.004502e-10 8.852889e-08 -4.515514e-11 2.025052e-11
4.882812e+03 4.570312e+03 2.460938e+03 7.212967e-09 -8.217716e-09 3.853975e-10 8.728472e-08 -4.679646e-11 9.440633e-12
4.882812e+03 4.648438e+03 2.460938e+03 5.597816e-09 -6.611567e-09 3.745093e-10 8.603006e-08 -4.531773e-11 9.188053e-12
4.882812e+03 4.726562e+03 2.460938e+03 4.015154e-09 -5.082842e-09 3.888640e-10 8.476311e-08 -3.426861e-11 -7.652286e-13
4.882812e+03 4.804688e+03 2.460938e+03 2.471866e-09 -3.598050e-09 4.259587e-10 8.349189e-08 -1.076768e-11 1.058202e-11
4.882812e+03 4.882812e+03 2.460938e+03 1.010389e-09 -2.169259e-09 4.418012e-10 8.223896e-08 -4.718727e-12 -3.215279e-12
4.882812e+03 4.960938e+03 2.460938e+03 -4.016249e-10 -7.928650e-10 4.478716e-10 8.097409e-08 2.696554e-12 2.212658e-11
4.960938e+03 3.906250e+01 2.460938e+03 1.498214e-07 -1.535843e-07 1.410756e-09 2.236890e-09 1.230805e-10 -5.453830e-11
4.960938e+03 1.171875e+02 2.460938e+03 1.496953e-07 -1.533822e-07 1.286979e-09 6.844948e-09 -4.052231e-11 2.483494e-11
4.960938e+03 1.953125e+02 2.460938e+03 1.493812e-07 -1.529851e-07 1.301019e-09 1.142925e-08 -1.387767e-10 3.691989e-12
4.960938e+03 2.734375e+02 2.460938e+03 1.488317e-07 -1.523624e-07 1.265434e-09 1.598047e-08 -2.428904e-10 4.357123e-12
4.960938e+03 3.515625e+02 2.460938e+03 1.480896e-07 -1.515370e-07 1.249505e-09 2.046782e-08 -3.498383e-10 1.206728e-11
4.960938e+03 4.296875e+02 2.460938e+03 1.471579e-07 -1.505239e-07 1.258443e-09 2.491142e-08 -4.592551e-10 1.850147e-11
4.960938e+03 5.078125e+02 2.460938e+03 1.460238e-07 -1.493348e-07 1.260443e-09 2.929476e-08 -5.504085e-10 1.266500e-11
4.960938e+03 5.859375e+02 2.460938e+03 1.447116e-07 -1.479300e-07 1.251909e-09 3.360271e-08 -6.207062e-10 1.351983e-11
4.960938e+03 6.640625e+02 2.460938e+03 1.432030e-07 -1.463489e-07 1.246114e-09 3.783563e-08 -6.884155e-10 1.950991e-11
4.960938e+03 7.421875e+02 2.460938e+03 1.414911e-07 -1.446044e-07 1.246512e-09 4.196681e-08 -7.466554e-10 1.987202e-11
4.960938e+03 8.203125e+02 2.460938e+03 1.396137e-07 -1.426657e-07 1.246157e-09 4.598579e-08 -7.870959e-10 2.706377e-11
4.960938e+03 8.984375e+02 2.460938e+03 1.375819e-07 -1.405786e-07 1.240585e-09 4.988686e-08 -8.116638e-10 2.603332e-11
4.960938e+03 9.765625e+02 2.460938e+03 1.354133e-07 -1.383576e-07 1.230324e-09 5.366705e-08 -8.069072e-10 3.386045e-11
4.960938e+03 1.054688e+03 2.460938e+03 1.331098e-07 -1.359691e-07 1.224093e-09 5.733703e-08 -7.652504e-10 3.051460e-11
4.960938e+03 1.132812e+03 2.460938e+03 1.306366e-07 -1.334469e-07 1.213605e-09 6.087953e-08 -6.934631e-10 3.286574e-11
4.960938e+03 1.210938e+03 2.460938e+03 1.280321e-07 -1.308123e-07 1.203954e-09 6.426119e-08 -6.012343e-10 4.929126e-11
4.960938e+03 1.289062e+03 2.460938e+03 1.253379e-07 -1.280484e-07 1.185937e-09 6.751224e-08 -4.835522e-10 4.247977e-11
4.960938e+03 1.367188e+03 2.460938e+03 1.225441e-07 -1.251866e-07 1.151824e-09 7.061882e-08 -3.440084e-10 5.412005e-11
4.960938e+03 1.445312e+03 2.460938e+03 1.196525e-07 -1.222277e-07 1.128413e-09 7.358454e-08 -2.016719e-10 6.786728e-11
4.960938e+03 1.523438e+03 2.460938e+03 1.166535e-07 -1.191779e-07 1.093689e-09 7.640857e-08 -4.552033e-11 5.447945e-11
4.960938e+03 1.601562e+03 2.460938e+03 1.135789e-07 -1.160573e-07 1.048358e-09 7.906613e-08 1.220953e-10 5.659050e-11
4.960938e+03 1.679688e+03 2.460938e+03 1.104623e-07 -1.128709e-07 1.025500e-09 8.158340e-08 2.579898e-10 6.332789e-11
4.960938e+03 1.757812e+03 2.460938e+03 1.073033e-07 -1.096226e-07 1.004068e-09 8.395210e-08 3.713099e-10 4.980100e-11
4.960938e+03 1.835938e+03 2.460938e+03 1.040818e-07 -1.063096e-07 9.715804e-10 8.617787e-08 4.734263e-10 4.108814e-11
4.960938e+03 1.914062e+03 2.460938e+03 1.008000e-07 -1.029700e-07 9.460614e-10 8.823140e-08 5.281297e-10 4.317325e-11
4.960938e+03 1.992188e+03 2.460938e+03 9.750036e-08 -9.958722e-08 9.312099e-10 9.012018e-08 5.407703e-10 3.816878e-11
4.960938e+03 2.070312e+03 2.460938e+03 9.415835e-08 -9.616948e-08 9.022266e-10 9.185771e-08 5.335405e-10 2.313624e-11
4.960938e+03 2.148438e+03 2.460938e+03 9.080211e-08 -9.274453e-08 8.678945e-10 9.338861e-08 5.038145e-10 2.792060e-11
4.960938e+03 2.226562e+03 2.460938e+03 8.748307e-08 -8.929937e-08 8.520077e-10 9.475017e-08 4.352332e-10 4.469549e-11
4.960938e+03 2.304688e+03 2.460938e+03 8.415643e-08 -8.588736e-08 8.246642e-10 9.595870e-08 3.394139e-10 3.445965e-11
4.960938e+03 2.382812e+03 2.460938e+03 8.082529e-08 -8.250248e-08 7.826959e-10 9.700832e-08 2.512767e-10 2.897491e-11
4.960938e+03 2.460938e+03 2.460938e+03 7.750874e-08 -7.910493e-08 7.579760e-10 9.791782e-08 1.658771e-10 3.625438e-11
4.960938e+03 2.539062e+03 2.460938e+03 7.419065e-08 -7.573918e-08 7.441703e-10 9.867285e-08 8.148414e-11 3.124196e-11
4.960938e+03 2.617188e+03 2.460938e+03 7.088245e-08 -7.241663e-08 7.350945e-10 9.927840e-08 1.008794e-11 3.432678e-11
4.960938e+03 2.695312e+03 2.460938e+03 6.761294e-08 -6.911791e-08 7.390163e-10 9.973727e-08 -4.150217e-11 3.449063e-11
4.960938e+03 2.773438e+03 2.460938e+03 6.438148e-08 -6.587492e-08 7.324500e-10 1.000691e-07 -6.094304e-11 2.956442e-11
4.960938e+03 2.851562e+03 2.460938e+03 6.119587e-08 -6.269461e-08 7.114986e-10 1.002731e-07 -5.901973e-11 4.329837e-11
4.960938e+03 2.929688e+03 2.460938e+03 5.809760e-08 -5.955913e-08 7.063347e-10 1.003609e-07 -4.251035e-11 4.628857e-11
4.960938e+03 3.007812e+03 2.460938e+03 5.505483e-08 -5.649306e-08 6.996794e-10 1.003746e-07 3.003097e-12 3.151853e-11
4.960938e+03 3.085938e+03 2.460938e+03 5.204745e-08 -5.347976e-08 6.762384e-10 1.002827e-07 7.848877e-11 3.189350e-11
4.960938e+03 3.164062e+03 2.460938e+03 4.911661e-08 -5.052261e-08 6.631271e-10 1.000930e-07 1.546402e-10 4.424633e-11
4.960938e+03 3.242188e+03 2.460938e+03 4.625472e-08 -4.764483e-08 6.592005e-10 9.982931e-08 2.184055e-10 4.008642e-11
4.960938e+03 3.320312e+03 2.460938e+03 4.345343e-08 -4.482088e-08 6.412105e-10 9.948213e-08 2.939420e-10 2.619015e-11
4.960938e+03 3.398438e+03 2.460938e+03 4.072698e-08 -4.206698e-08 6.195685e-10 9.905312e-08 3.602294e-10 3.597885e-11
4.960938e+03 3.476562e+03 2.460938e+03 3.809506e-08 -3.938722e-08 6.157515e-10 9.854266e-08 3.894064e-10 4.669701e-11
4.960938e+03 3.554688e+03 2.460938e+03 3.555154e-08 -3.677558e-08 6.120785e-10 9.797385e-08 4.075106e-10 3.501157e-11
4.960938e+03 3.632812e+03 2.460938e+03 3.307356e-08 -3.424068e-08 6.019618e-10 9.734007e-08 4.200347e-10 3.554289e-11
4.960938e+03 3.710938e+03 2.460938e+03 3.065452e-08 -3.178371e-08 5.918921e-10 9.665196e-08 4.082589e-10 3.643202e-11
4.960938e+03 3.789062e+03 2.460938e+03 2.828805e-08 -2.940651e-08 5.704070e-10 9.591569e-08 3.730321e-10 2.472734e-11
4.960938e+03 3.867188e+03 2.460938e+03 2.598442e-08 -2.708104e-08 5.495903e-10 9.512099e-08 3.210855e-10 2.700279e-11
4.960938e+03 3.945312e+03 2.460938e+03 2.372841e-08 -2.482285e-08 5.346729e-10 9.427514e-08 2.586108e-10 1.971334e-11
4.960938e+03 4.023438e+03 2.460938e+03 2.151964e-08 -2.264288e-08 5.200521e-10 9.335452e-08 1.926192e-10 1.427068e-11
4.960938e+03 4.101562e+03 2.460938e+03 1.939745e-08 -2.052931e-08 5.074710e-10 9.236702e-08 1.278226e-10 2.064532e-11
4.960938e+03 4.179688e+03 2.460938e+03 1.736047e-08 -1.850415e-08 4.894719e-10 9.133451e-08 7.001021e-11 2.163467e-11
4.960938e+03 4.257812e+03 2.460938e+03 1.540506e-08 -1.655622e-08 4.739058e-10 9.025716e-08 2.354955e-11 2.671638e-11
4.960938e+03 4.335938e+03 2.460938e+03 1.354065e-08 -1.467133e-08 4.665473e-10 8.914318e-08 -7.736881e-12 2.361262e-11
4.960938e+03 4.414062e+03 2.460938e+03 1.174370e-08 -1.287639e-08 4.599434e-10 8.801100e-08 -3.481913e-11 2.393037e-11
4.960938e+03 4.492188e+03 2.460938e+03 1.000745e-08 -1.115414e-08 4.482182e-10 8.685697e-08 -6.097232e-11 2.000997e-11
4.960938e+03 4.570312e+03 2.460938e+03 8.339671e-09 -9.481164e-09 4.318780e-10 8.568722e-08 -6.485753e-11 1.126340e-11
4.960938e+03 4.648438e+03 2.460938e+03 6.731982e-09 -7.886099e-09 4.184247e-10 8.449793e-08 -4.203048e-11 1.305144e-11
4.960938e+03 4.726562e+03 2.460938e+03 5.198450e-09 -6.362039e-09 4.285734e-10 8.329187e-08 -1.616963e-11 1.888562e-11
4.960938e+03 4.804688e+03 2.460938e+03 3.729882e-09 -4.888081e-09 4.566493e-10 8.208759e-08 1.947353e-12 2.127392e-11
4.960938e+03 4.882812e+03 2.460938e+03 2.281527e-09 -3.468302e-09 4.468278e-10 8.087442e-08 2.255829e-11 2.971633e-12
4.960938e+03 4.960938e+03 2.460938e+03 8.771816e-10 -2.095438e-09 5.411442e-10 7.965826e-08 8.692148e-11 8.660367e-11
